code,report_date,revenue,ocf,roe,net_profit,total_assets,total_liabilities
000009.SZ,Q1 FY2016,13.7983,0.8412,0.6772,1.0765,187.7401,120.0502
000009.SZ,Q2 FY2016,14.1461,-0.6316,0.9406,0.9354,187.1045,117.1044
000009.SZ,Q3 FY2016,13.9459,0.0456,3.036,1.6524,194.9677,122.1496
000009.SZ,Q4 FY2016,22.2272,-0.3768,0.5109,0.5306,216.2293,134.8819
000009.SZ,Q1 FY2017,12.6664,0.6275,0.7437,0.8817,226.3842,143.4796
000009.SZ,Q2 FY2017,16.7254,-0.4463,1.0284,1.3004,242.4923,151.1836
000009.SZ,Q3 FY2017,19.3394,0.2991,2.1859,1.5238,266.2178,165.3138
000009.SZ,Q4 FY2017,21.504,3.4288,-0.9798,-0.4734,271.0946,171.6356
000009.SZ,Q1 FY2018,20.2083,1.0076,0.7039,0.7919,274.7296,174.5845
000009.SZ,Q2 FY2018,23.1704,3.6125,1.5788,1.4504,282.5562,183.282
000009.SZ,Q3 FY2018,23.1139,15.9427,-0.3206,0.3525,288.0128,188.2366
000009.SZ,Q4 FY2018,50.6629,6.6656,2.2236,4.0558,298.498,193.9925
000009.SZ,Q1 FY2019,22.3961,3.4599,1.2517,1.8593,300.121,197.0862
000009.SZ,Q2 FY2019,36.5205,3.6967,1.3541,1.9489,299.8062,195.787
000009.SZ,Q3 FY2019,28.6392,6.7566,1.1669,1.9354,304.8786,198.795
000009.SZ,Q4 FY2019,31.9315,-0.5359,1.839,1.375,302.0981,195.0222
000009.SZ,Q1 FY2020,16.1387,1.1491,0.7244,1.1425,302.3916,194.7253
000009.SZ,Q2 FY2020,23.6212,1.353,1.6924,2.254,296.3915,187.4517
000009.SZ,Q3 FY2020,29.6177,4.7958,6.2091,4.7925,314.9348,186.8055
000009.SZ,Q4 FY2020,36.5608,-0.7464,2.0484,2.4889,318.5662,186.1119
000002.SZ,Q1 FY2016,146.1131,-107.2613,0.8298,12.4982,0.659,0.5203
000002.SZ,Q2 FY2016,601.8398,365.2334,4.5615,58.4481,0.7125,0.5743
000002.SZ,Q3 FY2016,422.5951,171.8868,2.9425,41.9562,0.7561,0.6126
000002.SZ,Q4 FY2016,1234.2244,-34.1977,11.9339,170.6,0.8308,0.6692
000002.SZ,Q1 FY2017,185.8923,-95.2394,0.6116,11.0917,0.8869,0.7249
000002.SZ,Q2 FY2017,512.2125,313.741,5.8314,89.4382,0.9294,0.7683
000002.SZ,Q3 FY2017,472.9003,-51.4392,3.3083,47.6354,1.0185,0.8508
000002.SZ,Q4 FY2017,1257.9661,656.166,13.6205,223.9186,1.1654,0.9788
000002.SZ,Q1 FY2018,308.2562,-277.5365,0.6657,17.7949,1.2243,1.029
000002.SZ,Q2 FY2018,751.4892,234.9856,6.0712,117.4311,1.3452,1.1395
000002.SZ,Q3 FY2018,700.476,-214.7608,3.5365,82.752,1.4323,1.2164
000002.SZ,Q4 FY2018,1216.5719,593.4936,13.3809,274.745,1.5287,1.293
000002.SZ,Q1 FY2019,483.7463,-267.126,0.7153,32.0593,1.5512,1.3151
000002.SZ,Q2 FY2019,909.4545,355.6571,6.7308,160.7974,1.5771,1.3447
000002.SZ,Q3 FY2019,845.9468,-71.187,3.8984,93.0474,1.6388,1.394
000002.SZ,Q4 FY2019,1439.7912,439.524,11.6124,265.412,1.73,1.4594
000002.SZ,Q1 FY2020,477.7434,-29.5386,0.6633,24.3027,1.7399,1.4658
000002.SZ,Q2 FY2020,985.7516,255.5982,5.8593,161.9892,1.8063,1.515
000002.SZ,Q3 FY2020,951.4196,107.7491,3.6934,114.4235,1.8145,1.5119
000002.SZ,Q4 FY2020,1776.2021,198.0715,10.1374,292.2657,1.8692,1.5194
000001.SZ,Q1 FY2016,275.32,592.68,3.487,60.86,2.6812,2.4936
000001.SZ,Q2 FY2016,272.37,-924.66,3.2726,62.06,2.801,2.6093
000001.SZ,Q3 FY2016,271.99,-1197.44,3.2965,64.27,2.7912,2.593
000001.SZ,Q4 FY2016,257.47,1639.31,1.9381,38.8,2.9534,2.7513
000001.SZ,Q1 FY2017,277.12,-1150.08,3.0319,62.14,3.0062,2.7985
000001.SZ,Q2 FY2017,263.61,-131.72,3.0249,63.4,3.0921,2.8807
000001.SZ,Q3 FY2017,257.6,-298.07,3.0724,65.99,3.1375,2.9194
000001.SZ,Q4 FY2017,259.53,392.07,1.8339,40.36,3.2485,3.0264
000001.SZ,Q1 FY2018,280.26,414.42,2.9611,65.95,3.3386,3.1152
000001.SZ,Q2 FY2018,292.15,-339.87,3.0018,67.77,3.3674,3.1393
000001.SZ,Q3 FY2018,294.23,-187.65,3.0576,70.84,3.3521,3.1168
000001.SZ,Q4 FY2018,300.52,-460.13,1.8356,43.62,3.4186,3.1786
000001.SZ,Q1 FY2019,324.76,531.84,3.0331,74.46,3.5302,3.2792
000001.SZ,Q2 FY2019,353.53,-267.52,3.1355,79.57,3.5908,3.3342
000001.SZ,Q3 FY2019,351.29,580.48,3.0176,82.18,3.7077,3.4196
000001.SZ,Q4 FY2019,350,-1245.05,1.522,45.74,3.9391,3.6261
000001.SZ,Q1 FY2020,379.26,179.89,2.5695,85.48,4.1323,3.7799
000001.SZ,Q2 FY2020,404.02,-436.55,1.4579,51.3,4.1786,3.8272
000001.SZ,Q3 FY2020,382.36,563.64,2.4558,87.2,4.3469,3.9882
000001.SZ,Q4 FY2020,369.78,-468.59,1.8066,65.3,4.4685,4.1044
000039.SZ,Q1 FY2016,104.1242,2.195,1.4254,4.8272,1132.2772,769.9822
000039.SZ,Q2 FY2016,131.3043,7.1423,-2.7824,-10.2388,1147.9992,804.4623
000039.SZ,Q3 FY2016,114.3977,-1.9551,0.6789,2.47,1176.2526,829.2393
000039.SZ,Q4 FY2016,161.2904,16.0339,2.5516,10.2915,1246.1475,854.7996
000039.SZ,Q1 FY2017,146.7599,0.9546,1.7225,6.1846,1293.5796,895.0634
000039.SZ,Q2 FY2017,187.1117,-7.6367,0.9619,4.4805,1294.9885,896.2697
000039.SZ,Q3 FY2017,205.7555,43.0086,1.6961,6.949,1355.5759,941.9498
000039.SZ,Q4 FY2017,223.3722,6.4274,3.8049,13.9701,1306.0438,873.6695
000039.SZ,Q1 FY2018,192.5364,-10.7491,1.3646,5.8382,1366.0108,928.0322
000039.SZ,Q2 FY2018,243.0676,2.1867,1.6321,7.3214,1382.6836,966.2232
000039.SZ,Q3 FY2018,233.4575,8.7954,4.2918,15.3702,1496.9301,1052.4154
000039.SZ,Q4 FY2018,265.9148,1.1743,3.0535,12.1548,1588.8396,1064.8098
000039.SZ,Q1 FY2019,190.9955,-5.9943,1.0623,5.1163,1624.1261,1082.2879
000039.SZ,Q2 FY2019,236.1818,-15.0298,0.7117,5.9059,1635.6327,1098.7748
000039.SZ,Q3 FY2019,189.4254,15.8153,-0.1142,1.1942,1670.0233,1113.8808
000039.SZ,Q4 FY2019,241.5507,40.5941,2.3391,12.8847,1721.0752,1170.6954
000039.SZ,Q1 FY2020,158.5218,-14.4396,-1.6447,-6.8463,1758.4286,1212.9825
000039.SZ,Q2 FY2020,235.7963,36.8687,1.1583,9.2685,1769.4765,1208.6932
000039.SZ,Q3 FY2020,241.6015,61.4879,2.1542,12.1831,1803.0394,1235.2182
000039.SZ,Q4 FY2020,305.6713,44.1879,10.9069,45.5121,1462.1151,923.5767
000027.SZ,Q1 FY2016,20.1926,4.8879,0.9471,2.1681,578.9395,333.3075
000027.SZ,Q2 FY2016,30.1062,5.552,3.062,7.0251,580.4957,340.3727
000027.SZ,Q3 FY2016,35.9524,9.8752,2.2941,5.1867,604.5412,359.0265
000027.SZ,Q4 FY2016,26.93,7.2132,0.0425,-0.3135,608.6219,360.3453
000027.SZ,Q1 FY2017,25.6306,6.0624,0.5184,1.0777,664.0417,414.627
000027.SZ,Q2 FY2017,36.1116,3.3998,1.344,3.2516,680.1586,432.3172
000027.SZ,Q3 FY2017,42.7153,9.0287,1.8267,4.4923,704.3932,449.9032
000027.SZ,Q4 FY2017,51.0011,9.7777,-0.2495,-0.371,772.3093,525.0833
000027.SZ,Q1 FY2018,36.4516,4.6191,0.2865,0.5984,780.4062,535.6265
000027.SZ,Q2 FY2018,43.3571,4.4834,2.2645,5.2019,788.0012,544.9261
000027.SZ,Q3 FY2018,43.9578,35.3268,0.3177,0.94,811.3275,566.7783
000027.SZ,Q4 FY2018,61.5074,-2.6387,0.3845,0.4235,850.739,575.9025
000027.SZ,Q1 FY2019,39.651,17.7099,1.4533,4.0603,895.0262,594.1901
000027.SZ,Q2 FY2019,64.2105,1.9146,2.5041,7.5143,898.4377,597.6212
000027.SZ,Q3 FY2019,53.939,17.6849,2.4115,7.8299,936.117,600.4031
000027.SZ,Q4 FY2019,50.3695,14.6906,-0.0387,-1.1131,961.1205,625.2719
000027.SZ,Q1 FY2020,35.7598,9.2084,0.7003,2.3722,1062.4227,728.5938
000027.SZ,Q2 FY2020,52.1426,14.9147,8.4799,27.4472,1055.4177,695.3818
000027.SZ,Q3 FY2020,59.0903,20.9084,3.0754,12.0227,1096.7898,694.2458
000027.SZ,Q4 FY2020,57.5524,16.8929,0.239,0.8325,1140.6226,722.0865
000060.SZ,Q1 FY2016,29.2896,0.9924,-0.7206,-0.5383,158.6485,79.7351
000060.SZ,Q2 FY2016,29.5414,2.6066,1.3048,1.0265,161.5996,81.6025
000060.SZ,Q3 FY2016,51.932,3.9722,1.5991,1.2664,163.9805,82.3532
000060.SZ,Q4 FY2016,39.8281,6.4924,2.0852,1.6645,169.6911,87.5316
000060.SZ,Q1 FY2017,47.3969,2.9828,2.7998,2.2203,170.7235,86.0399
000060.SZ,Q2 FY2017,51.3831,9.0715,3.7851,3.3763,182.9346,80.9061
000060.SZ,Q3 FY2017,49.1357,2.2952,3.1693,3.1857,187.0376,82.0223
000060.SZ,Q4 FY2017,41.7501,10.3429,2.0443,2.1532,188.6884,84.6329
000060.SZ,Q1 FY2018,47.8909,-1.1819,3.071,3.134,192.6147,86.3835
000060.SZ,Q2 FY2018,65.9496,8.3668,2.9293,3.0362,192.2773,88.1644
000060.SZ,Q3 FY2018,55.8682,5.9557,1.6096,1.697,196.7609,89.9386
000060.SZ,Q4 FY2018,29.9254,6.5772,1.4593,1.2285,195.0633,87.8938
000060.SZ,Q1 FY2019,41.0461,0.2814,2.5027,2.6462,200.6407,91.6589
000060.SZ,Q2 FY2019,51.681,3.5544,1.9962,2.1474,198.7646,89.355
000060.SZ,Q3 FY2019,80.6844,6.8337,1.5577,1.7232,206.4301,94.7976
000060.SZ,Q4 FY2019,54.5937,11.5436,1.9948,2.1971,203.206,89.5677
000060.SZ,Q1 FY2020,60.4123,5.4658,1.3025,1.443,205.9846,92.3102
000060.SZ,Q2 FY2020,83.2323,3.533,2.0765,2.3363,209.8177,94.9744
000060.SZ,Q3 FY2020,75.2981,0.7315,2.2169,2.5835,236.1217,112.4471
000060.SZ,Q4 FY2020,83.3185,6.2926,3.0606,4.6356,243.4833,115.0678
000046.SZ,Q1 FY2016,40.6192,-58.2995,1.3779,1.7638,1345.5057,1133.6639
000046.SZ,Q2 FY2016,52.737,1.5188,4.5358,7.3517,1389.8274,1178.5829
000046.SZ,Q3 FY2016,52.7375,-66.2865,5.7367,9.0765,1447.9381,1226.2846
000046.SZ,Q4 FY2016,40.122,-29.2242,7.2375,12.3777,1678.36,1429.4208
000046.SZ,Q1 FY2017,18.9047,-127.3968,2.3457,4.3058,1757.3696,1504.8714
000046.SZ,Q2 FY2017,3.3907,14.4751,2.4953,4.9041,1781.8979,1527.9413
000046.SZ,Q3 FY2017,12.8052,-72.7063,1.7177,3.8725,1865.8947,1607.3345
000046.SZ,Q4 FY2017,48.7474,-6.9518,8.7276,17.8436,1877.7506,1602.7918
000046.SZ,Q1 FY2018,3.2493,33.9595,7.3501,15.6096,1986.4866,1701.6245
000046.SZ,Q2 FY2018,8.4299,7.7758,-0.8639,-1.7988,2030.1955,1736.4878
000046.SZ,Q3 FY2018,13.2411,23.551,2.2627,5.1351,2079.0879,1785.3252
000046.SZ,Q4 FY2018,25.1527,26.7792,-4.2936,-8.615,2120.9667,1836.6667
000046.SZ,Q1 FY2019,6.9652,3.7171,9.7487,22.2408,1835.4275,1513.3853
000046.SZ,Q2 FY2019,4.9613,11.6577,-1.5647,-3.3026,1841.2253,1516.8465
000046.SZ,Q3 FY2019,5.186,11.7437,3.3883,8.6018,1820.721,1479.6788
000046.SZ,Q4 FY2019,13.1419,28.6045,-6.3055,-13.275,1778.7227,1447.6528
000046.SZ,Q1 FY2020,1.6165,-16.9313,-0.5609,-1.364,1790.6213,1453.3912
000046.SZ,Q2 FY2020,1.6122,10.3806,-1.3389,-2.1465,1834.546,1469.5651
000046.SZ,Q3 FY2020,6.3412,9.3411,-0.9549,-0.3015,1827.0567,1444.5002
000046.SZ,Q4 FY2020,12.3903,80.572,-21.6394,-43.3566,1809.9083,1460.1049
000063.SZ,Q1 FY2016,218.5851,39.4552,2.4345,10.6115,1349.9891,916.5294
000063.SZ,Q2 FY2016,258.9879,-15.9059,2.0646,11.272,1359.3745,920.0455
000063.SZ,Q3 FY2016,238.067,-11.3563,2.6957,12.3292,1326.6823,870.9064
000063.SZ,Q4 FY2016,296.6918,40.409,-13.6076,-48.2914,1414.0818,1005.2309
000063.SZ,Q1 FY2017,257.4461,-9.7117,3.3562,13.1745,1411.9826,994.913
000063.SZ,Q2 FY2017,282.6598,-32.3539,2.8886,12.2576,1446.7032,1014.9225
000063.SZ,Q3 FY2017,225.6914,10.3607,4.1193,17.5084,1460.284,1010.2179
000063.SZ,Q4 FY2017,322.3553,103.9046,1.6364,10.9228,1439.6222,985.8207
000063.SZ,Q1 FY2018,275.2634,-1.7115,-14.7474,-53.0916,1378.7643,1009.7083
000063.SZ,Q2 FY2018,119.0744,-48.7524,-7.7948,-25.5165,1207.0937,870.0118
000063.SZ,Q3 FY2018,193.3241,-51.7651,1.879,5.484,1242.1472,898.3878
000063.SZ,Q4 FY2018,267.4696,10.0751,0.9267,3.6307,1293.5075,963.9007
000063.SZ,Q1 FY2019,222.0181,12.5998,2.931,11.0931,1398.7571,1068.7614
000063.SZ,Q2 FY2019,224.0741,0.0664,2.0166,7.1526,1407.4265,1069.2602
000063.SZ,Q3 FY2019,196.3148,16.3861,8.2357,29.9338,1471.5935,1099.3204
000063.SZ,Q4 FY2019,264.9588,45.4133,2.9562,9.5872,1412.0214,1032.4784
000063.SZ,Q1 FY2020,214.8449,3.7236,2.0433,8.0915,1456.5442,1016.495
000063.SZ,Q2 FY2020,257.1488,16.6841,2.6141,15.1423,1654.3236,1211.5557
000063.SZ,Q3 FY2020,269.3005,18.2813,2.0581,8.9137,1652.6811,1205.113
000063.SZ,Q4 FY2020,273.2125,63.6375,3.633,15.0694,1506.3491,1045.124
000061.SZ,Q1 FY2016,4.7576,59.2345,0.0851,13.9537,164.573,102.9946
000061.SZ,Q2 FY2016,5.011,333.1664,0.5884,41.1004,168.137,106.5234
000061.SZ,Q3 FY2016,4.711,253.5018,3.7207,189.6203,168.5857,105.148
000061.SZ,Q4 FY2016,5.7211,-117.9654,-2.5579,-151.4002,172.4919,110.0088
000061.SZ,Q1 FY2017,5.7958,175.6917,0.1029,24.8096,174.7002,111.9221
000061.SZ,Q2 FY2017,5.2816,155.7797,0.1071,8.6071,181.2182,117.2585
000061.SZ,Q3 FY2017,5.9513,-7.6876,-0.1554,-0.4827,178.9845,114.9304
000061.SZ,Q4 FY2017,7.4342,447.9892,0.2331,28.2385,188.4343,124.3447
000061.SZ,Q1 FY2018,5.3286,139.4025,0.0638,16.4088,191.6711,127.3941
000061.SZ,Q2 FY2018,5.67,339.3662,-0.4343,-6.2424,184.9777,121.8724
000061.SZ,Q3 FY2018,5.9895,482.5548,1.3672,87.7444,188.6569,124.9063
000061.SZ,Q4 FY2018,6.0324,286.0998,-0.0921,2.3151,189.9969,124.0935
000061.SZ,Q1 FY2019,6.1768,150.5805,1.028,63.3407,189.7331,123.3128
000061.SZ,Q2 FY2019,7.2642,331.3558,0.8193,73.1267,190.1157,123.6517
000061.SZ,Q3 FY2019,7.6446,336.335,1.446,108.2025,189.276,121.8614
000061.SZ,Q4 FY2019,7.4441,109.7958,2.8507,162.1888,196.0059,127.3086
000061.SZ,Q1 FY2020,7.1613,0.5617,0.9199,80.5852,187.3267,117.8604
000061.SZ,Q2 FY2020,7.7327,183.3126,2.7065,182.9522,186.3889,116.3912
000061.SZ,Q3 FY2020,8.3446,351.0234,1.5829,106.1712,188.5073,117.8141
000061.SZ,Q4 FY2020,8.5059,164.234,0.7561,72.3957,194.0518,123.1164
000069.SZ,Q1 FY2016,55.0035,-13.9772,1.572,6.4,1195.4835,770.0331
000069.SZ,Q2 FY2016,59.5988,6.0767,2.5483,10.7022,1218.0267,785.99
000069.SZ,Q3 FY2016,75.8955,109.7621,3.422,14.2912,1357.4927,912.6408
000069.SZ,Q4 FY2016,164.3132,-57.8231,9.5229,41.716,1463.4489,982.2888
000069.SZ,Q1 FY2017,61.554,-75.1082,1.7143,8.1231,1579.4358,1087.3335
000069.SZ,Q2 FY2017,76.3351,-101.8259,2.177,9.9052,1755.136,1256.5859
000069.SZ,Q3 FY2017,55.7955,88.0538,6.4367,30.2495,1973.516,1445.2236
000069.SZ,Q4 FY2017,229.7277,11.879,7.8222,44.9069,2174.6341,1519.875
000069.SZ,Q1 FY2018,63.3849,-65.8962,2.1175,10.3154,2390.6027,1708.4469
000069.SZ,Q2 FY2018,83.796,-26.5513,1.6586,12.6764,2568.234,1882.087
000069.SZ,Q3 FY2018,98.3222,-114.445,5.7078,30.8133,2737.4065,2035.4665
000069.SZ,Q4 FY2018,235.9204,107.0504,9.7259,59.1381,2941.6714,2170.048
000069.SZ,Q1 FY2019,79.1983,-6.3746,1.9895,12.4934,3421.1745,2627.2543
000069.SZ,Q2 FY2019,97.3428,-79.0626,2.6573,16.6657,3346.0256,2566.493
000069.SZ,Q3 FY2019,122.0695,48.4439,5.2174,39.0698,3643.9491,2801.8801
000069.SZ,Q4 FY2019,301.6398,-14.8844,9.6858,75.1945,3796.1997,2846.2661
000069.SZ,Q1 FY2020,68.1812,-127.8708,1.2309,7.7529,4033.544,3072.0249
000069.SZ,Q2 FY2020,102.8986,31.9238,1.9291,12.8035,4141.9087,3195.6993
000069.SZ,Q3 FY2020,162.856,73.5682,4.5296,33.8019,4326.9098,3291.3924
000069.SZ,Q4 FY2020,484.7451,234.565,10.0011,102.8709,4565.8825,3462.1273
000156.SZ,Q1 FY2016,6.7375,0.3156,1.5762,1.4636,127.0814,33.0375
000156.SZ,Q2 FY2016,7.2624,2.3815,1.5715,1.4792,130.1653,35.1439
000156.SZ,Q3 FY2016,7.8596,3.211,1.7028,1.6278,132.2054,35.5553
000156.SZ,Q4 FY2016,8.9524,8.9448,1.4547,1.4356,140.3284,39.1906
000156.SZ,Q1 FY2017,7.1068,0.1672,1.4686,1.4912,139.8503,37.6969
000156.SZ,Q2 FY2017,7.8682,3.1661,1.5638,1.5883,141.1564,40.3817
000156.SZ,Q3 FY2017,7.5494,3.3811,1.6198,1.6462,142.4373,39.9404
000156.SZ,Q4 FY2017,9.5687,5.9215,1.6373,1.6862,144.2029,40.4342
000156.SZ,Q1 FY2018,7.6692,1.2477,1.4867,1.5532,143.9902,38.8181
000156.SZ,Q2 FY2018,7.9365,2.8672,1.5474,1.616,146.2593,42.5679
000156.SZ,Q3 FY2018,8.3874,2.9616,1.5865,1.6577,145.6922,40.4069
000156.SZ,Q4 FY2018,10.3669,4.8725,1.5231,1.615,147.7317,40.9527
000156.SZ,Q1 FY2019,8.1197,1.5202,2.1152,2.2827,149.6455,40.5838
000156.SZ,Q2 FY2019,8.3849,4.5626,1.6276,1.7638,154.6695,46.9973
000156.SZ,Q3 FY2019,8.5883,1.4493,0.9373,1.0139,152.5714,43.8855
000156.SZ,Q4 FY2019,12.0136,8.8909,1.2755,1.3949,157.2361,47.2093
000156.SZ,Q1 FY2020,8.4017,-0.8509,1.296,1.4353,155.4827,44.0086
000156.SZ,Q2 FY2020,9.9434,3.2911,1.5953,1.7194,158.1107,53.9474
000156.SZ,Q3 FY2020,9.6656,2.9951,1.4695,1.5408,150.8685,45.1644
000156.SZ,Q4 FY2020,47.7657,13.7853,3.1021,4.8217,234.4051,95.5223
000100.SZ,Q1 FY2016,233.9911,2.3841,1.0673,3.5545,1244.2896,840.7439
000100.SZ,Q2 FY2016,249.4335,16.6299,1.4176,4.3255,1290.008,877.7198
000100.SZ,Q3 FY2016,293.5052,34.423,3.7705,12.5222,1422.1101,957.4706
000100.SZ,Q4 FY2016,287.8052,26.843,0.2659,0.9732,1471.3679,1013.9001
000100.SZ,Q1 FY2017,253.7006,23.4125,1.9296,6.7238,1502.1657,1032.368
000100.SZ,Q2 FY2017,268.0446,11.3129,2.4771,9.8894,1513.1672,1015.81
000100.SZ,Q3 FY2017,300.4022,36.1276,3.6147,13.7028,1609.0641,1084.3909
000100.SZ,Q4 FY2017,293.6263,21.2431,2.7907,5.131,1602.9398,1061.5105
000100.SZ,Q1 FY2018,256.2984,30.3439,2.402,7.8805,1631.2021,1059.2325
000100.SZ,Q2 FY2018,268.939,13.4084,2.8173,9.128,1699.1685,1122.3825
000100.SZ,Q3 FY2018,297.134,31.8121,3.0383,11.7511,1824.9665,1250.4759
000100.SZ,Q4 FY2018,311.2293,29.3015,3.241,11.8924,1927.6394,1318.9227
000100.SZ,Q1 FY2019,296.0096,22.439,2.5303,10.0608,1986.627,1352.0042
000100.SZ,Q2 FY2019,141.8066,39.0692,4.2829,17.3099,1546.519,934.487
000100.SZ,Q3 FY2019,150.3605,14.5845,1.5995,7.5035,1617.3301,975.385
000100.SZ,Q4 FY2019,161.1542,38.8082,0.1336,1.7032,1648.4489,1009.6174
000100.SZ,Q1 FY2020,137.4213,22.9918,1.349,2.7058,1727.6366,1069.1026
000100.SZ,Q2 FY2020,155.9108,50.4863,2.6479,7.9855,1848.3323,1199.4141
000100.SZ,Q3 FY2020,193.7678,45.2326,2.6746,9.9258,2002.822,1332.3048
000100.SZ,Q4 FY2020,279.6725,48.2721,7.2504,30.035,2579.0828,1678.5121
000157.SZ,Q1 FY2016,30.237,-12.2994,-1.6668,-6.436,929.2761,529.4045
000157.SZ,Q2 FY2016,59.801,9.2807,-0.4597,-1.8856,936.3665,552.9889
000157.SZ,Q3 FY2016,50.9904,6.5754,0.0916,0.5131,926.5861,542.7718
000157.SZ,Q4 FY2016,59.1968,18.1289,-0.3543,-1.2396,891.4102,513.4606
000157.SZ,Q1 FY2017,52.7491,1.0013,0.2293,1.0131,941.7517,562.1461
000157.SZ,Q2 FY2017,75.1523,5.9681,2.8255,9.7377,907.6246,529.2485
000157.SZ,Q3 FY2017,50.7013,4.0129,0.4049,1.5239,861.1717,481.1274
000157.SZ,Q4 FY2017,54.1262,17.5286,0.1324,0.2052,831.4907,449.2177
000157.SZ,Q1 FY2018,63.6046,4.5371,0.9961,3.711,856.7377,469.6214
000157.SZ,Q2 FY2018,83.5982,11.4099,1.299,4.8217,873.1797,497.198
000157.SZ,Q3 FY2018,63.1485,14.5903,1.178,4.3357,869.0511,487.9811
000157.SZ,Q4 FY2018,76.6141,20.1039,1.8944,6.6979,934.5665,546.8818
000157.SZ,Q1 FY2019,90.1676,18.6728,2.5903,9.8143,983.8742,586.6811
000157.SZ,Q2 FY2019,132.4535,17.078,4.1326,15.8915,1015.1854,639.4695
000157.SZ,Q3 FY2019,94.9287,13.8738,2.4141,8.892,1034.6333,650.7018
000157.SZ,Q4 FY2019,115.5242,12.5688,2.3247,8.1534,920.6803,525.3486
000157.SZ,Q1 FY2020,90.6668,3.1911,2.6003,10.5041,1005.1713,594.6788
000157.SZ,Q2 FY2020,197.6055,11.6001,7.093,30.0043,1083.7385,631.3477
000157.SZ,Q3 FY2020,164.1681,25.3778,3.6814,16.8456,1112.353,639.8098
000157.SZ,Q4 FY2020,198.649,34.0486,3.4267,16.1984,1162.7494,683.8803
000333.SZ,Q1 FY2016,383.4162,65.9502,7.5825,41.6677,1479.2259,869.4016
000333.SZ,Q2 FY2016,391.8066,15.3414,10.2376,60.6413,1675.0275,1048.4362
000333.SZ,Q3 FY2016,388.5613,109.0833,5.824,35.2109,1629.9161,970.4426
000333.SZ,Q4 FY2016,426.6562,76.5751,3.14,21.0992,1706.0071,1016.2402
000333.SZ,Q1 FY2017,597.5591,70.0857,6.8728,46.8587,2259.1439,1514.8413
000333.SZ,Q2 FY2017,646.9415,68.8736,9.7973,68.6221,2310.1649,1560.216
000333.SZ,Q3 FY2017,624.988,61.7171,6.0886,45.5333,2421.8328,1619.2955
000333.SZ,Q4 FY2017,537.6344,43.7498,3.1534,25.0979,2481.0686,1651.8169
000333.SZ,Q1 FY2018,697.3753,44.2909,6.8725,56.458,2525.6653,1646.5939
000333.SZ,Q2 FY2018,728.8631,31.846,9.6899,81.339,2509.978,1630.592
000333.SZ,Q3 FY2018,631.3282,119.7589,6.1214,53.1056,2566.5114,1646.6787
000333.SZ,Q4 FY2018,539.0817,82.715,2.809,25.6017,2637.0115,1712.4663
000333.SZ,Q1 FY2019,752.0578,118.4278,7.0986,65.4125,2789.1022,1794.4223
000333.SZ,Q2 FY2019,785.6452,99.4511,9.943,95.1868,2840.3383,1854.3182
000333.SZ,Q3 FY2019,671.4786,80.0239,6.4234,63.003,2852.892,1809.2726
000333.SZ,Q4 FY2019,572.9786,88.0013,2.8966,29.1692,3019.5542,1944.5932
000333.SZ,Q1 FY2020,580.1303,76.686,4.6332,48.1039,3016.6858,1900.8702
000333.SZ,Q2 FY2020,810.5399,107.3689,8.6427,92.5662,3346.6266,2223.0056
000333.SZ,Q3 FY2020,776.9376,66.0914,7.4269,81.2699,3504.4345,2303.1446
000333.SZ,Q4 FY2020,674.6046,45.4248,4.518,53.1254,3603.826,2361.455
000166.SZ,Q1 FY2016,29.3978,-125.9739,2.0877,10.6699,3117.5605,2600.7459
000166.SZ,Q2 FY2016,31.5048,-19.34,2.1417,11.0258,2756.9083,2253.0824
000166.SZ,Q3 FY2016,40.7344,-375.8321,3.5139,17.6837,2513.4011,1990.4134
000166.SZ,Q4 FY2016,45.5627,136.0801,3.0318,15.9034,2754.8926,2214.1602
000166.SZ,Q1 FY2017,28.2572,-188.9692,1.8392,9.9526,2790.4248,2238.8754
000166.SZ,Q2 FY2017,32.3676,18.15,2.0355,11.0988,2829.6574,2286.2209
000166.SZ,Q3 FY2017,35.7889,-49.9548,2.8651,15.5729,2886.7294,2323.9158
000166.SZ,Q4 FY2017,37.2642,-85.0802,1.8523,10.6332,2999.433,2429.3752
000166.SZ,Q1 FY2018,28.8029,40.9898,1.612,10.1836,3262.3273,2564.4935
000166.SZ,Q2 FY2018,31.9479,-292.9073,1.5834,10.9682,3367.3484,2675.6402
000166.SZ,Q3 FY2018,32.9129,-42.2125,1.8242,12.6024,3488.8075,2779.8563
000166.SZ,Q4 FY2018,59.1105,155.3085,1.2254,8.7238,3477.2503,2765.2911
000166.SZ,Q1 FY2019,54.5692,163.6189,2.6446,18.7894,3751.51,3019.3573
000166.SZ,Q2 FY2019,50.2753,-8.7858,1.7628,13.5364,3790.4682,2969.7841
000166.SZ,Q3 FY2019,59.3745,-194.9629,1.9134,15.6914,3722.2765,2885.8742
000166.SZ,Q4 FY2019,81.7151,141.2889,1.1846,10.0163,3885.3726,3037.0586
000166.SZ,Q1 FY2020,76.9709,196.3835,2.3649,19.9916,4161.884,3296.6667
000166.SZ,Q2 FY2020,56.8933,-97.291,2.4158,20.8152,4416.3389,3553.3361
000166.SZ,Q3 FY2020,80.9295,-328.9877,2.902,25.2297,4728.4355,3839.3165
000166.SZ,Q4 FY2020,79.2982,52.4299,1.4079,12.727,4911.2428,4010.3369
000338.SZ,Q1 FY2016,188.7931,1.7918,1.3893,6.9515,1197.3967,777.18
000338.SZ,Q2 FY2016,234.072,18.4442,1.9049,9.0636,1253.2883,838.7376
000338.SZ,Q3 FY2016,206.0536,-4.4205,1.4341,6.3277,1246.3552,819.3993
000338.SZ,Q4 FY2016,302.9165,66.6888,2.9793,13.6196,1639.9068,1194.2901
000338.SZ,Q1 FY2017,349.883,-5.7728,3.6524,14.8733,1747.7112,1287.6095
000338.SZ,Q2 FY2017,373.2496,53.4307,4.4851,19.8876,1810.5227,1330.8127
000338.SZ,Q3 FY2017,392.3741,12.3109,5.5093,24.4386,1935.3594,1396.3498
000338.SZ,Q4 FY2017,400.1871,102.6146,6.0039,32.5842,1896.3817,1332.8318
000338.SZ,Q1 FY2018,392.1206,-8.2921,5.3029,25.6059,1962.3511,1378.1342
000338.SZ,Q2 FY2018,430.5185,93.1353,6.6716,33.2163,1973.9953,1388.1095
000338.SZ,Q3 FY2018,359.1855,-19.9287,4.3272,21.6516,1992.9332,1393.4781
000338.SZ,Q4 FY2018,410.7337,157.7018,6.9269,35.7835,2052.7637,1430.1704
000338.SZ,Q1 FY2019,452.1163,-12.7475,6.3637,33.7258,2167.5362,1512.5015
000338.SZ,Q2 FY2019,456.5086,67.0119,6.3784,35.2024,2323.4732,1664.8639
000338.SZ,Q3 FY2019,358.4576,-14.1173,4.1524,24.3636,2237.266,1569.6343
000338.SZ,Q4 FY2019,476.5263,198.1998,4.6463,25.7782,2368.3167,1670.5695
000338.SZ,Q1 FY2020,389.9921,-94.9512,4.4552,25.9168,2348.9283,1620.7115
000338.SZ,Q2 FY2020,554.9535,135.3096,5.4415,31.1015,2609.7766,1869.1912
000338.SZ,Q3 FY2020,528.8909,-17.8271,4.9451,29.9975,2650.7726,1904.5296
000338.SZ,Q4 FY2020,501.0745,206.7502,4.1777,25.7326,2707.5017,1903.1684
000402.SZ,Q1 FY2016,43.0162,-8.9039,3.0142,7.8064,1076.0438,778.2207
000402.SZ,Q2 FY2016,18.6542,45.1888,-0.0823,-0.2657,1149.6967,860.3059
000402.SZ,Q3 FY2016,22.9815,60.8322,0.1767,0.2301,1127.1212,837.514
000402.SZ,Q4 FY2016,113.8735,73.7422,7.4992,20.3852,1128.3551,817.0397
000402.SZ,Q1 FY2017,52.5137,9.2328,1.9207,5.519,1180.2236,863.6468
000402.SZ,Q2 FY2017,47.3945,15.4289,1.8689,6.2711,1162.6162,852.3841
000402.SZ,Q3 FY2017,59.1996,-51.1043,1.3747,4.8152,1157.2408,842.0982
000402.SZ,Q4 FY2017,96.0855,-46.1007,5.4295,24.4217,1252.1558,915.0928
000402.SZ,Q1 FY2018,34.2746,-76.192,1.8359,5.855,1326.6166,987.9976
000402.SZ,Q2 FY2018,32.019,-10.2208,1.0622,4.3307,1359.8099,1024.6448
000402.SZ,Q3 FY2018,20.6032,-16.4916,0.5935,2.0415,1450.0046,1104.6783
000402.SZ,Q4 FY2018,134.2368,12.6131,7.2215,28.1477,1485.2684,1113.2838
000402.SZ,Q1 FY2019,38.9588,21.168,1.8932,6.8923,1499.6552,1122.8287
000402.SZ,Q2 FY2019,56.2254,49.025,1.3657,7.0464,1538.179,1169.8975
000402.SZ,Q3 FY2019,38.3192,-0.1718,0.9997,4.277,1556.4641,1189.9761
000402.SZ,Q4 FY2019,128.3368,-43.4183,6.1549,22.9908,1619.8988,1230.0874
000402.SZ,Q1 FY2020,22.4516,-45.9284,0.4725,2.466,1640.6359,1248.4331
000402.SZ,Q2 FY2020,36.2189,29.7988,0.2514,1.414,1654.946,1271.1532
000402.SZ,Q3 FY2020,46.5085,17.6139,1.9108,6.7681,1692.7657,1302.2048
000402.SZ,Q4 FY2020,76.0347,97.4145,4.465,11.5365,1692.0792,1294.0285
000400.SZ,Q1 FY2016,9.4552,-2.1534,0.5686,0.2039,123.8147,54.8945
000400.SZ,Q2 FY2016,19.5287,1.4952,1.1676,0.9091,129.3444,60.6709
000400.SZ,Q3 FY2016,19.0894,0.8092,2.1217,1.5027,132.1717,62.4704
000400.SZ,Q4 FY2016,47.9968,12.3192,9.2532,6.7892,143.0084,67.503
000400.SZ,Q1 FY2017,11.3353,-6.6256,0.7013,0.5069,139.4346,63.4223
000400.SZ,Q2 FY2017,21.2375,-0.2139,1.5577,1.1227,147.2223,71.0956
000400.SZ,Q3 FY2017,20.0871,0.0606,1.9592,1.5072,144.635,67.0359
000400.SZ,Q4 FY2017,50.6473,6.4294,4.2129,3.6811,153.0872,71.8397
000400.SZ,Q1 FY2018,8.9488,-3.0583,0.3648,0.2452,145.0375,63.5449
000400.SZ,Q2 FY2018,17.6198,-1.7806,1.3641,1.3045,149.187,66.5377
000400.SZ,Q3 FY2018,15.0269,0.3644,0.3042,0.4346,146.4956,63.4318
000400.SZ,Q4 FY2018,40.5701,9.1069,0.5723,0.7528,145.7691,62.2388
000400.SZ,Q1 FY2019,10.3257,-2.2591,0.3241,0.2833,143.1907,59.3772
000400.SZ,Q2 FY2019,20.2192,1.7059,1.895,1.6863,141.914,57.1458
000400.SZ,Q3 FY2019,21.8373,0.8119,1.1726,1.1262,145.9664,60.1167
000400.SZ,Q4 FY2019,49.1787,0.5016,1.9861,1.8488,150.8963,64.128
000400.SZ,Q1 FY2020,9.174,-2.0136,0.4723,0.428,151.1252,63.9288
000400.SZ,Q2 FY2020,32.2488,0.4975,3.8339,3.5314,158.9849,70.4598
000400.SZ,Q3 FY2020,24.4989,0.0404,1.8776,1.8169,161.3243,70.9823
000400.SZ,Q4 FY2020,45.9903,9.3104,2.3836,2.2499,168.0614,76.0694
000413.SZ,Q1 FY2016,15.8169,-9.3482,2.3993,3.6599,286.0649,136.3388
000413.SZ,Q2 FY2016,13.0037,22.1593,1.3559,2.0433,334.8303,185.2846
000413.SZ,Q3 FY2016,13.7962,3.4824,1.4084,2.7749,393.4223,170.9341
000413.SZ,Q4 FY2016,26.3964,-2.393,1.9921,4.6271,468.2632,237.5708
000413.SZ,Q1 FY2017,21.6963,-8.3236,1.7525,4.3086,476.5136,240.4887
000413.SZ,Q2 FY2017,24.7166,-5.82,1.0775,2.6497,477.4649,241.2076
000413.SZ,Q3 FY2017,32.2736,17.47,1.719,4.2041,486.9413,244.647
000413.SZ,Q4 FY2017,94.6772,9.3314,2.6665,8.2263,676.8333,356.2608
000413.SZ,Q1 FY2018,46.6575,-11.2714,1.3632,4.3205,687.9779,363.1461
000413.SZ,Q2 FY2018,64.641,12.1076,1.387,4.6202,666.9383,347.0608
000413.SZ,Q3 FY2018,61.3372,-5.9904,1.4529,4.6149,673.0755,348.5473
000413.SZ,Q4 FY2018,109.4813,9.0368,2.6433,9.1327,725.7612,391.5282
000413.SZ,Q1 FY2019,38.1641,6.3868,1.3167,4.5069,722.3241,383.8959
000413.SZ,Q2 FY2019,46.5868,-0.4434,1.2529,4.304,713.7853,374.0642
000413.SZ,Q3 FY2019,40.9111,-4.6723,0.8772,3.0458,724.4041,381.6006
000413.SZ,Q4 FY2019,49.6256,-31.3981,-8.3192,-27.438,677.6045,362.4488
000413.SZ,Q1 FY2020,10.3063,1.5903,-1.0833,-3.3334,702.1267,385.5291
000413.SZ,Q2 FY2020,17.4026,2.1706,-1.8698,-5.6106,661.9169,358.423
000413.SZ,Q3 FY2020,18.1206,4.0173,-1.069,-3.2236,655.9378,350.6604
000413.SZ,Q4 FY2020,24.6579,12.6349,-7.6225,-22.5583,648.2923,362.1561
000415.SZ,Q1 FY2016,53.3574,51.9045,0.7902,4.3035,1773.5621,1447.2647
000415.SZ,Q2 FY2016,65.0256,49.5993,1.8643,6.4421,1832.5925,1495.1978
000415.SZ,Q3 FY2016,56.0559,53.1789,2.4542,8.4903,1955.3152,1608.3335
000415.SZ,Q4 FY2016,68.1365,-15.2369,2.7739,9.1762,2166.321,1788.9522
000415.SZ,Q1 FY2017,95.0069,29.2417,1.2833,5.5985,2851.6802,2470.0562
000415.SZ,Q2 FY2017,102.1582,59.2681,2.0087,7.1878,3045.1975,2667.4128
000415.SZ,Q3 FY2017,84.3745,62.1248,2.7189,9.7466,3108.8822,2746.471
000415.SZ,Q4 FY2017,77.8039,59.5977,2.409,9.0284,3003.9436,2649.805
000415.SZ,Q1 FY2018,74.1315,54.8451,1.7282,5.9012,2917.6646,2568.2322
000415.SZ,Q2 FY2018,124.5716,46.5903,2.3263,8.0484,2922.4323,2552.0685
000415.SZ,Q3 FY2018,94.9802,57.5158,3.3379,11.6497,2939.5499,2545.3989
000415.SZ,Q4 FY2018,119.2236,45.3973,-0.4386,1.0434,2858.1864,2307.259
000415.SZ,Q1 FY2019,78.9904,40.5641,3.5103,16.8036,2552.7129,2023.1355
000415.SZ,Q2 FY2019,110.2712,49.8568,1.4576,9.3719,2645.0835,2099.5282
000415.SZ,Q3 FY2019,73.3688,56.4192,0.7231,6.294,2704.7937,2147.4264
000415.SZ,Q4 FY2019,125.3969,51.9163,-0.6106,0.7599,2655.3735,2109.6074
000415.SZ,Q1 FY2020,97.7161,40.6949,1.0041,7.0608,2958.6357,2409.7183
000415.SZ,Q2 FY2020,75.0769,22.387,-7.9033,-32.4189,2898.2989,2381.7217
000415.SZ,Q3 FY2020,55.7948,37.094,-1.8611,-7.1255,2738.2455,2249.7623
000415.SZ,Q4 FY2020,45.5895,44.2911,-15.122,-53.4717,2502.1228,2086.5907
000423.SZ,Q1 FY2016,14.8307,-6.7521,7.4715,5.4764,90.0408,13.7318
000423.SZ,Q2 FY2016,11.9128,-2.3409,3.8254,2.8581,89.4671,15.5322
000423.SZ,Q3 FY2016,13.1032,1.9213,5.2838,3.9737,90.216,12.8555
000423.SZ,Q4 FY2016,23.3246,13.4174,7.7999,6.2432,99.4957,15.6344
000423.SZ,Q1 FY2017,16.7634,1.4377,6.98,6.0512,111.6645,21.7521
000423.SZ,Q2 FY2017,12.5805,-7.3506,3.3701,2.9757,116.2119,29.3642
000423.SZ,Q3 FY2017,15.4655,1.5054,3.9076,3.467,109.1892,18.804
000423.SZ,Q4 FY2017,28.914,21.9813,8.4632,7.9461,123.7603,25.0452
000423.SZ,Q1 FY2018,16.9587,-3.8779,5.9992,6.0638,127.6308,22.6674
000423.SZ,Q2 FY2018,12.9011,-4.9398,2.4555,2.5774,123.9642,22.4611
000423.SZ,Q3 FY2018,13.983,-2.9268,3.5245,3.6144,122.2632,17.3098
000423.SZ,Q4 FY2018,29.5403,21.835,7.899,8.6103,138.6996,25.4095
000423.SZ,Q1 FY2019,12.9178,-6.3263,3.4194,3.8995,136.4401,19.2505
000423.SZ,Q2 FY2019,5.9856,-3.4319,-1.7883,-1.9778,132.3235,24.8583
000423.SZ,Q3 FY2019,9.3973,-1.0634,0.1495,0.1532,124.3579,17.5926
000423.SZ,Q4 FY2019,1.2855,-0.3783,-6.3372,-6.5287,116.5367,16.3061
000423.SZ,Q1 FY2020,4.3774,2.1607,-0.8496,-0.842,110.9699,12.807
000423.SZ,Q2 FY2020,6.5744,1.4442,-0.0016,-0.01,111.9481,15.2956
000423.SZ,Q3 FY2020,9.4538,-3.2941,0.6539,0.6433,109.3916,12.2797
000423.SZ,Q4 FY2020,13.6888,7.6975,0.6628,0.6184,109.5002,11.7301
000425.SZ,Q1 FY2016,34.7764,2.8106,0.0513,0.1072,438.0057,232.1316
000425.SZ,Q2 FY2016,46.6083,2.5581,0.5692,1.2078,437.5051,233.9009
000425.SZ,Q3 FY2016,39.5163,10.4178,0.1883,0.4004,443.3242,239.2345
000425.SZ,Q4 FY2016,48.0112,6.667,0.2116,0.4506,439.7705,234.9547
000425.SZ,Q1 FY2017,59.979,6.9163,0.9815,2.0152,454.4501,247.555
000425.SZ,Q2 FY2017,84.4261,9.7369,1.6763,3.5078,456.5776,247.2013
000425.SZ,Q3 FY2017,71.0377,5.5494,1.0171,2.3035,505.998,267.4246
000425.SZ,Q4 FY2017,75.8682,9.3315,1.0148,2.4611,497.7003,257.1424
000425.SZ,Q1 FY2018,107.8369,7.2224,2.1403,5.24,530.8887,285.151
000425.SZ,Q2 FY2018,131.6026,12.2379,2.3709,5.8398,544.0531,294.3111
000425.SZ,Q3 FY2018,101.3191,-0.2529,1.5403,4.0406,586.2801,307.8727
000425.SZ,Q4 FY2018,103.3415,13.8797,1.8615,5.4361,612.4988,309.0937
000425.SZ,Q1 FY2019,144.1951,1.0662,3.438,10.581,659.5365,346.1272
000425.SZ,Q2 FY2019,167.3664,27.3408,3.9074,12.3396,694.235,373.7555
000425.SZ,Q3 FY2019,120.827,2.6101,2.2892,7.4216,691.1857,363.6935
000425.SZ,Q4 FY2019,159.3715,20.3389,1.8277,6.1116,772.9166,436.4547
000425.SZ,Q1 FY2020,138.4582,1.2138,1.824,6.1893,835.7166,492.6201
000425.SZ,Q2 FY2020,212.2293,3.797,4.2272,14.5385,886.1436,533.7038
000425.SZ,Q3 FY2020,162.1865,1.9996,1.1084,3.7134,879.5842,550.5212
000425.SZ,Q4 FY2020,226.8075,20.8816,3.9157,13.0156,917.9718,576.2652
000539.SZ,Q1 FY2016,44.0594,20.3638,0.4629,2.2588,714.6916,412.3632
000539.SZ,Q2 FY2016,58.2905,26.6012,2.6763,8.2334,720.4134,428.871
000539.SZ,Q3 FY2016,62.0732,33.5352,3.1347,9.473,716.1944,414.9013
000539.SZ,Q4 FY2016,62.3881,6.5476,-2.2835,-7.1045,706.77,413.4044
000539.SZ,Q1 FY2017,55.5467,4.7576,-0.4947,-1.1835,697.8668,405.3909
000539.SZ,Q2 FY2017,68.3082,11.0317,1.0526,3.9806,702.3057,413.2319
000539.SZ,Q3 FY2017,75.4697,17.8949,2.7892,8.9587,709.8163,413.1797
000539.SZ,Q4 FY2017,67.1134,3.0762,-0.1639,-0.3786,710.0742,413.0456
000539.SZ,Q1 FY2018,58.1254,15.4004,0.0243,0.6388,708.5203,413.2091
000539.SZ,Q2 FY2018,80.8245,22.5549,1.8707,6.6904,728.1727,433.082
000539.SZ,Q3 FY2018,70.6093,14.1978,2.0477,6.34,717.6456,417.4667
000539.SZ,Q4 FY2018,64.526,7.8463,-1.9185,-4.5682,733.2966,418.1184
000539.SZ,Q1 FY2019,55.8972,18.051,0.4506,1.9262,720.326,403.5932
000539.SZ,Q2 FY2019,72.8447,19.9835,1.9294,6.6324,728.8804,407.5772
000539.SZ,Q3 FY2019,86.4635,29.7013,3.0391,10.3757,739.158,407.0857
000539.SZ,Q4 FY2019,78.3962,14.9911,-0.7466,-0.8625,754.7203,412.8234
000539.SZ,Q1 FY2020,47.0386,11.7057,0.0282,0.4548,763.5886,421.5344
000539.SZ,Q2 FY2020,78.3605,28.4765,3.071,11.7357,792.6558,448.7679
000539.SZ,Q3 FY2020,83.1372,24.7019,2.8274,10.449,817.9331,464.9169
000539.SZ,Q4 FY2020,74.7543,-2.0763,0.6495,3.7131,859.7082,502.274
000538.SZ,Q1 FY2016,51.7047,9.2346,4.5251,6.2066,200.5569,59.0723
000538.SZ,Q2 FY2016,52.8195,11.6801,5.424,7.6454,214.7431,71.8614
000538.SZ,Q3 FY2016,58.3527,7.0082,6.6186,9.7187,228.3942,75.7449
000538.SZ,Q4 FY2016,61.2297,1.9247,3.6255,5.7382,245.8665,87.4312
000538.SZ,Q1 FY2017,59.0872,-8.6187,4.5073,7.1786,252.6569,87.043
000538.SZ,Q2 FY2017,60.516,17.753,4.9785,8.372,260.4248,86.439
000538.SZ,Q3 FY2017,60.4747,3.1224,5.9789,10.4144,266.854,90.785
000538.SZ,Q4 FY2017,63.0682,-0.6998,3.039,5.3604,277.0253,95.5961
000538.SZ,Q1 FY2018,63.3744,3.2536,4.3721,8.0589,286.0625,96.5254
000538.SZ,Q2 FY2018,66.3614,16.441,4.2936,8.2118,295.9236,98.0277
000538.SZ,Q3 FY2018,67.5007,1.0075,5.654,10.9514,292.0661,98.6802
000538.SZ,Q4 FY2018,69.8455,5.596,2.9465,5.6754,303.7759,104.551
000538.SZ,Q1 FY2019,69.7344,-2.8745,4.1768,8.4498,308.699,99.8815
000538.SZ,Q2 FY2019,69.2395,-1.6359,4.9531,13.9744,476.2886,116.7297
000538.SZ,Q3 FY2019,77.4878,6.0494,3.5363,12.9498,494.3788,118.8212
000538.SZ,Q4 FY2019,80.1851,19.5085,1.7036,6.3565,496.5805,115.5814
000538.SZ,Q1 FY2020,77.4335,4.9323,3.3252,12.8337,515.5556,122.1601
000538.SZ,Q2 FY2020,77.5012,17.9647,3.1037,11.6996,488.1355,123.1687
000538.SZ,Q3 FY2020,84.376,12.0352,4.8336,17.954,521.6129,136.5927
000538.SZ,Q4 FY2020,88.117,3.3569,3.3162,12.6231,552.1945,168.7543
000503.SZ,Q1 FY2016,56.0294,-319.0833,-1.9409,-32.7252,14.3956,95.1642
000503.SZ,Q2 FY2016,43.3461,19.4828,-2.187,-38.2823,13.8641,70.673
000503.SZ,Q3 FY2016,48.1393,40.7741,-2.2433,-33.2166,13.6469,80.3614
000503.SZ,Q4 FY2016,69.3185,281.7689,8.3157,117.3266,14.9227,79.0927
000503.SZ,Q1 FY2017,39.1952,-52.764,-2.7733,-46.7565,14.3116,69.019
000503.SZ,Q2 FY2017,42.1909,-130.0798,-3.0382,-44.5315,13.6367,53.515
000503.SZ,Q3 FY2017,30.7419,-226.8585,-5.7505,-80.9767,14.2493,191.7786
000503.SZ,Q4 FY2017,71.8657,168.1908,12.844,171.965,14.4856,55.6439
000503.SZ,Q1 FY2018,12.1598,-62.6528,-4.2808,-61.0873,13.6162,41.8202
000503.SZ,Q2 FY2018,10.1935,77.6177,-2.2341,-28.8139,13.4416,39.0837
000503.SZ,Q3 FY2018,24.2711,-28.838,-1.9048,-25.9552,13.257,34.4413
000503.SZ,Q4 FY2018,48.8556,-9.3081,-5.9136,-72.8549,12.8035,62.7346
000503.SZ,Q1 FY2019,16.8947,-70.6852,-4.2011,-50.2301,11.9803,38.1339
000503.SZ,Q2 FY2019,14.5956,-45.4489,-5.4889,-62.1484,11.4285,38.5554
000503.SZ,Q3 FY2019,22.1718,-25.7061,-3.1337,-35.0998,11.1013,46.118
000503.SZ,Q4 FY2019,76.2508,207.8843,14.3319,162.9716,13.0521,77.7267
000503.SZ,Q1 FY2020,17.18,-54.4253,-5.9836,-71.1766,12.3645,76.0974
000503.SZ,Q2 FY2020,22.6863,-56.0774,-4.2836,-49.0924,15.2964,419.9697
000503.SZ,Q3 FY2020,28.8576,-21.4149,-3.9316,-42.7535,15.1659,462.5093
000503.SZ,Q4 FY2020,138.6483,38.9113,-8.0068,-80.3197,12.9682,332.6008
000540.SZ,Q1 FY2016,55.7987,-16.1392,7.8704,9.9614,536.981,406.4146
000540.SZ,Q2 FY2016,48.4897,9.1584,5.2454,6.788,508.6871,369.2928
000540.SZ,Q3 FY2016,38.0585,10.8797,2.6813,3.7848,668.8882,522.2213
000540.SZ,Q4 FY2016,52.2585,0.5591,6.1101,8.9938,711.5927,555.8287
000540.SZ,Q1 FY2017,60.977,-29.9005,6.0918,9.347,730.2044,563.8983
000540.SZ,Q2 FY2017,35.0455,-9.7173,3.0669,4.8091,732.9464,569.6987
000540.SZ,Q3 FY2017,14.0387,1.6429,1.4881,2.2893,762.2905,597.189
000540.SZ,Q4 FY2017,47.8725,5.9627,2.6814,4.9909,1085.0483,894.3427
000540.SZ,Q1 FY2018,38.715,-11.3494,4.2579,5.5097,1066.7686,870.1151
000540.SZ,Q2 FY2018,3.4237,-27.7672,21.6217,41.8627,778.2829,549.4435
000540.SZ,Q3 FY2018,29.7789,-12.1556,-0.04,-0.0873,793.7546,566.5784
000540.SZ,Q4 FY2018,69.4094,46.8381,-17.4036,-32.8008,1019.5538,822.4754
000540.SZ,Q1 FY2019,34.5131,82.1056,5.3907,9.7735,1134.2727,924.8162
000540.SZ,Q2 FY2019,38.5366,18.2117,1.519,2.0237,1135.26,927.203
000540.SZ,Q3 FY2019,27.6453,-10.2794,1.5975,2.8699,1171.9207,961.0967
000540.SZ,Q4 FY2019,25.0828,15.9662,-2.1946,-3.1564,1198.3361,990.7772
000540.SZ,Q1 FY2020,25.0165,16.8121,1.127,1.5631,1224.8652,1015.7525
000540.SZ,Q2 FY2020,23.6888,20.4871,2.4864,3.4708,1251.0498,1037.5159
000540.SZ,Q3 FY2020,11.3291,76.938,0.8063,1.3973,1332.4113,1116.9469
000540.SZ,Q4 FY2020,11.2914,13.8988,-1.2451,0.669,1384.5106,1167.7884
000559.SZ,Q1 FY2016,25.6294,3.0081,5.3744,2.4856,129.9499,81.6713
000559.SZ,Q2 FY2016,27.6009,3.0722,5.953,2.6821,124.5105,79.7706
000559.SZ,Q3 FY2016,24.5362,3.0877,3.3144,1.4943,110.1084,63.8742
000559.SZ,Q4 FY2016,30.0917,3.3139,4.9175,2.2432,115.1774,67.9388
000559.SZ,Q1 FY2017,29.4471,3.0648,5.2304,2.5356,119.7737,70.0649
000559.SZ,Q2 FY2017,25.9063,3.2142,4.5837,2.1788,110.1961,60.5348
000559.SZ,Q3 FY2017,25.1114,2.0078,3.8089,1.8792,110.7065,59.1659
000559.SZ,Q4 FY2017,31.0776,3.621,5.2793,2.6418,115.2936,61.3706
000559.SZ,Q1 FY2018,29.0115,-0.4571,4.777,2.5826,117.5818,61.1503
000559.SZ,Q2 FY2018,29.8278,-3.3592,3.9633,2.1102,120.658,67.5436
000559.SZ,Q3 FY2018,26.9485,4.9718,2.5903,1.3123,119.9806,66.8463
000559.SZ,Q4 FY2018,27.833,0.067,2.7745,1.48,120.4838,65.858
000559.SZ,Q1 FY2019,26.7366,1.5048,4.1674,2.2592,119.9436,63.0587
000559.SZ,Q2 FY2019,25.4098,3.6185,2.0317,1.0591,122.3231,70.0045
000559.SZ,Q3 FY2019,24.3899,4.5833,1.7451,0.9119,115.4004,62.17
000559.SZ,Q4 FY2019,29.2748,3.058,2.3416,1.2286,120.2818,65.8001
000559.SZ,Q1 FY2020,18.4693,1.4137,1.7515,0.9283,120.1478,64.7382
000559.SZ,Q2 FY2020,26.0466,3.864,1.9843,1.0487,113.2238,58.4487
000559.SZ,Q3 FY2020,30.3648,2.6545,1.4864,1.0271,145.2399,61.4783
000559.SZ,Q4 FY2020,33.9361,4.475,1.677,1.4319,154.9008,66.4504
000568.SZ,Q1 FY2016,22.1452,7.2511,5.6303,6.1584,128.3777,18.9649
000568.SZ,Q2 FY2016,20.5499,8.3666,4.9247,5.3643,133.2316,29.8136
000568.SZ,Q3 FY2016,16.1134,2.6264,3.7864,3.9983,132.7209,25.3262
000568.SZ,Q4 FY2016,24.2314,8.0068,3.8959,3.976,136.7404,25.494
000568.SZ,Q1 FY2017,26.7036,1.4487,6.982,8.2183,142.9057,23.5893
000568.SZ,Q2 FY2017,24.4565,12.0281,5.8333,6.8749,137.8808,25.0793
000568.SZ,Q3 FY2017,21.6401,8.8898,4.1133,5.421,179.7157,31.8057
000568.SZ,Q4 FY2017,31.1484,14.5675,3.7602,5.506,197.5576,44.4317
000568.SZ,Q1 FY2018,33.6997,3.4849,6.7118,11.1121,201.4744,35.8192
000568.SZ,Q2 FY2018,30.5037,0.6143,5.7145,9.2454,204.6905,48.3773
000568.SZ,Q3 FY2018,28.4256,18.5262,4.8799,7.6974,197.5859,33.4849
000568.SZ,Q4 FY2018,37.9257,20.3537,4.4298,6.9251,226.0493,54.8072
000568.SZ,Q1 FY2019,41.6923,5.6102,8.5274,15.544,239.2652,51.7038
000568.SZ,Q2 FY2019,38.4381,11.4573,6.8469,12.2521,250.0909,73.1191
000568.SZ,Q3 FY2019,34.6386,16.3853,5.7949,10.3687,266.8614,79.616
000568.SZ,Q4 FY2019,43.4004,14.9634,4.4603,8.2576,289.1997,93.6524
000568.SZ,Q1 FY2020,35.5247,-3.1628,8.4331,17.2628,297.5536,85.1343
000568.SZ,Q2 FY2020,40.8202,10.451,7.3142,14.9826,317.5821,113.1091
000568.SZ,Q3 FY2020,39.645,20.6865,7.5604,15.652,313.6656,93.5864
000568.SZ,Q4 FY2020,50.5388,21.1864,5.2944,11.6877,350.092,118.2733
000581.SZ,Q1 FY2016,15.3329,0.4283,3.3944,4.1865,160.5844,35.0765
000581.SZ,Q2 FY2016,18.3319,1.5071,4.4335,5.561,166.9662,40.6889
000581.SZ,Q3 FY2016,15.229,0.5552,2.9659,3.7976,163.8794,34.0283
000581.SZ,Q4 FY2016,15.3333,2.7828,2.8489,3.7149,172.6377,38.6534
000581.SZ,Q1 FY2017,24.5724,0.9212,4.8812,6.6795,181.4967,41.3053
000581.SZ,Q2 FY2017,22.7089,2.6028,5.0139,7.0042,188.6562,47.5648
000581.SZ,Q3 FY2017,18.33,1.0326,3.8056,5.4455,188.7584,42.4895
000581.SZ,Q4 FY2017,24.5616,5.0204,4.9555,7.343,202.3101,48.7964
000581.SZ,Q1 FY2018,23.9198,0.8642,5.1504,8.0373,212.2889,50.7523
000581.SZ,Q2 FY2018,25.6882,2.9251,4.9531,7.7422,219.2079,62.8956
000581.SZ,Q3 FY2018,18.9891,1.2715,3.3243,5.1752,207.7323,46.5023
000581.SZ,Q4 FY2018,18.6196,3.6831,2.1609,3.7083,208.9204,44.4007
000581.SZ,Q1 FY2019,22.7013,1.4541,4.2389,6.9973,222.0465,50.5244
000581.SZ,Q2 FY2019,21.3331,5.4491,3.4814,5.7538,223.3449,57.6606
000581.SZ,Q3 FY2019,19.1602,5.4865,2.898,4.7581,228.2315,59.3323
000581.SZ,Q4 FY2019,24.6489,-1.903,3.2376,5.5182,239.5835,64.7369
000581.SZ,Q1 FY2020,27.7211,3.192,3.2135,5.538,238.1089,60.7316
000581.SZ,Q2 FY2020,38.2229,1.1845,4.545,7.9247,247.5534,73.1835
000581.SZ,Q3 FY2020,33.2413,6.2472,5.2174,9.2109,262.3551,79.7164
000581.SZ,Q4 FY2020,29.6529,-2.8056,3.0133,5.5538,273.507,85.5623
000598.SZ,Q1 FY2016,7.1944,2.2728,2.7322,2.2556,145.5821,61.2433
000598.SZ,Q2 FY2016,7.2405,3.7836,2.9012,2.4096,146.9664,60.1969
000598.SZ,Q3 FY2016,7.7756,5.1194,3.3215,2.8869,163.6798,73.2832
000598.SZ,Q4 FY2016,8.3729,3.0234,1.2921,1.1654,169.1934,77.6642
000598.SZ,Q1 FY2017,7.8164,2.3456,2.214,2.0048,171.2903,77.7489
000598.SZ,Q2 FY2017,9.5851,4.2288,2.7498,2.5696,176.6341,79.6334
000598.SZ,Q3 FY2017,9.8483,3.8384,3.0971,2.9397,178.9411,78.9492
000598.SZ,Q4 FY2017,10.0637,6.1598,1.5762,1.6473,187.5466,85.7047
000598.SZ,Q1 FY2018,8.9519,2.5679,2.3562,2.3504,188.6876,83.1538
000598.SZ,Q2 FY2018,10.2831,4.8802,3.0181,3.0977,190.308,83.9594
000598.SZ,Q3 FY2018,10.8378,6.4271,3.1363,3.2223,193.2905,83.7048
000598.SZ,Q4 FY2018,11.5302,5.2339,1.3356,1.4167,209.2174,97.6884
000598.SZ,Q1 FY2019,9.5898,2.9442,2.4917,2.6293,212.9968,100.8784
000598.SZ,Q2 FY2019,11.5466,5.2931,3.1431,3.4271,227.4188,112.6017
000598.SZ,Q3 FY2019,11.7025,5.978,3.0944,3.4435,221.4968,103.295
000598.SZ,Q4 FY2019,15.5414,4.5991,1.3241,1.5055,253.375,133.4261
000598.SZ,Q1 FY2020,9.8372,-0.1455,2.2967,2.6489,258.4952,135.8563
000598.SZ,Q2 FY2020,13.5176,8.7633,3.4714,4.1055,267.147,142.71
000598.SZ,Q3 FY2020,14.1545,8.5468,3.2219,3.9258,289.932,161.078
000598.SZ,Q4 FY2020,16.1968,10.3492,2.0925,2.5515,308.8033,177.3666
000623.SZ,Q1 FY2016,5.6777,-15.1187,2.0877,3.6439,199.344,22.9273
000623.SZ,Q2 FY2016,6.4916,141.3158,2.7497,4.7571,196.169,23.1156
000623.SZ,Q3 FY2016,6.3801,74.501,2.5526,4.4466,193.285,14.3829
000623.SZ,Q4 FY2016,8.8175,133.1149,2.1215,3.7109,203.405,14.6647
000623.SZ,Q1 FY2017,5.012,11.5845,2.2096,4.177,209.8976,15.2631
000623.SZ,Q2 FY2017,7.2444,61.8447,2.553,4.9329,209.7116,13.5532
000623.SZ,Q3 FY2017,7.616,70.7316,2.3273,4.499,216.4277,13.8839
000623.SZ,Q4 FY2017,9.8954,112.3251,2.4506,4.8425,218.5459,13.1796
000623.SZ,Q1 FY2018,7.0784,27.7547,1.5695,3.2474,244.6092,31.4329
000623.SZ,Q2 FY2018,8.7266,160.6159,1.3523,2.8294,244.8406,34.0404
000623.SZ,Q3 FY2018,8.1615,126.9322,1.368,2.83,249.1952,34.8937
000623.SZ,Q4 FY2018,9.2743,32.3324,0.1861,0.3398,246.5854,34.1416
000623.SZ,Q1 FY2019,8.2231,-18.1142,3.0084,6.4399,255.152,34.721
000623.SZ,Q2 FY2019,8.2027,134.0767,1.0421,2.2617,254.5278,34.3041
000623.SZ,Q3 FY2019,7.1598,72.5395,1.3098,2.8454,256.7951,33.7038
000623.SZ,Q4 FY2019,7.2982,190.9549,1.1,2.387,258.009,33.5621
000623.SZ,Q1 FY2020,4.6829,52.1256,1.4659,3.2715,261.3775,33.9952
000623.SZ,Q2 FY2020,6.5316,284.2628,3.0439,6.8909,270.6435,39.6463
000623.SZ,Q3 FY2020,4.946,21.863,2.0962,4.7906,271.0974,36.9967
000623.SZ,Q4 FY2020,6.3561,32.1574,0.8813,1.9612,273.5346,38.2417
000629.SZ,Q1 FY2016,28.5733,4.916,0.4686,1.044,567.6574,467.2614
000629.SZ,Q2 FY2016,30.1768,2.0407,-10.7506,-14.4513,559.4942,473.8331
000629.SZ,Q3 FY2016,32.598,-5.0413,-5.0182,-4.6385,569.7646,488.1412
000629.SZ,Q4 FY2016,14.752,-5.2765,-88.4705,-47.6565,96.2111,60.1362
000629.SZ,Q1 FY2017,21.9973,-3.7288,6.2724,2.3572,94.3928,55.9332
000629.SZ,Q2 FY2017,20.2542,3.2613,5.1668,2.106,100.4995,59.931
000629.SZ,Q3 FY2017,22.5222,-1.8333,6.4018,2.6664,99.9802,56.7434
000629.SZ,Q4 FY2017,29.5838,-1.5024,4.5939,2.0694,104.7323,59.3457
000629.SZ,Q1 FY2018,31.8592,1.4578,10.306,4.843,103.5902,53.3096
000629.SZ,Q2 FY2018,35.8607,4.0571,13.3408,7.045,99.7825,42.6112
000629.SZ,Q3 FY2018,38.9426,7.082,15.1822,9.2222,110.8558,44.4384
000629.SZ,Q4 FY2018,44.9515,5.1912,15.1546,10.5205,118.6556,41.7376
000629.SZ,Q1 FY2019,40.6258,5.4111,9.2869,7.6219,129.9513,38.9817
000629.SZ,Q2 FY2019,31.9611,7.4272,4.98,4.5376,132.7292,38.8281
000629.SZ,Q3 FY2019,31.211,7.1172,2.2651,2.2212,133.939,36.5045
000629.SZ,Q4 FY2019,27.7888,12.8627,0.0952,0.1841,129.6614,33.2843
000629.SZ,Q1 FY2020,25.3511,-0.019,0.7519,0.7748,126.4559,29.213
000629.SZ,Q2 FY2020,24.6627,2.6452,0.1604,0.1819,121.0567,24.3576
000629.SZ,Q3 FY2020,28.2053,5.0565,1.1076,1.0482,119.9276,22.1434
000629.SZ,Q4 FY2020,27.57,-1.6821,0.3706,0.422,116.4874,18.5201
000630.SZ,Q1 FY2016,181.477,10.7141,-0.6306,-0.6229,433.7391,288.5962
000630.SZ,Q2 FY2016,236.6745,4.7105,0.9666,1.6654,414.3302,267.8791
000630.SZ,Q3 FY2016,231.3476,26.1537,0.352,0.8587,409.1179,261.0021
000630.SZ,Q4 FY2016,217.2419,6.8065,0.5565,1.3429,445.9388,270.6581
000630.SZ,Q1 FY2017,181.982,-17.7213,0.8629,2.0648,447.485,270.2516
000630.SZ,Q2 FY2017,201.2232,16.4519,0.5464,1.309,439.6491,260.2424
000630.SZ,Q3 FY2017,223.3806,21.3842,0.9342,2.3274,475.0635,290.5365
000630.SZ,Q4 FY2017,217.7167,-27.8283,0.8936,1.7108,477.9356,292.1841
000630.SZ,Q1 FY2018,177.3664,-6.8657,1.1623,2.0955,486.2473,297.65
000630.SZ,Q2 FY2018,229.85,-0.2329,1.1953,2.8285,496.3457,307.9674
000630.SZ,Q3 FY2018,206.4041,48.1716,1.4179,3.2582,465.1222,272.9644
000630.SZ,Q4 FY2018,232.2708,15.5754,0.2607,1.618,469.8618,275.0269
000630.SZ,Q1 FY2019,231.7675,2.8057,1.5541,3.1986,490.6199,293.9189
000630.SZ,Q2 FY2019,236.8273,16.8357,0.7451,1.7913,485.5408,290.4342
000630.SZ,Q3 FY2019,229.1536,5.9849,1.5591,3.339,484.7081,286.8008
000630.SZ,Q4 FY2019,231.404,14.9758,0.742,1.8417,479.1146,279.0237
000630.SZ,Q1 FY2020,202.6768,16.1012,0.3167,0.0503,493.6156,295.4185
000630.SZ,Q2 FY2020,241.7644,21.4144,1.7301,4.2427,493.0179,290.0091
000630.SZ,Q3 FY2020,273.1476,-19.3957,1.9126,3.8413,506.3932,299.1266
000630.SZ,Q4 FY2020,276.7919,3.4465,0.6931,1.4765,521.8319,315.2273
000651.SZ,Q1 FY2016,246.4068,61.1762,6.4345,31.764,1722.7868,1205.245
000651.SZ,Q2 FY2016,245.4214,53.3725,6.7834,32.7022,1720.9081,1260.8951
000651.SZ,Q3 FY2016,332.4589,27.0739,10.198,48.5645,1817.0747,1308.4378
000651.SZ,Q4 FY2016,258.7385,6.9769,8.0918,42.2157,1823.6971,1274.461
000651.SZ,Q1 FY2017,296.815,87.7814,7.1861,40.3637,1987.6438,1398.1723
000651.SZ,Q2 FY2017,395.0302,-51.41,9.8581,54.67,2045.7813,1510.2457
000651.SZ,Q3 FY2017,416.9016,21.0176,10.8176,60.2965,2207.2378,1609.8336
000651.SZ,Q4 FY2017,374.1177,106.1964,11.1752,69.7558,2149.68,1481.332
000651.SZ,Q1 FY2018,395.6158,143.5965,8.1773,56.0658,2183.6465,1461.7847
000651.SZ,Q2 FY2018,514.1452,-54.2049,9.6815,72.7876,2190.6676,1394.2315
000651.SZ,Q3 FY2018,577.2254,61.3459,10.0749,83.5567,2475.2282,1594.7377
000651.SZ,Q4 FY2018,494.2454,118.6704,5.7124,51.3802,2512.3416,1585.1945
000651.SZ,Q1 FY2019,405.4767,77.3321,6.1378,56.977,2633.9476,1684.9128
000651.SZ,Q2 FY2019,567.4929,87.2285,8.6896,81.1801,2831.5206,1891.7632
000651.SZ,Q3 FY2019,577.4179,162.7362,8.6603,84.0196,2918.3647,1894.6819
000651.SZ,Q4 FY2019,431.1427,-48.3597,2.4453,26.0958,2829.7216,1709.245
000651.SZ,Q1 FY2020,203.9554,-117.7286,1.3967,15.7785,2751.9279,1603.345
000651.SZ,Q2 FY2020,491.0679,72.5519,4.241,48.4742,2827.0198,1675.4337
000651.SZ,Q3 FY2020,563.8707,75.4968,6.4253,73.665,2742.2177,1578.8198
000651.SZ,Q4 FY2020,423.0981,162.0664,7.3726,84.8747,2792.1792,1623.3744
000686.SZ,Q1 FY2016,9.4194,-12.6344,3.4825,4.0386,693.454,573.711
000686.SZ,Q2 FY2016,8.0984,-25.5622,1.4267,1.9575,791.3412,640.0463
000686.SZ,Q3 FY2016,13.4701,-70.9223,3.7794,5.8584,731.3631,571.3158
000686.SZ,Q4 FY2016,13.8284,-53.1684,1.0002,1.7664,751.5701,585.565
000686.SZ,Q1 FY2017,10.6559,5.546,1.231,1.9729,717.5459,548.7625
000686.SZ,Q2 FY2017,10.4881,30.9981,0.745,1.288,670.3061,502.1761
000686.SZ,Q3 FY2017,14.4546,-11.3697,2.093,3.4007,679.8108,511.0297
000686.SZ,Q4 FY2017,13.6625,19.8354,0.1656,0.3655,599.3885,431.3317
000686.SZ,Q1 FY2018,9.4548,5.3469,0.8502,1.3954,620.6723,453.331
000686.SZ,Q2 FY2018,11.1122,20.9456,0.7503,1.1895,630.8311,466.9856
000686.SZ,Q3 FY2018,20.8047,-15.6457,0.1471,0.2253,633.5385,471.1647
000686.SZ,Q4 FY2018,26.4293,-17.7974,0.2014,0.3094,650.2287,488.9903
000686.SZ,Q1 FY2019,22.7577,54.3253,3.7276,5.8263,724.7315,559.4489
000686.SZ,Q2 FY2019,16.0411,-11.3952,0.1425,0.2151,726.2036,563.2618
000686.SZ,Q3 FY2019,23.6728,-15.5382,1.8114,2.8063,645.8493,480.15
000686.SZ,Q4 FY2019,17.2163,50.8894,0.8954,1.5857,682.1793,520.681
000686.SZ,Q1 FY2020,18.0605,7.4092,2.1194,3.4412,729.4216,564.5637
000686.SZ,Q2 FY2020,18.8473,36.6204,2.0869,3.9883,684.1646,517.3186
000686.SZ,Q3 FY2020,13.869,-20.0627,1.8905,2.8702,663.8874,494.0527
000686.SZ,Q4 FY2020,15.3194,-0.7833,2.1889,4.375,686.8584,512.7262
000712.SZ,Q1 FY2016,0.0645,-0.4777,2.2048,103.7861,214.3039,163.4337
000712.SZ,Q2 FY2016,0.0754,-15.148,2.5876,119.7079,198.9231,147.6287
000712.SZ,Q3 FY2016,0.0627,2.6026,3.0803,157.6201,233.2164,161.2349
000712.SZ,Q4 FY2016,0.0833,-1.4337,2.5714,102.3263,261.68,208.0066
000712.SZ,Q1 FY2017,0.0676,-8.5606,1.9769,92.5907,305.3076,250.789
000712.SZ,Q2 FY2017,0.0613,-5.3791,0.646,24.2093,303.1438,249.5192
000712.SZ,Q3 FY2017,0.0493,-11.8234,2.6821,124.7713,326.5711,270.5408
000712.SZ,Q4 FY2017,11.5699,-14.3455,-0.0356,3.0112,333.4106,278.1325
000712.SZ,Q1 FY2018,3.1799,13.4889,1.0015,52.8427,346.9933,291.3178
000712.SZ,Q2 FY2018,1.616,2.2935,-2.3367,-81.3,336.3523,282.1975
000712.SZ,Q3 FY2018,3.202,-3.1084,-0.8459,-23.7447,312.6247,258.6368
000712.SZ,Q4 FY2018,0.603,5.635,-2.9289,-102.9637,299.1446,246.3157
000712.SZ,Q1 FY2019,5.1985,15.4123,2.6191,124.2357,297.0753,245.1027
000712.SZ,Q2 FY2019,3.0414,-5.9193,-0.3182,9.4544,288.6926,236.2292
000712.SZ,Q3 FY2019,4.05,5.1288,1.367,64.5465,286.3014,233.3379
000712.SZ,Q4 FY2019,2.9028,10.8084,-1.5975,-53.893,273.0594,220.7063
000712.SZ,Q1 FY2020,4.3742,5.9358,1.3547,74.4094,253.4541,200.1291
000712.SZ,Q2 FY2020,7.3771,10.1631,3.3805,185.9917,252.7393,197.6975
000712.SZ,Q3 FY2020,4.3852,-5.3248,1.1081,52.4337,220.3749,165.0652
000712.SZ,Q4 FY2020,0.5938,24.5464,-3.9203,-163.5309,237.0212,183.3638
000709.SZ,Q1 FY2016,178.3004,52.0575,0.2675,0.7047,1725.7783,1268.6535
000709.SZ,Q2 FY2016,200.8112,31.7665,0.6678,3.0076,1761.495,1304.5748
000709.SZ,Q3 FY2016,212.0078,3.4373,1.1912,4.8649,1785.4344,1323.6505
000709.SZ,Q4 FY2016,154.3906,-75.0118,1.3963,5.7203,1859.8992,1393.5952
000709.SZ,Q1 FY2017,283.2038,47.9268,1.4376,6.7369,1878.3906,1404.8824
000709.SZ,Q2 FY2017,261.3956,10.3243,1.3253,6.1947,1879.5535,1408.362
000709.SZ,Q3 FY2017,324.4577,59.9768,2.0644,10.3661,1877.8437,1398.8188
000709.SZ,Q4 FY2017,220.7737,45.8409,-0.8214,-2.0393,1901.4793,1424.8882
000709.SZ,Q1 FY2018,250.3395,42.2987,0.8104,4.2879,1922.5246,1441.6567
000709.SZ,Q2 FY2018,311.4236,1.0851,3.0257,17.5172,1977.118,1459.1819
000709.SZ,Q3 FY2018,344.3152,24.4747,2.9298,17.5902,2062.8108,1477.1842
000709.SZ,Q4 FY2018,303.4916,31.9884,0.4536,4.4175,2087.4634,1497.9494
000709.SZ,Q1 FY2019,293.3621,51.5247,0.6535,4.3975,2081.6453,1487.6027
000709.SZ,Q2 FY2019,330.5784,-10.7608,1.4232,9.5329,2112.4025,1529.3323
000709.SZ,Q3 FY2019,318.994,11.4197,1.1046,6.6805,2097.5444,1510.6428
000709.SZ,Q4 FY2019,272.0197,45.892,1.3806,8.1203,2119.3568,1530.9971
000709.SZ,Q1 FY2020,235.8278,50.712,0.4043,2.3396,2129.6702,1538.2379
000709.SZ,Q2 FY2020,268.5487,-20.6989,0.8129,5.3748,2084.3929,1489.7113
000709.SZ,Q3 FY2020,302.7562,16.0605,0.8225,6.8984,2236.7206,1638.1567
000709.SZ,Q4 FY2020,269.4379,30.7793,0.9335,5.7153,2412.2987,1808.0162
000725.SZ,Q1 FY2016,122.9774,27.6765,0.1397,1.0242,1628.0723,814.0401
000725.SZ,Q2 FY2016,264.4831,27.3409,-0.6704,-5.875,1702.7579,888.4015
000725.SZ,Q3 FY2016,458.4191,65.4815,0.1819,1.5812,1751.7515,931.6906
000725.SZ,Q4 FY2016,688.9566,100.7329,2.4107,20.4517,2051.3501,1131.1896
000725.SZ,Q1 FY2017,218.5497,62.1605,3.0224,26.0487,2137.4375,1172.5199
000725.SZ,Q2 FY2017,446.0503,106.3859,5.3611,45.9456,2254.7248,1280.0237
000725.SZ,Q3 FY2017,694.0836,184.9101,7.9737,67.9403,2389.5563,1341.7188
000725.SZ,Q4 FY2017,938.0048,262.6699,9.2565,78.6041,2561.0874,1518.2448
000725.SZ,Q1 FY2018,215.6681,71.9809,2.3552,19.3682,2627.2942,1563.2697
000725.SZ,Q2 FY2018,434.739,114.3961,3.4946,28.2909,2762.3225,1638.3838
000725.SZ,Q3 FY2018,694.6441,182.976,3.9607,29.7022,2896.8006,1769.9058
000725.SZ,Q4 FY2018,971.0886,256.8405,4.0255,28.7987,3040.2849,1836.7119
000725.SZ,Q1 FY2019,264.5426,61.6424,1.2164,8.4186,3082.9515,1854.2892
000725.SZ,Q2 FY2019,550.3921,115.9498,1.9358,11.2808,3170.6183,1925.7056
000725.SZ,Q3 FY2019,857.2203,165.2699,2.146,3.3121,3244.0068,1953.1111
000725.SZ,Q4 FY2019,1160.5959,260.8308,2.121,-4.7624,3404.122,1993.5451
000725.SZ,Q1 FY2020,258.7994,52.2367,0.5821,-1.1775,3414.144,1965.2295
000725.SZ,Q2 FY2020,608.6707,97.1668,1.1543,1.2084,3507.3384,2005.4896
000725.SZ,Q3 FY2020,1016.8797,234.6851,2.5242,15.1096,3631.68,2096.1996
000725.SZ,Q4 FY2020,1355.5257,392.5177,5.0779,45.2827,4242.5681,2508.5907
000625.SZ,Q1 FY2016,193.3776,16.1542,7.4863,26.6023,947.8761,579.862
000625.SZ,Q2 FY2016,164.6401,30.0537,7.6344,28.1652,954.7868,589.0704
000625.SZ,Q3 FY2016,178.0523,18.7181,5.9289,22.4738,1006.1826,617.9792
000625.SZ,Q4 FY2016,249.3545,-42.0604,6.1629,25.5247,1065.1047,631.5731
000625.SZ,Q1 FY2017,176.675,43.264,5.3634,23.9088,1116.9393,659.5365
000625.SZ,Q2 FY2017,158.8771,6.333,4.8735,22.7658,1072.8272,623.5645
000625.SZ,Q3 FY2017,178.7597,-42.12,2.603,11.8162,1043.7897,582.2326
000625.SZ,Q4 FY2017,285.8102,-21.1728,2.8245,13.5936,1061.2511,586.6194
000625.SZ,Q1 FY2018,200.1075,26.3631,2.8825,13.572,1071.6579,583.6661
000625.SZ,Q2 FY2018,156.3209,17.6509,0.4524,2.6028,1004.1097,532.2336
000625.SZ,Q3 FY2018,142.0883,-34.7755,-0.948,-4.4641,946.4503,478.8172
000625.SZ,Q4 FY2018,164.4661,-48.1132,-1.0358,-4.4771,934.8885,473.3593
000625.SZ,Q1 FY2019,160.0795,32.5879,-4.6235,-21.0294,958.6733,515.2828
000625.SZ,Q2 FY2019,138.6783,9.6148,-0.325,-1.4112,926.4898,487.7257
000625.SZ,Q3 FY2019,152.3964,-4.6244,-0.9629,-4.2257,929.4673,494.7589
000625.SZ,Q4 FY2019,254.7982,1.2392,0.0338,0.175,976.1705,536.8298
000625.SZ,Q1 FY2020,115.6408,41.5534,1.4228,6.2357,952.8348,507.0263
000625.SZ,Q2 FY2020,212.1758,27.5724,4.3154,19.7805,1028.0176,562.2797
000625.SZ,Q3 FY2020,230.5992,1.0685,1.8756,8.8268,1114.5498,639.7661
000625.SZ,Q4 FY2020,287.2396,36.5651,-0.3203,-1.9583,1209.1581,674.355
000728.SZ,Q1 FY2016,6.2473,11.1377,1.0784,2.1399,661.4944,462.7754
000728.SZ,Q2 FY2016,14.0283,-14.7654,2.5832,5.1375,672.4339,475.1154
000728.SZ,Q3 FY2016,24.0244,-58.8559,4.7354,9.6123,673.1038,468.2975
000728.SZ,Q4 FY2016,33.7552,-64.3631,6.9103,14.1539,716.8904,508.0355
000728.SZ,Q1 FY2017,7.9123,0.3437,1.16,2.4269,730.2696,519.1896
000728.SZ,Q2 FY2017,15.7161,7.2619,2.4859,5.1769,729.9316,522.6663
000728.SZ,Q3 FY2017,24.9887,-21.1301,4.2774,9.0077,766.044,555.7137
000728.SZ,Q4 FY2017,35.107,-20.3631,5.2206,12.1397,796.7884,542.9386
000728.SZ,Q1 FY2018,6.2959,3.6461,0.6564,1.6626,807.6391,554.2321
000728.SZ,Q2 FY2018,11.0972,3.4509,0.9221,2.3162,837.3437,588.4699
000728.SZ,Q3 FY2018,16.2638,-18.6065,1.3051,3.2812,762.7768,513.5651
000728.SZ,Q4 FY2018,25.3791,-24.4805,2.681,6.7053,780.3921,533.9152
000728.SZ,Q1 FY2019,9.8452,57.5488,1.6975,4.2177,879.4808,628.8027
000728.SZ,Q2 FY2019,15.8504,63.7946,1.7589,4.3275,838.3756,592.6728
000728.SZ,Q3 FY2019,22.4655,49.4395,2.8249,6.9994,809.3633,560.2184
000728.SZ,Q4 FY2019,31.9881,47.8295,3.6966,9.1479,831.6882,583.2242
000728.SZ,Q1 FY2020,9.0979,37.9728,1.1281,2.8295,838.5613,585.2715
000728.SZ,Q2 FY2020,21.1513,48.1255,2.4766,6.179,872.2988,621.7117
000728.SZ,Q3 FY2020,35.3302,8.4985,4.32,10.8078,899.4385,647.5096
000728.SZ,Q4 FY2020,45.2863,7.1832,4.9201,13.7087,905.573,596.8527
000729.SZ,Q1 FY2016,31.0763,1.4161,0.3714,0.5551,184.1013,46.6114
000729.SZ,Q2 FY2016,62.9368,11.3726,3.5025,4.8394,191.6552,49.8908
000729.SZ,Q3 FY2016,103.7155,19.324,4.7975,6.6287,190.0165,49.772
000729.SZ,Q4 FY2016,115.732,12.4526,2.4509,3.1885,182.5519,45.7478
000729.SZ,Q1 FY2017,31.7346,3.7623,0.4191,0.6304,183.486,46.0515
000729.SZ,Q2 FY2017,63.3843,13.6162,3.7712,5.2863,190.1522,48.116
000729.SZ,Q3 FY2017,101.9265,17.3785,4.6792,6.5677,187.2829,45.5252
000729.SZ,Q4 FY2017,111.9558,13.8748,1.2586,1.7251,180.9779,44.22
000729.SZ,Q1 FY2018,32.7987,1.642,0.4205,0.6437,181.7414,44.3399
000729.SZ,Q2 FY2018,63.7473,10.8072,3.8667,5.5867,189.8684,47.5549
000729.SZ,Q3 FY2018,102.3288,18.6916,4.6541,6.6486,186.6605,44.7305
000729.SZ,Q4 FY2018,113.4378,10.7541,1.3928,2.2405,176.8875,39.3455
000729.SZ,Q1 FY2019,34.4826,3.27,0.4525,0.6923,177.2756,39.0413
000729.SZ,Q2 FY2019,64.6186,13.6803,3.8723,5.6879,188.4284,45.1985
000729.SZ,Q3 FY2019,103.7016,21.4421,4.82,6.9797,191.0144,48.2986
000729.SZ,Q4 FY2019,114.6848,15.7428,1.7607,2.6349,181.6151,43.4643
000729.SZ,Q1 FY2020,20.0484,2.4966,-1.8917,-2.5658,182.9097,47.3247
000729.SZ,Q2 FY2020,55.6524,19.5428,2.03,3.1955,198.9668,57.6432
000729.SZ,Q3 FY2020,98.6521,23.7492,3.611,5.7395,197.5128,55.641
000729.SZ,Q4 FY2020,109.2838,15.6958,1.4932,2.8487,184.9186,46.1155
000738.SZ,Q1 FY2016,5.8418,-1.304,0.6728,0.3214,68.6467,18.0674
000738.SZ,Q2 FY2016,12.1562,-1.2835,2.358,1.1383,68.9959,17.838
000738.SZ,Q3 FY2016,18.4945,0.7367,3.2995,1.5975,68.8365,17.2046
000738.SZ,Q4 FY2016,25.0391,1.8678,4.315,2.107,68.4711,16.2673
000738.SZ,Q1 FY2017,5.6539,-1.8122,0.7384,0.3612,68.3671,15.7799
000738.SZ,Q2 FY2017,12.2491,1.5251,2.8665,1.4171,68.6333,15.1932
000738.SZ,Q3 FY2017,18.4451,1.201,3.6545,1.8128,69.8502,15.9979
000738.SZ,Q4 FY2017,25.5346,9.9744,4.3241,2.1707,71.7618,17.3219
000738.SZ,Q1 FY2018,5.5058,-3.1187,1.1264,0.5827,71.0194,16.0015
000738.SZ,Q2 FY2018,12.8464,-2.9519,3.2165,1.6786,72.1834,16.4651
000738.SZ,Q3 FY2018,18.6626,-2.9815,4.4605,2.3295,73.6628,17.2265
000738.SZ,Q4 FY2018,27.4641,-3.4601,4.9449,2.5737,72.5798,15.9094
000738.SZ,Q1 FY2019,6.1398,-0.8456,1.2475,0.682,74.704,17.321
000738.SZ,Q2 FY2019,13.6854,-0.6571,3.2999,1.8148,77.3334,19.2423
000738.SZ,Q3 FY2019,20.7769,0.6849,4.6178,2.5201,78.2426,19.3905
000738.SZ,Q4 FY2019,30.9249,11.644,5.1192,2.6261,78.9539,19.4787
000738.SZ,Q1 FY2020,7.0946,-1.7303,1.6107,0.9541,80.2425,19.7765
000738.SZ,Q2 FY2020,16.1937,-2.7361,4.0809,2.3894,84.358,22.5094
000738.SZ,Q3 FY2020,24.3138,0.5677,5.6875,3.3322,87.5224,23.7575
000738.SZ,Q4 FY2020,34.9872,4.0531,6.3187,3.7153,88.2761,24.1832
000750.SZ,Q1 FY2016,9.2406,-8.8419,2.4722,3.4358,507.6511,367.3405
000750.SZ,Q2 FY2016,7.6969,-44.1492,1.5905,2.3095,501.4281,362.5194
000750.SZ,Q3 FY2016,11.7061,-10.2388,3.207,4.4195,451.9417,308.0857
000750.SZ,Q4 FY2016,9.7323,10.5037,0.2667,0.4928,679.6135,536.2758
000750.SZ,Q1 FY2017,7.3703,0.9022,1.5817,2.2859,678.6509,532.8862
000750.SZ,Q2 FY2017,7.0099,-20.3819,0.9987,1.4815,662.2911,519.0908
000750.SZ,Q3 FY2017,7.8019,-16.2134,1.4714,2.2527,686.2083,541.6807
000750.SZ,Q4 FY2017,4.4052,-20.2839,-1.3397,-1.7106,660.092,517.9328
000750.SZ,Q1 FY2018,5.8722,14.7283,1.0129,1.4912,672.4705,528.9428
000750.SZ,Q2 FY2018,3.9966,-21.0853,-0.2761,-0.2567,655.6047,515.2261
000750.SZ,Q3 FY2018,5.0007,0.7869,0.1917,0.3806,645.2123,504.5065
000750.SZ,Q4 FY2018,6.3561,-9.3912,-0.4045,-0.4965,631.6713,491.2523
000750.SZ,Q1 FY2019,9.6635,50.4145,1.8261,2.6812,705.8085,562.5954
000750.SZ,Q2 FY2019,8.9618,-3.5749,0.9971,1.4583,704.7422,561.1435
000750.SZ,Q3 FY2019,9.0399,-20.7745,1.3867,2.0739,693.5835,547.9261
000750.SZ,Q4 FY2019,7.9369,12.1251,-0.674,-0.7745,663.0814,517.973
000750.SZ,Q1 FY2020,10.2805,-89.4277,1.8598,3.1199,724.5028,536.6325
000750.SZ,Q2 FY2020,14.1864,-77.0199,1.6584,3.2518,620.3112,431.6325
000750.SZ,Q3 FY2020,11.9864,41.9876,1.6957,3.4066,766.7427,574.8492
000750.SZ,Q4 FY2020,8.3668,95.9156,-1.0396,-1.683,725.5374,535.1829
000768.SZ,Q1 FY2016,36.1649,0.8485,-0.392,-0.7329,370.7894,202.3484
000768.SZ,Q2 FY2016,58.1394,-3.5208,0.9272,1.5216,377.9989,209.3696
000768.SZ,Q3 FY2016,59.2968,-18.8746,0.2507,0.458,398.0858,224.2513
000768.SZ,Q4 FY2016,107.6175,35.7642,1.9381,3.3031,392.1683,215.1379
000768.SZ,Q1 FY2017,31.3211,6.3577,-0.573,-1.2222,424.9355,248.8955
000768.SZ,Q2 FY2017,76.1761,-12.5462,1.1717,1.728,412.0294,235.4444
000768.SZ,Q3 FY2017,87.4661,-11.3241,0.2303,0.6474,458.7245,281.3476
000768.SZ,Q4 FY2017,115.8273,30.6085,2.2137,3.5905,407.3876,230.9035
000768.SZ,Q1 FY2018,52.5083,-5.4708,0.1717,-0.2274,435.1604,258.9133
000768.SZ,Q2 FY2018,80.2135,-10.106,0.8635,1.308,453.7669,279.1889
000768.SZ,Q3 FY2018,71.335,-13.5849,0.4456,0.6023,485.4964,310.2245
000768.SZ,Q4 FY2018,130.6264,43.1994,2.0512,3.3963,478.9748,285.8441
000768.SZ,Q1 FY2019,63.753,-30.8194,0.2442,0.3513,462.4081,299.3397
000768.SZ,Q2 FY2019,83.1304,-5.6423,1.1383,1.8517,483.6861,321.4197
000768.SZ,Q3 FY2019,49.8959,-0.722,0.7289,1.1875,506.2721,342.4387
000768.SZ,Q4 FY2019,146.2033,42.7184,1.3735,2.2998,487.6267,321.6041
000768.SZ,Q1 FY2020,64.598,-27.7562,0.2648,0.4157,477.3634,310.4497
000768.SZ,Q2 FY2020,70.1702,-30.5171,1.1398,1.8852,489.4237,323.7002
000768.SZ,Q3 FY2020,98.7517,9.6911,1.3406,2.2521,535.5906,367.6455
000768.SZ,Q4 FY2020,101.3229,75.9104,2.0118,3.2188,584.6033,431.5448
000776.SZ,Q1 FY2016,47.5679,5.7946,2.327,18.843,3711.4391,2910.9691
000776.SZ,Q2 FY2016,53.7327,-30.9369,2.9417,23.1853,3576.0906,2814.6905
000776.SZ,Q3 FY2016,50.6223,-91.3681,2.8764,22.5409,3672.8251,2883.5868
000776.SZ,Q4 FY2016,55.1975,-95.0116,2.3847,19.524,3598.0135,2784.4802
000776.SZ,Q1 FY2017,49.0023,-131.5784,2.6739,22.209,3549.3513,2704.8689
000776.SZ,Q2 FY2017,51.5024,113.4894,2.6669,22.7562,3583.2839,2744.5133
000776.SZ,Q3 FY2017,48.2736,-280.1658,2.5135,21.9865,3624.1142,2750.9788
000776.SZ,Q4 FY2017,66.9781,-88.1718,2.6454,23.882,3569.0464,2682.7906
000776.SZ,Q1 FY2018,38.6357,180.9249,1.7856,15.4647,3878.4033,2979.8734
000776.SZ,Q2 FY2018,37.4634,70.1697,1.565,14.6176,3904.7103,3024.3014
000776.SZ,Q3 FY2018,37.4017,24.5313,1.4769,13.0635,3925.3191,3031.5581
000776.SZ,Q4 FY2018,39.1068,56.7654,0.2182,3.1746,3891.0595,3004.7677
000776.SZ,Q1 FY2019,68.3919,55.8398,3.3592,31.7415,4149.1014,3223.1184
000776.SZ,Q2 FY2019,51.0231,104.8196,1.3664,12.6561,3994.067,3060.5391
000776.SZ,Q3 FY2019,54.1605,79.7316,1.6275,16.2386,3832.1954,2882.0558
000776.SZ,Q4 FY2019,54.5233,161.6984,2.1059,20.4664,3943.9106,3002.5447
000776.SZ,Q1 FY2020,53.8756,-61.6295,2.2462,21.6653,4384.4824,3423.2722
000776.SZ,Q2 FY2020,88.1877,27.3773,3.9354,39.5238,4216.5419,3247.9571
000776.SZ,Q3 FY2020,72.0564,114.4038,2.5129,25.9831,4326.3458,3333.6798
000776.SZ,Q4 FY2020,77.4151,118.1642,1.9536,20.5367,4574.6369,3551.901
000778.SZ,Q1 FY2016,112.2137,-2.7607,0.23,0.1079,509.8093,326.6403
000778.SZ,Q2 FY2016,157.0934,-2.153,0.8743,1.8758,510.9897,325.9088
000778.SZ,Q3 FY2016,137.3086,2.5206,0.2237,0.4633,466.1686,284.4259
000778.SZ,Q4 FY2016,114.9831,13.4324,1.2361,2.0579,492.7184,308.2194
000778.SZ,Q1 FY2017,120.4376,2.9259,1.2587,2.2097,502.4987,299.5522
000778.SZ,Q2 FY2017,131.8135,8.3921,1.3923,2.54,509.031,302.8071
000778.SZ,Q3 FY2017,101.0589,3.2144,1.5615,3.1465,504.29,296.9288
000778.SZ,Q4 FY2017,59.3537,22.3101,1.4475,2.7601,490.3265,284.1192
000778.SZ,Q1 FY2018,94.4565,7.8598,1.9127,3.7821,490.0349,281.6649
000778.SZ,Q2 FY2018,106.8238,11.2675,3.7692,7.7335,499.2411,286.8824
000778.SZ,Q3 FY2018,115.8452,21.3721,3.3301,7.226,503.5477,290.3634
000778.SZ,Q4 FY2018,88.3456,-2.973,1.4235,1.5987,518.3617,301.2935
000778.SZ,Q1 FY2019,105.7091,1.2951,1.5312,4.0778,518.15,293.7267
000778.SZ,Q2 FY2019,106.8666,10.1573,2.3475,5.4663,497.1735,270.2419
000778.SZ,Q3 FY2019,108.3381,10.2499,2.2933,5.1293,512.2488,288.8911
000778.SZ,Q4 FY2019,87.9833,9.5809,0.9025,1.1878,495.6403,272.0996
000778.SZ,Q1 FY2020,81.9172,-5.394,1.681,3.6456,504.5151,276.949
000778.SZ,Q2 FY2020,116.1698,17.4545,2.3485,5.5133,519.0462,287.2378
000778.SZ,Q3 FY2020,117.1291,-0.0627,2.6153,6.2685,517.1606,283.8341
000778.SZ,Q4 FY2020,114.393,19.1983,1.671,4.2103,531.8874,290.3461
000783.SZ,Q1 FY2016,11.9648,30.9658,2.9677,5.0362,927.0968,754.6666
000783.SZ,Q2 FY2016,13.7924,-7.9878,3.7049,6.1385,913.5183,751.1157
000783.SZ,Q3 FY2016,15.8196,-191.8002,3.0541,6.325,883.3761,629.4632
000783.SZ,Q4 FY2016,16.9967,31.548,1.8248,4.669,1070.9497,813.5322
000783.SZ,Q1 FY2017,12.0374,-39.5539,1.6752,4.3506,1076.3939,812.8244
000783.SZ,Q2 FY2017,15.599,-89.9446,2.1632,5.7301,1080.0432,817.839
000783.SZ,Q3 FY2017,16.0393,12.9905,1.8714,4.9662,1112.4832,844.4417
000783.SZ,Q4 FY2017,12.7272,-59.8703,0.2231,0.3866,1131.5222,863.8465
000783.SZ,Q1 FY2018,13.7401,10.284,1.1873,3.2761,1179.026,898.7059
000783.SZ,Q2 FY2018,9.717,97.1093,0.2039,0.5916,1107.3544,836.0908
000783.SZ,Q3 FY2018,12.3367,2.3513,0.7164,1.9694,1041.6339,767.5969
000783.SZ,Q4 FY2018,7.8451,5.7433,-1.1702,-3.5675,994.9468,726.9611
000783.SZ,Q1 FY2019,24.1924,72.301,2.8465,7.5548,1212.537,938.035
000783.SZ,Q2 FY2019,13.0906,-47.9631,1.1769,3.1071,1101.9276,825.4244
000783.SZ,Q3 FY2019,14.8994,-44.6601,1.3617,3.5217,1082.9635,802.8835
000783.SZ,Q4 FY2019,18.1465,47.5401,0.7285,1.6435,1093.43,811.9069
000783.SZ,Q1 FY2020,13.6611,47.3566,1.5136,4.2533,1240.1374,954.5498
000783.SZ,Q2 FY2020,19.6285,-33.8766,1.8287,5.1132,1271.662,989.963
000783.SZ,Q3 FY2020,25.7226,-52.9672,3.4781,9.9568,1343.1556,1051.9729
000783.SZ,Q4 FY2020,18.8291,-5.5028,0.5298,1.5394,1344.0961,1051.562
000792.SZ,Q1 FY2016,21.9995,-3.647,0.6247,1.2124,808.2877,561.9647
000792.SZ,Q2 FY2016,30.7328,9.1499,0.7792,2.4227,807.7521,541.9541
000792.SZ,Q3 FY2016,20.147,-4.142,-0.2816,-0.4352,809.723,544.52
000792.SZ,Q4 FY2016,30.7621,18.9273,0.3305,-1.104,829.4589,565.7436
000792.SZ,Q1 FY2017,16.8047,-4.7369,-1.0851,-2.7421,834.6367,573.6805
000792.SZ,Q2 FY2017,33.8495,8.749,-1.0712,-2.4637,837.7034,577.7199
000792.SZ,Q3 FY2017,25.8406,-0.552,-1.4201,-2.1385,835.8152,577.6482
000792.SZ,Q4 FY2017,40.4993,11.7232,-15.0765,-35.5398,824.1853,601.8233
000792.SZ,Q1 FY2018,27.0092,16.1522,-1.3609,-2.3351,800.894,580.8312
000792.SZ,Q2 FY2018,51.3588,9.5776,-4.654,-8.9554,793.7763,583.6642
000792.SZ,Q3 FY2018,47.9239,25.4552,-0.1806,-0.0597,784.0823,572.1007
000792.SZ,Q4 FY2018,52.6055,20.2897,-12.5384,-24.6554,749.9736,562.0968
000792.SZ,Q1 FY2019,41.5258,10.7592,-1.5964,-2.7853,736.583,551.1887
000792.SZ,Q2 FY2019,57.782,12.3483,-0.9737,-1.3687,733.4409,550.8707
000792.SZ,Q3 FY2019,55.469,-4.6874,-0.4956,-0.98,727.07,545.4795
000792.SZ,Q4 FY2019,23.715,9.4654,,-461.4894,225.315,516.0017
000792.SZ,Q1 FY2020,37.242,2.0508,,8.1743,233.4971,328.9336
000792.SZ,Q2 FY2020,59.0418,-17.7381,,6.1685,210.0998,282.4138
000792.SZ,Q3 FY2020,63.8933,15.2604,,7.3345,226.4335,175.8356
000792.SZ,Q4 FY2020,-20.0145,-4.0973,-1.9834,-1.5762,201.0981,148.4411
000793.SZ,Q1 FY2016,7.5206,-175.5346,1.9719,217.9207,126.9804,31.1333
000793.SZ,Q2 FY2016,9.9121,51.5554,1.6422,123.0591,129.3754,33.7052
000793.SZ,Q3 FY2016,10.5415,22.4991,4.0716,453.7131,133.5874,34.4228
000793.SZ,Q4 FY2016,17.5485,782.0641,1.7479,227.5722,133.761,34.2071
000793.SZ,Q1 FY2017,7.694,-99.2051,0.2648,39.2552,138.4923,38.0488
000793.SZ,Q2 FY2017,7.0407,153.6764,3.4508,353.775,130.2897,27.6459
000793.SZ,Q3 FY2017,7.7299,-64.8387,0.7416,74.3201,151.75,49.5005
000793.SZ,Q4 FY2017,11.7441,668.2321,-1.5881,-44.6797,158.3163,56.9984
000793.SZ,Q1 FY2018,7.3166,-302.2525,0.2159,25.748,160.6387,59.0758
000793.SZ,Q2 FY2018,7.0548,-57.2183,0.616,65.3981,165.8747,64.6832
000793.SZ,Q3 FY2018,9.9813,-622.0185,-0.6015,-40.0087,182.8669,77.7562
000793.SZ,Q4 FY2018,13.495,620.0686,-69.319,-4985.4432,129.056,74.2954
000793.SZ,Q1 FY2019,8.8443,-254.3407,0.6444,47.6067,131.1433,75.2403
000793.SZ,Q2 FY2019,10.5396,-59.4646,0.4061,151.3768,131.7204,75.6621
000793.SZ,Q3 FY2019,8.5241,-48.5059,0.0506,55.8692,122.4606,65.8582
000793.SZ,Q4 FY2019,11.2954,54.9695,1.0211,110.3834,128.7391,66.8221
000793.SZ,Q1 FY2020,7.3187,-88.1429,-1.3705,-49.2359,127.7643,66.4358
000793.SZ,Q2 FY2020,8.2163,77.9767,-1.748,-106.0427,126.5331,67.2518
000793.SZ,Q3 FY2020,8.7031,-41.9837,0.2143,5.8363,126.8821,69.2566
000793.SZ,Q4 FY2020,5.4575,-49.4714,-49.7655,-1990.9295,91.8011,57.0261
000800.SZ,Q1 FY2016,42.7004,-3.3641,-4.979,-4.2503,172.1105,88.9451
000800.SZ,Q2 FY2016,42.2046,1.5156,-5.0054,-4.5112,168.9108,90.9398
000800.SZ,Q3 FY2016,65.1019,-2.0668,1.4017,1.4684,187.5082,108.0365
000800.SZ,Q4 FY2016,77.0929,9.5918,-3.0557,-2.7343,190.4887,113.7533
000800.SZ,Q1 FY2017,70.7312,5.3887,2.081,2.6418,175.1008,95.6845
000800.SZ,Q2 FY2017,63.2822,-2.2436,1.3745,1.6894,175.0144,93.874
000800.SZ,Q3 FY2017,64.2546,10.3189,0.2604,0.2435,174.5144,93.1058
000800.SZ,Q4 FY2017,80.7541,9.3868,-0.1252,-1.3956,185.3795,105.4456
000800.SZ,Q1 FY2018,71.4611,6.5294,0.6532,1.6891,169.295,87.8351
000800.SZ,Q2 FY2018,63.3281,-0.4807,0.3582,0.8352,169.1333,87.1551
000800.SZ,Q3 FY2018,55.534,-1.6321,0.6743,0.1636,172.5335,90.3413
000800.SZ,Q4 FY2018,64.9212,-3.5647,0.8467,0.0671,186.2819,104.9425
000800.SZ,Q1 FY2019,46.8877,0.8912,0.4767,0.4556,179.6489,97.5856
000800.SZ,Q2 FY2019,60.1187,-6.1829,-0.3584,-0.098,192.2453,111.0483
000800.SZ,Q3 FY2019,65.9092,15.7842,-3.5092,-3.1029,206.2793,128.1771
000800.SZ,Q4 FY2019,103.7275,10.4908,4.0475,3.1281,196.5519,115.4004
000800.SZ,Q1 FY2020,286.3571,-20.2415,1.221,1.5069,756.0927,537.6544
000800.SZ,Q2 FY2020,404.5401,105.1051,8.576,19.6804,963.324,722.9678
000800.SZ,Q3 FY2020,286.4052,68.2948,2.0621,5.0102,885.6408,640.0753
000800.SZ,Q4 FY2020,159.5084,-160.963,0.085,0.2088,642.3752,396.7702
000825.SZ,Q1 FY2016,113.7861,21.2612,-2.5887,-5.7504,735.1688,520.0095
000825.SZ,Q2 FY2016,137.4026,14.955,3.9949,8.1717,713.5714,490.182
000825.SZ,Q3 FY2016,148.668,22.3742,2.4736,5.0881,733.3644,504.8713
000825.SZ,Q4 FY2016,167.5252,17.9497,1.3613,2.7083,725.865,494.5702
000825.SZ,Q1 FY2017,168.298,5.4264,1.4234,2.8702,724.7973,490.6366
000825.SZ,Q2 FY2017,162.0727,30.2033,1.8256,3.8775,709.5379,472.7641
000825.SZ,Q3 FY2017,171.7221,46.382,5.9639,13.8895,701.4549,450.5754
000825.SZ,Q4 FY2017,175.8051,26.8444,9.5893,23.0487,744.9609,471.5716
000825.SZ,Q1 FY2018,181.0717,11.4929,5.2866,14.3666,727.1285,439.4028
000825.SZ,Q2 FY2018,186.6308,16.8302,4.8517,13.6387,716.225,429.0415
000825.SZ,Q3 FY2018,182.9577,36.3549,4.2315,12.1224,708.2102,408.6406
000825.SZ,Q4 FY2018,178.8009,27.4202,3.053,8.9694,718.2325,409.9855
000825.SZ,Q1 FY2019,170.7657,14.5191,1.1258,3.3254,687.6263,376.472
000825.SZ,Q2 FY2019,176.2985,4.1854,2.657,8.1247,689.701,376.0462
000825.SZ,Q3 FY2019,186.1214,-8.9508,2.1716,6.6144,685.5378,365.4935
000825.SZ,Q4 FY2019,171.0081,28.96,0.8566,2.574,695.4821,372.9644
000825.SZ,Q1 FY2020,155.855,-11.3607,0.4668,1.3372,696.7759,373.3817
000825.SZ,Q2 FY2020,172.8808,32.4396,1.3773,4.3888,684.0114,361.6886
000825.SZ,Q3 FY2020,153.769,24.126,1.4974,4.8142,695.9183,368.3727
000825.SZ,Q4 FY2020,191.6892,23.6522,2.0415,6.5535,682.9832,348.5495
000826.SZ,Q1 FY2016,16.339,-3.0977,3.0075,1.9365,173.6711,102.6169
000826.SZ,Q2 FY2016,34.1262,-3.674,6.6761,4.3928,180.2424,107.3944
000826.SZ,Q3 FY2016,53.5151,-9.0854,10.6623,7.1726,209.4906,133.8282
000826.SZ,Q4 FY2016,67.9926,-4.6287,14.7458,10.4199,225.0899,142.8536
000826.SZ,Q1 FY2017,18.1595,-2.588,2.4015,2.08,240.4505,144.8805
000826.SZ,Q2 FY2017,39.1176,-5.4744,5.6003,4.9515,263.6788,166.9377
000826.SZ,Q3 FY2017,65.2401,-13.9532,7.3854,8.3992,320.4177,174.5069
000826.SZ,Q4 FY2017,86.9543,-4.5053,9.9293,11.4055,320.8815,172.949
000826.SZ,Q1 FY2018,22.2019,-4.1892,2.034,3.0367,351.8534,198.4184
000826.SZ,Q2 FY2018,54.1643,-10.6931,4.1191,6.2982,369.6337,216.8219
000826.SZ,Q3 FY2018,84.779,-12.712,5.7063,8.8453,397.5694,241.7287
000826.SZ,Q4 FY2018,106.2009,-7.4319,3.8016,5.9918,383.991,233.5951
000826.SZ,Q1 FY2019,23.4174,-2.5642,1.2545,1.9127,401.0716,250.7666
000826.SZ,Q2 FY2019,48.0145,-1.5659,2.3596,3.7562,421.025,268.9572
000826.SZ,Q3 FY2019,73.5984,-0.851,2.941,4.9046,428.5507,270.4622
000826.SZ,Q4 FY2019,99.9563,1.8049,2.1763,3.8621,428.2911,264.0082
000826.SZ,Q1 FY2020,20.0165,0.5547,0.6239,1.3659,446.9217,277.8159
000826.SZ,Q2 FY2020,42.5362,1.2821,1.212,2.6644,448.8772,277.2558
000826.SZ,Q3 FY2020,64.5028,1.7652,1.5312,3.5245,448.4401,275.9701
000826.SZ,Q4 FY2020,86.4778,3.3805,-11.2865,-14.3939,410.1719,259.8219
000858.SZ,Q1 FY2016,88.2556,7.5952,6.483,30.0828,609.8428,136.3078
000858.SZ,Q2 FY2016,44.3007,35.5173,2.1761,10.1835,599.6293,146.2786
000858.SZ,Q3 FY2016,44.4401,62.5115,2.7118,12.6999,603.451,138.9939
000858.SZ,Q4 FY2016,68.4415,11.3437,3.6406,17.6015,621.7441,139.6855
000858.SZ,Q1 FY2017,101.5881,18.4361,7.3519,37.3921,678.6662,159.2155
000858.SZ,Q2 FY2017,54.6232,13.2108,2.7762,14.506,644.3337,146.552
000858.SZ,Q3 FY2017,63.5647,29.2847,4.0164,20.7517,660.834,142.3007
000858.SZ,Q4 FY2017,82.0918,36.7301,5.2116,28.2099,709.2263,162.483
000858.SZ,Q1 FY2018,138.9766,23.9803,8.9055,52.1397,796.479,197.596
000858.SZ,Q2 FY2018,75.2352,-18.0138,3.7037,22.4992,804.3059,218.8336
000858.SZ,Q3 FY2018,78.2911,32.8022,4.0821,24.9957,761.2385,150.7959
000858.SZ,Q4 FY2018,107.799,84.4049,6.3206,40.7519,860.9427,209.7483
000858.SZ,Q1 FY2019,175.9025,79.2657,9.7042,68.1179,939.0983,225.221
000858.SZ,Q2 FY2019,95.6079,4.3924,4.2009,29.953,880.8281,204.0132
000858.SZ,Q3 FY2019,99.5059,78.2551,4.7295,33.191,927.5707,217.5648
000858.SZ,Q4 FY2019,130.1647,69.2075,6.7611,51.0206,1063.9697,303.0092
000858.SZ,Q1 FY2020,202.3823,-12.0179,9.8592,80.6049,1054.5156,212.9502
000858.SZ,Q2 FY2020,105.293,23.6992,3.9736,33.1049,943.8891,161.3327
000858.SZ,Q3 FY2020,117.2524,27.7534,4.7036,38.5591,999.7875,179.0695
000858.SZ,Q4 FY2020,148.2829,107.5486,6.5172,56.8645,1138.9314,261.3489
000876.SZ,Q1 FY2016,122.3863,7.1863,3.3691,8.6,361.8641,112.7059
000876.SZ,Q2 FY2016,155.5043,6.7621,3.912,9.7217,366.7147,120.4977
000876.SZ,Q3 FY2016,165.4862,6.6391,3.4343,8.8045,371.3051,117.0661
000876.SZ,Q4 FY2016,165.4184,10.5271,1.7457,4.1982,373.8504,118.3596
000876.SZ,Q1 FY2017,146.1444,0.9807,3.0393,8.0812,401.2508,132.5672
000876.SZ,Q2 FY2017,151.7405,8.8863,2.2626,6.4291,423.456,150.2754
000876.SZ,Q3 FY2017,160.7444,8.9247,3.7972,10.3401,408.0254,146.6726
000876.SZ,Q4 FY2017,167.0391,8.3302,1.6428,4.4718,424.5163,162.1693
000876.SZ,Q1 FY2018,148.0671,0.1071,2.8528,8.342,450.0116,178.7197
000876.SZ,Q2 FY2018,168.3607,12.2838,1.1478,5.7741,461.4784,196.3635
000876.SZ,Q3 FY2018,191.7112,8.1398,2.8742,8.4624,469.9081,198.0288
000876.SZ,Q4 FY2018,182.4932,12.8391,1.1832,4.6395,479.4379,206.0804
000876.SZ,Q1 FY2019,162.1169,0.2042,3.0694,9.1313,479.5304,201.314
000876.SZ,Q2 FY2019,190.8261,5.2327,4.0315,11.6561,519.3028,231.9845
000876.SZ,Q3 FY2019,216.2302,16.2065,6.4727,17.9886,575.1103,271.0089
000876.SZ,Q4 FY2019,251.3322,22.7256,7.8604,23.0296,642.1767,315.678
000876.SZ,Q1 FY2020,205.6819,1.5757,5.9624,20.0793,777.8855,421.4121
000876.SZ,Q2 FY2020,241.2785,5.0102,5.2701,18.2098,912.9315,538.2138
000876.SZ,Q3 FY2020,300.9174,16.2272,5.7849,21.5081,1047.3726,609.4478
000876.SZ,Q4 FY2020,350.3744,33.7686,-0.3674,-1.3204,1094.4347,580.7251
000831.SZ,Q1 FY2016,0.6224,170.0031,-0.7419,-13.6714,22.2551,0.6992
000831.SZ,Q2 FY2016,0.2097,-26.8771,-0.9959,-22.6624,21.9997,0.6665
000831.SZ,Q3 FY2016,0.0928,-15.3979,-0.3407,-8.6459,21.8939,0.6694
000831.SZ,Q4 FY2016,3.5525,25.945,3.0521,62.0615,21.7883,1.1401
000831.SZ,Q1 FY2017,1.049,153.323,0.4172,8.931,21.5417,0.8082
000831.SZ,Q2 FY2017,1.7167,-91.9683,0.9011,20.4715,21.78,0.8485
000831.SZ,Q3 FY2017,3.3027,-128.4312,0.5224,12.8634,22.1337,1.077
000831.SZ,Q4 FY2017,1.0905,190.5729,-0.3195,-10.1105,21.7555,0.766
000831.SZ,Q1 FY2018,1.0768,128.3498,1.3343,28.9687,22.0469,0.7674
000831.SZ,Q2 FY2018,1.8456,-391.8762,1.9707,39.7439,22.4652,0.7974
000831.SZ,Q3 FY2018,2.9771,18.118,0.5721,10.4113,22.7887,1.025
000831.SZ,Q4 FY2018,3.3486,-36.5662,1.0318,22.2821,23.8216,1.831
000831.SZ,Q1 FY2019,4.099,92.0762,0.5799,14.8167,26.2289,4.0889
000831.SZ,Q2 FY2019,6.0113,-285.2422,1.6728,37.3152,26.2282,3.7096
000831.SZ,Q3 FY2019,2.8289,40.9613,0.6028,12.1407,28.0571,5.4032
000831.SZ,Q4 FY2019,3.5336,49.0757,1.1048,29.8554,27.6569,4.5921
000831.SZ,Q1 FY2020,3.1498,48.9235,0.5363,11.5391,27.534,4.3513
000831.SZ,Q2 FY2020,3.7983,-33.7193,6.3756,155.0477,26.9102,2.1808
000831.SZ,Q3 FY2020,2.696,31.0144,-1.0328,-26.2049,25.7458,1.2689
000831.SZ,Q4 FY2020,6.9202,-155.538,5.9901,145.9017,31.3128,5.786
000883.SZ,Q1 FY2016,19.1733,0.6832,1.816,4.8177,401.8742,152.8895
000883.SZ,Q2 FY2016,25.1406,14.7049,4.0135,9.1851,407.5049,155.4251
000883.SZ,Q3 FY2016,24.2363,11.0735,2.3644,6.2421,407.0401,148.1316
000883.SZ,Q4 FY2016,25.1534,9.8141,0.3413,-0.6482,417.6173,153.0832
000883.SZ,Q1 FY2017,26.3073,-1.6584,1.8393,4.662,417.9891,148.0287
000883.SZ,Q2 FY2017,30.6744,15.479,3.6913,9.1149,432.9019,157.0128
000883.SZ,Q3 FY2017,30.7806,11.5685,2.7707,7.1322,436.2858,153.525
000883.SZ,Q4 FY2017,27.9172,6.6258,0.5375,-0.1498,463.5693,181.6247
000883.SZ,Q1 FY2018,29.7204,6.2401,2.7688,7.2088,468.1311,180.772
000883.SZ,Q2 FY2018,30.0383,8.0589,2.6992,7.2422,468.1091,183.6466
000883.SZ,Q3 FY2018,30.6377,9.9419,1.2577,3.6293,473.2868,179.8221
000883.SZ,Q4 FY2018,32.4855,2.102,0.2725,0.9786,482.0782,188.3819
000883.SZ,Q1 FY2019,36.9602,7.193,1.5153,4.6872,487.7355,187.5557
000883.SZ,Q2 FY2019,39.8033,5.0345,2.289,6.7539,586.7562,256.7129
000883.SZ,Q3 FY2019,43.9123,16.9907,1.8575,6.2686,584.7612,247.5227
000883.SZ,Q4 FY2019,37.4317,3.7831,-0.0577,0.2857,603.6498,267.6781
000883.SZ,Q1 FY2020,36.9757,11.3423,1.6466,5.6851,610.3307,267.8333
000883.SZ,Q2 FY2020,42.5693,5.4371,2.8675,9.0013,616.6522,272.587
000883.SZ,Q3 FY2020,46.7251,29.3489,4.3391,13.5824,619.0593,265.5167
000883.SZ,Q4 FY2020,43.9644,7.7148,-0.0981,-0.6765,601.6684,251.126
000895.SZ,Q1 FY2016,127.3988,18.5834,6.1925,11.0897,233.0492,47.3287
000895.SZ,Q2 FY2016,127.8734,9.8247,6.5733,11.1919,204.7862,46.9973
000895.SZ,Q3 FY2016,128.2572,10.9806,8.0577,11.657,215.4148,75.4265
000895.SZ,Q4 FY2016,134.6941,16.0713,8.2752,11.6768,213.5192,62.8317
000895.SZ,Q1 FY2017,122.119,15.4802,5.9981,9.1255,228.3024,68.5789
000895.SZ,Q2 FY2017,117.8527,6.8837,7.5189,10.7074,203.3169,72.2387
000895.SZ,Q3 FY2017,132.7299,22.1682,9.7361,13.1218,222.0385,78.3316
000895.SZ,Q4 FY2017,131.7719,11.9683,8.3299,12.1506,230.8907,76.2174
000895.SZ,Q1 FY2018,119.9443,12.608,7.0204,11.1282,234.8894,68.9969
000895.SZ,Q2 FY2018,116.2696,6.5802,9.0849,13.4592,215.4446,72.1936
000895.SZ,Q3 FY2018,128.9485,17.1171,9.0255,13.1497,237.8761,82.0566
000895.SZ,Q4 FY2018,122.5117,15.6432,9.1303,13.0269,223.4791,83.4869
000895.SZ,Q1 FY2019,119.603,3.3011,9.3925,13.2823,241.2354,87.8522
000895.SZ,Q2 FY2019,134.7329,12.0828,7.9257,11.5076,246.7596,100.3054
000895.SZ,Q3 FY2019,165.5292,11.4601,10.7429,16.2191,265.3814,105.6965
000895.SZ,Q4 FY2019,183.4125,17.3923,9.4358,15.5602,286.3334,115.1795
000895.SZ,Q1 FY2020,175.8163,17.8512,8.5044,15.1343,312.1596,125.8274
000895.SZ,Q2 FY2020,187.6593,-0.1618,9.3395,15.9789,299.995,137.7621
000895.SZ,Q3 FY2020,193.7908,43.443,9.3786,19.258,370.7261,119.6678
000895.SZ,Q4 FY2020,181.36,27.0869,5.44,13.3268,347.0388,105.7116
000898.SZ,Q1 FY2016,112.74,-13.85,-1.4313,-6.15,900.44,469.77
000898.SZ,Q2 FY2016,141.56,28.24,2.122,9.12,872.08,432.24
000898.SZ,Q3 FY2016,156.09,19,1.5416,6.7,878.96,432.47
000898.SZ,Q4 FY2016,168.43,10.1,1.4338,6.48,880.69,427.81
000898.SZ,Q1 FY2017,193.71,4.37,2.3535,10.77,938.05,474.29
000898.SZ,Q2 FY2017,196.86,1.73,1.6356,7.54,875.32,408.83
000898.SZ,Q3 FY2017,214.49,26.8,3.1125,14.66,882.35,401.07
000898.SZ,Q4 FY2017,238.04,29.78,4.7501,23.15,892.04,388.18
000898.SZ,Q1 FY2018,215.13,-6.58,3.1316,15.88,921.45,401.62
000898.SZ,Q2 FY2018,253.69,25.65,3.6987,19.05,926.86,406.04
000898.SZ,Q3 FY2018,269.51,58.33,4.711,24.18,918.15,405.11
000898.SZ,Q4 FY2018,273.44,5.54,2.1335,10.99,900.24,375.59
000898.SZ,Q1 FY2019,244.63,20.09,0.7991,4.15,904.57,375.52
000898.SZ,Q2 FY2019,266.11,17.56,1.9354,10.09,893.48,370.86
000898.SZ,Q3 FY2019,265.49,25.83,0.5721,2.96,896.49,370.83
000898.SZ,Q4 FY2019,279.64,36.72,0.1248,0.4,878.08,352.6
000898.SZ,Q1 FY2020,203.37,-30.64,0.559,2.91,901.88,373.17
000898.SZ,Q2 FY2020,243.13,78.43,0.3981,2.12,898.36,372.66
000898.SZ,Q3 FY2020,265.21,13.08,1.5711,8.32,882.29,348.18
000898.SZ,Q4 FY2020,297.32,38.29,1.2287,6.61,880.46,341.88
000917.SZ,Q1 FY2016,18.737,0.955,1.2025,155.3104,199.6425,86.2745
000917.SZ,Q2 FY2016,16.2129,-6.3667,0.0666,14.516,212.0782,95.6033
000917.SZ,Q3 FY2016,17.2041,-0.334,0.7343,122.3474,214.3971,97.8053
000917.SZ,Q4 FY2016,22.7099,2.7995,1.0944,184.6222,225.1681,106.6805
000917.SZ,Q1 FY2017,17.7605,-2.477,0.9177,184.9859,233.313,111.0996
000917.SZ,Q2 FY2017,20.1197,-2.7656,0.1899,66.9368,233.4706,110.8398
000917.SZ,Q3 FY2017,20.7489,2.02,-0.1113,26.2021,231.4144,114.4537
000917.SZ,Q4 FY2017,28.7857,4.5106,-5.5375,-514.3063,237.478,125.252
000917.SZ,Q1 FY2018,23.3662,4.6888,-0.5422,44.1431,237.3596,124.742
000917.SZ,Q2 FY2018,22.9992,-0.8833,0.1879,17.8586,236.1121,123.5704
000917.SZ,Q3 FY2018,27.0889,0.8306,-1.011,-42.1296,240.6239,129.5055
000917.SZ,Q4 FY2018,31.6528,1.9102,2.2353,251.8986,232.6877,121.7557
000917.SZ,Q1 FY2019,14.2498,0.3465,0.085,0.7499,231.2904,120.304
000917.SZ,Q2 FY2019,14.8021,0.0519,0.0254,34.1554,221.8806,110.5119
000917.SZ,Q3 FY2019,18.7965,5.9421,0.5524,86.17,219.7968,104.5282
000917.SZ,Q4 FY2019,22.9218,11.1136,0.3981,179.4063,223.9864,101.2141
000917.SZ,Q1 FY2020,12.0828,0.4891,-1.292,-186.3489,221.3567,100.4403
000917.SZ,Q2 FY2020,12.4938,-0.4056,-1.1557,-30.4646,221.7505,102.557
000917.SZ,Q3 FY2020,14.9704,2.8724,-6.0297,-635.034,229.4012,110.4031
000917.SZ,Q4 FY2020,19.8523,-1.3912,-5.3991,-511.5937,207.8359,91.4686
000937.SZ,Q1 FY2016,26.7953,-2.4762,0.0228,-0.4476,420.3431,220.2913
000937.SZ,Q2 FY2016,29.391,1.8162,0.0269,-0.205,398.8763,199.8127
000937.SZ,Q3 FY2016,33.5419,0.9327,0.3897,0.6533,431.2667,230.4718
000937.SZ,Q4 FY2016,46.6284,-2.7133,0.8773,1.5973,435.1669,234.2396
000937.SZ,Q1 FY2017,50.7906,-3.0974,1.518,2.8635,437.5,232.6333
000937.SZ,Q2 FY2017,51.4784,11.1739,1.5059,2.8176,439.1692,234.4325
000937.SZ,Q3 FY2017,51.8938,15.3927,1.4126,2.7774,461.1064,252.1058
000937.SZ,Q4 FY2017,49.6546,18.8994,1.1529,2.4375,457.7873,249.5849
000937.SZ,Q1 FY2018,53.562,2.6859,1.4719,3.2895,452.4773,239.3711
000937.SZ,Q2 FY2018,54.278,3.1513,1.6074,3.7154,458.457,244.0148
000937.SZ,Q3 FY2018,55.1493,17.448,1.2196,3.3741,463.2173,244.6285
000937.SZ,Q4 FY2018,51.5948,7.755,0.1164,0.1126,457.6615,241.8771
000937.SZ,Q1 FY2019,56.4631,3.6365,1.1628,2.9599,456.6195,235.1087
000937.SZ,Q2 FY2019,57.5905,5.4881,1.0954,3.2545,457.2747,235.1689
000937.SZ,Q3 FY2019,55.5248,11.1351,1.3291,3.2847,453.8117,220.2971
000937.SZ,Q4 FY2019,47.8221,14.362,0.8208,2.5324,454.5837,225.3143
000937.SZ,Q1 FY2020,50.6483,6.0809,1.2154,2.7172,451.4231,218.4247
000937.SZ,Q2 FY2020,53.4784,11.3482,1.7406,4.3742,443.6009,209.9369
000937.SZ,Q3 FY2020,55.2658,23.6187,1.2464,3.7156,453.7243,222.5045
000937.SZ,Q4 FY2020,47.033,25.3495,-0.1725,1.2904,501.0986,270.5081
000963.SZ,Q1 FY2016,61.657,-6.1951,8.8333,4.5246,135.3145,63.8584
000963.SZ,Q2 FY2016,60.7793,16.305,5.7394,4.0922,130.689,61.2164
000963.SZ,Q3 FY2016,66.7632,-5.4716,5.441,3.9372,141.5885,68.1787
000963.SZ,Q4 FY2016,64.5972,8.8313,3.513,2.8001,144.5643,68.1459
000963.SZ,Q1 FY2017,71.4935,-8.8151,7.205,5.647,152.4051,70.5967
000963.SZ,Q2 FY2017,69.4159,11.5778,6.4241,5.2204,149.8224,69.5317
000963.SZ,Q3 FY2017,73.5993,-1.4999,5.6764,4.7687,157.8421,72.7856
000963.SZ,Q4 FY2017,63.8095,15.3484,3.5184,3.246,159.8711,71.7824
000963.SZ,Q1 FY2018,78.3674,-5.5742,7.5571,6.9078,173.4793,78.4829
000963.SZ,Q2 FY2018,74.8821,16.2769,7.0313,6.732,170.8821,76.5215
000963.SZ,Q3 FY2018,78.7952,3.4115,5.5783,5.4655,181.0722,81.4306
000963.SZ,Q4 FY2018,74.589,6.2807,4.7133,4.8463,192.1736,87.9183
000963.SZ,Q1 FY2019,97.0515,-4.3389,8.7464,9.3782,214.4707,101.6146
000963.SZ,Q2 FY2019,85.4352,13.9692,6.3071,7.2537,213.8766,98.3115
000963.SZ,Q3 FY2019,93.7922,-0.5399,5.4337,6.4146,225.1003,103.1066
000963.SZ,Q4 FY2019,78.1781,10.9266,5.0061,6.2076,214.6397,85.9735
000963.SZ,Q1 FY2020,85.9807,2.1878,8.8966,11.5343,235.2774,95.0922
000963.SZ,Q2 FY2020,80.6286,10.3676,4.3138,6.2179,225.0254,83.6343
000963.SZ,Q3 FY2020,88.3994,6.4627,4.7467,6.851,244.1951,96.1442
000963.SZ,Q4 FY2020,81.8218,15.0963,2.9697,4.494,242.0135,90.2194
000983.SZ,Q1 FY2016,42.4069,5.5293,0.3012,0.6317,528.9049,336.8983
000983.SZ,Q2 FY2016,43.4289,-0.3328,0.3712,0.8018,546.8372,352.6488
000983.SZ,Q3 FY2016,43.7786,5.1761,0.567,0.9079,537.2759,341.2685
000983.SZ,Q4 FY2016,66.495,15.8521,1.3987,2.1681,538.8218,345.0067
000983.SZ,Q1 FY2017,69.1255,3.8243,2.7783,5.3763,558.1733,357.5562
000983.SZ,Q2 FY2017,67.203,6.8829,2.6122,5.199,570.3215,363.4897
000983.SZ,Q3 FY2017,74.004,13.3082,2.5504,4.8413,577.1195,363.9593
000983.SZ,Q4 FY2017,76.2202,30.3318,1.0838,2.9601,578.5638,366.6331
000983.SZ,Q1 FY2018,72.9942,19.6876,2.8125,5.9798,589.0106,369.483
000983.SZ,Q2 FY2018,79.5647,17.7568,3.1867,6.8062,589.3365,361.855
000983.SZ,Q3 FY2018,81.1649,13.5462,2.0922,4.7524,601.6883,367.8973
000983.SZ,Q4 FY2018,88.9863,20.5686,1.4151,3.9524,650.5636,416.4345
000983.SZ,Q1 FY2019,85.1031,14.2843,2.9427,6.9806,648.8221,405.2535
000983.SZ,Q2 FY2019,84.2239,22.1102,3.2804,7.5471,645.6011,402.405
000983.SZ,Q3 FY2019,77.2768,13.9808,2.5827,4.7588,632.9306,395.2338
000983.SZ,Q4 FY2019,82.9435,24.963,-0.4615,0.9192,651.1327,419.8299
000983.SZ,Q1 FY2020,69.6323,17.439,2.5673,5.6974,672.4915,433.7009
000983.SZ,Q2 FY2020,71.877,-3.666,2.5805,6.1431,663.4274,420.4209
000983.SZ,Q3 FY2020,76.1001,19.7367,2.3672,5.4557,655.2741,405.0109
000983.SZ,Q4 FY2020,119.9564,18.9072,1.7339,4.7229,706.1062,488.7098
001979.SZ,Q1 FY2016,45.2371,-15.734,1.7046,7.8467,2169.7423,1540.4929
001979.SZ,Q2 FY2016,167.2448,-46.8186,6.3167,36.2439,2241.8795,1599.1387
001979.SZ,Q3 FY2016,154.8382,16.7901,3.6075,27.1877,2418.3977,1739.3571
001979.SZ,Q4 FY2016,268.4082,-81.3849,7.4429,50.5906,2507.3168,1729.06
001979.SZ,Q1 FY2017,69.3974,-111.1517,3.6906,24.7469,2616.8656,1815.3902
001979.SZ,Q2 FY2017,124.5592,-5.9377,2.3501,16.4845,2782.648,2011.2969
001979.SZ,Q3 FY2017,70.8998,-33.4166,0.4501,4.7726,3012.6195,2229.6709
001979.SZ,Q4 FY2017,489.6904,103.419,13.6779,104.0896,3326.2092,2398.3821
001979.SZ,Q1 FY2018,91.6312,-91.5169,8.0859,58.2579,3606.0888,2601.7118
001979.SZ,Q2 FY2018,118.2468,25.6921,1.9083,21.4315,4078.5363,3145.3129
001979.SZ,Q3 FY2018,127.9225,7.4856,1.7452,17.5499,4194.5121,3236.989
001979.SZ,Q4 FY2018,544.9781,163.1206,9.7482,97.3685,4232.2145,3143.5877
001979.SZ,Q1 FY2019,43.5046,-89.6536,3.4158,26.6594,4415.9949,3264.4814
001979.SZ,Q2 FY2019,123.3607,150.2848,2.9509,27.3791,5024.5293,3854.9201
001979.SZ,Q3 FY2019,88.5605,30.2496,0.2554,4.2689,5279.8729,3992.5669
001979.SZ,Q4 FY2019,721.2961,47.2399,12.789,130.2614,6176.8809,3903.1762
001979.SZ,Q1 FY2020,117.9713,-163.969,0.5663,6.6508,6340.8224,4038.9232
001979.SZ,Q2 FY2020,125.2248,134.0633,0.4147,5.7703,6679.1656,4456.778
001979.SZ,Q3 FY2020,257.9818,132.3555,1.481,21.6823,7063.2533,4803.2041
001979.SZ,Q4 FY2020,795.0303,173.7702,10.6595,135.0297,7371.5734,4838.0019
000999.SZ,Q1 FY2016,21.3194,1.8053,4.0421,3.1473,120.4399,40.5511
000999.SZ,Q2 FY2016,21.4878,5.3059,4.0602,3.2862,123.7218,41.9789
000999.SZ,Q3 FY2016,18.8329,2.8397,2.8512,2.3485,144.2767,60.3212
000999.SZ,Q4 FY2016,28.1771,3.9705,3.8869,3.2955,135.5175,48.3039
000999.SZ,Q1 FY2017,24.5686,1.3503,4.2567,3.7642,139.4203,48.1857
000999.SZ,Q2 FY2017,25.4109,6.4317,4.0129,3.7293,143.5251,48.7124
000999.SZ,Q3 FY2017,24.8583,4.0166,2.3206,2.2083,151.592,53.8863
000999.SZ,Q4 FY2017,36.3614,3.8054,3.5435,3.563,161.9546,60.7078
000999.SZ,Q1 FY2018,33.8032,2.3346,4.2079,4.2972,165.729,59.9284
000999.SZ,Q2 FY2018,30.9178,8.4957,3.9408,4.1511,162.7608,57.2671
000999.SZ,Q3 FY2018,29.722,4.4095,2.7595,2.9228,166.7796,58.4781
000999.SZ,Q4 FY2018,39.8345,3.8726,2.9966,3.3776,180.2993,68.6144
000999.SZ,Q1 FY2019,34.8227,3.315,10.2255,11.6847,178.9613,55.9214
000999.SZ,Q2 FY2019,36.8454,8.5443,4.5979,5.6423,184.8265,59.9523
000999.SZ,Q3 FY2019,30.2052,3.3297,2.0096,2.5163,183.14,55.8687
000999.SZ,Q4 FY2019,45.1459,4.5293,1.1455,1.5476,201.0353,72.2165
000999.SZ,Q1 FY2020,31.371,6.4476,4.1566,5.3766,201.5065,67.3097
000999.SZ,Q2 FY2020,26.9533,4.2265,4.0115,5.3655,201.1244,65.8427
000999.SZ,Q3 FY2020,34.0899,4.78,3.7413,5.0464,205.2526,65.0043
000999.SZ,Q4 FY2020,43.9584,6.7857,0.2427,0.3868,220.1015,79.511
002007.SZ,Q1 FY2016,4.1133,0.3625,5.1223,1.9274,42.5355,1.7237
002007.SZ,Q2 FY2016,4.4522,1.4282,5.6614,2.1523,42.8985,2.219
002007.SZ,Q3 FY2016,5.4973,0.392,4.9942,1.9819,44.6587,1.9566
002007.SZ,Q4 FY2016,5.2839,1.1166,4.1875,1.652,46.5046,2.1505
002007.SZ,Q1 FY2017,5.3802,-0.9022,5.8757,2.4954,49.0888,2.2393
002007.SZ,Q2 FY2017,4.7482,0.5891,4.0178,1.7429,47.6728,2.8007
002007.SZ,Q3 FY2017,6.5335,0.6532,4.3006,1.8578,49.6985,3.2187
002007.SZ,Q4 FY2017,7.0198,1.434,4.4181,1.9409,52.1931,3.7724
002007.SZ,Q1 FY2018,5.6189,0.4036,4.3464,2.0449,53.8783,3.4127
002007.SZ,Q2 FY2018,6.3926,3.4131,5.0556,2.4298,54.318,4.2128
002007.SZ,Q3 FY2018,8.3476,3.3852,6.1411,3.1588,57.4694,4.2054
002007.SZ,Q4 FY2018,11.81,5.7245,7.1184,4.4619,64.9305,7.2047
002007.SZ,Q1 FY2019,6.9579,1.8812,4.5453,2.5461,67.2202,5.9016
002007.SZ,Q2 FY2019,7.0682,3.5183,4.246,2.4352,65.7066,5.6878
002007.SZ,Q3 FY2019,12.3583,2.2192,7.6215,5.1776,71.9458,6.7429
002007.SZ,Q4 FY2019,10.615,6.0088,5.0076,3.6299,75.832,6.9926
002007.SZ,Q1 FY2020,6.7754,0.9589,3.7082,2.3743,77.9131,6.661
002007.SZ,Q2 FY2020,7.09,3.7587,3.9769,2.6789,78.0915,9.6966
002007.SZ,Q3 FY2020,16.8626,0.9351,6.7199,5.6271,88.3323,14.2776
002007.SZ,Q4 FY2020,19.5041,7.6003,8.9571,7.7614,100.3864,19.3822
002008.SZ,Q1 FY2016,11.8152,-218.1446,2.4049,1.171,80.0855,29.8637
002008.SZ,Q2 FY2016,19.408,147.3822,5.8332,2.8402,93.6803,41.9558
002008.SZ,Q3 FY2016,18.6651,144.1736,4.6245,2.3266,95.562,41.5168
002008.SZ,Q4 FY2016,19.7007,722.8898,2.3143,1.2059,103.6948,48.2123
002008.SZ,Q1 FY2017,15.217,-366.8227,2.79,1.5644,111.0751,53.0075
002008.SZ,Q2 FY2017,40.1411,-69.2615,13.0946,7.6223,133.5091,69.9545
002008.SZ,Q3 FY2017,33.7854,507.1433,9.0494,5.9097,156.102,84.561
002008.SZ,Q4 FY2017,26.4574,1902.5004,2.3477,2.0113,141.0297,68.1925
002008.SZ,Q1 FY2018,16.9206,-149.8944,4.9138,3.6433,162.4448,81.3923
002008.SZ,Q2 FY2018,34.1493,-0.0686,8.139,6.5411,173.9225,89.1875
002008.SZ,Q3 FY2018,35.4911,-484.9546,7.522,6.3744,183.1753,93.1682
002008.SZ,Q4 FY2018,23.7338,1431.4747,0.7255,0.6924,189.4502,103.4885
002008.SZ,Q1 FY2019,21.2609,-212.2736,1.9064,1.5917,189.1174,101.1684
002008.SZ,Q2 FY2019,26.0808,533.1082,2.5705,2.1407,181.7609,94.1099
002008.SZ,Q3 FY2019,22.0952,832.6175,2.5626,2.1094,178.605,88.6063
002008.SZ,Q4 FY2019,26.1894,969.9606,0.4786,0.3162,178.9338,88.1524
002008.SZ,Q1 FY2020,15.1034,-192.4181,1.2078,1.0215,188.5816,96.8795
002008.SZ,Q2 FY2020,36.4947,375.5354,5.5948,5.2539,199.6253,102.1498
002008.SZ,Q3 FY2020,36.9902,376.2,4.1221,3.9421,201.3916,101.7318
002008.SZ,Q4 FY2020,30.8366,1332.4459,-0.4244,-0.2826,213.4536,112.4628
002038.SZ,Q1 FY2016,2.5884,0.6651,4.0844,1.4769,39.1008,1.5277
002038.SZ,Q2 FY2016,2.1352,1.0997,2.768,1.0287,39.9523,1.3574
002038.SZ,Q3 FY2016,2.2624,0.5392,2.7126,1.0462,39.6798,1.304
002038.SZ,Q4 FY2016,3.1125,1.6646,2.4696,0.9221,40.8127,1.5119
002038.SZ,Q1 FY2017,2.2651,0.8475,3.2087,1.2447,42.1377,1.5716
002038.SZ,Q2 FY2017,2.396,1.4869,2.5907,1.0482,43.1508,1.5369
002038.SZ,Q3 FY2017,3.0757,1.2839,3.8184,1.546,43.6043,1.9616
002038.SZ,Q4 FY2017,4.684,0.189,3.4002,1.4487,45.8506,2.8567
002038.SZ,Q1 FY2018,4.4013,1.5581,4.1824,1.8104,47.5951,2.8218
002038.SZ,Q2 FY2018,5.406,0.7998,3.8464,1.668,45.8262,2.8038
002038.SZ,Q3 FY2018,5.703,1.421,4.1615,1.8055,47.6222,2.7679
002038.SZ,Q4 FY2018,6.1645,1.0728,0.8818,0.35,49.8827,4.6973
002038.SZ,Q1 FY2019,4.6562,2.1098,4.3525,1.9835,51.9009,4.537
002038.SZ,Q2 FY2019,5.8466,1.3865,3.2645,1.5275,53.143,4.4153
002038.SZ,Q3 FY2019,5.2555,1.1333,3.0315,1.4457,52.4893,4.4893
002038.SZ,Q4 FY2019,4.5387,2.0287,-0.3389,-0.1617,52.2497,4.0376
002038.SZ,Q1 FY2020,1.9466,0.4113,1.2663,0.6014,53.0745,3.7631
002038.SZ,Q2 FY2020,3.425,0.1906,2.7257,1.3489,54.0834,3.9456
002038.SZ,Q3 FY2020,3.0528,1.3022,2.1476,1.0718,53.2353,3.9899
002038.SZ,Q4 FY2020,2.703,2.2543,1.2435,0.5924,53.9483,4.1009
002065.SZ,Q1 FY2016,10.5299,-6.3422,2.0598,1.7049,113.0509,28.4253
002065.SZ,Q2 FY2016,21.6758,-9.8665,3.8407,3.234,117.5876,31.3693
002065.SZ,Q3 FY2016,35.9171,-10.9098,7.4232,6.2505,120.4644,34.0128
002065.SZ,Q4 FY2016,64.7675,-5.0111,10.4088,8.9046,124.2819,35.2206
002065.SZ,Q1 FY2017,12.8052,-5.7048,5.2697,4.6574,129.3568,38.8054
002065.SZ,Q2 FY2017,25.1885,-4.5908,6.86,6.1227,136.7795,44.7646
002065.SZ,Q3 FY2017,42.2784,-4.403,10.0524,9.018,143.9059,51.3496
002065.SZ,Q4 FY2017,72.9013,1.6768,7.5102,6.6529,141.5405,51.3318
002065.SZ,Q1 FY2018,14.0007,-7.2478,1.5012,1.3073,143.2251,51.7091
002065.SZ,Q2 FY2018,31.2403,-11.2503,3.6825,3.2758,151.5842,58.0998
002065.SZ,Q3 FY2018,50.1419,-10.588,7.2191,6.4537,151.0686,57.5733
002065.SZ,Q4 FY2018,84.7059,3.5146,8.9255,7.9781,160.0565,67.3488
002065.SZ,Q1 FY2019,16.3802,-8.4518,1.673,1.4894,163.4584,69.2604
002065.SZ,Q2 FY2019,35.9307,-8.7435,4.1305,3.784,160.7931,64.5221
002065.SZ,Q3 FY2019,57.3344,-8.9673,8.0216,7.3827,170.0236,73.2611
002065.SZ,Q4 FY2019,88.4901,3.024,6.2432,5.7774,168.35,72.3603
002065.SZ,Q1 FY2020,17.2704,-6.3465,1.6502,1.5059,168.6942,71.2024
002065.SZ,Q2 FY2020,36.3986,-10.5987,4.1279,3.9066,175.7426,75.5224
002065.SZ,Q3 FY2020,55.6669,-9.8651,6.3086,6.0204,180.4069,79.6347
002065.SZ,Q4 FY2020,91.6719,3.2603,5.6628,5.4595,188.8332,88.5992
002129.SZ,Q1 FY2016,15.9648,1.5231,1.0084,1.0154,186.726,82.5818
002129.SZ,Q2 FY2016,20.3819,1.6951,1.4211,1.4824,180.6241,75.0908
002129.SZ,Q3 FY2016,17.8786,2.2236,0.9535,1.0049,194.8018,88.8233
002129.SZ,Q4 FY2016,13.6081,2.7501,0.4879,0.5362,229.9452,123.3941
002129.SZ,Q1 FY2017,16.5876,1.5924,0.9872,1.0616,228.3323,120.708
002129.SZ,Q2 FY2017,25.578,2.9291,1.5835,1.7032,251.6927,143.1164
002129.SZ,Q3 FY2017,26.3621,2.4153,1.5958,1.8031,280.7101,162.6403
002129.SZ,Q4 FY2017,27.9141,3.5807,1.1189,1.3393,310.066,180.0779
002129.SZ,Q1 FY2018,28.0177,2.6259,1.0533,1.3873,332.7755,196.3495
002129.SZ,Q2 FY2018,36.5948,2.7786,1.4618,2.1181,347.4984,193.3539
002129.SZ,Q3 FY2018,27.9435,3.1986,1.0002,1.8315,379.387,224.9683
002129.SZ,Q4 FY2018,45.0012,8.4739,1.5614,2.5533,426.9731,269.7334
002129.SZ,Q1 FY2019,38.2295,3.6901,1.3983,2.341,424.4268,264.5276
002129.SZ,Q2 FY2019,41.186,4.8315,1.9442,3.8085,450.6003,277.7189
002129.SZ,Q3 FY2019,40.743,4.7982,1.8106,3.5724,463.4391,284.175
002129.SZ,Q4 FY2019,48.7113,11.75,1.4415,2.8906,491.1852,285.7
002129.SZ,Q1 FY2020,45.1654,6.0984,1.7737,3.713,506.7657,296.3832
002129.SZ,Q2 FY2020,41.2764,4.1396,1.9785,3.5253,536.2513,313.8274
002129.SZ,Q3 FY2020,47.3236,11.7373,1.8379,4.0554,570.4853,300.5256
002129.SZ,Q4 FY2020,56.8024,6.6133,1.2717,3.4615,587.1968,306.3829
002081.SZ,Q1 FY2016,41.8313,-4.6961,5.2412,4.6907,228.4593,136.3975
002081.SZ,Q2 FY2016,49.1847,-0.6479,4.6489,4.2114,247.3468,154.3869
002081.SZ,Q3 FY2016,57.8096,8.1862,5.0541,4.7263,265.1036,167.2366
002081.SZ,Q4 FY2016,47.181,8.1634,3.2595,3.3274,268.2252,166.8067
002081.SZ,Q1 FY2017,43.4791,-3.3335,4.6871,4.693,256.4389,150.2076
002081.SZ,Q2 FY2017,51.4977,0.8791,4.0028,4.2987,267.1391,160.2588
002081.SZ,Q3 FY2017,62.3374,4.414,5.0416,5.5327,278.5486,166.0953
002081.SZ,Q4 FY2017,52.6498,15.813,4.2834,4.742,281.8437,164.3421
002081.SZ,Q1 FY2018,50.6586,-10.7409,4.7069,5.3388,257.7451,134.6068
002081.SZ,Q2 FY2018,58.3853,4.334,3.6141,4.6085,275.1786,151.1096
002081.SZ,Q3 FY2018,76.3483,-2.9482,4.8108,5.9318,304.3051,173.7044
002081.SZ,Q4 FY2018,65.4938,25.8493,4.158,5.8365,333.035,196.9795
002081.SZ,Q1 FY2019,60.5703,-9.4052,4.4396,5.5269,318.6158,176.9416
002081.SZ,Q2 FY2019,77.386,3.9711,3.6583,5.3057,339.7585,197.7875
002081.SZ,Q3 FY2019,89.4501,-2.6548,4.5291,6.5648,362.4562,213.7378
002081.SZ,Q4 FY2019,80.9401,25.641,4.0369,5.2096,394.7339,240.734
002081.SZ,Q1 FY2020,43.2088,-18.8056,2.1817,2.9994,365.889,208.3305
002081.SZ,Q2 FY2020,88.9382,13.7051,4.2902,6.8338,402.3179,242.8797
002081.SZ,Q3 FY2020,88.5311,-1.569,4.3998,7.2239,425.3776,259.5089
002081.SZ,Q4 FY2020,91.7542,24.4407,3.9505,6.349,450.0331,278.5798
002024.SZ,Q1 FY2016,318.4307,-25.1107,-0.9789,-3.5962,917.7835,604.1261
002024.SZ,Q2 FY2016,368.7169,8.5143,0.3922,1.7305,1256.1655,648.2695
002024.SZ,Q3 FY2016,351.4818,7.7551,-0.2957,-2.1144,1336.5485,678.8311
002024.SZ,Q4 FY2016,447.2239,47.2336,1.5517,8.9124,1371.6724,672.4526
002024.SZ,Q1 FY2017,373.7727,-50.2881,0.1156,0.4977,1387.6658,642.1602
002024.SZ,Q2 FY2017,463.686,1.0731,0.2951,1.7074,1474.8399,680.6579
002024.SZ,Q3 FY2017,481.3639,-37.6494,0.4908,3.8992,1560.2597,714.4018
002024.SZ,Q4 FY2017,560.455,20.8115,4.453,34.3911,1572.7669,736.4903
002024.SZ,Q1 FY2018,496.2034,-26.4889,0.1409,0.8345,1619.5894,781.7831
002024.SZ,Q2 FY2018,610.5801,-26.7325,7.4174,55.9702,1790.8173,932.5418
002024.SZ,Q3 FY2018,622.9123,-84.9989,0.153,-0.953,1890.4278,998.1014
002024.SZ,Q4 FY2018,719.8699,-0.5244,8.8535,70.5738,1994.672,1112.564
002024.SZ,Q1 FY2019,622.4151,-58.1708,0.1679,1.0381,2094.9629,1212.9187
002024.SZ,Q2 FY2019,733.2967,-44.5087,2.4704,19.7909,2189.4836,1303.399
002024.SZ,Q3 FY2019,654.3743,-96.9558,11.3396,96.0151,2330.534,1415.6006
002024.SZ,Q4 FY2019,682.2029,20.9899,-2.3038,-23.6462,2368.5505,1497.1023
002024.SZ,Q1 FY2020,578.3918,-39.2544,-0.6288,-7.3943,2259.966,1396.4461
002024.SZ,Q2 FY2020,605.8465,41.2998,0.4397,1.9733,2301.0117,1437.5175
002024.SZ,Q3 FY2020,624.3795,-26.3354,0.8205,4.6661,2211.933,1361.4049
002024.SZ,Q4 FY2020,714.3388,8.0715,-5.9051,-52.8237,2120.752,1352.434
002142.SZ,Q1 FY2016,60.7585,812.7272,4.4024,20.3387,0.8142,0.7669
002142.SZ,Q2 FY2016,59.702,113.0933,4.3796,21.1192,0.8337,0.7845
002142.SZ,Q3 FY2016,58.9377,-71.3901,4.4393,22.0773,0.8377,0.7873
002142.SZ,Q4 FY2016,57.052,239.6881,2.9184,14.6923,0.885,0.8346
002142.SZ,Q1 FY2017,64.3342,117.1865,4.631,23.6186,0.9196,0.8679
002142.SZ,Q2 FY2017,58.8258,-319.3927,4.5882,24.1245,0.9385,0.8851
002142.SZ,Q3 FY2017,62.588,7.5869,4.855,26.0898,0.9531,0.899
002142.SZ,Q4 FY2017,67.3953,374.629,3.5413,19.7242,1.032,0.9748
002142.SZ,Q1 FY2018,65.8144,7.6286,4.8032,28.314,1.0686,1.0079
002142.SZ,Q2 FY2018,69.4077,-388.8627,4.6179,28.889,1.0764,1.0118
002142.SZ,Q3 FY2018,77.0637,-282.4646,4.8866,32.3244,1.0862,1.0182
002142.SZ,Q4 FY2018,77.0172,153.9072,3.0476,22.6789,1.1164,1.0352
002142.SZ,Q1 FY2019,81.2363,-390.3275,4.055,34.1994,1.161,1.0744
002142.SZ,Q2 FY2019,80.6815,471.5895,3.8879,34.6949,1.2055,1.1136
002142.SZ,Q3 FY2019,93.6151,167.3558,4.0963,38.868,1.2397,1.1419
002142.SZ,Q4 FY2019,95.281,154.7686,3.0376,30.1462,1.3177,1.217
002142.SZ,Q1 FY2020,108.5997,595.4293,3.8798,40.1562,1.4389,1.3325
002142.SZ,Q2 FY2020,91.2116,393.3526,3.4466,38.78,1.5105,1.3931
002142.SZ,Q3 FY2020,102.8012,-610.4142,2.953,34.6947,1.5418,1.426
002142.SZ,Q4 FY2020,108.4976,229.3423,3.2332,37.7292,1.6267,1.5078
002146.SZ,Q1 FY2016,40.4765,-66.83,1.5962,3.5216,1115.9387,892.0336
002146.SZ,Q2 FY2016,73.4065,14.6687,4.6491,9.8941,1207.1933,984.482
002146.SZ,Q3 FY2016,73.23,-23.8589,4.0996,9.6752,1280.3141,1048.5543
002146.SZ,Q4 FY2016,119.1071,39.0713,8.7033,20.6308,1457.4488,1205.3638
002146.SZ,Q1 FY2017,51.1006,-8.0704,1.9169,5.2317,1567.3043,1309.6828
002146.SZ,Q2 FY2017,83.058,-66.6702,5.1391,13.2605,1717.8522,1464.6882
002146.SZ,Q3 FY2017,82.7085,-0.9694,4.5796,11.5946,1758.1723,1496.0662
002146.SZ,Q4 FY2017,170.173,98.4466,11.381,30.7066,1917.3315,1623.5317
002146.SZ,Q1 FY2018,69.8391,-33.5456,2.1589,6.9839,1977.2244,1676.2057
002146.SZ,Q2 FY2018,124.0396,83.2062,5.8426,20.616,2054.002,1744.9176
002146.SZ,Q3 FY2018,111.6585,37.9269,5.1509,14.3723,2139.5004,1816.1512
002146.SZ,Q4 FY2018,258.139,87.529,12.0908,40.7971,2277.6239,1914.0186
002146.SZ,Q1 FY2019,66.5815,-11.6727,2.2971,7.1475,2294.2799,1920.8162
002146.SZ,Q2 FY2019,177.0326,-45.7222,6.246,21.6806,2416.5732,2039.0141
002146.SZ,Q3 FY2019,144.7777,0.965,5.4398,19.4913,2445.1652,2046.3284
002146.SZ,Q4 FY2019,320.7271,77.6274,10.9141,47.5551,2545.9473,2099.2234
002146.SZ,Q1 FY2020,82.0767,-49.1761,2.1371,8.3498,2545.621,2095.8421
002146.SZ,Q2 FY2020,179.4625,10.1614,4.9824,20.5687,2605.1099,2155.5789
002146.SZ,Q3 FY2020,175.0761,-37.151,3.4711,14.4467,2747.0495,2265.1502
002146.SZ,Q4 FY2020,278.4979,89.8323,6.9429,34.3739,2886.1087,2368.4951
002195.SZ,Q1 FY2016,3.7711,-1.1438,1.7619,0.9365,64.84,2.9676
002195.SZ,Q2 FY2016,4.1935,0.1672,2.2321,1.3841,65.5605,3.2958
002195.SZ,Q3 FY2016,4.5483,1.927,2.1328,1.3426,69.2234,5.5383
002195.SZ,Q4 FY2016,4.903,-0.0602,4.135,2.6852,73.6125,7.1411
002195.SZ,Q1 FY2017,4.205,-0.8567,3.1245,2.0982,77.3842,8.7951
002195.SZ,Q2 FY2017,6.4558,-11.6307,3.5235,2.425,79.9523,7.9637
002195.SZ,Q3 FY2017,8.9869,4.1471,3.6044,2.6489,84.9733,10.183
002195.SZ,Q4 FY2017,12.3542,9.9931,3.1511,2.361,91.7218,13.8548
002195.SZ,Q1 FY2018,4.3915,-3.3152,2.7928,2.169,95.7737,15.3815
002195.SZ,Q2 FY2018,8.7862,-3.8524,4.9449,3.9687,106.3018,24.2235
002195.SZ,Q3 FY2018,11.2524,-0.5154,5.4788,4.6007,112.7149,25.6484
002195.SZ,Q4 FY2018,13.309,5.8974,3.1808,2.9467,117.7575,24.4558
002195.SZ,Q1 FY2019,13.029,11.6834,4.6258,4.8518,120.2978,21.835
002195.SZ,Q2 FY2019,4.9694,3.3499,2.0833,2.1543,116.0284,16.2691
002195.SZ,Q3 FY2019,3.9094,3.5798,0.8604,0.9605,112.6361,11.7675
002195.SZ,Q4 FY2019,2.4999,-2.0473,0.2724,-0.2679,113.8391,11.9892
002195.SZ,Q1 FY2020,3.484,2.0928,1.001,1.023,114.2902,11.5015
002195.SZ,Q2 FY2020,3.0393,1.0915,1.044,1.0723,108.8164,5.8976
002195.SZ,Q3 FY2020,2.9123,6.5917,0.9574,0.9875,110.2258,6.6393
002195.SZ,Q4 FY2020,2.8224,-1.6931,-12.537,-12.2128,99.0816,7.6303
002153.SZ,Q1 FY2016,4.2721,-0.487,1.2489,0.6028,55.5029,7.6154
002153.SZ,Q2 FY2016,6.2159,0.7856,2.5097,1.1989,56.4641,7.7508
002153.SZ,Q3 FY2016,5.9806,1.8151,1.8552,0.9468,59.0272,9.2992
002153.SZ,Q4 FY2016,10.1574,4.0187,2.5384,1.3095,60.5727,9.2945
002153.SZ,Q1 FY2017,5.4851,-0.3986,1.2585,0.6189,61.4861,10.6954
002153.SZ,Q2 FY2017,6.7167,0.6325,2.3669,1.2096,61.3867,9.8107
002153.SZ,Q3 FY2017,7.4459,0.4786,1.8729,0.9801,62.493,10.1598
002153.SZ,Q4 FY2017,9.9642,4.4181,2.6971,1.441,67.8752,13.8679
002153.SZ,Q1 FY2018,5.3108,-0.8748,1.2659,0.689,71.3018,16.7063
002153.SZ,Q2 FY2018,7.2464,1.7503,2.0473,1.394,97.5382,12.0662
002153.SZ,Q3 FY2018,7.3479,1.8786,1.364,1.2692,100.6719,12.2017
002153.SZ,Q4 FY2018,11.0702,2.2393,1.7728,2.0744,102.2826,13.3594
002153.SZ,Q1 FY2019,7.0131,-1.398,0.8751,0.7505,103.4475,13.4017
002153.SZ,Q2 FY2019,8.1511,2.7219,1.6178,1.6326,109.8021,19.2963
002153.SZ,Q3 FY2019,9.2048,-1.1506,1.337,1.2529,107.0456,14.5808
002153.SZ,Q4 FY2019,12.2565,5.1074,0.5388,1.0158,109.0682,15.8547
002153.SZ,Q1 FY2020,5.9991,-2.3885,0.4401,0.3173,107.4047,14.1149
002153.SZ,Q2 FY2020,7.6577,1.7084,0.2325,0.3372,107.2378,13.8575
002153.SZ,Q3 FY2020,8.7142,0.0323,0.3476,0.5029,107.3015,13.3383
002153.SZ,Q4 FY2020,10.8022,2.6872,-1.8213,-1.0467,105.9281,14.3024
002202.SZ,Q1 FY2016,39.8356,-27.8898,2.1868,3.8611,522.9693,345.3423
002202.SZ,Q2 FY2016,69.371,6.8776,6.1488,11.2041,594.5398,407.7888
002202.SZ,Q3 FY2016,60.441,10.344,3.7213,6.9807,614.9863,416.5474
002202.SZ,Q4 FY2016,94.3108,41.6937,4.4103,9.0113,644.3717,437.3837
002202.SZ,Q1 FY2017,35.8389,-22.4325,0.9003,2.0817,618.1265,409.7104
002202.SZ,Q2 FY2017,62.5563,6.9172,4.6754,9.7928,649.5394,436.381
002202.SZ,Q3 FY2017,71.6723,5.2708,5.5052,11.6813,678.2536,454.0622
002202.SZ,Q4 FY2017,81.227,40.479,3.4197,7.9322,727.8784,493.1284
002202.SZ,Q1 FY2018,38.5969,-15.7887,1.0528,2.8391,713.1609,476.0743
002202.SZ,Q2 FY2018,71.6999,-11.0229,5.6282,13.21,748.2093,509.3876
002202.SZ,Q3 FY2018,67.8596,16.2937,3.8016,8.9301,829.7491,574.8524
002202.SZ,Q4 FY2018,109.1498,41.7715,3.273,7.8468,813.6405,548.8893
002202.SZ,Q1 FY2019,53.9575,-21.0385,0.915,2.6152,869.3189,603.8351
002202.SZ,Q2 FY2019,103.3755,-10.6885,3.5066,9.5079,967.9336,657.1749
002202.SZ,Q3 FY2019,90.0169,35.8829,1.3695,3.9406,1030.4672,716.6953
002202.SZ,Q4 FY2019,135.0957,55.132,2.0464,6.2339,1030.5708,708.3284
002202.SZ,Q1 FY2020,54.673,2.2733,2.8795,9.1468,1020.9933,690.4861
002202.SZ,Q2 FY2020,139.5801,14.4132,1.209,3.7474,1025.5827,696.3549
002202.SZ,Q3 FY2020,176.0616,6.5157,2.4606,8.0312,1090.1971,742.4092
002202.SZ,Q4 FY2020,192.3364,30.5721,2.6556,8.7294,1091.3818,741.6489
002230.SZ,Q1 FY2016,6.3289,-1.8214,1.1155,0.6132,86.2332,19.7484
002230.SZ,Q2 FY2016,8.2922,-2.7457,2.8955,1.8687,92.7578,26.1563
002230.SZ,Q3 FY2016,6.7917,1.0662,0.3481,0.2173,93.6038,26.5273
002230.SZ,Q4 FY2016,11.7919,6.494,3.0485,2.2685,104.1394,31.9517
002230.SZ,Q1 FY2017,8.5622,-4.8368,1.0196,0.647,105.8155,29.7747
002230.SZ,Q2 FY2017,12.4614,-2.4747,0.4263,0.364,116.8624,33.3422
002230.SZ,Q3 FY2017,12.8436,0.8374,0.7465,0.7127,122.2074,37.6928
002230.SZ,Q4 FY2017,20.5797,10.1014,3.3303,3.0681,133.4034,53.8782
002230.SZ,Q1 FY2018,13.9777,-6.3182,1.0551,0.8981,131.1807,50.4438
002230.SZ,Q2 FY2018,18.1222,-1.9122,0.6325,0.4525,133.4686,56.1507
002230.SZ,Q3 FY2018,20.7334,1.2958,1.1633,1.0615,139.6497,61.0221
002230.SZ,Q4 FY2018,26.3389,18.416,4.13,3.7677,153.0258,70.9083
002230.SZ,Q1 FY2019,19.5837,-5.3432,1.2624,1.2484,152.6026,68.3047
002230.SZ,Q2 FY2019,22.698,-2.1248,1.046,1.2503,159.6288,70.5579
002230.SZ,Q3 FY2019,23.4493,3.0229,1.8619,2.2721,192.0489,76.5428
002230.SZ,Q4 FY2019,35.0559,19.7599,3.9389,4.66,201.0084,83.66
002230.SZ,Q1 FY2020,14.0882,-7.8401,-1.1569,-1.2488,195.0245,78.5153
002230.SZ,Q2 FY2020,29.4038,-2.5126,3.3844,4.1059,209.362,88.6324
002230.SZ,Q3 FY2020,29.3487,6.5038,2.4936,3.3454,224.9356,100.6927
002230.SZ,Q4 FY2020,57.4058,26.5565,6.5564,8.2153,248.3609,118.6428
002292.SZ,Q1 FY2016,6.5421,2.9547,2.139,75.4668,75.8917,30.5013
002292.SZ,Q2 FY2016,8.6339,286.0316,4.6944,206.4224,79.0159,32.4638
002292.SZ,Q3 FY2016,9.8403,29.4488,3.1426,143.6877,80.7542,32.6489
002292.SZ,Q4 FY2016,8.5903,-132.4841,1.2752,51.5974,83.6621,34.7598
002292.SZ,Q1 FY2017,8.8362,-94.0738,0.9495,41.0202,82.4215,33.1697
002292.SZ,Q2 FY2017,8.9505,213.8961,1.8472,82.3617,87.0168,37.5644
002292.SZ,Q3 FY2017,8.6674,-35.4754,3.6619,183.7616,85.9855,34.9184
002292.SZ,Q4 FY2017,9.9705,67.5477,-4.6098,-238.5888,83.6394,34.532
002292.SZ,Q1 FY2018,7.3934,-2.4236,0.9081,39.004,93.5744,37.6408
002292.SZ,Q2 FY2018,6.555,-97.0558,1.0226,56.2271,85.8308,28.5632
002292.SZ,Q3 FY2018,7.3447,36.3487,-0.5413,-30.2917,85.369,27.7058
002292.SZ,Q4 FY2018,7.1048,136.4159,-35.6634,-1756.6397,66.8681,26.8666
002292.SZ,Q1 FY2019,6.701,79.25,1.5027,59.3563,63.8213,23.5965
002292.SZ,Q2 FY2019,6.8957,78.0987,1.2978,52.1634,61.5255,20.4264
002292.SZ,Q3 FY2019,6.9226,40.4526,0.1905,1.5833,61.3999,20.3345
002292.SZ,Q4 FY2019,6.75,83.0808,0.0397,-9.043,62.4409,21.4997
002292.SZ,Q1 FY2020,4.976,3.1957,-0.9761,-39.7617,60.8384,20.0044
002292.SZ,Q2 FY2020,5.9051,26.3216,-0.2669,-5.2315,61.5184,21.643
002292.SZ,Q3 FY2020,6.7372,4.708,0.0919,3.3717,60.0248,21.0861
002292.SZ,Q4 FY2020,6.0637,90.4919,-11.4013,-408.4153,54.984,22.5355
002252.SZ,Q1 FY2016,4.8688,1.5077,2.8871,3.2202,118.168,7.7614
002252.SZ,Q2 FY2016,5.5175,1.5696,3.035,3.4827,123.9243,11.3702
002252.SZ,Q3 FY2016,5.7814,1.7503,5.0975,5.9544,130.4472,11.8945
002252.SZ,Q4 FY2016,7.0949,1.5546,3.2345,3.8468,132.2563,14.9531
002252.SZ,Q1 FY2017,4.0176,-1.3794,1.8767,2.21,139.5709,19.6242
002252.SZ,Q2 FY2017,4.656,1.8829,4.0073,4.8623,140.211,16.8761
002252.SZ,Q3 FY2017,6.0025,1.6322,1.861,2.3152,141.9719,16.3049
002252.SZ,Q4 FY2017,4.6013,0.5138,-0.8343,-1.068,144.5542,19.7527
002252.SZ,Q1 FY2018,3.1749,-0.6373,-5.6797,-6.91,136.1284,17.8495
002252.SZ,Q2 FY2018,6.4327,1.5217,-1.3499,-1.5946,134.1985,18.3599
002252.SZ,Q3 FY2018,4.4827,1.2967,-3.9289,-4.4479,115.522,4.1614
002252.SZ,Q4 FY2018,3.952,0.4438,-2.051,-2.2794,113.8734,4.9518
002252.SZ,Q1 FY2019,5.8466,1.2182,1.9916,2.178,114.3032,3.2036
002252.SZ,Q2 FY2019,7.1246,2.3202,1.7352,1.9388,116.4503,3.4906
002252.SZ,Q3 FY2019,6.1865,2.7654,1.6962,1.931,118.1123,3.2972
002252.SZ,Q4 FY2019,6.6921,2.4231,0.0169,0.0114,118.5305,3.6195
002252.SZ,Q1 FY2020,7.3188,5.0822,1.701,3.0906,253.9701,3.3768
002252.SZ,Q2 FY2020,5.7743,0.3915,1.5315,3.8481,257.1788,3.3974
002252.SZ,Q3 FY2020,7.2875,1.6785,1.5583,3.9851,261.1205,2.8054
002252.SZ,Q4 FY2020,7.2362,4.5362,0.8956,2.262,254.938,3.6374
002236.SZ,Q1 FY2016,17.8273,-7.1808,3.2875,2.1442,110.406,42.9042
002236.SZ,Q2 FY2016,31.6702,0.5234,7.2116,4.9595,118.8399,45.9075
002236.SZ,Q3 FY2016,30.1889,-1.2734,4.9322,3.5516,129.3207,52.5762
002236.SZ,Q4 FY2016,53.6046,12.6381,9.6166,7.4463,153.664,69.4061
002236.SZ,Q1 FY2017,26.4861,-13.8423,3.4215,2.7602,148.872,61.5814
002236.SZ,Q2 FY2017,48.1605,4.6282,7.911,7.0381,169.9799,78.1959
002236.SZ,Q3 FY2017,42.5863,-2.2029,4.962,4.6408,188.8879,92.3177
002236.SZ,Q4 FY2017,71.2116,20.5592,9.3437,9.3288,213.3348,107.4025
002236.SZ,Q1 FY2018,36.1765,-12.863,2.7835,2.9639,208.8198,99.8242
002236.SZ,Q2 FY2018,61.9639,1.8994,7.2333,7.9238,222.2706,110.8965
002236.SZ,Q3 FY2018,52.1669,-5.7062,4.2968,4.8738,234.152,117.5307
002236.SZ,Q4 FY2018,86.3496,26.2229,8.0256,10.1845,263.506,134.4733
002236.SZ,Q1 FY2019,43.4792,-17.2849,2.4703,3.0542,252.4975,119.6518
002236.SZ,Q2 FY2019,64.5865,8.5802,6.9494,8.9924,274.2753,135.7402
002236.SZ,Q3 FY2019,56.2167,3.3223,4.6119,6.2582,279.2015,135.0663
002236.SZ,Q4 FY2019,97.212,21.3884,8.8051,13.3038,295.6465,135.8848
002236.SZ,Q1 FY2020,35.0156,-11.9052,2.01,3.0913,283.8845,120.7082
002236.SZ,Q2 FY2020,63.3677,10.8359,6.373,10.616,295.5028,121.627
002236.SZ,Q3 FY2020,63.2788,13.7488,8.1988,14.4795,325.55,136.4242
002236.SZ,Q4 FY2020,102.9976,31.3358,5.6275,11.1656,365.9503,163.9139
002241.SZ,Q1 FY2016,26.8876,0.4995,2.0737,1.9421,181.8912,84.7613
002241.SZ,Q2 FY2016,38.5634,3.9253,2.862,2.6857,202.9019,104.8524
002241.SZ,Q3 FY2016,60.5977,-0.3815,5.6174,5.5078,233.7734,130.2547
002241.SZ,Q4 FY2016,66.8294,18.649,5.821,5.9538,229.1209,120.6366
002241.SZ,Q1 FY2017,45.2592,3.5702,2.7111,2.8795,235.1491,123.017
002241.SZ,Q2 FY2017,54.4801,11.5505,3.3697,4.1861,248.4588,111.6442
002241.SZ,Q3 FY2017,72.8611,-1.5875,4.7714,6.6351,261.3674,119.0202
002241.SZ,Q4 FY2017,82.7669,21.7768,5.174,7.3668,265.7059,116.5312
002241.SZ,Q1 FY2018,40.4574,7.4237,1.2272,1.8109,249.1777,98.4573
002241.SZ,Q2 FY2018,43.8062,1.956,1.7372,2.5183,263.1349,113.1792
002241.SZ,Q3 FY2018,70.215,-3.649,2.7047,4.1018,300.3442,146.2428
002241.SZ,Q4 FY2018,83.0272,17.0334,0.0753,0.0138,297.4246,145.5271
002241.SZ,Q1 FY2019,57.0549,5.235,1.3272,2.0336,287.885,133.7644
002241.SZ,Q2 FY2019,78.703,15.1166,2.0785,3.1998,309.2478,155.1355
002241.SZ,Q3 FY2019,105.5861,10.7329,2.944,4.6122,335.085,176.1298
002241.SZ,Q4 FY2019,110.134,23.4298,1.8463,2.9457,346.603,185.311
002241.SZ,Q1 FY2020,64.7402,3.9837,1.8368,2.9409,342.4668,183.0597
002241.SZ,Q2 FY2020,90.99,4.9972,2.9972,4.867,410.1951,244.4414
002241.SZ,Q3 FY2020,191.5733,18.097,7.179,12.3541,498.7362,319.8311
002241.SZ,Q4 FY2020,230.1239,49.7446,4.4329,8.3568,491.1783,293.8416
002294.SZ,Q1 FY2016,9.1516,3.0702,7.5048,3.5761,57.5239,6.9987
002294.SZ,Q2 FY2016,9.7662,3.6815,7.0087,3.3491,57.9089,10.3052
002294.SZ,Q3 FY2016,9.3752,4.4065,7.1496,3.4356,61.9439,10.721
002294.SZ,Q4 FY2016,10.042,3.1899,6.8876,3.5396,65.3414,10.7407
002294.SZ,Q1 FY2017,9.7221,4.2954,6.7846,3.7268,68.4302,10.1101
002294.SZ,Q2 FY2017,10.6247,3.1753,6.3834,3.5073,61.0567,6.5795
002294.SZ,Q3 FY2017,10.6739,3.3975,6.5688,3.6025,65.1551,7.0961
002294.SZ,Q4 FY2017,10.5171,3.7091,6.0808,3.5322,68.6438,7.0586
002294.SZ,Q1 FY2018,11.2639,3.0827,6.6356,4.1146,71.6901,6.0225
002294.SZ,Q2 FY2018,11.4071,2.6085,6.0047,3.7667,66.5943,5.5123
002294.SZ,Q3 FY2018,12.6801,5.5441,5.8235,3.5919,75.7671,10.5975
002294.SZ,Q4 FY2018,11.1677,2.1713,4.7304,3.0726,79.048,10.336
002294.SZ,Q1 FY2019,11.8851,4.4254,4.7142,3.2002,81.0306,9.119
002294.SZ,Q2 FY2019,11.6751,3.846,4.6277,3.102,76.774,10.1237
002294.SZ,Q3 FY2019,12.0816,4.3519,1.298,0.603,78.4294,11.1479
002294.SZ,Q4 FY2019,9.0629,2.4431,-0.0267,-0.0867,77.333,10.6692
002294.SZ,Q1 FY2020,8.6604,6.1573,2.3097,1.4922,80.2597,13.4298
002294.SZ,Q2 FY2020,6.6974,4.7895,0.7602,0.4319,72.827,14.6815
002294.SZ,Q3 FY2020,5.9843,0.6891,1.23,0.6894,71.357,12.6827
002294.SZ,Q4 FY2020,6.0435,2.1073,-3.658,-2.1122,69.185,13.2684
002353.SZ,Q1 FY2016,5.8463,0.0848,0.7397,52.2699,103.2065,22.754
002353.SZ,Q2 FY2016,7.5146,1.6781,0.6318,44.9498,101.2935,20.7829
002353.SZ,Q3 FY2016,5.2238,0.174,-0.0299,0.586,101.1739,20.7864
002353.SZ,Q4 FY2016,9.7536,1.5272,0.2014,22.0917,100.587,19.9379
002353.SZ,Q1 FY2017,6.2516,-0.0133,0.2941,24.8234,100.9451,20.0149
002353.SZ,Q2 FY2017,6.7459,1.7104,0.0918,7.7585,102.2856,21.6144
002353.SZ,Q3 FY2017,7.4878,1.0236,0.2338,18.2536,100.5824,19.4789
002353.SZ,Q4 FY2017,11.3854,1.7189,0.2398,24.8876,103.777,21.9115
002353.SZ,Q1 FY2018,7.7628,0.7928,0.4218,36.7299,104.5303,22.6463
002353.SZ,Q2 FY2018,9.4569,-1.3129,1.9067,155.5376,107.7557,25.461
002353.SZ,Q3 FY2018,11.7729,-0.5491,2.1836,184.0279,113.6041,29.1921
002353.SZ,Q4 FY2018,16.8983,1.5163,3.039,259.1338,119.1695,32.5088
002353.SZ,Q1 FY2019,10.1166,-5.1188,1.3006,116.3128,123.8033,35.9358
002353.SZ,Q2 FY2019,15.6678,-4.0147,4.482,394.8189,133.4016,42.2144
002353.SZ,Q3 FY2019,16.6207,0.0481,4.4649,409.066,143.7185,48.3343
002353.SZ,Q4 FY2019,26.8491,11.4169,4.7858,472.1584,165.194,64.7944
002353.SZ,Q1 FY2020,13.5404,-6.1946,2.2736,224.751,164.2365,63.06
002353.SZ,Q2 FY2020,19.6345,0.6498,4.6591,476.035,176.1335,71.8131
002353.SZ,Q3 FY2020,21.0672,-4.5019,4.1217,429.6405,179.1566,71.2072
002353.SZ,Q4 FY2020,28.7075,13.1931,5.3321,591.6485,188.1032,74.3643
002385.SZ,Q1 FY2016,32.7661,-5.3713,1.583,1.4193,134.8793,40.7862
002385.SZ,Q2 FY2016,41.1014,3.2582,2.6271,2.3417,143.1999,48.0426
002385.SZ,Q3 FY2016,44.3602,1.3902,2.559,2.2132,147.9687,51.8051
002385.SZ,Q4 FY2016,50.1816,7.1468,3.1578,3.3841,152.5818,52.3001
002385.SZ,Q1 FY2017,39.5961,-5.8824,2.0736,2.1575,155.3265,55.4704
002385.SZ,Q2 FY2017,44.2518,1.9228,3.5612,3.3217,157.2734,55.9303
002385.SZ,Q3 FY2017,50.0045,3.3833,3.2999,3.1419,168.8616,64.205
002385.SZ,Q4 FY2017,53.565,7.7265,4.2745,4.5602,192.5782,74.9057
002385.SZ,Q1 FY2018,46.0139,-7.3603,1.7528,1.9929,191.9763,71.9418
002385.SZ,Q2 FY2018,44.7199,1.3877,-0.7552,-1.147,189.9348,80.4267
002385.SZ,Q3 FY2018,51.4487,8.8955,3.3703,3.3562,195.1049,85.0396
002385.SZ,Q4 FY2018,50.8383,7.7517,0.6695,0.6576,180.9572,73.8137
002385.SZ,Q1 FY2019,40.5749,-2.3447,-0.3976,-0.5444,174.7413,67.8978
002385.SZ,Q2 FY2019,40.8466,2.4193,0.737,0.724,181.6668,68.6963
002385.SZ,Q3 FY2019,40.8133,7.9907,2.6844,3.0592,183.6967,68.3921
002385.SZ,Q4 FY2019,43.5443,9.8057,2.0949,2.9697,189.0415,74.4093
002385.SZ,Q1 FY2020,40.812,-0.7505,4.5167,5.6995,203.3192,82.8127
002385.SZ,Q2 FY2020,49.1053,5.9394,4.1709,5.6673,209.8451,94.1301
002385.SZ,Q3 FY2020,62.7473,6.7345,5.748,7.9458,226.3811,101.952
002385.SZ,Q4 FY2020,75.4741,6.6409,4.3871,6.4202,240.4175,110.0491
002304.SZ,Q1 FY2016,68.4301,25.1611,10.1634,24.5605,355.952,101.9766
002304.SZ,Q2 FY2016,33.5059,3.2784,3.9469,9.6339,324.145,87.6415
002304.SZ,Q3 FY2016,44.7348,26.6651,5.8111,14.0329,353.4021,102.8637
002304.SZ,Q4 FY2016,25.1603,18.9459,3.8657,9.8219,388.0406,127.6708
002304.SZ,Q1 FY2017,75.8858,11.7037,10.0019,27.3762,388.2349,100.445
002304.SZ,Q2 FY2017,39.4191,-2.9404,4.1923,11.625,360.6759,92.9193
002304.SZ,Q3 FY2017,53.4783,34.1305,6.0558,16.7319,395.5368,111.0488
002304.SZ,Q4 FY2017,30.3962,25.9378,3.6062,10.4548,432.5814,137.6327
002304.SZ,Q1 FY2018,95.3759,18.9176,11.1235,34.7592,443.6392,114.1558
002304.SZ,Q2 FY2018,50.0499,-2.3299,4.8147,15.2954,413.0439,107.4293
002304.SZ,Q3 FY2018,64.2308,42.1571,6.437,20.3409,451.7847,125.8939
002304.SZ,Q4 FY2018,31.9414,31.8228,3.2495,10.7578,495.6377,159.3925
002304.SZ,Q1 FY2019,108.8963,1.2297,11.2517,40.2517,496.9116,118.8232
002304.SZ,Q2 FY2019,51.0895,-6.3303,4.3039,15.5972,452.859,105.9241
002304.SZ,Q3 FY2019,50.9915,22.2945,4.4083,15.6741,462.9693,100.3688
002304.SZ,Q4 FY2019,20.2874,50.7851,0.6498,2.3378,534.5504,169.6349
002304.SZ,Q1 FY2020,92.6817,-3.2887,10.4611,40.0345,520.9617,121.0606
002304.SZ,Q2 FY2020,41.6034,-24.0451,3.6449,13.9833,460.7796,93.5165
002304.SZ,Q3 FY2020,54.8513,22.8933,4.7641,17.8683,479.0324,97.3196
002304.SZ,Q4 FY2020,21.8742,44.2284,0.7735,2.9599,538.6626,153.9661
002399.SZ,Q1 FY2016,6.7132,57.3068,2.3011,1.9207,116.0216,32.2627
002399.SZ,Q2 FY2016,5.1855,65.5513,0.806,0.6348,114.9515,35.6991
002399.SZ,Q3 FY2016,4.5323,163.4814,0.5406,0.4219,116.7081,35.994
002399.SZ,Q4 FY2016,6.1784,59.7328,1.1667,0.8838,129.1359,48.2505
002399.SZ,Q1 FY2017,4.5564,-63.0508,-0.1513,-0.1455,129.6809,48.5423
002399.SZ,Q2 FY2017,5.944,-109.8795,0.2517,0.1576,127.7713,51.4312
002399.SZ,Q3 FY2017,7.3823,-214.539,0.5993,0.431,131.2358,54.7716
002399.SZ,Q4 FY2017,8.8194,-19.6476,1.0423,0.7388,142.0886,61.5509
002399.SZ,Q1 FY2018,7.9806,-48.226,0.5572,0.3193,130.2121,54.336
002399.SZ,Q2 FY2018,12.0629,124.0197,2.3418,1.6951,131.9731,54.7531
002399.SZ,Q3 FY2018,11.2369,418.462,3.0692,2.0243,135.4126,76.2154
002399.SZ,Q4 FY2018,14.8296,173.6136,2.7774,1.6324,138.4428,75.6795
002399.SZ,Q1 FY2019,10.2312,-138.1806,7.9961,4.9455,134.4322,67.0323
002399.SZ,Q2 FY2019,11.0576,-48.2474,0.5973,0.3863,140.1225,73.1804
002399.SZ,Q3 FY2019,10.1015,34.9729,1.8635,1.234,148.0744,78.4793
002399.SZ,Q4 FY2019,14.8563,-76.1466,5.4729,3.8697,153.5195,78.8007
002399.SZ,Q1 FY2020,14.0231,-218.0591,3.4024,2.5466,160.5179,81.9271
002399.SZ,Q2 FY2020,12.5689,-27.4891,4.2274,3.2461,165.851,87.1078
002399.SZ,Q3 FY2020,8.8328,115.6971,1.3423,1.2716,185.1274,71.4143
002399.SZ,Q4 FY2020,17.896,167.1347,2.7661,3.1521,190.259,73.3691
002410.SZ,Q1 FY2016,2.3837,-1.4259,1.5525,0.4335,29.9476,1.8708
002410.SZ,Q2 FY2016,7.8229,-0.0977,4.0015,1.158,28.309,1.9899
002410.SZ,Q3 FY2016,12.5713,0.9832,8.3531,2.4047,29.7109,2.2058
002410.SZ,Q4 FY2016,20.2955,5.1823,14.848,4.3754,44.9109,14.6956
002410.SZ,Q1 FY2017,3.1086,-1.202,1.835,0.5277,44.3148,13.5893
002410.SZ,Q2 FY2017,9.0061,-0.7755,4.9631,1.4472,41.9964,13.6444
002410.SZ,Q3 FY2017,14.094,0.348,9.7803,3.0366,43.3541,13.4779
002410.SZ,Q4 FY2017,23.3973,5.9558,15.6276,4.9406,48.8716,17.1047
002410.SZ,Q1 FY2018,3.328,-2.8594,1.8253,0.5283,48.1064,15.9647
002410.SZ,Q2 FY2018,10.5509,-2.7789,4.8982,1.3401,46.3475,16.6291
002410.SZ,Q3 FY2018,17.7801,-1.6877,9.4861,2.8767,50.0095,18.4443
002410.SZ,Q4 FY2018,28.6156,4.527,13.9919,4.3269,56.0575,23.2374
002410.SZ,Q1 FY2019,4.5732,-2.3829,1.7208,0.6432,54.5022,21.0504
002410.SZ,Q2 FY2019,13.4798,-1.554,2.8792,0.9678,56.2255,25.1932
002410.SZ,Q3 FY2019,21.8301,-1.5201,5.0348,1.7273,63.4781,31.4801
002410.SZ,Q4 FY2019,34.6415,6.4092,7.2759,2.5458,61.6732,28.1822
002410.SZ,Q1 FY2020,5.4795,-0.1908,1.5902,0.5965,59.3378,24.5428
002410.SZ,Q2 FY2020,15.7924,5.8965,2.7846,1.5097,86.3998,24.866
002410.SZ,Q3 FY2020,25.4481,10.2369,5.0799,2.6039,80.5323,21.8256
002410.SZ,Q4 FY2020,39.4708,18.7613,6.8322,3.8137,95.471,29.8929
002375.SZ,Q1 FY2016,19.056,-10.1407,1.499,104.0029,170.3254,97.1363
002375.SZ,Q2 FY2016,21.3396,2.212,0.7718,58.7575,171.5101,98.6462
002375.SZ,Q3 FY2016,19.3866,-0.6254,1.5292,116.4216,170.4314,96.4033
002375.SZ,Q4 FY2016,29.5864,10.0967,0.7259,58.6868,187.2378,112.5908
002375.SZ,Q1 FY2017,16.0433,-8.8308,1.0265,76.5376,177.0353,101.6229
002375.SZ,Q2 FY2017,24.5381,2.9723,1.4247,104.6155,189.1887,113.2227
002375.SZ,Q3 FY2017,21.8169,-0.96,1.6849,128.2817,185.0148,107.8456
002375.SZ,Q4 FY2017,28.2896,8.4067,0.7507,60.7801,199.3587,121.4976
002375.SZ,Q1 FY2018,18.6946,-8.6496,1.0996,80.4553,187.5979,108.8902
002375.SZ,Q2 FY2018,23.4085,0.5186,1.5625,125.5792,199.2598,119.6364
002375.SZ,Q3 FY2018,23.0606,-2.8386,1.4328,113.292,201.3126,120.5564
002375.SZ,Q4 FY2018,26.8311,9.6864,0.727,54.0512,209.1602,127.9432
002375.SZ,Q1 FY2019,19.6854,-6.455,1.0668,82.8749,195.1779,115.2819
002375.SZ,Q2 FY2019,27.5744,2.4347,1.3274,108.5923,208.4342,127.9444
002375.SZ,Q3 FY2019,27.8663,-2.6778,1.4156,118.3581,207.9095,126.2366
002375.SZ,Q4 FY2019,32.7303,10.9837,1.6041,132.4447,216.3013,133.6168
002375.SZ,Q1 FY2020,14.7693,-10.4326,0.6848,52.1779,205.0778,121.971
002375.SZ,Q2 FY2020,24.0402,-0.1669,0.8271,73.1907,206.0666,122.6592
002375.SZ,Q3 FY2020,30.651,1.4771,1.5176,130.641,208.33,123.6163
002375.SZ,Q4 FY2020,38.413,14.6643,0.8702,75.6248,222.8049,137.0127
002422.SZ,Q1 FY2016,20.0433,5.3413,1.8659,2.1692,236.3885,122.881
002422.SZ,Q2 FY2016,20.9208,4.0326,1.5795,1.934,238.5541,124.8656
002422.SZ,Q3 FY2016,21.5646,5.5065,1.3347,1.645,237.9785,122.7641
002422.SZ,Q4 FY2016,23.1307,2.3736,0.4144,0.4951,234.0988,119.4353
002422.SZ,Q1 FY2017,24.342,2.0704,1.6675,2.2446,255.8553,136.7128
002422.SZ,Q2 FY2017,25.0778,4.9759,0.5425,0.762,248.5504,130.6501
002422.SZ,Q3 FY2017,29.6825,1.3907,1.1068,1.4058,270.1952,149.3102
002422.SZ,Q4 FY2017,35.2472,2.5881,3.053,3.6984,279.8816,160.0571
002422.SZ,Q1 FY2018,39.3209,7.3954,3.2036,4.1473,286.353,163.5361
002422.SZ,Q2 FY2018,38.6033,3.7021,3.1567,3.9876,282.5344,154.4302
002422.SZ,Q3 FY2018,44.3936,7.892,1.9721,2.5913,290.6522,162.3878
002422.SZ,Q4 FY2018,41.2,10.5456,1.4921,1.9487,293.6088,163.9676
002422.SZ,Q1 FY2019,42.8783,5.4259,2.6072,3.6176,298.1192,166.1146
002422.SZ,Q2 FY2019,46.3437,9.5759,3.0035,4.1093,302.6356,169.2281
002422.SZ,Q3 FY2019,40.3575,6.0127,1.401,2.0417,298.9857,162.9767
002422.SZ,Q4 FY2019,46.7832,1.1529,0.1774,0.4467,314.8537,175.7933
002422.SZ,Q1 FY2020,35.3762,-1.4978,0.1664,0.3111,325.763,187.4945
002422.SZ,Q2 FY2020,36.9376,10.4085,1.3914,1.7931,308.9729,174.8875
002422.SZ,Q3 FY2020,44.3197,3.5501,2.2998,3.1811,320.4164,181.6858
002422.SZ,Q4 FY2020,48.0085,9.733,2.4669,2.6295,319.8335,179.8018
002415.SZ,Q1 FY2016,51.9971,-14.3211,5.7643,11.4052,311.5624,106.8657
002415.SZ,Q2 FY2016,73.4849,18.2992,7.4026,14.6968,319.5834,127.9768
002415.SZ,Q3 FY2016,85.8827,15.5621,11.0521,22.3814,364.9432,148.5503
002415.SZ,Q4 FY2016,107.8755,42.5968,11.2395,25.7193,413.3901,168.5233
002415.SZ,Q1 FY2017,70.4372,-30.3465,5.9124,14.8041,426.5782,166.5797
002415.SZ,Q2 FY2017,94.0382,10.9185,7.2651,17.9552,415.2493,172.881
002415.SZ,Q3 FY2017,112.822,20.3865,11.2275,28.4519,443.0441,171.3395
002415.SZ,Q4 FY2017,141.7573,72.7731,11.3752,32.5638,515.7096,209.6684
002415.SZ,Q1 FY2018,93.6483,-38.5606,5.8029,17.8229,502.0826,177.652
002415.SZ,Q2 FY2018,115.1093,22.3487,7.4913,23.253,500.1971,197.8693
002415.SZ,Q3 FY2018,129.2693,42.6746,10.2632,32.401,549.329,213.5204
002415.SZ,Q4 FY2018,160.3444,64.6774,11.1658,40.34,634.8435,255.2022
002415.SZ,Q1 FY2019,99.4245,-30.382,3.9996,15.1793,605.4776,209.6198
002415.SZ,Q2 FY2019,139.8082,26.0713,7.0786,27.0584,643.449,274.1253
002415.SZ,Q3 FY2019,159.1564,5.5538,9.9034,38.7033,682.8883,272.74
002415.SZ,Q4 FY2019,178.1919,76.434,10.2814,43.7109,753.58,298.8514
002415.SZ,Q1 FY2020,94.289,-39.8205,3.2779,15.534,730.8391,260.9499
002415.SZ,Q2 FY2020,148.4226,40.5201,6.9578,31.1347,719.3832,276.9197
002415.SZ,Q3 FY2020,177.5004,54.6465,8.3558,39.1033,792.1673,308.624
002415.SZ,Q4 FY2020,214.8226,105.5354,9.7378,51.0112,887.0168,342.2194
002450.SZ,Q1 FY2016,20.076,2.2276,6.1628,3.9876,193.2536,96.7413
002450.SZ,Q2 FY2016,24.9157,0.3936,5.0833,4.9904,197.5585,97.1275
002450.SZ,Q3 FY2016,26.1295,0.7407,3.8936,4.8799,252.9296,102.6992
002450.SZ,Q4 FY2016,-42.8756,-34.3523,-30.1549,-31.6791,166.966,106.5657
002450.SZ,Q1 FY2017,27.0024,11.4138,4.889,5.4158,282.6052,121.0676
002450.SZ,Q2 FY2017,33.5051,6.183,4.3522,7.1396,311.5359,144.7895
002450.SZ,Q3 FY2017,33.9988,4.9069,3.6707,6.2531,337.585,163.6687
002450.SZ,Q4 FY2017,-68.9083,-27.1308,-41.552,-43.3899,198.0597,162.73
002450.SZ,Q1 FY2018,35.5036,3.0043,6.4207,7.1643,356.776,168.9379
002450.SZ,Q2 FY2018,36.9022,3.3547,4.165,7.9876,366.7962,171.0816
002450.SZ,Q3 FY2018,35.9417,14.3777,3.4794,6.8927,367.1996,166.9335
002450.SZ,Q4 FY2018,-81.0943,-54.8315,-43.4054,-45.5891,164.7952,154.588
002450.SZ,Q1 FY2019,5.3727,0.0881,-3.2488,-3.0524,331.2312,152.6701
002450.SZ,Q2 FY2019,3.0543,-1.865,-2.055,-3.6309,326.331,151.3691
002450.SZ,Q3 FY2019,3.2073,-3.8151,-1.7282,-2.9968,323.6813,151.8129
002450.SZ,Q4 FY2019,3.1605,-3.0937,-112.8839,-62.0443,90.2888,152.002
002450.SZ,Q1 FY2020,2.237,-0.7114,,-2.1482,89.9003,153.8295
002450.SZ,Q2 FY2020,2.317,0.2196,,-3.4984,87.2145,154.6445
002450.SZ,Q3 FY2020,3.3244,0.158,,-3.3871,87.1048,157.7876
002450.SZ,Q4 FY2020,3.194,0.4463,,-23.035,81.0109,174.5435
002456.SZ,Q1 FY2016,42.0992,5.5658,2.0472,1.2522,159.7157,95.7166
002456.SZ,Q2 FY2016,68.0478,-2.2255,3.8902,2.4245,199.1447,135.6859
002456.SZ,Q3 FY2016,79.8978,-0.9152,3.0268,1.9762,216.0265,147.7072
002456.SZ,Q4 FY2016,77.4194,5.6818,2.0472,1.5165,234.3418,153.9364
002456.SZ,Q1 FY2017,61.9254,-4.8746,2.3409,1.9056,251.5619,169.1404
002456.SZ,Q2 FY2017,89.2828,-5.8877,5.1103,4.295,292.8461,207.1362
002456.SZ,Q3 FY2017,93.3626,0.391,4.5828,4.007,312.8682,223.1851
002456.SZ,Q4 FY2017,93.3395,13.6646,-2.2062,-1.9988,308.3825,216.4986
002456.SZ,Q1 FY2018,75.5833,-8.1807,3.1912,2.9513,326.5024,231.6119
002456.SZ,Q2 FY2018,106.9793,9.4715,4.6801,4.4729,390.6413,292.1381
002456.SZ,Q3 FY2018,128.9019,1.0199,6.2607,6.3071,399.5545,293.8982
002456.SZ,Q4 FY2018,118.9637,4.1343,-19.8933,-19.0317,379.6311,292.6126
002456.SZ,Q1 FY2019,106.5585,1.0866,-3.0302,-2.5961,391.8887,307.3591
002456.SZ,Q2 FY2019,129.3249,12.3739,3.2687,2.9612,422.6154,331.063
002456.SZ,Q3 FY2019,143.0605,17.9761,1.8361,1.4779,417.0251,324.5809
002456.SZ,Q4 FY2019,140.7973,1.1271,3.6189,3.3171,405.5953,295.8169
002456.SZ,Q1 FY2020,97.6544,6.1682,1.4777,1.4323,397.2868,286.0502
002456.SZ,Q2 FY2020,136.9907,10.2025,3.698,3.8871,421.938,307.1414
002456.SZ,Q3 FY2020,135.9499,7.0964,2.3647,2.9403,393.1708,276.5166
002456.SZ,Q4 FY2020,112.902,16.849,-30.5677,-26.7965,342.2706,252.2951
002470.SZ,Q1 FY2016,46.4039,-0.921,4.9507,4.0734,124.4127,38.8081
002470.SZ,Q2 FY2016,59.2463,6.6258,4.3538,3.7908,153.1357,57.1275
002470.SZ,Q3 FY2016,68.5173,12.7373,3.926,3.516,153.5236,53.8612
002470.SZ,Q4 FY2016,-71.5329,-18.3476,-13.7348,-13.3841,137.764,53.0529
002470.SZ,Q1 FY2017,57.1325,2.4151,4.842,5.1719,173.8936,71.7523
002470.SZ,Q2 FY2017,67.6134,19.2302,4.0201,4.5639,211.0407,92.3694
002470.SZ,Q3 FY2017,64.4327,-8.9615,1.1866,0.6624,205.3058,85.5238
002470.SZ,Q4 FY2017,-52.1725,2.2184,-7.3647,-7.045,180.2035,79.2246
002470.SZ,Q1 FY2018,68.7389,-6.9438,5.9883,6.1403,210.8679,84.1836
002470.SZ,Q2 FY2018,68.9619,3.2122,3.0864,3.7393,205.7356,77.6894
002470.SZ,Q3 FY2018,74.8262,5.7901,1.1703,0.8589,209.3819,88.267
002470.SZ,Q4 FY2018,-57.7349,-17.4344,-6.23,-6.3813,218.3942,110.3804
002470.SZ,Q1 FY2019,43.8938,-13.8587,2.8284,2.6161,267.9522,140.5391
002470.SZ,Q2 FY2019,33.876,8.5397,1.4354,1.4048,252.1655,123.1083
002470.SZ,Q3 FY2019,33.5614,0.7208,0.514,0.3345,222.8138,93.4675
002470.SZ,Q4 FY2019,1.7575,-6.3928,-14.1908,-13.3964,209.2713,110.6924
002470.SZ,Q1 FY2020,25.9178,-7.9654,0.2961,0.3298,218.2201,119.46
002470.SZ,Q2 FY2020,29.9458,3.2366,0.0555,0.136,215.9913,117.5317
002470.SZ,Q3 FY2020,21.0844,-0.584,-3.5816,-3.4521,204.6255,109.6108
002470.SZ,Q4 FY2020,16.6019,-8.3438,-40.9194,-28.7556,162.3475,115.4791
002465.SZ,Q1 FY2016,6.0048,-3.4393,0.4141,0.3613,98.6872,28.8401
002465.SZ,Q2 FY2016,9.9579,-2.67,2.6127,1.9041,96.544,28.4052
002465.SZ,Q3 FY2016,7.9833,-2.8593,0.8795,0.7064,98.0125,29.3733
002465.SZ,Q4 FY2016,17.2413,5.6773,4.2689,3.1068,109.1014,37.0479
002465.SZ,Q1 FY2017,7.4427,-4.7074,0.2722,0.2661,107.2966,32.3799
002465.SZ,Q2 FY2017,9.2223,0.0732,1.6142,1.2637,119.0505,34.8953
002465.SZ,Q3 FY2017,5.9052,0.1261,0.4905,0.2975,115.9841,31.3441
002465.SZ,Q4 FY2017,10.9505,6.2673,1.433,1.5836,118.3457,32.572
002465.SZ,Q1 FY2018,7.6249,-1.8502,0.3271,0.1479,115.8585,29.9616
002465.SZ,Q2 FY2018,10.6438,0.6844,1.9636,1.6517,112.6988,26.6807
002465.SZ,Q3 FY2018,7.4021,-0.1,0.833,0.669,115.5448,29.0939
002465.SZ,Q4 FY2018,15.0271,7.5559,2.092,1.9975,115.2246,26.7426
002465.SZ,Q1 FY2019,7.5487,-2.5887,0.3683,0.2348,113.852,25.1067
002465.SZ,Q2 FY2019,12.2067,-1.526,2.2816,2.0558,113.8877,26.2156
002465.SZ,Q3 FY2019,8.699,-0.0784,1.0497,0.9194,115.6207,26.959
002465.SZ,Q4 FY2019,17.6167,6.5576,2.3097,2.3788,130.767,30.3429
002465.SZ,Q1 FY2020,7.8561,-1.7131,0.3279,0.2136,128.9322,28.3436
002465.SZ,Q2 FY2020,13.18,1.4394,1.9024,1.9123,131.5951,31.8823
002465.SZ,Q3 FY2020,9.9872,2.2289,1.2226,1.2189,133.4632,32.5315
002465.SZ,Q4 FY2020,20.1974,12.4894,2.6065,2.4801,140.3134,35.4947
002500.SZ,Q1 FY2016,3.7311,-43.3621,0.4087,0.6312,447.9726,317.6647
002500.SZ,Q2 FY2016,5.6035,23.7977,1.0708,1.4822,474.4039,348.5364
002500.SZ,Q3 FY2016,6.5763,-8.4428,1.1861,1.4581,461.1426,333.7084
002500.SZ,Q4 FY2016,7.5454,18.8745,1.1777,1.7043,480.5768,350.2777
002500.SZ,Q1 FY2017,8.4011,36.2192,1.1351,1.5722,508.7905,376.9421
002500.SZ,Q2 FY2017,12.5889,-19.5232,0.7844,1.0289,504.0947,373.8738
002500.SZ,Q3 FY2017,13.0154,-17.293,1.1481,1.5381,526.7786,393.9152
002500.SZ,Q4 FY2017,9.9245,-5.3233,0.238,0.2847,516.5085,383.8725
002500.SZ,Q1 FY2018,13.2876,-11.8106,0.7009,0.834,588.7315,456.0415
002500.SZ,Q2 FY2018,16.5169,-1.0507,0.1805,0.1182,565.6354,435.1729
002500.SZ,Q3 FY2018,13.7034,-8.4935,0.0467,0.0492,500.6815,369.9343
002500.SZ,Q4 FY2018,25.0035,-16.4992,0.8516,1.191,572.4461,442.4775
002500.SZ,Q1 FY2019,14.4268,26.1375,2.064,2.5389,621.1796,489.8929
002500.SZ,Q2 FY2019,16.9359,12.5804,1.3532,1.721,602.5307,471.6162
002500.SZ,Q3 FY2019,12.1516,-13.1645,0.6336,0.8434,579.5074,447.2445
002500.SZ,Q4 FY2019,7.5075,14.029,0.0166,0.096,556.9578,424.8004
002500.SZ,Q1 FY2020,8.5851,-1.9812,1.717,2.173,622.6621,488.0401
002500.SZ,Q2 FY2020,9.0545,24.1942,1.9357,2.7922,652.3712,480.4092
002500.SZ,Q3 FY2020,9.3876,-43.9968,1.2621,2.4878,676.1122,501.8917
002500.SZ,Q4 FY2020,6.3925,7.1927,0.2034,0.1701,624.5205,450.0061
002475.SZ,Q1 FY2016,20.9658,4.525,3.5376,1.972,115.0071,54.0152
002475.SZ,Q2 FY2016,26.5589,0.2074,3.4858,2.0382,126.94,64.8034
002475.SZ,Q3 FY2016,36.639,-2.235,3.383,2.8439,200.6204,84.7917
002475.SZ,Q4 FY2016,53.4623,10.6026,4.3346,4.9666,209.5481,88.249
002475.SZ,Q1 FY2017,39.3253,2.7597,2.6395,3.0061,203.3244,78.7268
002475.SZ,Q2 FY2017,43.5433,0.9201,3.2368,3.8197,217.3417,88.9713
002475.SZ,Q3 FY2017,56.1164,-2.6692,3.324,4.0093,241.7419,111.9774
002475.SZ,Q4 FY2017,89.276,0.6778,4.8535,6.6426,268.8588,129.6099
002475.SZ,Q1 FY2018,54.036,18.6161,2.5288,3.2085,265.023,120.4395
002475.SZ,Q2 FY2018,66.2213,2.8073,3.6305,4.6612,288.1445,140.0882
002475.SZ,Q3 FY2018,101.0549,-0.6796,5.9053,8.6039,347.4266,192.9261
002475.SZ,Q4 FY2018,137.1874,10.6793,7.1318,11.6598,364.4144,197.666
002475.SZ,Q1 FY2019,90.187,13.0053,3.8982,6.3463,367.7971,194.7711
002475.SZ,Q2 FY2019,124.2203,28.8787,5.3883,9.1864,387.0066,206.9671
002475.SZ,Q3 FY2019,163.954,19.2258,7.9036,14.7171,456.511,259.873
002475.SZ,Q4 FY2019,246.8018,13.5501,9.4618,19.0244,493.7791,276.2821
002475.SZ,Q1 FY2020,165.1328,13.1917,4.6831,10.2585,532.8526,300.9248
002475.SZ,Q2 FY2020,199.3834,18.6277,7.0078,15.9599,536.8072,292.6656
002475.SZ,Q3 FY2020,230.7649,-4.4188,8.979,22.0555,657.767,391.6025
002475.SZ,Q4 FY2020,329.7314,41.3315,9.5996,26.6362,700.1275,391.0615
002594.SZ,Q1 FY2016,202.8525,-12.5334,2.6018,8.9765,1122.0555,753.2221
002594.SZ,Q2 FY2016,246.6432,-1.7515,4.1484,15.7142,1217.3484,829.4776
002594.SZ,Q3 FY2016,278.4823,-14.0044,3.2892,15.0258,1339.2431,792.9252
002594.SZ,Q4 FY2016,306.7221,9.8337,2.7263,15.0836,1450.7078,896.6142
002594.SZ,Q1 FY2017,210.4614,-24.1831,1.1734,7.8137,1463.2611,899.9324
002594.SZ,Q2 FY2017,239.915,-10.5194,2.1355,13.838,1537.3497,965.6594
002594.SZ,Q3 FY2017,288.9526,41.6626,2.0023,12.9672,1647.2754,1058.5181
002594.SZ,Q4 FY2017,319.8181,56.7188,2.3372,14.5506,1780.9943,1181.4194
002594.SZ,Q1 FY2018,247.3757,-2.1795,0.1862,2.6414,1820.9554,1219.447
002594.SZ,Q2 FY2018,294.1337,-13.8863,0.6895,6.1022,1912.9683,1319.2987
002594.SZ,Q3 FY2018,348.304,82.5693,1.9281,12.7179,1921.0839,1322.6326
002594.SZ,Q4 FY2018,410.7338,58.7256,2.2851,14.1004,1945.7108,1338.771
002594.SZ,Q1 FY2019,303.0411,4.0788,1.3423,8.885,1988.2569,1366.8008
002594.SZ,Q2 FY2019,318.8015,-24.7239,1.2453,7.5981,1999.2378,1376.9492
002594.SZ,Q3 FY2019,316.3753,58.9717,0.2109,2.4654,1982.2558,1357.5226
002594.SZ,Q4 FY2019,339.1673,109.0834,0.0707,2.2401,1956.4159,1330.4017
002594.SZ,Q1 FY2020,196.7854,49.4868,0.1985,3.2197,1913.6327,1286.0251
002594.SZ,Q2 FY2020,408.2444,105.8976,2.6573,20.6146,1976.3641,1304.2355
002594.SZ,Q3 FY2020,445.1965,131.2503,2.9261,25.1845,1967.9902,1289.3942
002594.SZ,Q4 FY2020,515.7506,167.2919,1.4072,11.1209,2010.1732,1365.6341
002736.SZ,Q1 FY2016,28.8036,-48.9661,1.6938,8.4259,2340.6269,1844.0213
002736.SZ,Q2 FY2016,32.7017,99.7675,2.8379,13.5384,2114.5889,1656.8524
002736.SZ,Q3 FY2016,35.2734,-205.2886,3.2342,15.0874,1889.4723,1413.6753
002736.SZ,Q4 FY2016,30.7104,81.7834,1.7747,8.5105,1930.2946,1445.8481
002736.SZ,Q1 FY2017,26.025,-23.9876,2.1234,10.408,1850.9264,1353.8191
002736.SZ,Q2 FY2017,28.3274,28.7261,1.9691,9.7232,1806.9361,1315.3962
002736.SZ,Q3 FY2017,33.1028,-46.1713,2.6929,13.4882,1970.8919,1460.9694
002736.SZ,Q4 FY2017,31.7809,-187.9952,2.3584,12.1681,1996.3797,1474.9476
002736.SZ,Q1 FY2018,23.3718,29.4188,1.4084,7.4283,2048.4688,1518.6701
002736.SZ,Q2 FY2018,17.2277,-24.432,0.8028,4.2071,,
002736.SZ,Q3 FY2018,22.7808,-25.5535,1.4979,7.7464,2058.7302,1537.7451
002736.SZ,Q4 FY2018,36.929,-24.1154,2.8555,14.9308,2118.1362,1591.504
002736.SZ,Q1 FY2019,37.4319,203.1138,3.5175,18.8567,2430.1041,1882.5049
002736.SZ,Q2 FY2019,27.9041,5.5143,1.3135,7.136,2339.4314,1800.3901
002736.SZ,Q3 FY2019,33.3308,87.4277,2.0906,11.3754,2194.5858,1644.9523
002736.SZ,Q4 FY2019,42.2624,-9.6377,2.1159,11.7684,2246.4431,1683.8906
002736.SZ,Q1 FY2020,41.1646,111.7896,2.5064,14.2473,2492.0906,1917.544
002736.SZ,Q2 FY2020,39.2214,-1.2107,2.7776,15.2242,2551.9621,2030.173
002736.SZ,Q3 FY2020,59.6112,-68.0324,3.8454,25.294,2731.6699,1937.9677
002736.SZ,Q4 FY2020,47.8435,-77.2692,1.4247,11.4174,3027.5588,2218.3141
002673.SZ,Q1 FY2016,9.1709,-23.9533,2.2722,2.7255,540.902,418.3366
002673.SZ,Q2 FY2016,7.8148,-29.5927,2.5873,3.0913,531.7855,412.0038
002673.SZ,Q3 FY2016,8.8617,-23.3465,2.8604,3.4333,520.1992,396.8085
002673.SZ,Q4 FY2016,8.216,24.5189,1.5332,1.8817,541.8391,417.0774
002673.SZ,Q1 FY2017,6.6327,0.4893,1.4553,1.8119,514.15,387.5277
002673.SZ,Q2 FY2017,7.6177,-25.2351,1.7117,2.5602,522.6874,349.3906
002673.SZ,Q3 FY2017,8.1796,-16.075,1.5661,2.7267,542.8881,366.7599
002673.SZ,Q4 FY2017,9.2694,-3.7266,0.2406,0.4461,512.4377,335.8715
002673.SZ,Q1 FY2018,5.6333,8.7636,0.9218,1.6272,525.7714,348.4646
002673.SZ,Q2 FY2018,5.799,-3.8027,0.5035,0.872,493.6027,317.8863
002673.SZ,Q3 FY2018,4.8334,13.3782,0.5308,0.9328,535.6943,359.5235
002673.SZ,Q4 FY2018,6.1078,13.3785,-0.8225,-1.4139,522.7337,348.4335
002673.SZ,Q1 FY2019,13.3241,46.2593,3.3011,5.8249,548.8162,368.9887
002673.SZ,Q2 FY2019,7.4403,-5.2459,-0.6714,-1.1695,513.8926,335.5042
002673.SZ,Q3 FY2019,9.1089,-20.9048,0.3392,0.6174,495.9284,318.6433
002673.SZ,Q4 FY2019,6.9321,9.8672,0.4968,0.8899,485.985,308.6181
002673.SZ,Q1 FY2020,9.2001,16.1765,1.4268,2.5498,509.1001,329.1863
002673.SZ,Q2 FY2020,13.0021,-12.6822,2.1342,3.926,512.3506,330.619
002673.SZ,Q3 FY2020,14.4021,-13.9484,1.5815,2.9284,539.3008,354.6475
002673.SZ,Q4 FY2020,15.2373,-0.933,0.8597,1.9183,638.6288,377.5489
002739.SZ,Q1 FY2016,30.2833,6.6455,4.9334,4.6379,156.6051,59.7664
002739.SZ,Q2 FY2016,26.9366,4.1625,3.5081,3.4169,158.6812,60.8353
002739.SZ,Q3 FY2016,27.1542,4.2859,3.4198,3.4212,169.2274,67.2563
002739.SZ,Q4 FY2016,27.7191,4.1815,2.1402,2.2028,190.9184,86.9993
002739.SZ,Q1 FY2017,33.3139,7.2669,4.4333,4.742,196.5774,86.5961
002739.SZ,Q2 FY2017,32.8331,1.6016,3.7351,4.129,220.5981,108.7945
002739.SZ,Q3 FY2017,35.7053,5.1547,3.3276,3.7565,229.1958,113.5666
002739.SZ,Q4 FY2017,30.4416,5.8576,2.1693,2.5277,231.4212,114.3315
002739.SZ,Q1 FY2018,42.4974,8.6352,4.5549,5.4111,231.4078,110.3467
002739.SZ,Q2 FY2018,31.1743,2.3828,2.9348,3.5937,225.2088,100.412
002739.SZ,Q3 FY2018,35.3734,3.2852,2.9341,3.6746,224.0019,97.2725
002739.SZ,Q4 FY2018,31.8362,3.2174,0.2103,0.2455,231.0847,104.9955
002739.SZ,Q1 FY2019,39.1302,8.1274,3.3385,4.2562,234.4308,104.5418
002739.SZ,Q2 FY2019,36.5141,1.1272,0.6077,0.9717,315.6734,120.2387
002739.SZ,Q3 FY2019,40.2971,1.1836,1.5748,3.0674,320.7852,122.6257
002739.SZ,Q4 FY2019,38.4122,8.1501,-33.3322,-55.5126,264.8808,123.4961
002739.SZ,Q1 FY2020,12.5469,1.2895,-4.4896,-6.0652,252.6547,120.5994
002739.SZ,Q2 FY2020,7.1762,0.5077,-7.6884,-9.719,249.7896,124.2387
002739.SZ,Q3 FY2020,12.4134,0.3555,-3.7312,-4.5523,245.861,124.9239
002739.SZ,Q4 FY2020,30.8183,2.6686,-42.4235,-48.077,234.7606,131.9417
300002.SZ,Q1 FY2016,6.6945,-137.8479,0.3023,3.116,59.1212,9.1762
300002.SZ,Q2 FY2016,7.4695,-75.6072,4.6295,220.8333,61.8735,12.1267
300002.SZ,Q3 FY2016,7.1132,316.4181,2.1327,101.6339,67.2383,17.4187
300002.SZ,Q4 FY2016,8.0886,-11.6716,3.1418,143.4759,70.3111,19.9649
300002.SZ,Q1 FY2017,6.2868,-88.3539,0.3715,16.9531,68.2825,17.7357
300002.SZ,Q2 FY2017,5.6552,290.3231,-0.0675,-9.864,75.7407,25.0318
300002.SZ,Q3 FY2017,4.4112,21.4615,-1.0359,-61.0711,75.2263,25.5955
300002.SZ,Q4 FY2017,3.9118,317.2341,3.0898,151.0399,69.2463,17.8465
300002.SZ,Q1 FY2018,3.2642,-27.6606,-0.9021,-49.4192,64.9244,14.0433
300002.SZ,Q2 FY2018,3.2668,-52.6921,-1.7744,-93.7249,64.4518,14.4585
300002.SZ,Q3 FY2018,3.7896,60.0853,-0.3503,-21.7479,64.76,14.9628
300002.SZ,Q4 FY2018,9.8739,292.4155,4.5641,243.735,66.3498,14.0481
300002.SZ,Q1 FY2019,3.0131,-49.3941,-2.0454,-108.7074,64.721,13.6536
300002.SZ,Q2 FY2019,3.5132,51.7144,-2.2162,-112.1634,63.912,14.0015
300002.SZ,Q3 FY2019,4.2804,-3.9443,-1.5946,-77.6148,64.8001,15.4704
300002.SZ,Q4 FY2019,6.9658,166.5103,-27.2263,-1170.9937,52.8264,15.3608
300002.SZ,Q1 FY2020,5.5319,-54.3322,0.3987,6.7507,52.5673,16.8849
300002.SZ,Q2 FY2020,7.4256,287.5491,2.0335,67.7999,53.358,17.0085
300002.SZ,Q3 FY2020,9.6226,46.5857,3.2547,109.3347,52.2083,14.9162
300002.SZ,Q4 FY2020,13.3778,361.7011,3.7749,143.4621,51.9017,12.3415
300003.SZ,Q1 FY2016,7.9873,0.8051,3.8398,1.8953,71.0741,22.8782
300003.SZ,Q2 FY2016,8.7722,2.6853,4.5321,2.188,73.5944,24.9347
300003.SZ,Q3 FY2016,8.4857,1.9015,3.6251,1.8298,83.2638,31.8602
300003.SZ,Q4 FY2016,9.4323,1.5271,2.649,1.554,95.0045,34.8712
300003.SZ,Q1 FY2017,10.3162,1.5866,4.1085,2.5528,99.1267,36.5267
300003.SZ,Q2 FY2017,11.5102,2.2615,4.5402,2.9074,102.1853,38.1207
300003.SZ,Q3 FY2017,11.0771,2.3403,4.0497,2.6381,110.1158,42.663
300003.SZ,Q4 FY2017,12.4729,2.943,2.5564,1.8385,127.9072,57.6347
300003.SZ,Q1 FY2018,14.3582,1.9978,4.8105,3.3383,127.9834,63.5826
300003.SZ,Q2 FY2018,15.1881,3.3454,8.1109,5.0946,139.9037,74.0412
300003.SZ,Q3 FY2018,16.2985,4.1284,5.0919,3.3249,153.9276,82.7943
300003.SZ,Q4 FY2018,17.7182,5.5334,1.1444,0.791,151.1329,85.2524
300003.SZ,Q1 FY2019,18.7813,2.5677,8.8236,5.7852,158.8616,88.1733
300003.SZ,Q2 FY2019,20.4289,4.4636,8.2327,5.8056,155.2334,82.4479
300003.SZ,Q3 FY2019,19.5866,5.7772,6.2902,4.5726,162.3134,83.4319
300003.SZ,Q4 FY2019,19.1585,7.094,1.5138,1.0745,159.2629,79.2134
300003.SZ,Q1 FY2020,16.6661,1.0536,4.985,3.8932,164.648,80.2207
300003.SZ,Q2 FY2020,25.7123,10.317,9.254,7.9466,177.8771,86.2042
300003.SZ,Q3 FY2020,21.4927,4.6584,9.0099,8.265,188.1992,81.3046
300003.SZ,Q4 FY2020,16.5156,4.8679,-1.7175,-1.334,181.5687,76.1944
300017.SZ,Q1 FY2016,9.7435,1.4545,5.4883,2.4101,72.7184,9.5638
300017.SZ,Q2 FY2016,20.5612,5.1343,12.966,5.8487,75.0361,9.6058
300017.SZ,Q3 FY2016,32.2239,6.5967,19.4167,9.1486,80.9833,11.258
300017.SZ,Q4 FY2016,44.4653,10.714,25.4583,12.482,86.6265,13.0623
300017.SZ,Q1 FY2017,11.7506,-0.2181,2.6439,1.9561,91.7592,15.915
300017.SZ,Q2 FY2017,24.4216,3.0887,5.5935,4.1482,91.5382,15.5038
300017.SZ,Q3 FY2017,37.9722,5.9231,7.6085,5.6316,96.0215,18.3435
300017.SZ,Q4 FY2017,53.7267,6.3858,10.8754,8.1679,102.6272,22.8998
300017.SZ,Q1 FY2018,15.2708,0.8753,2.6985,2.0731,108.1141,26.2662
300017.SZ,Q2 FY2018,30.5978,2.668,5.5333,4.4524,111.3758,28.2991
300017.SZ,Q3 FY2018,46.318,2.7427,7.4656,6.0771,117.656,32.7286
300017.SZ,Q4 FY2018,63.3746,7.351,9.6752,7.9747,119.4012,32.5675
300017.SZ,Q1 FY2019,16.6073,0.9039,1.2734,1.1046,132.7491,45.8681
300017.SZ,Q2 FY2019,31.5872,2.1486,8.9007,8.0605,115.4999,21.3618
300017.SZ,Q3 FY2019,45.6991,2.0508,8.5607,7.749,112.4556,18.4659
300017.SZ,Q4 FY2019,60.075,6.106,0.3986,0.3724,103.3095,16.992
300017.SZ,Q1 FY2020,15.6577,0.7124,1.0091,0.8743,103.6311,16.821
300017.SZ,Q2 FY2020,30.666,4.118,2.0405,1.7657,103.1333,16.153
300017.SZ,Q3 FY2020,44.5502,5.4213,2.3972,2.0778,103.6538,16.3601
300017.SZ,Q4 FY2020,56.8664,7.9753,2.5396,2.195,101.6075,14.6628
300015.SZ,Q1 FY2016,9.1509,1.36,4.8259,1.2583,33.8759,7.6284
300015.SZ,Q2 FY2016,10.0457,1.8443,5.8919,1.5491,39.4268,11.0616
300015.SZ,Q3 FY2016,11.6311,2.2155,7.3156,1.9772,38.8515,11.1549
300015.SZ,Q4 FY2016,9.1763,1.3312,3.2836,0.8865,40.6593,11.289
300015.SZ,Q1 FY2017,11.9746,1.5903,5.4263,1.6201,46.2095,14.7277
300015.SZ,Q2 FY2017,13.9259,2.5948,6.8386,2.2967,51.1106,18.1103
300015.SZ,Q3 FY2017,17.9235,3.4084,8.3855,3.027,70.3304,33.707
300015.SZ,Q4 FY2017,15.8044,5.7105,2.557,0.9838,93.1283,38.4078
300015.SZ,Q1 FY2018,17.4664,2.9483,4.0552,2.365,93.4175,36.3782
300015.SZ,Q2 FY2018,20.3318,4.8353,5.5802,3.1074,92.9477,40.5487
300015.SZ,Q3 FY2018,23.4446,4.5223,7.2738,4.0613,97.3054,38.8085
300015.SZ,Q4 FY2018,18.843,1.6928,2.0229,1.1248,96.2658,36.5603
300015.SZ,Q1 FY2019,22.4451,4.3143,5.1162,3.1345,104.9876,42.0334
300015.SZ,Q2 FY2019,25.044,5.6599,6.6337,4.1764,113.342,50.3465
300015.SZ,Q3 FY2019,29.8303,8.5575,8.6268,5.7403,114.9299,46.8684
300015.SZ,Q4 FY2019,22.5817,2.2526,2.2705,1.2604,118.9475,48.7202
300015.SZ,Q1 FY2020,16.4153,-0.0993,1.1958,0.6703,124.8425,53.6131
300015.SZ,Q2 FY2020,25.2243,6.7971,8.5471,6.3796,143.8393,67.2029
300015.SZ,Q3 FY2020,44.0154,18.8324,10.3655,9.7557,165.2581,63.0835
300015.SZ,Q4 FY2020,33.4691,7.906,1.837,1.9661,155.4059,48.8842
300027.SZ,Q1 FY2016,7.6672,0.2482,2.6707,2.8616,191.5548,86.1252
300027.SZ,Q2 FY2016,7.0141,4.0507,0.4199,0.7188,188.1787,85.0114
300027.SZ,Q3 FY2016,6.8346,-2.0094,3.3914,3.7983,196.5462,95.0719
300027.SZ,Q4 FY2016,13.5187,5.302,2.0187,2.5608,198.5263,100.0222
300027.SZ,Q1 FY2017,5.4373,-3.0048,-0.7606,-0.644,188.2097,90.339
300027.SZ,Q2 FY2017,9.2213,-0.9255,5.4201,5.8591,193.7063,91.5165
300027.SZ,Q3 FY2017,9.5344,0.6494,1.8093,1.4701,199.3949,97.1454
300027.SZ,Q4 FY2017,15.2697,1.135,2.3722,3.1852,201.5466,96.0238
300027.SZ,Q1 FY2018,14.164,6.9128,2.6423,3.4205,207.4297,98.6272
300027.SZ,Q2 FY2018,7.0571,-2.6792,0.1906,0.6999,201.5404,92.7467
300027.SZ,Q3 FY2018,10.6131,-0.7328,0.5139,0.6446,202.8691,92.4498
300027.SZ,Q4 FY2018,6.3105,2.321,-16.1915,-14.6103,183.6121,88.5289
300027.SZ,Q1 FY2019,5.9195,-1.4509,-1.1099,-1.2469,176.6614,82.111
300027.SZ,Q2 FY2019,4.8486,-0.6001,-3.4316,-3.1584,178.1194,86.6037
300027.SZ,Q3 FY2019,5.3979,0.1121,-3.379,-2.8571,166.2364,77.3743
300027.SZ,Q4 FY2019,6.2694,2.8425,-53.9548,-33.142,108.3005,59.0432
300027.SZ,Q1 FY2020,2.286,-3.9425,-3.3098,-1.5713,106.6569,58.0048
300027.SZ,Q2 FY2020,0.9574,0.375,-2.0645,-0.8804,104.0847,56.4584
300027.SZ,Q3 FY2020,7.8283,2.8116,-2.2958,-0.9526,107.0807,61.411
300027.SZ,Q4 FY2020,3.9283,3.2198,-20.3598,-7.3507,96.0235,59.7474
300024.SZ,Q1 FY2016,3.5438,-1.5743,1.0313,56.3763,65.7643,12.389
300024.SZ,Q2 FY2016,5.3466,-1.1207,2.1093,114.0572,68.2793,14.5551
300024.SZ,Q3 FY2016,3.5679,-0.7021,1.5479,84.6708,69.8858,15.345
300024.SZ,Q4 FY2016,7.8764,1.828,2.9637,164.387,70.8039,14.4441
300024.SZ,Q1 FY2017,4.5089,-2.8759,1.0369,58.3003,73.1561,16.3821
300024.SZ,Q2 FY2017,5.7566,-0.1736,2.1017,120.8045,75.5626,17.8564
300024.SZ,Q3 FY2017,6.5043,-1.7797,1.6879,97.733,80.9881,22.3676
300024.SZ,Q4 FY2017,7.7807,0.969,2.7072,166.7481,84.2364,24.1194
300024.SZ,Q1 FY2018,5.4317,-3.175,1.0221,57.3555,88.0195,27.4692
300024.SZ,Q2 FY2018,6.8745,-0.5892,2.531,156.9276,92.3023,31.1744
300024.SZ,Q3 FY2018,8.4361,-1.0859,1.9129,117.2048,98.4704,36.2242
300024.SZ,Q4 FY2018,10.205,5.3963,1.9432,123.4993,95.1684,32.0992
300024.SZ,Q1 FY2019,5.7092,-3.7038,1.0845,60.9361,95.8629,32.8605
300024.SZ,Q2 FY2019,6.8719,-0.1968,2.3437,148.0535,99.0546,34.2772
300024.SZ,Q3 FY2019,6.0459,-1.2487,1.1196,70.3393,102.2869,37.1643
300024.SZ,Q4 FY2019,8.8279,5.2154,0.0917,10.6891,99.3767,33.6828
300024.SZ,Q1 FY2020,4.6814,-1.4296,0.666,40.9934,100.5299,34.4296
300024.SZ,Q2 FY2020,7.6641,-1.1524,1.3584,93.1087,104.6177,37.6603
300024.SZ,Q3 FY2020,4.5139,-1.5303,0.0283,4.3932,106.8485,39.8616
300024.SZ,Q4 FY2020,9.737,6.4861,-9.3163,-528.2755,107.7697,59.0423
300058.SZ,Q1 FY2016,22.898,-1.2462,2.5277,1.1472,161.8634,106.0275
300058.SZ,Q2 FY2016,51.4099,-2.0345,7.9409,3.5774,152.8524,94.0353
300058.SZ,Q3 FY2016,82.5221,-4.1234,10.8387,5.0306,165.1334,105.691
300058.SZ,Q4 FY2016,123.1911,-0.9011,13.2741,6.8945,165.2917,106.5386
300058.SZ,Q1 FY2017,29.4469,0.3839,1.2745,0.8904,182.8826,105.6721
300058.SZ,Q2 FY2017,66.1733,-0.1828,4.7307,3.1951,188.733,111.6261
300058.SZ,Q3 FY2017,104.7119,-2.6238,4.4597,2.9058,181.173,105.8586
300058.SZ,Q4 FY2017,152.3084,-1.2391,3.835,2.4797,167.3182,103.869
300058.SZ,Q1 FY2018,50.2417,-0.8538,2.4966,1.6057,171.203,108.0574
300058.SZ,Q2 FY2018,107.7893,1.8712,5.0991,3.2927,169.2816,105.2914
300058.SZ,Q3 FY2018,170.0218,11.2627,6.6223,4.3533,165.2224,99.9582
300058.SZ,Q4 FY2018,231.0397,18.9276,6.2214,4.1232,169.625,105.0744
300058.SZ,Q1 FY2019,55.9505,1.0712,3.1446,2.2631,176.0232,97.5386
300058.SZ,Q2 FY2019,117.4657,2.4677,6.3108,4.6937,176.6143,90.6301
300058.SZ,Q3 FY2019,196.876,3.5737,8.3499,6.4064,186.1774,97.8828
300058.SZ,Q4 FY2019,281.0572,6.9936,9.4551,7.2331,190.5134,102.2437
300058.SZ,Q1 FY2020,81.1693,1.1875,2.3205,2.0816,186.8842,97.0384
300058.SZ,Q2 FY2020,173.7458,3.9078,3.6891,3.3634,197.0407,105.7223
300058.SZ,Q3 FY2020,288.5781,2.4046,6.9249,6.3131,201.1978,108.9691
300058.SZ,Q4 FY2020,405.2689,13.1048,8.1962,7.4286,215.1897,125.3458
300059.SZ,Q1 FY2016,3.4977,-14.4485,1.4217,1.1686,227.8059,144.7745
300059.SZ,Q2 FY2016,3.072,4.7591,2.1239,2.1964,272.8552,148.8092
300059.SZ,Q3 FY2016,2.7807,-39.0899,1.9025,2.3792,251.3164,124.6212
300059.SZ,Q4 FY2016,2.6802,6.4999,1.0894,1.3802,269.8587,141.5469
300059.SZ,Q1 FY2017,2.3826,1.1167,0.7805,1.0005,316.8993,187.4961
300059.SZ,Q2 FY2017,2.4064,-6.44,1.2289,1.5917,329.1958,198.7767
300059.SZ,Q3 FY2017,2.8789,-16.3498,1.5019,1.9698,364.8932,232.2392
300059.SZ,Q4 FY2017,3.4555,-39.9262,1.2836,1.7864,418.4476,271.6431
300059.SZ,Q1 FY2018,3.6721,24.3431,2.0299,3.0086,451.3922,301.5341
300059.SZ,Q2 FY2018,3.4462,4.9831,1.7025,2.574,450.866,298.1096
300059.SZ,Q3 FY2018,3.1362,-23.8224,1.5729,2.4214,397.9373,242.6363
300059.SZ,Q4 FY2018,2.8413,21.1697,1.0109,1.5782,398.1096,241.1572
300059.SZ,Q1 FY2019,3.21,166.9755,2.27,3.8576,638.0477,455.1168
300059.SZ,Q2 FY2019,3.5596,-70.7018,2.5171,4.8501,544.4673,342.0219
300059.SZ,Q3 FY2019,3.8211,-30.7726,2.5535,5.2375,533.324,325.5539
300059.SZ,Q4 FY2019,4.1897,51.7106,2.0803,4.3676,618.3141,406.1892
300059.SZ,Q1 FY2020,6.4942,14.3563,3.9333,8.7369,761.6983,529.5723
300059.SZ,Q2 FY2020,6.1766,57.0294,3.9616,9.3509,880.4079,640.3167
300059.SZ,Q3 FY2020,10.452,-111.1018,5.6983,15.8928,901.1693,582.8389
300059.SZ,Q4 FY2020,9.4001,85.0064,4.2492,13.8005,1103.2874,771.7227
300070.SZ,Q1 FY2016,6.3061,-6.6553,0.2569,0.2344,181.2111,40.4404
300070.SZ,Q2 FY2016,17.1657,-2.9007,1.6918,2.3713,201.3973,58.5717
300070.SZ,Q3 FY2016,8.5781,-3.7509,1.1992,1.6381,221.5032,72.4996
300070.SZ,Q4 FY2016,56.873,20.8252,9.4223,14.2535,318.0643,154.7236
300070.SZ,Q1 FY2017,11.1945,-17.1156,1.4654,2.2295,330.7613,163.2905
300070.SZ,Q2 FY2017,17.7562,10.0907,1.8996,3.0627,334.8119,161.0879
300070.SZ,Q3 FY2017,25.1082,-15.0527,1.283,2.3274,363.3763,185.9241
300070.SZ,Q4 FY2017,83.614,47.2171,10.301,18.294,456.3694,257.5603
300070.SZ,Q1 FY2018,22.9846,-16.367,0.8508,1.6153,482.6406,277.6726
300070.SZ,Q2 FY2018,15.5597,2.7812,1.1522,2.5559,494.6115,285.1785
300070.SZ,Q3 FY2018,21.9456,2.4,1.133,2.3254,517.872,303.1771
300070.SZ,Q4 FY2018,54.6882,24.2351,3.5973,7.0187,566.9017,348.4357
300070.SZ,Q1 FY2019,18.0974,-8.5441,0.442,0.8588,570.7077,350.3501
300070.SZ,Q2 FY2019,17.466,9.7534,-0.3059,-0.633,608.9298,391.0233
300070.SZ,Q3 FY2019,35.5389,11.1695,1.7785,3.4617,627.7353,407.8222
300070.SZ,Q4 FY2019,51.451,20.8361,5.1924,10.702,673.8736,442.7575
300070.SZ,Q1 FY2020,14.6475,-4.8606,0.3654,0.7145,683.5718,451.9391
300070.SZ,Q2 FY2020,17.8918,9.5979,0.1599,0.1428,695.2893,464.8771
300070.SZ,Q3 FY2020,15.6328,1.6548,0.317,0.6525,686.0087,456.0852
300070.SZ,Q4 FY2020,48.0037,9.0629,4.7644,10.4892,689.3843,452.3293
300124.SZ,Q1 FY2016,5.677,0.1,3.3768,1.4246,59.8847,15.4787
300124.SZ,Q2 FY2016,14.6477,-0.1892,9.5451,4.0264,58.2352,15.1678
300124.SZ,Q3 FY2016,24.5324,1.9384,16.2036,7.1759,63.5386,16.656
300124.SZ,Q4 FY2016,36.6005,4.2035,21.2373,9.8017,79.7387,29.9158
300124.SZ,Q1 FY2017,7.8188,0.0457,3.574,1.7755,81.2675,28.7831
300124.SZ,Q2 FY2017,19.3701,2.3595,9.0497,4.4431,86.2804,35.7905
300124.SZ,Q3 FY2017,31.2962,3.0421,14.7525,7.4534,87.4116,33.563
300124.SZ,Q4 FY2017,47.773,4.9168,20.9039,10.9136,90.4712,33.2164
300124.SZ,Q1 FY2018,9.7525,-0.9449,3.5275,2.024,91.7187,31.6582
300124.SZ,Q2 FY2018,24.7271,-1.3489,9.0276,5.1484,94.366,35.9965
300124.SZ,Q3 FY2018,39.3904,1.858,14.0499,8.3115,98.3375,36.6818
300124.SZ,Q4 FY2018,58.7436,4.7129,20.0011,12.0872,103.2935,37.9456
300124.SZ,Q1 FY2019,10.9994,0.2149,2.0255,1.4025,103.2413,35.1015
300124.SZ,Q2 FY2019,27.1893,1.9883,6.2662,4.3303,106.8635,39.044
300124.SZ,Q3 FY2019,49.083,5.6169,9.9507,7.1469,129.2709,54.556
300124.SZ,Q4 FY2019,73.9037,13.6118,12.8121,10.1014,148.8601,59.4964
300124.SZ,Q1 FY2020,15.4753,1.5047,1.9712,1.8479,149.0377,56.8902
300124.SZ,Q2 FY2020,47.8404,4.8778,8.6985,8.1258,168.9059,73.6817
300124.SZ,Q3 FY2020,80.9848,5.7693,16.1681,15.6767,175.5429,72.7306
300124.SZ,Q4 FY2020,115.1132,14.6735,21.8136,21.817,186.4759,76.3193
300104.SZ,Q1 FY2016,46.3451,0.6457,2.8671,79.03,178.4718,129.1138
300104.SZ,Q2 FY2016,54.2205,2.2462,3.8098,1.2681,248.511,197.9996
300104.SZ,Q3 FY2016,67.1727,2.5425,2.848,58.6177,288.6851,189.7176
300104.SZ,Q4 FY2016,51.7712,-16.115,0.6163,-360.8085,322.3383,217.5207
300104.SZ,Q1 FY2017,41.1647,-7.4117,1.0467,-0.3487,335.8289,187.8572
300104.SZ,Q2 FY2017,14.2442,-14.4427,-5.6032,-829.6638,357.4292,193.5111
300104.SZ,Q3 FY2017,5.5376,-6.2921,-7.7922,-1452.2793,322.8806,174.1242
300104.SZ,Q4 FY2017,9.3057,1.7411,-186.0054,-15902.0157,178.9765,185.6414
300104.SZ,Q1 FY2018,4.2854,-6.5552,-63.5218,-445.928,174.5163,186.5386
300104.SZ,Q2 FY2018,5.5523,-1.9718,,-862.5975,170.0803,190.6325
300104.SZ,Q3 FY2018,3.6414,-1.0627,,-539.463,163.7195,173.0793
300104.SZ,Q4 FY2018,2.0986,-1.1582,,-3885.6979,84.5001,119.3561
300104.SZ,Q1 FY2019,1.1446,-0.568,,-182.8245,81.8618,118.6736
300104.SZ,Q2 FY2019,1.2814,0.1245,,-9882.0571,80.748,216.4164
300104.SZ,Q3 FY2019,1.3896,0.0353,,-156.1453,79.2362,216.5077
300104.SZ,Q4 FY2019,1.0398,-1.2432,,-1116.2468,59.0756,207.5296
300104.SZ,Q1 FY2020,0.8895,-0.1469,,-160.4356,58.2689,208.5906
300104.SZ,Q2 FY2020,0.5277,0.5006,,-133.3793,56.8696,208.4509
300104.SZ,Q3 FY2020,0.8105,-0.1757,,-673.708,50.8295,209.1846
300104.SZ,Q4 FY2020,2.452,0.9049,,-1576.7452,39.4447,213.7071
300133.SZ,Q1 FY2016,5.0375,-3.69,1.9427,1.2452,90.4365,28.5149
300133.SZ,Q2 FY2016,15.4825,-6.1321,4.5008,2.8438,94.9629,32.8089
300133.SZ,Q3 FY2016,23.5503,-4.7365,4.6373,2.9191,101.6236,39.2902
300133.SZ,Q4 FY2016,44.4498,-6.905,7.7887,4.9085,103.8385,38.7658
300133.SZ,Q1 FY2017,4.4497,-4.4776,2.2436,1.4704,108.851,42.9285
300133.SZ,Q2 FY2017,17.5122,-6.0586,4.2338,2.7419,112.7394,45.4815
300133.SZ,Q3 FY2017,24.9732,-4.883,4.7315,3.0291,119.1938,51.5924
300133.SZ,Q4 FY2017,52.4559,7.0632,9.555,6.3591,125.3891,55.3207
300133.SZ,Q1 FY2018,5.9357,-3.3194,0.5213,0.3529,125.5869,55.1449
300133.SZ,Q2 FY2018,21.8714,-1.9413,4.1392,2.8892,126.819,55.0923
300133.SZ,Q3 FY2018,35.8118,-5.7156,5.066,3.9259,131,58.7928
300133.SZ,Q4 FY2018,57.9721,3.0124,3.0556,2.5006,128.7279,58.7283
300133.SZ,Q1 FY2019,7.3475,-0.7741,0.5177,0.3532,119.3407,48.5824
300133.SZ,Q2 FY2019,9.2514,-1.5516,-0.8437,-0.6436,126.7911,57.2001
300133.SZ,Q3 FY2019,13.0953,3.4477,0.3496,0.1849,131.7115,61.6291
300133.SZ,Q4 FY2019,26.3055,12.4616,-24.0923,-14.7528,98.6816,45.655
300133.SZ,Q1 FY2020,7.6152,0.6436,2.0775,1.0913,92.0275,38.3066
300133.SZ,Q2 FY2020,11.1358,1.6221,2.7643,1.4106,86.0895,31.7533
300133.SZ,Q3 FY2020,18.9352,3.2006,3.792,1.9526,83.2868,28.548
300133.SZ,Q4 FY2020,37.3228,8.6885,7.3883,3.937,82.9021,27.0235
300144.SZ,Q1 FY2016,5.731,2.8722,3.4046,1.9357,71.6756,12.7309
300144.SZ,Q2 FY2016,11.861,5.7333,7.4919,4.3559,72.2025,11.8526
300144.SZ,Q3 FY2016,19.6794,10.8288,12.8716,7.7617,75.4576,11.7001
300144.SZ,Q4 FY2016,26.4423,10.3025,15.03,9.1647,75.6734,10.0589
300144.SZ,Q1 FY2017,6.7154,3.8451,3.7499,2.4383,78.4681,10.3692
300144.SZ,Q2 FY2017,13.9263,6.9718,7.9304,5.2728,78.9057,9.4027
300144.SZ,Q3 FY2017,23.1433,13.5262,13.5007,9.2537,84.0623,10.5926
300144.SZ,Q4 FY2017,30.2383,17.6402,15.5464,10.6927,87.5468,12.769
300144.SZ,Q1 FY2018,7.1186,4.6792,4.309,3.1953,91.0209,13.3932
300144.SZ,Q2 FY2018,15.1112,8.4806,8.7942,6.5953,93.2673,13.1881
300144.SZ,Q3 FY2018,24.7091,14.2629,14.6898,11.3903,99.0562,13.5901
300144.SZ,Q4 FY2018,32.1119,16.4724,16.292,12.7756,108.1716,11.2873
300144.SZ,Q1 FY2019,8.2471,7.1808,4.1793,3.9083,120.9154,15.9357
300144.SZ,Q2 FY2019,14.1734,9.9541,8.767,8.107,112.4253,15.3341
300144.SZ,Q3 FY2019,22.0617,14.9235,13.8087,12.9957,116.3157,14.3374
300144.SZ,Q4 FY2019,26.1175,15.7145,14.8165,13.649,110.4108,11.5869
300144.SZ,Q1 FY2020,1.3435,-0.2044,0.5198,0.4585,109.3704,10.6384
300144.SZ,Q2 FY2020,2.8287,-1.2375,0.4201,0.2962,109.287,13.1614
300144.SZ,Q3 FY2020,6.1852,1.587,1.4034,1.2317,111.4418,13.2325
300144.SZ,Q4 FY2020,9.0259,3.9394,-20.5845,-17.6695,91.9534,14.6008
300146.SZ,Q1 FY2016,6.5592,1.1656,5.0462,2.2024,53.1655,9.7983
300146.SZ,Q2 FY2016,5.7741,2.5814,3.0317,1.3103,51.1336,6.4278
300146.SZ,Q3 FY2016,6.7949,1.4341,4.5516,2.0216,53.1769,6.3838
300146.SZ,Q4 FY2016,3.963,1.6653,-0.694,-0.4578,53.2836,6.2466
300146.SZ,Q1 FY2017,7.3605,1.2563,6.1171,2.8855,55.1921,9.1088
300146.SZ,Q2 FY2017,7.5049,3.3627,6.3207,3.0853,55.2379,6.0146
300146.SZ,Q3 FY2017,8.6368,1.8081,4.4243,2.305,58.7124,7.1846
300146.SZ,Q4 FY2017,7.6057,3.116,-0.7246,-0.6077,61.1361,9.8165
300146.SZ,Q1 FY2018,10.6753,1.22,7.3785,3.8101,63.0612,12.8112
300146.SZ,Q2 FY2018,11.0214,4.6911,6.4294,2.9346,61.2733,7.5869
300146.SZ,Q3 FY2018,12.518,3.2335,6.3932,3.18,95.9199,25.3705
300146.SZ,Q4 FY2018,9.2931,4.346,-0.9896,-0.8403,97.9045,29.025
300146.SZ,Q1 FY2019,15.7107,0.0725,9.0857,4.7396,103.3367,37.1816
300146.SZ,Q2 FY2019,13.987,4.7282,6.6445,3.5585,95.9452,25.7829
300146.SZ,Q3 FY2019,14.1119,2.7736,4.932,3.0869,96.6331,23.3761
300146.SZ,Q4 FY2019,8.8083,7.7909,-23.131,-15.5355,83.3071,23.9932
300146.SZ,Q1 FY2020,14.9505,0.463,8.6558,5.3373,79.9243,16.9217
300146.SZ,Q2 FY2020,16.3013,7.1828,6.6802,4.3007,83.8974,20.1492
300146.SZ,Q3 FY2020,19.0755,4.9534,7.5673,5.2262,92.4866,23.2541
300146.SZ,Q4 FY2020,10.6218,3.0645,0.8295,0.5767,96.4026,26.9789
300251.SZ,Q1 FY2016,4.516,2.715,3.1042,2.1036,81.1778,11.4244
300251.SZ,Q2 FY2016,7.2169,8.6809,4.6582,3.206,87.2125,16.0927
300251.SZ,Q3 FY2016,11.8701,5.2255,8.4424,5.806,89.8351,19.2441
300251.SZ,Q4 FY2016,17.3131,7.4694,10.6551,7.3995,91.4951,20.3212
300251.SZ,Q1 FY2017,6.0949,3.5579,2.6116,1.8919,92.3799,20.1634
300251.SZ,Q2 FY2017,10.2927,2.4852,5.6532,4.0796,90.9111,18.663
300251.SZ,Q3 FY2017,15.4926,0.2038,8.7679,6.3982,91.7182,17.4955
300251.SZ,Q4 FY2017,18.4345,-0.3186,10.549,8.2121,118.8446,34.297
300251.SZ,Q1 FY2018,4.0075,0.1991,21.1769,19.9263,136.7238,32.3981
300251.SZ,Q2 FY2018,7.2093,-1.812,23.338,21.0655,126.1954,29.5017
300251.SZ,Q3 FY2018,12.8513,-2.9951,25.1867,22.8492,119.3013,21.7073
300251.SZ,Q4 FY2018,14.9153,-4.7631,16.0959,13.6612,108.4611,22.0352
300251.SZ,Q1 FY2019,9.1593,-7.4167,1.0624,0.9161,102.88,16.8882
300251.SZ,Q2 FY2019,11.7058,-3.7749,1.2384,1.0527,97.885,14.3384
300251.SZ,Q3 FY2019,24.6061,11.6555,12.3208,11.0929,117.7725,23.6923
300251.SZ,Q4 FY2019,28.2945,16.1905,10.7808,9.4661,109.8911,20.1075
300251.SZ,Q1 FY2020,2.263,-3.456,0.3299,0.2913,103.8863,14.0904
300251.SZ,Q2 FY2020,2.5919,-4.7657,0.2316,0.1962,101.2096,12.5021
300251.SZ,Q3 FY2020,4.8081,-4.3835,0.7172,0.6235,101.392,12.6245
300251.SZ,Q4 FY2020,11.5907,-0.1427,3.2442,2.8811,98.2539,7.7668
600000.SH,Q1 FY2016,421.91,-1015.8,4.2265,140.35,5.228,4.8796
600000.SH,Q2 FY2016,821.72,-1340.49,8.1046,270.4,5.3713,5.021
600000.SH,Q3 FY2016,1209.28,-1497.95,12.0543,411.38,5.5643,5.1997
600000.SH,Q4 FY2016,1607.92,-1919.93,15.5461,536.78,5.8573,5.4843
600000.SH,Q1 FY2017,423.6,-2009.7,3.8668,146.47,5.8897,5.5044
600000.SH,Q2 FY2017,833.54,-2560.26,7.4617,285.22,5.9154,5.5232
600000.SH,Q3 FY2017,1247.68,-983.84,10.669,423.96,6.0638,5.6411
600000.SH,Q4 FY2017,1686.19,-1406.73,13.6782,550.02,6.1372,5.7063
600000.SH,Q1 FY2018,396.29,-487.25,3.3516,144.59,6.133,5.6982
600000.SH,Q2 FY2018,822.56,-1180.95,6.5959,289,6.0918,5.6443
600000.SH,Q3 FY2018,1271.09,-3620.79,9.8112,436.64,6.0892,5.6272
600000.SH,Q4 FY2018,1715.42,-3383.6,12.4674,565.15,6.2896,5.8112
600000.SH,Q1 FY2019,500.84,1854.33,3.4284,166.25,6.5496,6.054
600000.SH,Q2 FY2019,975.99,88.32,6.6587,324.11,6.6599,6.1602
600000.SH,Q3 FY2019,1463.86,-674.49,9.5587,488.64,6.7907,6.2435
600000.SH,Q4 FY2019,1906.88,-686.28,11.4901,595.06,7.0059,6.4449
600000.SH,Q1 FY2020,554.24,923.78,3.0746,175.3,7.3006,6.7178
600000.SH,Q2 FY2020,1014.07,1233.37,5.1763,292.54,7.5211,6.9489
600000.SH,Q3 FY2020,1487.31,2100.9,7.9413,451.9,7.6745,7.0941
600000.SH,Q4 FY2020,1963.84,1263.85,9.7856,589.93,7.9502,7.3044
300315.SZ,Q1 FY2016,5.0855,2.0702,3.0571,2.3719,92.4931,10.9949
300315.SZ,Q2 FY2016,4.4586,2.4413,2.4121,2.0483,100.6108,17.6925
300315.SZ,Q3 FY2016,4.0137,2.4729,1.6947,1.5435,102.0563,17.4649
300315.SZ,Q4 FY2016,4.9891,1.7746,-0.607,-0.3917,104.0142,19.232
300315.SZ,Q1 FY2017,4.5654,1.6841,1.9062,1.6849,104.9392,18.518
300315.SZ,Q2 FY2017,3.7043,0.8134,1.2268,1.1217,103.7014,17.2433
300315.SZ,Q3 FY2017,4.5207,1.5509,1.4722,1.3367,101.1407,13.7226
300315.SZ,Q4 FY2017,4.8918,2.6458,-1.5148,-1.2209,98.8403,12.8335
300315.SZ,Q1 FY2018,4.8279,0.5494,1.5362,1.4354,98.071,11.2901
300315.SZ,Q2 FY2018,6.6165,4.6098,2.8508,2.7864,102.7177,13.8526
300315.SZ,Q3 FY2018,4.3755,2.2494,1.5176,1.4216,96.7135,5.678
300315.SZ,Q4 FY2018,3.8834,1.0504,-51.6571,-36.5979,58.5726,7.2919
300315.SZ,Q1 FY2019,3.5579,0.0503,3.516,1.8585,62.7292,7.7828
300315.SZ,Q2 FY2019,3.4046,1.3225,0.4443,0.2342,60.2965,5.8748
300315.SZ,Q3 FY2019,5.0564,1.8051,2.4175,1.3281,62.0355,5.6899
300315.SZ,Q4 FY2019,4.1507,1.9709,0.3335,0.1795,59.8716,4.4029
300315.SZ,Q1 FY2020,4.0905,0.2109,1.691,0.9306,62.137,6.3329
300315.SZ,Q2 FY2020,5.1726,2.111,6.0773,3.4842,65.0963,5.9964
300315.SZ,Q3 FY2020,4.4009,0.4914,0.7109,0.4064,62.2569,5.3495
300315.SZ,Q4 FY2020,4.228,1.9836,-2.9887,-1.697,62.1993,6.8852
600005.SH,Q1 FY2016,128.8962,5.5167,0.1069,0.324,968.5108,682.1719
600005.SH,Q2 FY2016,288.4955,31.511,0.9577,2.7326,973.6221,683.8887
600005.SH,Q3 FY2016,429.12,35.8374,1.2973,3.7208,966.9322,675.9562
600005.SH,Q4 FY2016,613.0985,59.4029,0.3888,1.3374,911.597,623.2861
600008.SH,Q1 FY2016,14.1799,0.225,1.1245,1.0684,365.0689,246.1595
600008.SH,Q2 FY2016,30.6805,10.858,3.0117,2.8709,382.8267,263.7912
600008.SH,Q3 FY2016,47.2724,13.5889,4.4206,4.3381,395.2554,268.3411
600008.SH,Q4 FY2016,79.1204,29.5819,6.6859,6.4618,396.3511,260.2037
600008.SH,Q1 FY2017,17.6922,0.133,1.0656,1.2327,428.1236,286.8138
600008.SH,Q2 FY2017,41.7345,8.7117,2.5371,3.141,470.9084,318.4877
600008.SH,Q3 FY2017,63.19,21.2945,4.1001,5.0417,473.0455,316.9238
600008.SH,Q4 FY2017,92.8547,24.8926,5.5093,7.0215,509.9431,338.6015
600008.SH,Q1 FY2018,21.1706,0.202,0.6876,1.2106,530.9839,355.9555
600008.SH,Q2 FY2018,45.7948,6.7791,1.6639,2.7508,610.9072,424.0994
600008.SH,Q3 FY2018,76.1207,16.2051,3.3933,5.0925,635.6715,446.0334
600008.SH,Q4 FY2018,124.5536,32.9501,4.789,8.1562,689.8795,452.0558
600008.SH,Q1 FY2019,24.48,0.7637,0.6575,1.1358,705.7882,465.3304
600008.SH,Q2 FY2019,57.4827,8.3046,1.8402,4.0132,722.2592,484.4174
600008.SH,Q3 FY2019,91.5376,16.9709,3.2438,6.6958,738.3456,497.9039
600008.SH,Q4 FY2019,149.0727,33.3339,4.9291,10.9151,798.7236,516.5789
600008.SH,Q1 FY2020,29.2648,5.9281,0.5513,1.0826,833.842,550.0209
600008.SH,Q2 FY2020,69.5636,14.326,2.0585,4.7742,870.2657,600.0884
600008.SH,Q3 FY2020,115.7633,25.5655,4.0582,10.4293,941.3117,631.0597
600008.SH,Q4 FY2020,192.246,44.5416,6.222,16.0192,1005.6827,651.7402
600011.SH,Q1 FY2016,288.2283,134.2187,4.8378,49.9616,2979.0439,1965.1482
600011.SH,Q2 FY2016,241.0155,60.4379,2.8707,27.5891,2982.8721,2014.4553
600011.SH,Q3 FY2016,302.9626,79.3366,3.8146,37.5378,2997.2383,2010.3672
600011.SH,Q4 FY2016,305.9361,41.1151,-0.6992,-7.2262,3094.1763,2126.516
600011.SH,Q1 FY2017,375.7708,76.4899,0.8393,9.699,3755.4268,2824.7359
600011.SH,Q2 FY2017,338.5661,66.5302,0.1891,0.6726,3804.4215,2920.6493
600011.SH,Q3 FY2017,396.4066,72.6026,2.8464,23.0751,3828.8087,2892.5946
600011.SH,Q4 FY2017,413.8509,76.3509,-1.4078,-11.9809,3786.9373,2864.9006
600011.SH,Q1 FY2018,432.5563,93.6154,1.6012,17.2794,3825.9188,2882.4546
600011.SH,Q2 FY2018,391.4928,57.5399,1.1911,10.5743,3815.8295,2877.5757
600011.SH,Q3 FY2018,435.8419,72.5073,-0.1784,0.2368,3819.0943,2835.703
600011.SH,Q4 FY2018,438.7206,65.2563,-0.671,-4.0164,4034.4146,3016.5526
600011.SH,Q1 FY2019,456.517,107.7492,3.1352,35.7416,4000.0028,2945.0807
600011.SH,Q2 FY2019,377.6567,59.6367,1.351,12.8394,4012.9306,2960.4003
600011.SH,Q3 FY2019,438.1511,117.0723,1.7773,19.1102,4046.9304,2948.2944
600011.SH,Q4 FY2019,462.5232,88.7837,-3.9187,-43.9121,4135.9654,2963.077
600011.SH,Q1 FY2020,403.5132,81.2944,2.0491,28.1793,4145.7429,2926.0148
600011.SH,Q2 FY2020,387.7038,77.5042,3.3426,42.9687,4250.9971,2877.7482
600011.SH,Q3 FY2020,427.017,113.6022,2.7833,41.0377,4270.5185,2795.0899
600011.SH,Q4 FY2020,476.1579,148.0973,-3.672,-55.1485,4382.0575,2967.304
600009.SH,Q1 FY2016,16.3701,-0.6302,3.1058,6.7393,259.1704,45.454
600009.SH,Q2 FY2016,17.6078,6.7458,3.6579,8.0436,264.4255,50.9514
600009.SH,Q3 FY2016,18.3201,6.3491,3.2859,7.3635,263.9201,43.0825
600009.SH,Q4 FY2016,17.2167,13.2831,3.1938,7.5102,269.4365,43.1949
600009.SH,Q1 FY2017,18.9516,4.9182,3.4876,8.2937,276.6124,42.0772
600009.SH,Q2 FY2017,20.0255,14.2491,3.9123,9.4778,289.8582,54.3238
600009.SH,Q3 FY2017,21.1108,8.5112,4.2141,10.3788,266.8878,20.9746
600009.SH,Q4 FY2017,20.5358,13.4617,4.0236,10.4223,275.474,20.6663
600009.SH,Q1 FY2018,22.8075,4.9975,3.9698,10.5871,283.5564,18.1616
600009.SH,Q2 FY2018,22.2369,14.4664,3.8464,10.4331,295.4883,30.8368
600009.SH,Q3 FY2018,23.9605,12.5805,4.2074,11.7149,298.7108,22.3444
600009.SH,Q4 FY2018,24.1263,12.6308,3.9382,11.5788,309.2873,22.9422
600009.SH,Q1 FY2019,27.744,9.7852,4.8069,14.4025,322.1082,21.3605
600009.SH,Q2 FY2019,26.8071,12.1766,4.4117,13.6746,334.726,33.0217
600009.SH,Q3 FY2019,27.5267,15.0803,4.271,13.4912,363.6893,50.2324
600009.SH,Q4 FY2019,27.3689,11.8084,3.2893,11.0404,371.7123,47.215
600009.SH,Q1 FY2020,16.3629,-1.9579,0.2515,1.1437,363.2225,37.5816
600009.SH,Q2 FY2020,8.3385,-4.433,-1.5,-4.5493,360.0792,54.2106
600009.SH,Q3 FY2020,9.6774,-1.9744,-1.1753,-3.5123,345.6137,45.2569
600009.SH,Q4 FY2020,8.6559,-3.8113,-1.7952,-4.7679,332.0218,36.4328
600010.SH,Q1 FY2016,54.2552,2.3438,-1.1755,-5.5941,1411.0937,943.5563
600010.SH,Q2 FY2016,66.1161,41.2987,1.2335,5.7051,1400.7775,927.3159
600010.SH,Q3 FY2016,79.6555,7.5222,0.4397,2.023,1410.1465,934.8298
600010.SH,Q4 FY2016,110.255,13.4435,-0.3177,-1.2827,1414.3972,939.9852
600010.SH,Q1 FY2017,106.2955,10.8159,0.4177,1.9648,1423.3093,947.0449
600010.SH,Q2 FY2017,105.0283,16.5046,0.8185,3.8244,1423.1332,942.4802
600010.SH,Q3 FY2017,137.4933,11.5745,1.6965,8.2591,1444.073,955.188
600010.SH,Q4 FY2017,188.0202,34.3947,1.3358,6.4606,1466.4246,971.0534
600010.SH,Q1 FY2018,129.868,13.3853,1.2827,6.3562,1465.1066,963.4492
600010.SH,Q2 FY2018,186.9429,5.5262,1.5501,7.8259,1468.1735,960.3872
600010.SH,Q3 FY2018,165.8547,30.3356,1.7333,8.9213,1479.4288,958.8944
600010.SH,Q4 FY2018,189.2101,22.2404,1.9552,10.1921,1488.0069,961.3081
600010.SH,Q1 FY2019,134.423,1.709,0.924,4.8675,1439.1419,907.2022
600010.SH,Q2 FY2019,168.6647,-3.5031,1.0389,5.5623,1451.513,912.5438
600010.SH,Q3 FY2019,165.7467,-7.6649,0.2743,1.502,1487.2915,947.4352
600010.SH,Q4 FY2019,165.1403,5.5907,-0.9784,-2.9912,1470.8662,861.0537
600010.SH,Q1 FY2020,132.1172,-13.1508,-0.6166,-2.6526,1424.8174,817.7768
600010.SH,Q2 FY2020,147.4092,19.9804,0.7769,4.5957,1403.6813,792.7145
600010.SH,Q3 FY2020,154.3451,14.3592,0.1575,1.6595,1433.2379,819.522
600010.SH,Q4 FY2020,158.7898,17.5463,0.452,3.0141,1442.2227,826.0497
600015.SH,Q1 FY2016,151.19,-1020.04,3.412,44.62,2.0945,1.9517
600015.SH,Q2 FY2016,160.86,1759.09,3.7807,54.15,2.2505,2.1064
600015.SH,Q3 FY2016,163.9,-9.44,3.2855,48.11,2.2737,2.1246
600015.SH,Q4 FY2016,164.3,669.51,3.3679,50.68,2.3562,2.2033
600015.SH,Q1 FY2017,163.31,74.89,2.9245,45.45,2.3991,2.2427
600015.SH,Q2 FY2017,170.17,-471.69,3.3967,53.62,2.4231,2.2635
600015.SH,Q3 FY2017,167.24,-610,2.7287,44.2,2.4458,2.2818
600015.SH,Q4 FY2017,163.12,128.52,3.3774,56.06,2.5089,2.3394
600015.SH,Q1 FY2018,159.05,-614.06,2.6735,45.85,2.5441,2.3704
600015.SH,Q2 FY2018,169.71,-478.21,3.1492,55.26,2.5672,2.3895
600015.SH,Q3 FY2018,177.47,14.77,2.5083,45.11,2.613,2.4305
600015.SH,Q4 FY2018,216.04,68.15,3.1861,63.64,2.6806,2.4619
600015.SH,Q1 FY2019,195.09,480.02,2.1398,46.43,2.7936,2.5789
600015.SH,Q2 FY2019,202.88,1137.05,2.5287,59.83,3.0227,2.7645
600015.SH,Q3 FY2019,220.82,-399.72,1.8153,47.5,3.0217,2.7587
600015.SH,Q4 FY2019,228.55,-426.53,2.5185,67.39,3.0208,2.7515
600015.SH,Q1 FY2020,235.94,42.56,1.7912,49.22,3.109,2.8343
600015.SH,Q2 FY2020,239.87,240.61,1.657,45.82,3.2656,2.9938
600015.SH,Q3 FY2020,230.78,113.89,1.7605,47.89,3.3316,3.0563
600015.SH,Q4 FY2020,246.5,-49.47,2.5829,72.75,3.3998,3.1172
600018.SH,Q1 FY2016,71.0546,-10.208,2.028,14.8281,976.6083,296.3074
600018.SH,Q2 FY2016,154.1601,15.9629,4.9226,34.8535,1021.9767,358.1446
600018.SH,Q3 FY2016,228.1267,27.52,6.6229,47.7796,1174.3653,502.5707
600018.SH,Q4 FY2016,313.5918,20.3593,11.5332,80.879,1167.8478,485.464
600018.SH,Q1 FY2017,79.9252,7.9361,1.8335,14.4301,1187.9392,476.6014
600018.SH,Q2 FY2017,167.1831,32.2741,5.5396,40.2917,1175.4038,489.8384
600018.SH,Q3 FY2017,252.1535,84.1527,7.7369,57.6549,1193.272,495.0705
600018.SH,Q4 FY2017,374.2395,96.1073,17.7196,128.4641,1412.349,641.7844
600018.SH,Q1 FY2018,86.4378,0.5932,2.342,18.9634,1424.8731,637.4329
600018.SH,Q2 FY2018,175.098,15.2161,4.9006,39.9422,1440.3638,679.6134
600018.SH,Q3 FY2018,260.8389,43.3716,7.3256,59.8495,1521.1174,748.3197
600018.SH,Q4 FY2018,380.4254,57.1015,14.1711,114.7202,1443.6703,620.1672
600018.SH,Q1 FY2019,81.5877,-4.3564,2.4756,21.3219,1382.752,498.432
600018.SH,Q2 FY2019,171.9883,15.8896,5.7101,48.8094,1440.7151,575.8623
600018.SH,Q3 FY2019,266.1,39.8143,8.6733,75.6687,1403.1832,509.5593
600018.SH,Q4 FY2019,361.0163,61.7303,11.5,99.2585,1421.773,513.8844
600018.SH,Q1 FY2020,53.9854,-1.9957,2.0081,18.9792,1439.1696,510.4864
600018.SH,Q2 FY2020,120.3867,30.285,4.6637,43.2885,1595.0244,683.1935
600018.SH,Q3 FY2020,192.1486,66.4173,7.1876,67.4546,1558.0339,621.5902
600018.SH,Q4 FY2020,261.1946,111.8642,9.7976,91.834,1559.2475,599.4515
600016.SH,Q1 FY2016,401.34,1766.28,4.4786,139.49,4.8208,4.5013
600016.SH,Q2 FY2016,378.17,5519.35,4.2937,137.53,5.2502,4.9225
600016.SH,Q3 FY2016,384.3,1269.66,3.7004,121.87,5.6366,5.3009
600016.SH,Q4 FY2016,388.3,1733.26,2.5943,88.89,5.8959,5.5439
600016.SH,Q1 FY2017,362.29,-438.96,4.0595,145.06,5.9566,5.5899
600016.SH,Q2 FY2017,343.06,-3241.17,3.8519,141.08,5.7672,5.3927
600016.SH,Q3 FY2017,354.06,2.61,3.3077,124.93,5.7125,5.3313
600016.SH,Q4 FY2017,383.4,1106.93,2.553,98.15,5.9021,5.5123
600016.SH,Q1 FY2018,367.48,-1226.07,3.9117,151.25,6.0025,5.6067
600016.SH,Q2 FY2018,386.69,-396.65,3.7533,147.28,6.0611,5.6533
600016.SH,Q3 FY2018,402.35,-1760.83,3.233,133.05,5.9658,5.5434
600016.SH,Q4 FY2018,411.17,-571.43,1.8384,71.72,5.9948,5.5638
600016.SH,Q1 FY2019,438.59,785.21,3.6855,159.68,6.1967,5.7487
600016.SH,Q2 FY2019,443.97,-167.93,3.4632,160,6.3407,5.852
600016.SH,Q3 FY2019,448.72,-1813.84,2.8708,141.42,6.2737,5.7707
600016.SH,Q4 FY2019,473.13,347.29,1.6411,88.14,6.6818,6.151
600016.SH,Q1 FY2020,493.33,1325.01,3.1527,168.11,6.962,6.4133
600016.SH,Q2 FY2020,487.75,-185.09,2.2169,119.69,7.1426,6.6038
600016.SH,Q3 FY2020,452.13,-2084.96,1.6744,91.13,6.927,6.3826
600016.SH,Q4 FY2020,416.3,121.02,-0.5686,-27.91,6.9502,6.409
600019.SH,Q1 FY2016,352.7345,74.0065,1.3452,15.3833,2619.4313,1382.4336
600019.SH,Q2 FY2016,779.928,82.7684,3.0368,36.2141,2662.6532,1405.7873
600019.SH,Q3 FY2016,1334.3533,94.2154,4.8526,58.2565,2668.7295,1388.5676
600019.SH,Q4 FY2016,1854.5865,163.7254,7.6606,92.053,2679.8271,1365.6153
600019.SH,Q1 FY2017,850.1005,19.5,2.7536,41.6703,3691.5568,2046.187
600019.SH,Q2 FY2017,1699.3251,65.4139,4.5249,67.3909,3564.802,1941.5761
600019.SH,Q3 FY2017,2518.3747,131.2838,8.3852,125.2001,3466.1279,1799.0898
600019.SH,Q4 FY2017,2890.929,330.7727,13.42,204.0314,3502.3463,1757.6223
600019.SH,Q1 FY2018,674.5372,35.9095,3.0086,55.3442,3537.1213,1738.9149
600019.SH,Q2 FY2018,1485.3409,194.694,6.0795,109.0113,3518.0201,1755.1035
600019.SH,Q3 FY2018,2253.2017,367.5198,9.3912,171.8194,3498.6824,1665.2894
600019.SH,Q4 FY2018,3047.7946,456.0605,12.641,232.7814,3351.4061,1458.9552
600019.SH,Q1 FY2019,653.7824,13.5508,1.5322,29.4686,3408.0447,1491.0154
600019.SH,Q2 FY2019,1408.7595,94.3733,3.5534,66.9705,3396.7983,1556.022
600019.SH,Q3 FY2019,2168.7561,195.9453,5.0508,96.1857,3445.7097,1569.7821
600019.SH,Q4 FY2019,2915.9398,295.0414,7.0026,134.6901,3396.33,1484.1709
600019.SH,Q1 FY2020,599.7277,36.4343,0.8596,17.6603,3460.042,1535.8148
600019.SH,Q2 FY2020,1297.718,109.2212,2.2584,44.9274,3529.9859,1624.4971
600019.SH,Q3 FY2020,2000.2265,170.6851,4.3869,87.3335,3563.1679,1615.6037
600019.SH,Q4 FY2020,2836.7441,280.8419,6.9955,139.8538,3562.2505,1564.8239
600021.SH,Q1 FY2016,41.957,16.0842,3.2006,5.8219,543.921,380.3661
600021.SH,Q2 FY2016,33.5193,14.1961,2.506,4.3995,529.7122,369.8079
600021.SH,Q3 FY2016,42.2473,7.3752,2.1142,4.2757,545.4674,381.1279
600021.SH,Q4 FY2016,42.7408,2.4454,0.9404,2.0386,555.5257,396.9976
600021.SH,Q1 FY2017,44.6116,3.3614,0.7108,1.8578,564.6382,404.3158
600021.SH,Q2 FY2017,41.7367,8.5916,0.9024,2.2053,568.2033,410.9339
600021.SH,Q3 FY2017,50.9801,6.5441,1.9727,3.5144,588.1748,428.3536
600021.SH,Q4 FY2017,51.1148,23.0242,4.8932,6.7148,809.1397,616.8509
600021.SH,Q1 FY2018,56.6185,6.8218,0.6829,2.4375,831.7916,637.5325
600021.SH,Q2 FY2018,51.9937,14.562,1.7575,4.0448,864.1927,671.8906
600021.SH,Q3 FY2018,56.6913,15.9906,3.1049,6.3882,883.4188,677.0136
600021.SH,Q4 FY2018,60.4843,26.1373,13.8317,21.2602,986.6964,723.4478
600021.SH,Q1 FY2019,58.2839,0.4721,1.6852,4.8719,1011.8319,743.7032
600021.SH,Q2 FY2019,57.0996,12.1697,2.2344,7.2575,1040.5877,778.1705
600021.SH,Q3 FY2019,59.7997,20.0492,1.7755,5.8208,1051.1666,784.0685
600021.SH,Q4 FY2019,60.0575,26.6103,0.2923,2.0642,1110.2272,809.5388
600021.SH,Q1 FY2020,55.6823,6.7037,0.7391,4.0534,1113.9091,810.0458
600021.SH,Q2 FY2020,62.239,17.6479,3.1829,10.4786,1199.0882,884.4039
600021.SH,Q3 FY2020,62.7904,28.1174,2.2879,8.0014,1238.7616,916.5872
600021.SH,Q4 FY2020,61.3167,20.2626,-1.607,-3.4204,1289.4684,942.6972
600028.SH,Q1 FY2016,0.4138,343.48,0.9085,90.25,1.3977,6011.83
600028.SH,Q2 FY2016,0.8792,761.12,2.8137,263.81,1.4326,6226.41
600028.SH,Q3 FY2016,1.3639,1317,4.2638,400.7,1.4131,5996.46
600028.SH,Q4 FY2016,1.9309,2145.43,6.6901,591.7,1.4986,6660.84
600028.SH,Q1 FY2017,0.5822,132.76,2.3088,216.83,1.4789,6253.1
600028.SH,Q2 FY2017,1.1658,608.47,3.7862,361.17,1.4875,6417.12
600028.SH,Q3 FY2017,1.745,1111.93,5.3716,518.29,1.4767,6312.3
600028.SH,Q4 FY2017,2.3602,1909.35,7.1024,702.94,1.5955,7414.34
600028.SH,Q1 FY2018,0.6213,120.52,2.5485,245.22,1.5725,6952.11
600028.SH,Q2 FY2018,1.3003,716.2,5.7441,532.81,1.6173,7599.93
600028.SH,Q3 FY2018,2.073,1379.19,8.2756,757.79,1.6628,8000.35
600028.SH,Q4 FY2018,2.8912,1758.68,8.7284,802.89,1.5923,7346.49
600028.SH,Q1 FY2019,0.7176,-146.09,2.0251,184.71,1.8134,9313.51
600028.SH,Q2 FY2019,1.499,329.18,4.3439,389.56,1.8248,9565.33
600028.SH,Q3 FY2019,2.2333,813.98,5.9936,544.64,1.8263,9534.47
600028.SH,Q4 FY2019,2.9662,1534.2,7.9026,721.22,1.7551,8781.66
600028.SH,Q1 FY2020,0.5555,-681.25,-2.7257,-210.32,1.8075,9598.73
600028.SH,Q2 FY2020,1.0342,397.94,-3.1969,-222.1,1.8216,9904.11
600028.SH,Q3 FY2020,1.5546,836.39,3.2018,310.14,1.7994,9298.28
600028.SH,Q4 FY2020,2.106,1675.18,4.4443,417.5,1.7338,8499.29
600030.SH,Q1 FY2016,76.0017,-145.0082,1.18,17.9057,5845.8487,4427.6329
600030.SH,Q2 FY2016,105.5915,-270.6236,2.6162,37.0377,5700.588,4310.7995
600030.SH,Q3 FY2016,88.8076,-145.7668,1.9578,28.5822,5478.9187,4054.7255
600030.SH,Q4 FY2016,109.6184,67.4757,1.7183,26.2858,5974.3884,4516.5017
600030.SH,Q1 FY2017,86.1536,-379.4168,1.5959,24.3173,6245.7906,4757.0131
600030.SH,Q2 FY2017,100.7884,-112.2769,1.815,27.5107,6059.1173,4588.6784
600030.SH,Q3 FY2017,98.0518,-270.6807,2.0641,31.5554,6317.7336,4812.6033
600030.SH,Q4 FY2017,147.9225,-279.5561,2.3624,36.3913,6255.7464,4724.3209
600030.SH,Q1 FY2018,97.1154,151.1355,1.7841,27.9825,6596.6884,5045.0975
600030.SH,Q2 FY2018,102.8102,207.3329,1.9057,30.2453,6577.243,5042.6887
600030.SH,Q3 FY2018,72.1673,87.8483,1.1554,18.5987,6141.4602,4577.8309
600030.SH,Q4 FY2018,100.1142,130.2184,1.3567,21.9378,6531.3272,4963.0122
600030.SH,Q1 FY2019,105.2244,259.0706,2.7375,43.5701,6733.3877,5116.5077
600030.SH,Q2 FY2019,112.6874,138.6922,1.394,23.0699,7238.6626,5641.3377
600030.SH,Q3 FY2019,109.8272,-293.659,2.5794,41.8914,7294.1047,5656.7231
600030.SH,Q4 FY2019,103.658,115.6599,1.0608,17.953,7917.2243,6262.7264
600030.SH,Q1 FY2020,128.5237,305.4746,2.4046,42.2326,9223.2741,7411.3105
600030.SH,Q2 FY2020,138.9119,3.5166,2.745,49.9701,9750.3897,7950.3981
600030.SH,Q3 FY2020,152.5107,314.4607,2.0995,38.9224,10441.3553,8603.4883
600030.SH,Q4 FY2020,123.8811,394.7984,1.2403,24.0403,10529.6229,8670.7956
600023.SH,Q1 FY2016,81.1681,41.6402,2.6242,16.8436,1038.101,386.9598
600023.SH,Q2 FY2016,178.4294,83.9065,7.4827,48.4228,1025.8534,387.5262
600023.SH,Q3 FY2016,286.8867,113.996,10.2934,67.275,1052.0352,389.7473
600023.SH,Q4 FY2016,391.7661,133.5075,11.0132,71.8887,1058.0547,395.2869
600023.SH,Q1 FY2017,109.7199,22.5298,1.5893,10.3428,1064.6486,389.3728
600023.SH,Q2 FY2017,226.2905,52.0152,4.0995,25.5417,1049.8792,392.8155
600023.SH,Q3 FY2017,375.8368,72.9113,6.4064,41.3499,1070.9195,396.9617
600023.SH,Q4 FY2017,511.9075,99.864,7.2712,47.3598,1128.4361,440.8517
600023.SH,Q1 FY2018,129.1269,16.5745,0.94,6.371,1118.5658,426.2345
600023.SH,Q2 FY2018,277.7117,33.6831,3.9019,25.6229,1113.1487,437.3823
600023.SH,Q3 FY2018,430.3819,68.9031,6.131,41.1357,1108.2254,409.7645
600023.SH,Q4 FY2018,566.3364,67.7421,6.6112,43.2161,1096.5001,405.4378
600023.SH,Q1 FY2019,131.9134,15.1029,1.714,11.7762,1115.4251,401.4436
600023.SH,Q2 FY2019,258.9636,48.2041,4.0686,27.4925,1085.4917,385.6585
600023.SH,Q3 FY2019,396.5556,81.1598,5.8394,40.9184,1098.1578,385.8392
600023.SH,Q4 FY2019,543.7055,90.2791,6.8443,49.0061,1109.1688,384.7309
600023.SH,Q1 FY2020,86.9542,15.2036,0.8729,5.0168,1100.3618,378.2303
600023.SH,Q2 FY2020,223.181,32.4004,4.7337,32.5302,1116.2287,397.6666
600023.SH,Q3 FY2020,368.9698,63.6222,8.0045,57.306,1110.2274,365.9522
600023.SH,Q4 FY2020,516.8443,101.2826,9.2187,66.67,1144.5309,381.9822
600031.SH,Q1 FY2016,52.2748,-2.8696,0.389,0.9927,629.0982,382.523
600031.SH,Q2 FY2016,59.9261,18.4114,0.2031,0.5656,620.1331,377.0825
600031.SH,Q3 FY2016,52.6957,4.8078,0.1567,0.5239,600.3772,358.5315
600031.SH,Q4 FY2016,67.9041,12.1449,0.1253,-0.4441,615.5497,381.0226
600031.SH,Q1 FY2017,93.7681,29.9911,3.2228,8.1181,608.2077,364.5978
600031.SH,Q2 FY2017,98.3101,28.946,1.7356,4.5838,595.1641,344.7759
600031.SH,Q3 FY2017,89.5125,9.8582,2.6178,6.6848,592.5592,334.8963
600031.SH,Q4 FY2017,101.7602,16.8497,1.1492,2.8842,582.3769,318.6451
600031.SH,Q1 FY2018,121.5896,25.9228,5.6785,15.5253,638.1633,355.497
600031.SH,Q2 FY2018,159.6487,36.2826,6.8274,19.6193,672.5834,383.304
600031.SH,Q3 FY2018,129.5366,25.1136,5.13,15.5059,697.3733,384.2393
600031.SH,Q4 FY2018,147.4402,17.9501,3.9908,12.3843,737.7472,412.7261
600031.SH,Q1 FY2019,212.9462,38.2342,9.1727,33.2466,836.6507,439.6525
600031.SH,Q2 FY2019,220.9182,37.719,9.0067,36.1122,869.5812,463.602
600031.SH,Q3 FY2019,153.0451,18.4938,5.8883,24.7031,881.831,447.6187
600031.SH,Q4 FY2019,169.7481,38.2068,4.7195,20.8827,905.413,450.1455
600031.SH,Q1 FY2020,172.6642,-8.9489,4.8283,22.1397,977.113,501.466
600031.SH,Q2 FY2020,319.211,94.4249,13.028,64.2452,1164.6601,653.2619
600031.SH,Q3 FY2020,237.047,24.7666,7.4669,39.5898,1199.3078,650.2935
600031.SH,Q4 FY2020,264.4994,23.3864,5.4238,31.2726,1262.5455,680.668
600048.SH,Q1 FY2016,188.7399,24.8277,1.8881,24.9271,4209.94,3216.5044
600048.SH,Q2 FY2016,362.7261,175.4551,4.6505,44.9183,4340.4587,3249.2971
600048.SH,Q3 FY2016,319.9488,206.2033,2.592,31.3077,4381.2875,3267.7333
600048.SH,Q4 FY2016,676.1065,-65.9466,6.1288,69.5774,4679.9677,3498.9483
600048.SH,Q1 FY2017,179.0375,-137.5117,2.0951,25.2128,5127.5177,3918.1581
600048.SH,Q2 FY2017,365.5487,41.442,4.1136,46.4081,5822.66,4589.902
600048.SH,Q3 FY2017,210.8186,-212.3785,2.8213,29.9297,6326.2392,5057.134
600048.SH,Q4 FY2017,707.6575,15.4897,7.3145,95.2214,6964.5175,5382.1209
600048.SH,Q1 FY2018,201.2524,-262.7215,1.7527,28.4612,7611.868,5971.3073
600048.SH,Q2 FY2018,393.8868,164.3957,4.212,64.6504,8138.6073,6455.2547
600048.SH,Q3 FY2018,354.0662,-11.3191,2.7814,41.7933,8570.2711,6845.195
600048.SH,Q4 FY2018,995.933,228.5781,7.9325,126.5865,8464.9392,6599.9957
600048.SH,Q1 FY2019,225.7785,7.9645,1.8856,33.4344,9012.1542,7114.5166
600048.SH,Q2 FY2019,485.4356,154.3127,6.1093,96.2076,9330.9746,7396.8043
600048.SH,Q3 FY2019,406.7261,-70.0664,2.264,45.8943,9751.999,7766.9118
600048.SH,Q4 FY2019,1241.3955,299.3423,10.6335,200.0035,10332.0872,8036.8671
600048.SH,Q1 FY2020,238.2299,-301.0094,1.5007,36.0762,10583.5427,8225.5273
600048.SH,Q2 FY2020,498.5445,48.5709,4.7844,97.1461,10951.6501,8505.0475
600048.SH,Q3 FY2020,437.2662,70.8589,1.8767,50.0451,11479.0008,8947.4088
600048.SH,Q4 FY2020,1256.9081,333.0844,9.1064,217.2146,12513.7492,9847.3704
600036.SH,Q1 FY2016,582.52,-2870.39,4.9598,184.19,5.432,5.052
600036.SH,Q2 FY2016,1129.19,-3003.26,9.535,353.32,5.5373,5.1581
600036.SH,Q3 FY2016,1602.91,-3593.76,13.772,523.44,5.564,5.1666
600036.SH,Q4 FY2016,2090.25,-1206.15,16.2695,623.8,5.9423,5.5389
600036.SH,Q1 FY2017,570.75,-2143.5,4.8548,200.92,6.0007,5.5789
600036.SH,Q2 FY2017,1126.66,-558.76,9.5552,394.66,6.1997,5.7779
600036.SH,Q3 FY2017,1657.03,-1926.75,13.9948,591.64,6.1692,5.7286
600036.SH,Q4 FY2017,2208.97,-56.6,15.8969,706.38,6.2976,5.8142
600036.SH,Q1 FY2018,612.96,-536.51,4.6446,227.08,6.2522,5.7528
600036.SH,Q2 FY2018,1261.46,-656.24,9.1253,448.69,6.5373,6.0333
600036.SH,Q3 FY2018,1882.21,-1747.05,13.3977,675.64,6.5087,5.9798
600036.SH,Q4 FY2018,2485.55,-357.21,15.791,808.19,6.7457,6.2021
600036.SH,Q1 FY2019,687.39,-1726.22,4.5635,254.97,6.7943,6.2213
600036.SH,Q2 FY2019,1383.01,-550.23,9.1357,508.58,7.1932,6.6192
600036.SH,Q3 FY2019,2077.3,-537.32,13.5919,777.61,7.3059,6.7031
600036.SH,Q4 FY2019,2697.03,44.32,16.1309,934.23,7.4172,6.7995
600036.SH,Q1 FY2020,766.03,871.47,4.4354,279.54,7.7661,7.1176
600036.SH,Q2 FY2020,1483.53,2542.54,8.0056,500.78,8.0318,7.3928
600036.SH,Q3 FY2020,2214.3,2198.28,11.6541,770.7,8.1567,7.447
600036.SH,Q4 FY2020,2904.82,4213.28,14.5825,979.59,8.3614,7.6311
600027.SH,Q1 FY2016,168.5438,66.4113,4.2098,24.3661,2048.9941,1468.9732
600027.SH,Q2 FY2016,127.0237,51.1218,1.9006,11.0019,2028.3069,1468.9792
600027.SH,Q3 FY2016,163.2375,55.0386,2.5515,16.0888,2033.583,1457.8207
600027.SH,Q4 FY2016,174.6555,48.7508,-0.8737,-5.1985,2101.1195,1536.7743
600027.SH,Q1 FY2017,191.0904,23.0242,0.0278,0.8282,2054.6777,1492.6968
600027.SH,Q2 FY2017,175.3917,36.6917,-0.5341,-2.3571,2078.4157,1533.9696
600027.SH,Q3 FY2017,214.4497,35.7448,-0.0621,2.3719,2097.3147,1550.7327
600027.SH,Q4 FY2017,209.1365,32.4308,1.6111,6.9161,2162.7859,1608.571
600027.SH,Q1 FY2018,224.7179,53.6708,1.6324,7.9507,2160.9892,1597.9516
600027.SH,Q2 FY2018,190.6506,21.0079,0.703,4.1523,2163.8521,1596.7631
600027.SH,Q3 FY2018,227.772,61.0199,1.1871,7.8024,2180.2864,1552.7362
600027.SH,Q4 FY2018,240.5102,42.3612,0.3385,2.8123,2250.2584,1584.2619
600027.SH,Q1 FY2019,233.8004,62.5848,1.4765,11.0154,2249.1214,1570.8157
600027.SH,Q2 FY2019,203.2187,31.004,1.6171,10.5907,2269.5599,1560.6421
600027.SH,Q3 FY2019,233.1632,55.2157,1.4873,12.2013,2276.7175,1539.2322
600027.SH,Q4 FY2019,261.9715,64.9644,1.4904,10.4425,2298.756,1508.2059
600027.SH,Q1 FY2020,221.1644,64.436,1.8407,15.9956,2289.5483,1417.6983
600027.SH,Q2 FY2020,194.1505,51.052,1.7751,15.8251,2278.3249,1399.4074
600027.SH,Q3 FY2020,222.843,76.0459,1.8419,16.4419,2289.6507,1395.9801
600027.SH,Q4 FY2020,269.2823,60.9476,0.7804,9.5048,2346.1112,1416.4613
600029.SH,Q1 FY2016,279.93,48.65,6.6618,30.25,1864.73,1338.45
600029.SH,Q2 FY2016,260.61,46.69,1.0341,6.47,1912.11,1387.53
600029.SH,Q3 FY2016,325.74,110.35,7.7372,38.42,1925.87,1363.5
600029.SH,Q4 FY2016,281.4,58.19,-3.1672,-16.47,2004.61,1457.53
600029.SH,Q1 FY2017,309.69,28.57,3.5257,18.4,2021.31,1454.64
600029.SH,Q2 FY2017,293.5,61.14,2.7121,13.6,2037.18,1464.41
600029.SH,Q3 FY2017,358.04,81.92,8.943,50.1,2113.34,1478.27
600029.SH,Q4 FY2017,313.66,42.41,-2.2657,-13.77,2183.29,1561.64
600029.SH,Q1 FY2018,341.01,45.16,4.9656,28.62,2200.25,1541.9
600029.SH,Q2 FY2018,334.54,48.77,-0.7799,-4.57,2291.18,1646.09
600029.SH,Q3 FY2018,413.34,70.64,3.4628,24.52,2489.35,1693.19
600029.SH,Q4 FY2018,347.34,31.28,-1.817,-14.01,2466.55,1684.72
600029.SH,Q1 FY2019,376.33,50.87,4.0987,28.84,2957.58,2185.8
600029.SH,Q2 FY2019,353.06,83.97,-1.5078,-11.72,3001.71,2243.78
600029.SH,Q3 FY2019,437.26,112.92,3.7236,28.55,3010.16,2224.08
600029.SH,Q4 FY2019,376.57,133.46,-2.2094,-14.72,3066.46,2295.92
600029.SH,Q1 FY2020,211.41,-82.38,-8.6055,-60.1,3002.8,2295.07
600029.SH,Q2 FY2020,178.23,37.93,-4.4867,-34.66,3195.01,2363.81
600029.SH,Q3 FY2020,263.86,84.22,0.9912,9.3,3154.91,2314.6
600029.SH,Q4 FY2020,272.11,50.72,-4.7781,-32.74,3261.15,2412.52
600050.SH,Q1 FY2016,703.3982,168.6782,0.185,4.4151,6014.845,3670.2186
600050.SH,Q2 FY2016,699.147,271.8732,0.3844,9.0909,6004.1411,3695.408
600050.SH,Q3 FY2016,668.8443,227.0251,0.0543,1.2506,5970.781,3654.6524
600050.SH,Q4 FY2016,670.5783,127.6739,-0.4308,-9.9575,6159.0735,3854.0038
600050.SH,Q1 FY2017,690.0516,219.5794,0.3526,8.2703,6025.9358,3704.3781
600050.SH,Q2 FY2017,691.5477,277.2217,0.6446,15.1857,5981.9757,3650.3834
600050.SH,Q3 FY2017,676.1765,294.669,0.6782,16.1109,5905.6803,3557.299
600050.SH,Q4 FY2017,690.5137,121.8836,-0.8268,-22.7273,5736.1734,2665.9897
600050.SH,Q1 FY2018,749.3506,254.5649,0.9556,29.849,5746.4958,2637.0659
600050.SH,Q2 FY2018,741.7013,268.9718,0.9318,29.0672,5525.4502,2404.0089
600050.SH,Q3 FY2018,706.0636,307.7815,0.6399,20.146,5502.8008,2350.6383
600050.SH,Q4 FY2018,711.6523,116.9791,0.4371,13.9445,5417.6228,2248.2199
600050.SH,Q1 FY2019,731.4679,190.839,1.1536,36.7194,5688.774,2486.5807
600050.SH,Q2 FY2019,718.0692,245.0357,0.9831,31.4402,5665.4663,2470.8574
600050.SH,Q3 FY2019,721.6681,331.8332,0.9148,29.3478,5705.7485,2480.7528
600050.SH,Q4 FY2019,733.9403,194.3745,0.4655,15.1338,5642.3062,2407.347
600050.SH,Q1 FY2020,738.2388,189.3631,0.9702,31.6347,5651.1801,2393.4003
600050.SH,Q2 FY2020,765.7306,297.0021,1.3431,44.1433,5701.2909,2429.9013
600050.SH,Q3 FY2020,749.5814,281.7954,0.9837,32.6696,5724.1511,2427.6532
600050.SH,Q4 FY2020,784.8299,305.1771,0.5006,16.8016,5824.7543,2510.0147
600068.SH,Q1 FY2016,168.1698,-33.4066,3.1573,7.4014,1285.8866,999.6511
600068.SH,Q2 FY2016,224.5923,-26.7251,3.581,10.057,1364.6587,1063.1046
600068.SH,Q3 FY2016,240.5049,11.8331,2.6141,9.389,1564.8277,1128.5079
600068.SH,Q4 FY2016,369.2745,14.0138,3.031,17.9419,1512.2883,1022.9327
600068.SH,Q1 FY2017,231.8469,-59.3794,1.921,9.8561,1596.7395,1093.337
600068.SH,Q2 FY2017,269.9993,35.9293,2.5142,12.7116,1664.0302,1140.6438
600068.SH,Q3 FY2017,241.2361,-50.4305,2.1519,11.8202,1751.7854,1197.8539
600068.SH,Q4 FY2017,324.9887,65.6417,5.1588,24.0869,1869.2367,1358.2836
600068.SH,Q1 FY2018,208.8462,-98.2267,1.8388,11.1544,1953.5075,1422.0774
600068.SH,Q2 FY2018,252.2677,36.9822,2.9022,15.4701,2122.8748,1591.8662
600068.SH,Q3 FY2018,213.1056,28.3143,2.0196,12.1234,2116.4793,1576.211
600068.SH,Q4 FY2018,332.0371,45.7083,4.4323,20.851,2182.0927,1631.2464
600068.SH,Q1 FY2019,217.0041,-10.9991,1.6155,10.9007,2175.5351,1613.9341
600068.SH,Q2 FY2019,280.9891,28.3809,3.0556,18.4364,2304.411,1676.6229
600068.SH,Q3 FY2019,231.7771,3.5178,2.254,14.1147,2311.7565,1717.1738
600068.SH,Q4 FY2019,369.6867,39.8047,4.5789,22.1844,2344.6337,1682.3187
600068.SH,Q1 FY2020,149.7442,-33.7754,0.7764,5.2562,2263.2178,1604.9372
600068.SH,Q2 FY2020,285.046,23.1792,1.4306,10.401,2344.082,1671.699
600068.SH,Q3 FY2020,317.2524,6.6686,2.5096,19.4928,2506.173,1794.1114
600068.SH,Q4 FY2020,374.0691,67.5693,3.0251,17.7845,2594.047,1800.6297
600089.SH,Q1 FY2016,87.0985,-26.9213,2.5912,6.3976,733.1514,474.7974
600089.SH,Q2 FY2016,179.2936,2.1172,5.6585,14.016,779.5195,517.9271
600089.SH,Q3 FY2016,263.4029,-7.9001,8.111,20.4654,770.1062,501.2897
600089.SH,Q4 FY2016,401.1749,26.3879,9.9357,25.0619,749.9331,475.7676
600089.SH,Q1 FY2017,81.6756,-13.783,2.6154,7.8935,782.7654,500.949
600089.SH,Q2 FY2017,180.2663,10.4197,5.2904,17.1071,839.7371,511.6658
600089.SH,Q3 FY2017,281.2613,-5.3182,7.1085,22.9576,849.5627,513.4064
600089.SH,Q4 FY2017,382.812,17.879,8.3487,26.4204,835.9777,495.7798
600089.SH,Q1 FY2018,80.0665,-37.9401,1.6927,6.8686,874.5548,528.372
600089.SH,Q2 FY2018,186.0556,9.5323,4.6538,17.8917,895.4076,528.086
600089.SH,Q3 FY2018,282.2315,-2.2031,6.2788,23.2514,918.6076,545.7291
600089.SH,Q4 FY2018,396.5553,25.8069,6.5958,25.3418,925.9458,536.119
600089.SH,Q1 FY2019,80.1386,-16.4154,1.3618,5.2676,963.7085,557.8099
600089.SH,Q2 FY2019,170.5184,11.6784,3.1447,12.4227,985.945,566.6959
600089.SH,Q3 FY2019,254.4796,-3.8782,4.9449,19.212,973.4587,546.1387
600089.SH,Q4 FY2019,369.8005,40.4102,5.9741,23.9035,1022.247,591.9698
600089.SH,Q1 FY2020,78.7933,-4.8102,1.1588,5.1682,1064.9686,620.1998
600089.SH,Q2 FY2020,179.6641,14.5661,2.6207,10.5439,1054.1066,616.3615
600089.SH,Q3 FY2020,294.7756,19.5822,4.3714,18.193,1121.3357,672.3086
600089.SH,Q4 FY2020,440.9532,52.5806,6.8618,31.9644,1094.9435,628.9766
600038.SH,Q1 FY2016,24.4465,2.7081,0.8456,0.5583,217.1312,150.8469
600038.SH,Q2 FY2016,31.1229,-13.1358,1.8078,1.1932,188.3173,122.2431
600038.SH,Q3 FY2016,26.9987,-6.3107,1.9322,1.2895,192.8993,123.4615
600038.SH,Q4 FY2016,42.647,13.7542,1.9938,1.3548,198.2572,127.5176
600038.SH,Q1 FY2017,20.8791,5.4842,1.0294,0.7146,205.7052,134.1659
600038.SH,Q2 FY2017,32.2133,-1.0857,1.1924,0.8277,206.5012,134.4006
600038.SH,Q3 FY2017,24.9144,-7.659,1.6953,1.1643,212.3317,138.9768
600038.SH,Q4 FY2017,42.4743,9.3964,2.5836,1.8472,225.0137,149.8227
600038.SH,Q1 FY2018,21.4102,-2.8587,0.9717,0.6809,218.2336,142.0092
600038.SH,Q2 FY2018,32.1836,8.9263,1.4676,1.0493,222.1262,146.1474
600038.SH,Q3 FY2018,28.2614,-7.8488,1.7404,1.2565,227.1968,149.8835
600038.SH,Q4 FY2018,48.7999,11.3277,2.6924,2.1168,240.3512,160.1735
600038.SH,Q1 FY2019,23.8724,1.013,1.0152,0.7469,232.5362,151.533
600038.SH,Q2 FY2019,45.1318,-7.4649,2.0787,1.6037,220.9993,139.8468
600038.SH,Q3 FY2019,36.284,4.8878,2.0675,1.6363,244.3833,161.5223
600038.SH,Q4 FY2019,52.6636,9.2645,2.2707,1.8962,263.313,178.561
600038.SH,Q1 FY2020,19.5184,0.6192,0.6325,0.4859,263.1482,177.7994
600038.SH,Q2 FY2020,57.2543,-9.8388,2.9808,2.4485,243.7146,157.5825
600038.SH,Q3 FY2020,45.0978,-0.7359,2.2789,1.8915,261.1837,173.0749
600038.SH,Q4 FY2020,74.6771,3.1077,3.0737,2.7534,263.0588,171.3782
600066.SH,Q1 FY2016,51.2679,-19.5639,2.9007,3.9507,274.2188,140.8731
600066.SH,Q2 FY2016,132.6812,-18.6477,10.4529,12.6763,255.8588,147.4163
600066.SH,Q3 FY2016,216.5916,-13.7276,18.4491,23.3771,278.8947,159.7483
600066.SH,Q4 FY2016,358.5044,35.3233,30.5832,41.0234,351.538,214.7469
600066.SH,Q1 FY2017,38.6846,-33.3374,2.3011,3.2737,293.8767,153.8094
600066.SH,Q2 FY2017,93.1307,-44.9303,6.2507,8.2688,305.6674,183.0238
600066.SH,Q3 FY2017,189.9497,-40.1879,14.1667,19.2949,312.5364,178.8631
600066.SH,Q4 FY2017,332.2195,-17.4896,21.5188,31.6785,361.6541,205.5955
600066.SH,Q1 FY2018,46.5915,-22.565,1.8834,2.9803,355.8041,196.7628
600066.SH,Q2 FY2018,120.1699,-11.8722,4.0413,6.2663,362.6113,211.5303
600066.SH,Q3 FY2018,193.7424,-13.1183,7.7047,12.1184,372.4193,215.4831
600066.SH,Q4 FY2018,317.4584,25.7783,14.3214,23.2838,367.9902,200.4285
600066.SH,Q1 FY2019,48.3864,-17.5806,1.8481,3.1432,353.6504,182.7055
600066.SH,Q2 FY2019,125.0541,2.0727,4.1514,6.931,346.6965,182.9156
600066.SH,Q3 FY2019,208.6246,16.2438,7.9008,13.436,354.8814,184.6752
600066.SH,Q4 FY2019,304.7944,53.4017,11.3525,19.6072,366.1949,189.5368
600066.SH,Q1 FY2020,28.0795,-4.9575,-0.8214,-1.4275,336.5423,161.7557
600066.SH,Q2 FY2020,76.1145,-6.9863,0.3829,0.6795,307.4776,152.3689
600066.SH,Q3 FY2020,136.1442,3.592,0.9367,1.671,323.4757,163.3427
600066.SH,Q4 FY2020,217.0505,35.6847,3.1392,5.1808,333.1187,178.6925
600060.SH,Q1 FY2016,71.2893,4.4739,4.3804,5.3337,205.0665,77.4702
600060.SH,Q2 FY2016,61.6047,11.3653,1.6672,2.0788,200.3989,70.7599
600060.SH,Q3 FY2016,87.8606,22.8302,3.1644,4.0017,218.6377,88.8156
600060.SH,Q4 FY2016,97.5699,-13.965,4.8059,6.4774,226.9137,90.8077
600060.SH,Q1 FY2017,67.0253,-1.1848,2.0143,2.6798,216.8078,77.3487
600060.SH,Q2 FY2017,68.6411,-1.2228,0.9402,1.2063,211.2776,70.6466
600060.SH,Q3 FY2017,101.7941,13.167,1.5133,2.2544,232.3988,94.7854
600060.SH,Q4 FY2017,91.2437,12.9233,2.7136,4.1298,246.9813,103.9649
600060.SH,Q1 FY2018,78.1144,-2.6935,2.0318,2.931,247.483,94.8244
600060.SH,Q2 FY2018,62.0082,15.3533,0.451,0.9501,246.3499,92.9516
600060.SH,Q3 FY2018,106.2865,-8.7099,0.1208,0.0706,275.2979,123.8047
600060.SH,Q4 FY2018,107.7496,-4.8213,0.4057,1.8039,293.9937,140.4156
600060.SH,Q1 FY2019,76.2222,14.3375,0.1899,0.5049,281.5791,127.428
600060.SH,Q2 FY2019,74.8159,-5.7226,0.2504,0.615,268.7279,114.5387
600060.SH,Q3 FY2019,85.399,6.0944,1.4245,2.2783,274.9284,118.1354
600060.SH,Q4 FY2019,104.6102,3.135,2.0218,4.6708,292.7492,130.0817
600060.SH,Q1 FY2020,67.6405,2.6729,0.3523,1.0128,279.8039,116.5961
600060.SH,Q2 FY2020,91.367,10.587,2.1327,3.7268,293.0233,127.1499
600060.SH,Q3 FY2020,115.7941,-11.2066,1.4033,3.1145,305.7051,138.2265
600060.SH,Q4 FY2020,118.3457,-0.811,4.0623,7.4016,314.5635,139.8159
600109.SH,Q1 FY2016,11.0052,-14.0153,1.9168,3.1561,553.4,387.01
600109.SH,Q2 FY2016,10.4656,-11.1341,1.9289,3.2224,514.8736,347.7481
600109.SH,Q3 FY2016,13.0833,-73.1106,2.2244,3.7477,465.018,293.5585
600109.SH,Q4 FY2016,12.1606,28.4877,1.6467,2.809,479.6097,304.0728
600109.SH,Q1 FY2017,10.3988,-37.5725,1.6165,2.8331,436.2092,257.1181
600109.SH,Q2 FY2017,9.7821,-27.866,1.4749,2.6413,440.1686,259.3723
600109.SH,Q3 FY2017,11.6453,-18.3347,1.8005,3.2773,432.9252,247.8567
600109.SH,Q4 FY2017,12.0797,-21.305,1.7307,3.2716,420.9322,232.0572
600109.SH,Q1 FY2018,8.3101,28.9762,1.4362,2.7197,455.2803,263.891
600109.SH,Q2 FY2018,8.43,-2.1307,1.1734,2.3338,506.3919,315.9369
600109.SH,Q3 FY2018,8.2416,7.2536,1.1236,2.1995,457.1452,263.7189
600109.SH,Q4 FY2018,12.6795,-8.1241,1.5495,2.9783,466.674,271.0652
600109.SH,Q1 FY2019,10.7803,41.8501,2.0317,4.0159,543.4175,343.0796
600109.SH,Q2 FY2019,8.3546,-33.571,1.1007,2.1956,519.4055,317.888
600109.SH,Q3 FY2019,9.9034,-11.4896,1.2682,2.5193,502.201,298.3491
600109.SH,Q4 FY2019,14.4569,-15.5319,2.0527,4.2499,501.5103,293.6262
600109.SH,Q1 FY2020,13.9173,14.7604,2.2749,4.7604,623.6976,411.6706
600109.SH,Q2 FY2020,15.045,-5.7525,2.4655,5.2747,653.5781,438.1225
600109.SH,Q3 FY2020,18.3178,-45.6969,2.5878,5.6538,655.1257,433.5752
600109.SH,Q4 FY2020,13.348,2.534,1.3351,3.048,676.3034,450.9016
600085.SH,Q1 FY2016,32.5662,3.0686,3.6276,4.4228,150.1384,36.9535
600085.SH,Q2 FY2016,31.2816,3.597,4.0692,5.0925,157.5019,43.8816
600085.SH,Q3 FY2016,25.1169,2.3032,2.6039,3.3513,166.6828,49.3845
600085.SH,Q4 FY2016,31.9426,1.4889,2.2766,2.7552,170.6001,49.8168
600085.SH,Q1 FY2017,36.6762,2.8707,3.7024,5.0094,175.9414,50.246
600085.SH,Q2 FY2017,33.3169,5.7913,3.7947,5.2225,184.9194,59.9215
600085.SH,Q3 FY2017,27.8414,2.1865,2.6978,3.6938,185.0887,56.7812
600085.SH,Q4 FY2017,35.9252,3.6407,2.379,3.4915,187.0813,55.4003
600085.SH,Q1 FY2018,36.644,4.5637,3.7044,5.3825,193.4282,57.2107
600085.SH,Q2 FY2018,36.0263,5.2918,3.7041,5.3794,200.4395,63.8172
600085.SH,Q3 FY2018,32.0997,5.2767,2.3763,3.7236,202.6495,61.0397
600085.SH,Q4 FY2018,37.3164,4.1516,3.1187,3.7398,204.7758,59.4829
600085.SH,Q1 FY2019,39.1103,4.2406,3.7051,5.6816,209.8862,59.1587
600085.SH,Q2 FY2019,32.4574,6.4537,3.2533,5.1043,211.5937,61.3984
600085.SH,Q3 FY2019,28.0213,8.0603,1.9566,3.0944,213.447,59.525
600085.SH,Q4 FY2019,33.1821,3.9825,1.4221,1.7358,209.2182,62.616
600085.SH,Q1 FY2020,30.3,3.534,2.5523,3.5811,213.1923,62.6463
600085.SH,Q2 FY2020,29.736,8.2782,2.559,3.8248,219.3775,70.7256
600085.SH,Q3 FY2020,30.4959,6.2658,2.4763,3.8833,220.6443,68.9594
600085.SH,Q4 FY2020,37.7269,3.6683,3.2622,4.8745,218.3751,62.9111
600100.SH,Q1 FY2016,44.5361,-25.2236,25.7218,52.4601,579.2373,320.6883
600100.SH,Q2 FY2016,62.0187,-11.3038,-1.0767,-1.8794,577.2544,318.9669
600100.SH,Q3 FY2016,64.8639,-8.3947,0.6186,2.612,586.5951,328.0682
600100.SH,Q4 FY2016,100.3246,23.8709,-3.5762,-6.1848,576.1229,330.5594
600100.SH,Q1 FY2017,40.4505,-26.2274,-1.2489,-2.9474,563.3017,321.1594
600100.SH,Q2 FY2017,59.6854,-7.0919,0.7071,2.8612,586.7124,350.2875
600100.SH,Q3 FY2017,64.3811,7.5331,-0.3061,-0.151,627.5041,388.621
600100.SH,Q4 FY2017,95.3769,30.3208,1.366,5.5332,635.9505,388.2781
600100.SH,Q1 FY2018,45.047,-22.4461,-1.0554,-2.5897,629.9313,383.7344
600100.SH,Q2 FY2018,60.0625,-9.6804,-0.5339,0.3751,649.9219,410.4084
600100.SH,Q3 FY2018,60.4859,-4.0233,-1.1748,-1.7229,660.4007,423.6427
600100.SH,Q4 FY2018,82.7343,30.8953,-18.3762,-31.0219,636.0964,437.1616
600100.SH,Q1 FY2019,34.1108,-18.7602,3.2901,4.897,615.8801,409.3748
600100.SH,Q2 FY2019,52.0386,-5.1788,-1.2589,-1.1586,609.2231,406.5944
600100.SH,Q3 FY2019,57.4617,-2.255,2.2628,3.696,627.4953,421.7027
600100.SH,Q4 FY2019,86.7933,46.6331,-2.4661,-2.0542,619.4789,413.4763
600100.SH,Q1 FY2020,28.735,-23.7757,-3.1916,-5.7019,602.8177,403.9536
600100.SH,Q2 FY2020,50.8462,-6.4292,2.5806,4.093,622.2679,421.4652
600100.SH,Q3 FY2020,62.2928,-5.6533,-0.4565,-0.2571,617.8183,417.6424
600100.SH,Q4 FY2020,117.1965,27.1479,1.7553,4.9922,623.2777,417.7482
600104.SH,Q1 FY2016,1827.2288,-40.5394,4.4226,113.7327,5235.45,2991.957
600104.SH,Q2 FY2016,1635.7187,-7.8335,3.9617,99.409,5150.9149,2981.686
600104.SH,Q3 FY2016,1775.5986,206.6354,4.4614,109.6734,5449.4582,3168.3686
600104.SH,Q4 FY2016,2223.8214,-44.4933,4.742,116.8045,5906.2814,3555.3176
600104.SH,Q1 FY2017,1931.6835,-50.7453,4.0552,115.2776,6269.6783,3650.2218
600104.SH,Q2 FY2017,1969.3951,196.9753,3.6535,104.0596,6367.1706,3905.636
600104.SH,Q3 FY2017,2083.1156,52.6099,4.1193,115.3265,6523.2297,3945.2142
600104.SH,Q4 FY2017,2595.583,44.1707,4.4322,136.4973,7235.3313,4514.2731
600104.SH,Q1 FY2018,2348.5251,-155.6832,4.2233,140.4203,7451.5012,4600.7308
600104.SH,Q2 FY2018,2223.2597,-174.7921,4.0799,127.1053,7361.6918,4704.6878
600104.SH,Q3 FY2018,2059.8636,37.1184,3.8536,114.1385,7343.1397,4550.7035
600104.SH,Q4 FY2018,2244.6136,383.1135,3.5852,102.3825,7827.6985,4980.4962
600104.SH,Q1 FY2019,1960.1556,-179.3252,3.4388,109.6953,7835.9822,4885.6161
600104.SH,Q2 FY2019,1719.0029,180.6161,2.2844,73.5494,7802.278,4943.8349
600104.SH,Q3 FY2019,2049.0347,253.6038,2.9174,95.2028,8030.6934,5091.0171
600104.SH,Q4 FY2019,2537.1069,207.8238,1.9465,74.4416,8493.3328,5484.9366
600104.SH,Q1 FY2020,1012.499,-16.4613,0.4492,14.4083,8036.5859,5044.7037
600104.SH,Q2 FY2020,1732.7039,310.0379,2.9312,95.4669,8332.9581,5405.2667
600104.SH,Q3 FY2020,2101.2675,58.8232,3.2935,103.8518,8458.2481,5422.3586
600104.SH,Q4 FY2020,2383.9554,22.7795,1.4711,78.1534,9194.1476,6093.7344
600111.SH,Q1 FY2016,7.9405,1.059,0.0797,-0.113,143.9888,45.0601
600111.SH,Q2 FY2016,14.2401,5.409,0.297,0.3384,158.8967,60.8907
600111.SH,Q3 FY2016,13.47,3.3621,0.0375,0.0107,158.0088,60.1713
600111.SH,Q4 FY2016,15.481,-8.8206,0.6806,0.5667,157.1053,58.4932
600111.SH,Q1 FY2017,19.2903,-0.5432,0.8902,0.9814,180.2056,81.7022
600111.SH,Q2 FY2017,21.4635,1.4584,0.4451,1.2272,183.2385,82.5115
600111.SH,Q3 FY2017,30.1803,4.4963,2.7436,4.2916,220.2782,114.7748
600111.SH,Q4 FY2017,31.1057,-23.5037,0.5895,0.467,206.8976,99.7863
600111.SH,Q1 FY2018,30.1959,7.0485,1.2222,1.5591,216.9793,109.1324
600111.SH,Q2 FY2018,26.7416,-14.6554,1.2187,1.3751,211.903,104.68
600111.SH,Q3 FY2018,36.2277,-1.4583,1.7976,1.5357,241.5794,117.9716
600111.SH,Q4 FY2018,46.3819,2.0751,2.2262,1.32,238.2147,112.9669
600111.SH,Q1 FY2019,39.5494,3.1934,1.2806,1.1504,238.5745,112.7074
600111.SH,Q2 FY2019,45.6428,0.4366,1.5632,1.3033,232.1645,106.2732
600111.SH,Q3 FY2019,55.6531,-1.0645,2.0654,2.2582,236.4254,108.6303
600111.SH,Q4 FY2019,40.0726,6.3135,1.617,1.6912,232.4979,102.9643
600111.SH,Q1 FY2020,45.594,5.0417,1.4967,1.6412,243.2446,112.7989
600111.SH,Q2 FY2020,50.5117,-3.4232,1.8655,1.5359,246.1959,113.6796
600111.SH,Q3 FY2020,59.1839,1.2831,1.7945,2.1984,254.8926,120.862
600111.SH,Q4 FY2020,57.1696,2.881,3.1684,3.6859,255.2915,117.3421
600118.SH,Q1 FY2016,9.9122,-2.3329,1.2234,0.6102,100.5708,45.8225
600118.SH,Q2 FY2016,21.9831,-4.9256,3.5137,1.8365,105.8495,51.2069
600118.SH,Q3 FY2016,32.6823,-7.8413,5.0095,2.6516,111.0946,55.6095
600118.SH,Q4 FY2016,63.3726,6.3065,8.3982,4.6069,108.5764,51.0635
600118.SH,Q1 FY2017,11.2115,-3.6862,1.1849,0.6135,111.9159,53.2635
600118.SH,Q2 FY2017,26.7868,-7.005,3.5958,1.9415,110.6484,52.1404
600118.SH,Q3 FY2017,39.9839,-9.9594,5.1702,2.826,114.732,55.3006
600118.SH,Q4 FY2017,73.8523,-3.7145,8.1422,4.9313,97.4338,34.2106
600118.SH,Q1 FY2018,12.7393,-1.7378,1.1516,0.6764,101.8606,37.9201
600118.SH,Q2 FY2018,32.1102,-6.2001,3.4149,1.9668,115.1284,49.8641
600118.SH,Q3 FY2018,45.3441,-4.8763,5.114,2.865,122.1595,57.4862
600118.SH,Q4 FY2018,75.8302,8.6766,7.8379,4.6908,104.3184,37.9714
600118.SH,Q1 FY2019,13.3063,-3.7078,1.1849,0.7151,109.4536,42.6902
600118.SH,Q2 FY2019,31.3905,-3.6715,3.4475,2.069,121.921,55.0884
600118.SH,Q3 FY2019,43.9309,-0.2094,4.7881,3.0076,135.1835,67.5646
600118.SH,Q4 FY2019,64.6326,-6.0577,5.9934,3.8316,116.3038,42.8745
600118.SH,Q1 FY2020,11.0994,0.9566,0.8333,0.5264,117.8928,44.6623
600118.SH,Q2 FY2020,27.3272,1.0753,2.5849,1.7475,126.71,50.5106
600118.SH,Q3 FY2020,43.643,5.828,4.1441,2.8823,131.6177,55.4443
600118.SH,Q4 FY2020,70.074,-0.7185,6.0785,4.2646,115.9045,38.4761
600115.SH,Q1 FY2016,235.34,58.32,7.1588,28.31,1896.48,1493.48
600115.SH,Q2 FY2016,227.98,47.03,1.4963,7.02,2117.5,1622.03
600115.SH,Q3 FY2016,290.76,86.87,7.121,37.31,2048.85,1514.37
600115.SH,Q4 FY2016,231.52,56.71,-4.4793,-22.99,2100.51,1599.55
600115.SH,Q1 FY2017,245.36,25.8,5.792,29.84,2099.8,1566.97
600115.SH,Q2 FY2017,234.84,46.92,3.004,16.43,2236.98,1687.59
600115.SH,Q3 FY2017,294.85,72.56,6.7175,38.69,2236.52,1655.75
600115.SH,Q4 FY2017,242.16,50.44,-2.9036,-16.76,2274.64,1709.46
600115.SH,Q1 FY2018,267.53,63.76,3.6557,21.58,2274.72,1685.02
600115.SH,Q2 FY2018,276.69,42.61,0.5404,3.48,2365.14,1772.36
600115.SH,Q3 FY2018,334.56,104.35,3.8873,24.32,2396.15,1778.99
600115.SH,Q4 FY2018,270.52,12.66,-3.1335,-19.97,2367.65,1774.13
600115.SH,Q1 FY2019,300.53,53.35,3.5908,21.7,2800.12,2204.96
600115.SH,Q2 FY2019,287.31,74.16,-0.1125,-0.36,2799.09,2203.67
600115.SH,Q3 FY2019,346.16,79.52,3.9103,26.47,2813.43,2096.26
600115.SH,Q4 FY2019,274.6,82.69,-1.7398,-12.98,2829.36,2125.39
600115.SH,Q1 FY2020,154.54,-61.26,-6.0832,-41.91,2865.3,2206.13
600115.SH,Q2 FY2020,96.75,-5.94,-7.7021,-48.81,2847.05,2244.7
600115.SH,Q3 FY2020,171.71,68.18,-0.9886,-6.09,2835.58,2237.41
600115.SH,Q4 FY2020,163.39,11.13,-4.9291,-28.73,2824.08,2254.96
600157.SH,Q1 FY2016,17.4982,9.591,0.2478,0.6249,875.7238,620.661
600157.SH,Q2 FY2016,25.5599,12.181,0.8474,2.0378,944.2496,654.8965
600157.SH,Q3 FY2016,33.2601,9.3701,0.9396,2.6173,947.0169,659.1458
600157.SH,Q4 FY2016,60.6733,9.5044,0.8786,2.3736,981.1252,689.8141
600157.SH,Q1 FY2017,53.1662,8.4641,0.45,1.4092,991.0629,698.0934
600157.SH,Q2 FY2017,63.5974,13.8093,0.6216,1.7424,1054.7452,760.5074
600157.SH,Q3 FY2017,54.7846,11.4078,0.6542,2.5226,1065.4263,768.0086
600157.SH,Q4 FY2017,52.3343,12.1433,0.7873,2.9969,1071.7283,783.8372
600157.SH,Q1 FY2018,46.6855,18.2807,2.0786,5.2957,1072.2621,782.2609
600157.SH,Q2 FY2018,60.0042,12.4925,-0.7018,-1.6569,1082.5203,792.196
600157.SH,Q3 FY2018,59.6602,8.3956,-1.2441,-2.6605,1076.9231,791.4598
600157.SH,Q4 FY2018,56.9229,9.2233,0.1439,0.6139,1065.291,780.7914
600157.SH,Q1 FY2019,52.6052,11.0584,0.1343,0.6088,1063.6916,778.9993
600157.SH,Q2 FY2019,44.2354,12.6695,0.2444,0.9018,1047.3518,763.6804
600157.SH,Q3 FY2019,55.9919,13.7217,0.1672,0.7546,1056.3,770.0568
600157.SH,Q4 FY2019,59.0371,14.2383,0.0384,0.5234,1064.8516,778.0951
600157.SH,Q1 FY2020,46.2032,10.0336,0.1183,0.6203,1059.0243,773.1709
600157.SH,Q2 FY2020,54.6519,11.864,0.3136,0.7504,1069.6718,782.6213
600157.SH,Q3 FY2020,56.5206,14.5741,0.4058,1.5319,1070.8508,782.1838
600157.SH,Q4 FY2020,64.0663,13.7192,13.1489,43.0601,1041.3313,586.8273
600150.SH,Q1 FY2016,58.5227,-18.9258,0.6567,0.6259,516.0928,316.9893
600150.SH,Q2 FY2016,59.4465,-8.1991,-0.5594,-2.7563,519.0081,322.7939
600150.SH,Q3 FY2016,55.8997,-8.1739,-2.6144,-5.3358,517.0423,325.744
600150.SH,Q4 FY2016,40.7019,-4.3119,-13.5354,-22.7516,524.847,356.259
600150.SH,Q1 FY2017,41.0858,-3.8624,-0.4823,-1.374,525.0428,357.8833
600150.SH,Q2 FY2017,44.2875,-2.4756,0.3501,0.4005,537.2066,369.5985
600150.SH,Q3 FY2017,37.325,6.6027,-1.844,-3.2656,540.4442,374.8407
600150.SH,Q4 FY2017,44.2127,80.4885,-14.7345,-21.197,523.2657,373.3159
600150.SH,Q1 FY2018,29.6414,1.0003,0.5281,0.3515,473.2273,271.659
600150.SH,Q2 FY2018,46.7405,9.7957,0.8912,2.1422,482.2079,279.1631
600150.SH,Q3 FY2018,35.5993,-4.6189,0.6839,1.4991,455.9549,251.7801
600150.SH,Q4 FY2018,57.1218,16.3119,1.1962,2.0746,452.7024,246.51
600150.SH,Q1 FY2019,46.0767,2.0091,0.0246,0.0658,435.8134,229.3704
600150.SH,Q2 FY2019,51.6533,10.7041,0.2751,0.6112,459.4115,253.8219
600150.SH,Q3 FY2019,65.7351,-4.7458,0.3399,0.8403,442.875,236.4082
600150.SH,Q4 FY2019,67.8968,-4.7187,2.0234,3.6473,443.5138,232.8391
600150.SH,Q1 FY2020,102.094,-44.9902,0.0079,-1.2841,1213.7487,740.0849
600150.SH,Q2 FY2020,130.0701,-28.9063,0.3115,0.8988,1241.1853,767.5441
600150.SH,Q3 FY2020,142.4919,24.9778,0.0657,-0.7301,1354.8118,851.5389
600150.SH,Q4 FY2020,177.7794,58.6546,0.3111,3.6739,1525.0953,996.8367
600177.SH,Q1 FY2016,55.5791,4.4074,12.1657,25.6981,635.4482,432.3268
600177.SH,Q2 FY2016,31.0907,-9.5494,2.9125,6.2352,644.3841,415.5037
600177.SH,Q3 FY2016,18.5201,-6.088,1.0369,2.3417,644.9872,416.505
600177.SH,Q4 FY2016,43.7601,14.5054,1.67,2.5984,639.1183,410.2027
600177.SH,Q1 FY2017,33.9447,0.3898,5.5147,12.6044,642.8689,410.6127
600177.SH,Q2 FY2017,20.0481,22.4071,3.3837,7.8489,657.9598,422.5136
600177.SH,Q3 FY2017,19.8358,6.6371,2.6817,6.3049,660.0548,422.6544
600177.SH,Q4 FY2017,24.5668,8.554,-9.9121,-23.8191,669.1884,424.902
600177.SH,Q1 FY2018,16.8166,-0.4082,2.0705,5.0901,684.0856,435.3362
600177.SH,Q2 FY2018,19.0389,13.7117,3.9852,9.7894,709.0635,463.7133
600177.SH,Q3 FY2018,11.4633,14.1199,3.3933,8.5457,750.158,489.1367
600177.SH,Q4 FY2018,49.036,-0.2073,4.9398,13.3597,756.12,472.3071
600177.SH,Q1 FY2019,25.7811,0.5269,2.6314,7.549,763.0572,469.4861
600177.SH,Q2 FY2019,20.0446,20.7042,4.4655,12.7733,758.2744,476.6393
600177.SH,Q3 FY2019,22.8539,-4.2445,3.827,10.4235,790.2751,518.2887
600177.SH,Q4 FY2019,55.5322,10.6578,3.2699,8.7704,806.6132,526.5443
600177.SH,Q1 FY2020,38.9487,7.7757,3.8037,10.2858,809.3473,542.2534
600177.SH,Q2 FY2020,30.6266,-1.4396,6.8789,18.3111,757.9967,485.6063
600177.SH,Q3 FY2020,17.0285,15.8451,9.8763,26.9782,753.2207,473.8295
600177.SH,Q4 FY2020,28.1518,-0.1245,5.8649,16.4907,800.1509,513.0819
600196.SH,Q1 FY2016,32.2604,3.8393,3.4385,7.6181,396.1735,182.9819
600196.SH,Q2 FY2016,69.3709,9.3605,8.0715,17.4863,409.441,191.1805
600196.SH,Q3 FY2016,106.3799,15.2349,11.5182,25.3281,422.441,196.3248
600196.SH,Q4 FY2016,146.2882,21.1004,13.9,32.2134,437.6779,185.1746
600196.SH,Q1 FY2017,38.8045,4.0227,3.2793,8.3596,473.3813,213.6703
600196.SH,Q2 FY2017,83.5302,11.0357,7.2104,19.2662,506.3396,231.5439
600196.SH,Q3 FY2017,129.5981,17.2334,10.1389,27.5734,564.9219,272.6121
600196.SH,Q4 FY2017,185.3356,25.8023,13.1511,35.8526,619.7101,322.2955
600196.SH,Q1 FY2018,57.192,4.66,2.7547,8.3786,637.1697,328.3464
600196.SH,Q2 FY2018,118.59,12.7879,6.1327,17.3795,661.9937,357.2688
600196.SH,Q3 FY2018,181.4238,20.8783,7.7768,23.3904,685.1282,354.8915
600196.SH,Q4 FY2018,249.1827,29.5011,10.1602,30.1988,705.5136,369.5865
600196.SH,Q1 FY2019,67.3001,4.0819,2.5126,8.5084,727.5177,383.2108
600196.SH,Q2 FY2019,141.7277,14.5019,5.3473,18.1963,736.8961,391.7224
600196.SH,Q3 FY2019,212.2762,23.2836,7.042,24.556,785.693,406.1709
600196.SH,Q4 FY2019,285.8515,32.2241,11.0969,37.4352,761.1965,369.1543
600196.SH,Q1 FY2020,58.8051,3.825,1.7864,6.4849,775.9163,379.9666
600196.SH,Q2 FY2020,140.2816,14.613,5.2819,19.0961,801.6976,403.1405
600196.SH,Q3 FY2020,221.0274,24.5314,7.6309,27.4989,805.4799,410.65
600196.SH,Q4 FY2020,303.0698,25.7977,10.6348,39.3998,836.8601,377.0173
600170.SH,Q1 FY2016,270.2575,-93.5496,2.236,5.1528,1373.1418,1121.9257
600170.SH,Q2 FY2016,605.5647,-79.7656,4.8987,11.1042,1469.3153,1226.7967
600170.SH,Q3 FY2016,877.1609,-125.2647,7.415,17.0966,1585.9452,1286.719
600170.SH,Q4 FY2016,1336.5654,30.8261,9.2915,21.5461,1743.6958,1486.0842
600170.SH,Q1 FY2017,266.8165,-114.099,2.0543,5.1397,1675.3446,1389.7513
600170.SH,Q2 FY2017,662.8809,-98.6427,5.1877,13.6124,1764.768,1479.2461
600170.SH,Q3 FY2017,995.3938,-99.8306,7.6491,19.9388,1854.2914,1559.441
600170.SH,Q4 FY2017,1420.8264,58.4031,10.3186,27.8854,1956.8521,1653.301
600170.SH,Q1 FY2018,310.7538,-137.8963,1.9622,6.7686,1905.8985,1597.0921
600170.SH,Q2 FY2018,782.9044,-126.5855,4.8419,15.2037,1961.1739,1661.642
600170.SH,Q3 FY2018,1154.1036,-116.8643,6.5113,20.5302,1984.3645,1660.6618
600170.SH,Q4 FY2018,1705.4578,23.9596,9.5693,34.2945,2159.1766,1806.1143
600170.SH,Q1 FY2019,470.9998,-136.6323,4.1555,16.1183,2072.6708,1703.1238
600170.SH,Q2 FY2019,1035.0219,-127.9284,6.231,22.875,2208.0247,1843.2795
600170.SH,Q3 FY2019,1523.4655,-120.618,8.5726,30.7555,2293.0372,1920.8861
600170.SH,Q4 FY2019,2054.9671,45.4921,12.2568,43.1225,2572.809,2211.0785
600170.SH,Q1 FY2020,405.5376,-160.0392,0.3802,1.7317,2325.4055,1971.9072
600170.SH,Q2 FY2020,1041.4478,-184.7033,3.8176,13.7004,2522.5756,2166.3544
600170.SH,Q3 FY2020,1654.2028,-181.815,6.4919,24.0223,2643.9121,2207.2823
600170.SH,Q4 FY2020,2313.2723,3.1599,9.6103,32.2231,3213.5673,2774.5824
600166.SH,Q1 FY2016,83.1749,-8.8373,0.4002,56.7727,466.4641,278.6739
600166.SH,Q2 FY2016,111.5588,-11.6063,0.3911,57.6202,501.3341,314.4397
600166.SH,Q3 FY2016,102.9466,5.3027,0.4595,66.2286,520.6828,333.1164
600166.SH,Q4 FY2016,167.6405,27.0587,1.7848,331.5064,539.1346,348.4674
600166.SH,Q1 FY2017,109.7257,-16.7804,0.4596,71.6336,581.9084,390.4261
600166.SH,Q2 FY2017,119.612,3.051,0.0759,4.9411,586.5466,393.6194
600166.SH,Q3 FY2017,134.3309,-22.5425,0.1924,21.7903,605.793,414.3947
600166.SH,Q4 FY2017,153.4328,10.1135,-0.1391,-69.436,624.1941,433.7619
600166.SH,Q1 FY2018,94.1262,-24.4152,-3.234,-615.7796,663.1235,478.4388
600166.SH,Q2 FY2018,122.5086,-0.5334,-1.6349,-309.2316,642.7129,462.5626
600166.SH,Q3 FY2018,94.3603,-17.2146,-4.5397,-808.3802,577.0565,406.4714
600166.SH,Q4 FY2018,99.5429,37.4869,-11.691,-1905.5183,589.0988,436.936
600166.SH,Q1 FY2019,141.4399,19.238,0.527,65.1319,529.7305,376.9922
600166.SH,Q2 FY2019,119.1459,1.5999,1.1126,154.7977,533.1895,381.4763
600166.SH,Q3 FY2019,93.7267,6.2316,0.0532,0.3992,533.6946,382.3376
600166.SH,Q4 FY2019,115.346,21.2828,-0.4344,-74.265,531.6944,379.5733
600166.SH,Q1 FY2020,92.2449,-11.0914,-1.9615,-301.4104,545.3565,396.333
600166.SH,Q2 FY2020,179.9023,60.3693,3.1406,471.4766,530.2428,377.1917
600166.SH,Q3 FY2020,155.5405,8.9107,0.6642,97.2245,527.6941,373.0995
600166.SH,Q4 FY2020,149.9664,28.6213,-0.8211,-126.5864,527.4724,373.1158
600208.SH,Q1 FY2016,19.3644,9.1716,0.4784,1.1275,948.4504,704.7937
600208.SH,Q2 FY2016,22.037,14.9489,0.8892,0.9419,966.7175,746.7119
600208.SH,Q3 FY2016,45.7001,14.6759,1.7366,4.3593,961.3196,723.7618
600208.SH,Q4 FY2016,49.1609,7.4845,19.7756,52.0431,1115.7162,816.7327
600208.SH,Q1 FY2017,15.3649,17.2664,1.3014,3.8901,1224.5754,921.5702
600208.SH,Q2 FY2017,25.5442,17.2928,0.3203,0.9878,1249.4005,946.62
600208.SH,Q3 FY2017,52.3397,-17.2079,4.1521,12.7258,1268.8068,950.1823
600208.SH,Q4 FY2017,81.7505,-0.5196,5.0345,15.8986,1245.6908,916.695
600208.SH,Q1 FY2018,29.8564,-30.3369,2.412,7.8588,1312.7276,974.5592
600208.SH,Q2 FY2018,26.0568,-27.1823,2.0273,6.7515,1358.4742,1022.2986
600208.SH,Q3 FY2018,14.909,3.1494,0.9502,3.1058,1377.509,1040.7789
600208.SH,Q4 FY2018,101.449,16.5831,2.2102,9.2175,1398.7114,1054.8464
600208.SH,Q1 FY2019,13.2085,-23.7339,2.3765,8.023,1444.808,1093.3248
600208.SH,Q2 FY2019,59.5416,20.8545,2.6404,9.0386,1464.8153,1109.8298
600208.SH,Q3 FY2019,37.8703,4.1466,2.1011,7.2999,1415.4632,1054.4069
600208.SH,Q4 FY2019,37.4825,21.4079,-0.8702,-3.2453,1440.3202,1088.6854
600208.SH,Q1 FY2020,15.3365,-10.0179,0.3929,1.2827,1450.4408,1097.4982
600208.SH,Q2 FY2020,32.0081,4.5541,6.1318,23.3067,1524.9178,1148.041
600208.SH,Q3 FY2020,32.9064,-0.9379,1.1038,4.4283,1527.6665,1148.7021
600208.SH,Q4 FY2020,57.6692,56.7958,1.148,3.8921,1356.8456,971.564
600153.SH,Q1 FY2016,229.7904,-6.3249,1.6607,3.8267,1137.4059,866.5485
600153.SH,Q2 FY2016,322.0061,9.6817,2.8025,7.2123,1204.5971,943.861
600153.SH,Q3 FY2016,320.6679,-62.8257,2.2892,4.5745,1354.8944,1078.7677
600153.SH,Q4 FY2016,583.4445,11.0645,7.4151,23.8814,1264.2458,937.9544
600153.SH,Q1 FY2017,389.8809,-151.0258,1.9446,4.9485,1494.0939,1158.5231
600153.SH,Q2 FY2017,526.4655,29.0943,2.3144,6.2777,1604.8977,1267.7008
600153.SH,Q3 FY2017,525.5196,-85.7283,3.144,8.431,1695.6623,1358.5713
600153.SH,Q4 FY2017,744.1498,21.7819,7.4671,28.5995,1752.9515,1315.5797
600153.SH,Q1 FY2018,486.3246,-166.2597,2.4317,6.6055,2062.853,1616.6273
600153.SH,Q2 FY2018,669.4742,-34.0554,2.4732,8.5512,2260.2053,1808.9778
600153.SH,Q3 FY2018,676.8356,68.6739,2.1487,7.6642,2413.2263,1928.9529
600153.SH,Q4 FY2018,971.1835,179.4438,11.3066,53.4944,2174.5394,1630.3613
600153.SH,Q1 FY2019,538.6187,-50.9204,1.5831,5.553,2433.6908,1883.4349
600153.SH,Q2 FY2019,739.7229,22.8782,3.3768,12.6944,2624.5436,2087.0094
600153.SH,Q3 FY2019,825.2356,-63.9837,1.6162,5.5239,2970.7909,2432.0321
600153.SH,Q4 FY2019,1268.8095,204.1765,9.6853,55.8598,2953.9866,2292.9422
600153.SH,Q1 FY2020,674.6016,-155.36,4.6292,24.2594,3343.5572,2681.9412
600153.SH,Q2 FY2020,900.8412,-73.7107,2.5013,7.4677,3572.0098,2909.5804
600153.SH,Q3 FY2020,1067.8995,92.1101,1.6764,5.2946,3886.1554,3216.04
600153.SH,Q4 FY2020,1686.1526,234.1456,4.7752,44.803,3871.5682,3010.9865
600188.SH,Q1 FY2016,117.6836,-2.969,0.6088,2.9372,1377.0342,930.1879
600188.SH,Q2 FY2016,246.3522,-0.4979,1.4719,5.7072,1394.4785,935.11
600188.SH,Q3 FY2016,647.7732,21.5586,2.4885,11.5377,1454.727,949.3571
600188.SH,Q4 FY2016,1019.8221,64.2167,5.046,22.9266,1456.224,945.7135
600188.SH,Q1 FY2017,397.4603,10.6045,3.9871,20.0426,1511.0905,957.9487
600188.SH,Q2 FY2017,806.2424,26.4923,6.8857,36.4731,1577.7569,973.8569
600188.SH,Q3 FY2017,1192.1862,81.9444,9.9862,55.4549,1887.8753,1128.231
600188.SH,Q4 FY2017,1512.2778,160.6307,13.9655,78.6186,1948.8729,1176.0593
600188.SH,Q1 FY2018,323.3371,32.7016,3.8388,27.4703,1993.5317,1156.3923
600188.SH,Q2 FY2018,763.0819,95.6337,7.7305,56.677,1939.0606,1142.8592
600188.SH,Q3 FY2018,1191.9049,126.5308,9.6207,75.0304,1942.4362,1123.6405
600188.SH,Q4 FY2018,1630.0847,224.324,13.6442,106.5594,2036.799,1187.2641
600188.SH,Q1 FY2019,482.4354,44.2448,3.7088,30.1744,1970.3711,1093.0539
600188.SH,Q2 FY2019,1059.7559,119.2097,8.5375,70.4003,2023.9265,1174.2084
600188.SH,Q3 FY2019,1506.1108,148.3316,10.9547,89.8922,1975.7292,1140.9987
600188.SH,Q4 FY2019,2006.4719,248.7108,13.9485,111.0966,2078.2136,1242.9724
600188.SH,Q1 FY2020,456.0452,13.3634,2.4336,18.6107,2168.8745,1359.1258
600188.SH,Q2 FY2020,1096.1342,-15.5689,7.1413,63.8125,2183.7084,1351.6581
600188.SH,Q3 FY2020,1541.4697,61.8829,9.1244,74.3178,2189.2024,1394.9559
600188.SH,Q4 FY2020,2149.9182,222.334,12.1312,68.3768,2589.1004,1791.2766
600221.SH,Q1 FY2016,100.8276,58.0716,4.0712,15.6525,1303.1758,877.9998
600221.SH,Q2 FY2016,89.1323,24.7024,0.6201,2.5495,1313.8097,885.2904
600221.SH,Q3 FY2016,118.1597,35.4023,3.6989,18.3462,1529.2251,914.6655
600221.SH,Q4 FY2016,98.6617,4.6947,-0.4737,-2.4468,1481.4402,802.6786
600221.SH,Q1 FY2017,145.3781,48.7709,1.455,10.4806,1831.5304,1093.6786
600221.SH,Q2 FY2017,139.8841,2.1322,0.5239,3.3831,1849.3249,1087.788
600221.SH,Q3 FY2017,166.5618,36.0435,2.6222,19.3364,1976.8267,1183.0184
600221.SH,Q4 FY2017,147.2155,42.6548,0.9412,5.6174,1973.4789,1233.9057
600221.SH,Q1 FY2018,168.0885,-15.3423,2.3008,13.7107,1865.0408,1115.293
600221.SH,Q2 FY2018,161.3257,41.9989,-1.3599,-7.6151,1857.5811,1121.6961
600221.SH,Q3 FY2018,194.1395,11.7346,0.3148,1.6218,1879.1945,1144.085
600221.SH,Q4 FY2018,154.0857,53.8546,-7.7985,-44.1982,2047.3516,1359.849
600221.SH,Q1 FY2019,186.3323,9.7278,2.1126,12.3979,2034.0964,1337.4202
600221.SH,Q2 FY2019,164.02,28.5637,-1.1789,-6.4677,1968.5589,1281.5804
600221.SH,Q3 FY2019,214.4434,7.0392,0.2023,1.1644,1968.8871,1279.9032
600221.SH,Q4 FY2019,159.0984,91.9963,-0.1298,0.4586,1965.3494,1344.2778
600221.SH,Q1 FY2020,68.8859,-20.3228,-12.8502,-66.2769,1903.3789,1348.8136
600221.SH,Q2 FY2020,48.2327,-59.1353,-12.8595,-59.1365,1815.1197,1298.4823
600221.SH,Q3 FY2020,81.3343,-41.3356,-9.9038,-38.8508,1754.2336,1277.0124
600221.SH,Q4 FY2020,95.5574,115.7331,-1172.0566,-523.1614,1645.7669,1868.306
600276.SH,Q1 FY2016,26.686,5.7225,6.6574,6.8316,122.0463,11.5218
600276.SH,Q2 FY2016,52.7911,12.8295,12.5188,13.2052,127.3278,12.3399
600276.SH,Q3 FY2016,82.6407,19.2596,17.8117,19.4508,136.3205,14.5093
600276.SH,Q4 FY2016,110.9372,25.9263,23.1992,26.3419,143.3006,14.5567
600276.SH,Q1 FY2017,31.6936,6.0966,6.3449,8.0772,153.0243,16.1749
600276.SH,Q2 FY2017,63.4459,13.5636,12.0814,15.9368,157.346,15.555
600276.SH,Q3 FY2017,100.6612,22.6163,17.3606,23.8428,165.3558,15.5115
600276.SH,Q4 FY2017,138.3563,25.4739,23.1782,32.9295,180.3938,20.9617
600276.SH,Q1 FY2018,38.5713,4.956,5.9782,9.7318,189.0224,19.0722
600276.SH,Q2 FY2018,77.6075,13.2738,11.7743,19.443,200.6464,23.829
600276.SH,Q3 FY2018,124.5877,20.5061,17.1679,29.531,208.0133,21.5449
600276.SH,Q4 FY2018,174.179,27.7421,23.1685,40.6118,223.6123,25.6349
600276.SH,Q1 FY2019,49.6685,4.2724,5.9402,11.9378,231.8149,26.8571
600276.SH,Q2 FY2019,100.263,14.5249,11.6272,24.1329,244.1193,25.7305
600276.SH,Q3 FY2019,169.4505,26.081,17.4196,37.3329,259.5286,26.977
600276.SH,Q4 FY2019,232.8858,38.1683,23.9443,53.2645,275.5648,26.1895
600276.SH,Q1 FY2020,55.2702,15.4365,5.1696,13.0587,291.665,28.9836
600276.SH,Q2 FY2020,113.0888,33.7661,10.3733,26.525,296.7747,29.6484
600276.SH,Q3 FY2020,194.1313,39.8653,16.0636,42.4274,325.3547,41.3023
600276.SH,Q4 FY2020,277.346,34.3193,22.8959,63.0889,347.2959,39.4259
600309.SH,Q1 FY2016,52.9961,17.9774,3.8326,5.4478,490.1946,340.8585
600309.SH,Q2 FY2016,71.7616,13.9922,7.6747,10.8866,503.4067,347.6664
600309.SH,Q3 FY2016,84.5641,20.1634,8.6607,13.4023,515.8507,347.8826
600309.SH,Q4 FY2016,91.6768,21.3555,8.2861,15.744,507.6502,324.3108
600309.SH,Q1 FY2017,110.0705,4.7306,12.7977,25.8783,569.1809,335.3756
600309.SH,Q2 FY2017,134.2304,9.7546,13.1684,32.2173,599.8808,351.0183
600309.SH,Q3 FY2017,145.3342,41.8292,13.1194,34.5319,627.53,360.6582
600309.SH,Q4 FY2017,141.5967,45.807,12.9729,40.4657,658.2773,350.7361
600309.SH,Q1 FY2018,136.0191,35.9,13.1335,41.3391,664.2334,356.4521
600309.SH,Q2 FY2018,164.5226,48.5517,11.9811,40.9627,680.9277,335.1341
600309.SH,Q3 FY2018,158.6906,70.7426,6.6539,26.2775,719.9355,347.0422
600309.SH,Q4 FY2018,146.9796,37.3807,4.8221,19.7171,769.1266,376.6225
600309.SH,Q1 FY2019,159.5201,45.0557,7.4802,29.342,923.3763,497.8337
600309.SH,Q2 FY2019,155.8699,37.7937,7.16,29.4219,960.1339,562.8111
600309.SH,Q3 FY2019,170.0017,48.3664,5.8201,24.0505,964.846,545.1225
600309.SH,Q4 FY2019,195.115,128.1137,5.3943,23.1187,968.6532,529.3406
600309.SH,Q1 FY2020,153.4305,28.7012,3.1998,14.9462,1077.542,623.7947
600309.SH,Q2 FY2020,155.6363,34.1935,3.4304,15.3244,1146.995,719.7169
600309.SH,Q3 FY2020,183.25,16.8187,5.8975,25.9365,1259.8705,799.7471
600309.SH,Q4 FY2020,242.0128,88.7836,10.1206,47.9422,1337.5267,821.019
600315.SH,Q1 FY2016,15.411,0.9792,2.2005,1.2743,84.1435,25.6113
600315.SH,Q2 FY2016,15.2463,-1.3184,4.1009,2.4492,83.4241,22.5074
600315.SH,Q3 FY2016,12.2212,1.2012,1.0545,0.6108,79.3573,24.4378
600315.SH,Q4 FY2016,10.3335,-0.3221,-4.0426,-2.1741,76.3245,23.6832
600315.SH,Q1 FY2017,13.4017,1.7658,2.0351,1.0828,78.1373,24.3643
600315.SH,Q2 FY2017,13.1172,3.213,1.999,1.0796,80.7184,26.4729
600315.SH,Q3 FY2017,12.4268,0.9025,1.5691,0.8591,80.4301,25.1649
600315.SH,Q4 FY2017,25.9368,2.7363,1.6077,0.8765,96.0396,42.2741
600315.SH,Q1 FY2018,18.603,2.7175,2.745,1.5068,100.3583,44.3407
600315.SH,Q2 FY2018,18.0489,2.3288,2.962,1.6614,103.0362,46.8685
600315.SH,Q3 FY2018,17.55,2.1281,2.3954,1.3697,106.082,47.8854
600315.SH,Q4 FY2018,17.1776,1.7724,1.4886,0.8658,101.6007,43.4701
600315.SH,Q1 FY2019,19.5388,2.6721,3.924,2.3332,106.559,45.7719
600315.SH,Q2 FY2019,19.6878,2.7646,3.4587,2.1062,112.1044,51.0992
600315.SH,Q3 FY2019,18.1265,1.8091,1.5674,0.9649,111.1926,49.0713
600315.SH,Q4 FY2019,18.6164,0.2418,0.2666,0.1666,111.4749,48.6174
600315.SH,Q1 FY2020,16.647,3.4038,1.8903,1.1924,111.6783,48.3763
600315.SH,Q2 FY2020,20.1994,0.1547,1.0228,0.6419,113.9179,51.7035
600315.SH,Q3 FY2020,16.7754,2.621,2.0492,1.2869,113.8012,50.4132
600315.SH,Q4 FY2020,16.702,0.2549,1.8396,1.1808,112.9532,47.961
600317.SH,Q1 FY2016,8.6283,0.7416,1.0569,1.1073,159.9823,51.3071
600317.SH,Q2 FY2016,8.5062,1.9727,1.1314,1.2221,163.3892,53.4443
600317.SH,Q3 FY2016,8.4762,3.2305,1.2931,1.2827,164.8317,54.219
600317.SH,Q4 FY2016,11.0451,4.7557,1.3369,1.4747,165.2761,53.3073
600317.SH,Q1 FY2017,9.7562,4.1322,1.5911,1.7442,167.5364,53.7697
600317.SH,Q2 FY2017,9.1652,4.0795,0.8295,0.9401,161.4961,51.2631
600317.SH,Q3 FY2017,9.4223,4.0282,1.4318,1.6067,160.7418,48.8652
600317.SH,Q4 FY2017,9.8393,4.7975,1.1996,1.3369,163.2453,50.0553
600317.SH,Q1 FY2018,11.2811,3.2926,1.7692,1.9969,158.235,43.1815
600317.SH,Q2 FY2018,11.3186,3.3043,1.4342,1.6958,158.9586,42.1861
600317.SH,Q3 FY2018,9.5673,5.4304,1.8849,2.2157,159.7117,42.3302
600317.SH,Q4 FY2018,15.9684,4.8916,3.8387,4.4483,161.7456,39.9745
600317.SH,Q1 FY2019,12.0193,2.197,2.4871,3.0401,161.2255,36.3333
600317.SH,Q2 FY2019,11.0105,5.9121,2.3216,2.9103,157.8239,30.3076
600317.SH,Q3 FY2019,11.1481,5.5356,2.16,2.7389,156.7514,29.5026
600317.SH,Q4 FY2019,13.5054,6.0134,1.4249,1.7935,152.2032,23.1975
600317.SH,Q1 FY2020,11.4934,1.8955,2.336,3.034,150.6594,18.5476
600317.SH,Q2 FY2020,12.5798,6.7244,2.586,3.3743,149.8159,17.6677
600317.SH,Q3 FY2020,12.0247,2.1057,2.3531,3.1305,139.0682,3.7778
600252.SH,Q1 FY2016,3.4629,2.8051,2.7907,1.3937,59.6029,9.1891
600252.SH,Q2 FY2016,3.7871,3.6147,2.7526,1.4038,58.8966,7.239
600252.SH,Q3 FY2016,3.8851,3.4612,2.9425,1.5373,60.451,7.5413
600252.SH,Q4 FY2016,5.5655,5.0752,1.0533,0.5584,64.8946,11.6403
600252.SH,Q1 FY2017,4.099,0.9964,2.7151,1.4577,64.5174,10.3252
600252.SH,Q2 FY2017,5.2461,3.1703,4.4421,2.4077,64.6704,10.38
600252.SH,Q3 FY2017,6.6192,2.9294,2.618,1.4448,68.5823,12.4245
600252.SH,Q4 FY2017,4.5128,1.8361,1.3189,0.739,68.6359,12.6687
600252.SH,Q1 FY2018,6.671,1.7109,2.0923,1.1762,69.262,12.7225
600252.SH,Q2 FY2018,8.4407,2.0355,3.9018,2.194,68.8852,12.8933
600252.SH,Q3 FY2018,9.5074,2.8612,2.4882,1.4065,71.6236,14.4901
600252.SH,Q4 FY2018,8.3685,1.9264,2.3324,1.357,72.3974,13.0958
600252.SH,Q1 FY2019,8.7586,0.5707,2.8543,1.7373,75.2779,12.7708
600252.SH,Q2 FY2019,9.3813,3.0393,3.0686,1.8982,74.9897,13.8362
600252.SH,Q3 FY2019,9.3779,2.7921,3.4595,2.1366,77.2209,14.7343
600252.SH,Q4 FY2019,10.6228,0.141,2.6567,1.6787,78.3511,14.3764
600252.SH,Q1 FY2020,9.8434,-1.0611,2.4214,1.5555,80.2811,15.6906
600252.SH,Q2 FY2020,7.6273,3.4241,2.5263,1.7183,120.6559,39.136
600252.SH,Q3 FY2020,11.7876,2.2083,1.6773,1.0847,127.6647,43.7948
600252.SH,Q4 FY2020,7.5056,1.9948,1.9948,-1.9977,119.7461,37.4686
600256.SH,Q1 FY2016,9.8037,2.4145,0.2469,0.2634,421.2381,289.935
600256.SH,Q2 FY2016,8.5761,4.8108,0.374,0.2222,434.7653,303.6427
600256.SH,Q3 FY2016,10.3047,4.7892,0.8759,0.8692,418.4961,286.0281
600256.SH,Q4 FY2016,13.2589,1.7366,0.3696,0.0908,433.3267,303.2815
600256.SH,Q1 FY2017,11.1822,0.7632,0.2713,0.0271,432.0687,301.4744
600256.SH,Q2 FY2017,15.2217,5.0239,0.7136,0.6906,441.7671,310.8019
600256.SH,Q3 FY2017,20.0801,7.4829,1.2439,1.4347,448.9483,316.6805
600256.SH,Q4 FY2017,34.8906,11.3524,3.5743,2.7531,448.0576,304.9415
600256.SH,Q1 FY2018,33.1047,9.5027,4.4648,5.0779,455.5346,307.1257
600256.SH,Q2 FY2018,26.7476,5.9775,2.5417,2.9113,472.8362,301.4745
600256.SH,Q3 FY2018,33.0948,16.9273,3.3865,5.0126,496.6221,326.8786
600256.SH,Q4 FY2018,36.0986,8.9972,2.562,3.2626,483.3902,310.5238
600256.SH,Q1 FY2019,32.5858,5.1808,2.9049,4.1339,500.6674,323.6499
600256.SH,Q2 FY2019,31.6175,8.8206,2.1775,3.0506,496.8068,323.8814
600256.SH,Q3 FY2019,34.1454,10.7806,2.67,3.8332,502.1284,326.4667
600256.SH,Q4 FY2019,42.0674,15.9498,2.557,3.4666,487.4154,321.2305
600256.SH,Q1 FY2020,31.1438,5.8809,1.6127,2.182,504.187,335.359
600256.SH,Q2 FY2020,36.2137,12.918,2.3711,3.5381,500.6386,331.2467
600256.SH,Q3 FY2020,32.0576,11.2052,0.3914,0.2021,511.7055,344.7468
600256.SH,Q4 FY2020,51.9212,15.8731,3.8117,5.1796,541.2048,368.7772
600271.SH,Q1 FY2016,41.3477,-11.5874,4.4318,4.6881,153.5035,53.3587
600271.SH,Q2 FY2016,67.59,12.4599,2.9644,4.2051,150.8936,55.5236
600271.SH,Q3 FY2016,54.5146,5.9251,3.8705,5.0446,172.3737,70.2285
600271.SH,Q4 FY2016,92.6855,23.0657,6.6503,8.1518,177.5911,67.2144
600271.SH,Q1 FY2017,54.8715,-6.6922,4.1624,5.0984,186.932,70.0236
600271.SH,Q2 FY2017,80.5016,6.9995,1.9175,4.2733,185.3218,73.5391
600271.SH,Q3 FY2017,69.5632,7.2097,5.576,7.3781,191.0667,75.0326
600271.SH,Q4 FY2017,92.6086,22.7994,4.3166,7.6337,195.0105,72.146
600271.SH,Q1 FY2018,54.7133,-10.5112,0.9818,2.9762,197.7392,71.6401
600271.SH,Q2 FY2018,101.058,-0.1656,2.7341,5.6833,190.7949,73.5187
600271.SH,Q3 FY2018,75.288,1.5863,4.7098,6.9204,200.6097,75.9971
600271.SH,Q4 FY2018,48.3415,28.9907,7.1095,12.1438,214.631,78.5143
600271.SH,Q1 FY2019,53.5269,-13.0334,4.505,6.773,219.946,76.9614
600271.SH,Q2 FY2019,65.6119,3.332,1.4843,4.2306,210.5671,79.1883
600271.SH,Q3 FY2019,72.3365,-4.5325,4.0976,6.2305,228.0371,90.5394
600271.SH,Q4 FY2019,147.5655,29.2272,2.3848,6.9128,231.2883,87.2339
600271.SH,Q1 FY2020,39.2484,-9.719,-3.6216,-3.5959,230.1736,89.9881
600271.SH,Q2 FY2020,48.9499,7.8015,4.3785,8.3875,232.2723,95.0751
600271.SH,Q3 FY2020,20.4954,4.9934,0.8069,2.7426,230.6339,85.6433
600271.SH,Q4 FY2020,109.4332,28.1179,6.9831,13.2459,241.4161,83.3303
600332.SH,Q1 FY2016,50.5089,7.4327,4.7292,4.237,169.55,78.4779
600332.SH,Q2 FY2016,58.0638,9.6972,4.655,4.3943,178.1215,82.192
600332.SH,Q3 FY2016,46.8642,7.0539,1.6841,2.3413,254.4888,77.524
600332.SH,Q4 FY2016,44.92,0.2629,2.6009,4.6142,258.9717,82.4338
600332.SH,Q1 FY2017,52.8793,2.2597,2.7555,5.0346,265.7972,84.1671
600332.SH,Q2 FY2017,58.2741,6.3903,3.7541,6.8751,267.0311,82.9104
600332.SH,Q3 FY2017,48.5159,9.4642,1.7985,3.3815,270.2511,82.8581
600332.SH,Q4 FY2017,49.8729,0.2227,3.093,5.8963,283.1471,90.5156
600332.SH,Q1 FY2018,69.092,8.0223,4.6844,9.2647,288.3712,86.4754
600332.SH,Q2 FY2018,79.3082,4.0055,8.4332,17.3289,481.9144,260.9267
600332.SH,Q3 FY2018,150.3581,21.5294,3.8553,8.4995,495.9383,264.4959
600332.SH,Q4 FY2018,123.5801,18.6117,0.0078,0.244,514.8218,283.3845
600332.SH,Q1 FY2019,180.5531,-27.9869,6.2837,14.6517,518.0088,270.8087
600332.SH,Q2 FY2019,152.8552,18.7295,4.8922,12.1265,533.5385,281.1341
600332.SH,Q3 FY2019,167.2155,19.4819,2.566,7.0231,543.1767,283.9912
600332.SH,Q4 FY2019,148.894,39.9992,0.1215,0.6117,568.9366,309.0417
600332.SH,Q1 FY2020,169.8461,-34.0704,4.7776,12.5857,565.9591,293.5489
600332.SH,Q2 FY2020,134.8504,10.0229,2.3048,6.2651,551.0646,282.0384
600332.SH,Q3 FY2020,164.1496,27.9333,3.5183,9.4859,580.49,302.3934
600332.SH,Q4 FY2020,147.8909,1.966,0.985,2.5796,597.6006,315.548
600352.SH,Q1 FY2016,29.8063,-19.1091,2.1766,3.5975,333.975,179.7127
600352.SH,Q2 FY2016,33.0069,-23.9067,4.6217,8.3862,338.805,178.5287
600352.SH,Q3 FY2016,28.1584,-4.7601,3.0987,5.1823,366.1107,198.4249
600352.SH,Q4 FY2016,32.5837,-12.9772,3.9411,7.6573,399.3643,225.6904
600352.SH,Q1 FY2017,39.3928,-12.2336,3.1488,5.718,424.7292,244.252
600352.SH,Q2 FY2017,35.7565,1.1307,3.1812,5.9528,425.5725,246.5155
600352.SH,Q3 FY2017,37.0172,-3.9217,5.3039,9.2242,448.5159,264.3326
600352.SH,Q4 FY2017,38.8425,12.4309,3.6052,6.4219,463.5281,274.2588
600352.SH,Q1 FY2018,42.3137,-5.3697,4.4988,8.3676,485.0221,288.9221
600352.SH,Q2 FY2018,49.3641,2.103,6.1014,11.4532,491.9893,292.4425
600352.SH,Q3 FY2018,53.9938,4.0814,7.0787,13.9313,514.8591,299.3618
600352.SH,Q4 FY2018,45.0863,9.9483,4.7329,8.3731,522.1626,302.6005
600352.SH,Q1 FY2019,47.708,10.2045,6.0854,12.8285,525.5461,290.4177
600352.SH,Q2 FY2019,48.7821,19.9344,5.8187,12.5074,536.1448,295.1942
600352.SH,Q3 FY2019,69.7416,12.2741,5.9076,14.6408,508.1631,251.2223
600352.SH,Q4 FY2019,47.4183,23.4824,4.7366,13.0859,515.8392,247.6426
600352.SH,Q1 FY2020,42.0008,10.3881,4.6873,12.09,534.1415,255.0185
600352.SH,Q2 FY2020,33.9463,8.7623,4.1881,10.5173,560.0841,272.1026
600352.SH,Q3 FY2020,37.0031,1.2788,3.336,9.5639,540.3037,249.0469
600352.SH,Q4 FY2020,43.1043,7.3818,3.7246,11.6478,563.1454,262.347
600340.SH,Q1 FY2016,49.5062,-37.7943,7.374,12.1966,1860.0864,1546.4414
600340.SH,Q2 FY2016,126.5421,-9.8721,12.0124,26.3568,2169.8982,1835.7442
600340.SH,Q3 FY2016,78.807,45.8789,2.8379,5.8704,2356.0567,2002.4097
600340.SH,Q4 FY2016,283.3506,79.4182,7.8008,17.2573,2499.0333,2118.7162
600340.SH,Q1 FY2017,78.0766,-24.1492,6.2192,17.5593,2803.5704,2353.6738
600340.SH,Q2 FY2017,144.5124,-18.5476,10.6092,36.5254,3245.3977,2689.2446
600340.SH,Q3 FY2017,86.3097,-181.6219,2.3126,8.1568,3364.8381,2746.923
600340.SH,Q4 FY2017,287.4555,62.0414,6.8476,25.8242,3758.6471,3048.3216
600340.SH,Q1 FY2018,94.8469,-96.034,6.0238,22.7658,3756.257,3054.6306
600340.SH,Q2 FY2018,254.8964,17.8536,11.7011,46.6448,3871.3607,3178.3115
600340.SH,Q3 FY2018,101.6707,1.5795,2.3491,10.0456,3973.875,3355.0686
600340.SH,Q4 FY2018,386.5719,2.3227,9.1724,38.5713,4097.1183,3549.959
600340.SH,Q1 FY2019,102.9215,-154.5373,6.587,30.2683,4329.4998,3778.5244
600340.SH,Q2 FY2019,284.3796,-50.4761,11.8512,55.5136,4570.6749,4027.7671
600340.SH,Q3 FY2019,255.8836,-190.5276,2.6766,13.0962,4453.3408,3782.7838
600340.SH,Q4 FY2019,408.9106,77.3501,9.9602,47.9715,4578.1195,3841.2574
600340.SH,Q1 FY2020,195.1848,-125.118,5.8005,30.7506,4749.3145,3970.7411
600340.SH,Q2 FY2020,178.5342,-60.2854,6.4109,34.8221,4985.9391,4145.2008
600340.SH,Q3 FY2020,193.6171,-65.3218,2.324,14.9254,5068.1298,4158.7096
600340.SH,Q4 FY2020,444.749,19.1285,-6.1666,-32.4407,4887.6236,3973.3236
600362.SH,Q1 FY2016,388.4983,7.4387,0.4377,2.2401,928.9687,448.1241
600362.SH,Q2 FY2016,513.5461,-0.8307,0.5888,3.4391,932.0011,446.7191
600362.SH,Q3 FY2016,502.8431,3.9806,1.1056,5.4229,863.0461,371.567
600362.SH,Q4 FY2016,618.1948,32.6714,-0.4296,-1.6941,873.8409,385.6125
600362.SH,Q1 FY2017,446.8413,9.8212,1.154,5.4306,897.4011,403.0829
600362.SH,Q2 FY2017,536.0167,-1.1809,0.6136,2.7549,941.9378,449.9917
600362.SH,Q3 FY2017,570.6959,6.3332,1.5841,8.0359,965.7144,465.4567
600362.SH,Q4 FY2017,496.9145,17.6189,0.0492,0.896,974.6866,474.8543
600362.SH,Q1 FY2018,506.1161,7.9721,1.5987,8.2378,941.4652,433.4927
600362.SH,Q2 FY2018,538.9382,0.0813,1.0572,4.2994,998.7586,488.2131
600362.SH,Q3 FY2018,580.9193,34.0258,1.5685,8.1691,1062.2581,544.5243
600362.SH,Q4 FY2018,526.9251,39.742,0.8123,3.8368,1028.6583,508.3914
600362.SH,Q1 FY2019,488.5937,7.4393,1.4809,7.7437,1082.308,554.4893
600362.SH,Q2 FY2019,561.8357,47.6856,1.1041,4.8982,1331.0672,769.2349
600362.SH,Q3 FY2019,661.9699,32.688,1.5015,7.7295,1330.1787,760.0579
600362.SH,Q4 FY2019,691.2041,-5.29,0.7709,1.4125,1349.1392,758.8131
600362.SH,Q1 FY2020,562.0644,4.5797,0.3158,1.979,1341.7037,790.3849
600362.SH,Q2 FY2020,907.7896,36.3158,1.1666,5.598,1522.4441,943.6323
600362.SH,Q3 FY2020,802.9756,26.4118,1.5088,9.6172,1458.683,865.5883
600362.SH,Q4 FY2020,912.8021,-53.4873,1.3981,7.244,1408.8155,740.2225
600369.SH,Q1 FY2016,7.2732,-16.5558,1.8541,3.6994,726.0552,539.2111
600369.SH,Q2 FY2016,12.7563,-103.9979,2.8169,5.1038,790.5437,598.321
600369.SH,Q3 FY2016,9.5052,-11.5888,1.044,2.0595,762.4209,566.5428
600369.SH,Q4 FY2016,6.7818,25.9856,-0.7319,-1.7357,709.9969,513.3191
600369.SH,Q1 FY2017,5.0704,-3.8307,0.1253,0.2222,659.8084,461.8825
600369.SH,Q2 FY2017,8.5889,-5.2761,1.7979,3.5114,677.639,480.7046
600369.SH,Q3 FY2017,8.6108,-6.5515,1.1652,2.2931,617.9614,417.1618
600369.SH,Q4 FY2017,8.3375,-25.954,0.4036,0.8821,636.9429,436.4563
600369.SH,Q1 FY2018,7.1766,16.0652,1.3511,2.612,672.6012,472.7979
600369.SH,Q2 FY2018,6.9808,37.2544,0.2233,0.5421,653.5278,458.4269
600369.SH,Q3 FY2018,4.1238,-28.9377,-0.0406,-0.1517,644.0486,449.0324
600369.SH,Q4 FY2018,9.1603,-0.8935,-0.373,-0.8501,636.9522,447.1825
600369.SH,Q1 FY2019,11.3898,51.5679,2.1905,4.2869,706.4639,510.7
600369.SH,Q2 FY2019,5.7084,-35.682,0.406,0.5031,719.6008,521.2549
600369.SH,Q3 FY2019,6.2139,-9.9661,0.9509,1.7698,672.629,473.3539
600369.SH,Q4 FY2019,11.5763,8.7222,1.9092,3.0853,658.5099,462.9322
600369.SH,Q1 FY2020,5.6957,29.2308,1.0295,2.1388,703.8892,506.2488
600369.SH,Q2 FY2020,10.5237,-30.7071,1.1467,1.8197,723.3819,528.2852
600369.SH,Q3 FY2020,7.2172,-20.5925,1.4618,3.1766,764.7703,517.9716
600369.SH,Q4 FY2020,8.2591,-16.0131,1.3588,3.4428,791.8832,541.0895
600372.SH,Q1 FY2016,9.502,-4.8247,0.8815,0.5221,160.121,100.0597
600372.SH,Q2 FY2016,15.2506,-3.0129,1.3511,0.8457,170.3479,110.0932
600372.SH,Q3 FY2016,13.8251,-4.6636,1.6196,0.989,169.4494,108.0957
600372.SH,Q4 FY2016,31.0092,11.4556,4.0206,2.4231,175.3175,112.6038
600372.SH,Q1 FY2017,9.0989,-6.4515,-0.4343,-0.2171,176.5879,113.8403
600372.SH,Q2 FY2017,18.1828,-0.1313,2.8422,1.7012,184.217,120.1252
600372.SH,Q3 FY2017,13.0757,-3.7075,1.2201,0.7616,183.0837,117.8334
600372.SH,Q4 FY2017,29.8737,9.2788,4.8368,3.343,211.9034,137.5121
600372.SH,Q1 FY2018,9.0236,-2.7551,-0.8409,-0.6868,208.5627,134.3127
600372.SH,Q2 FY2018,20.7049,-0.1803,2.9166,2.1754,216.5726,141.0095
600372.SH,Q3 FY2018,16.2805,-2.6903,1.3653,1.0982,221.7535,144.7479
600372.SH,Q4 FY2018,30.4253,5.9748,3.1116,2.2384,216.5117,137.377
600372.SH,Q1 FY2019,12.6252,-1.7639,-0.4947,-0.356,216.6257,137.2405
600372.SH,Q2 FY2019,21.6841,-1.8956,2.7278,2.1827,224.2844,144.4593
600372.SH,Q3 FY2019,17.4207,-2.6342,1.2576,1.086,245.0053,163.7117
600372.SH,Q4 FY2019,31.7918,13.6502,3.7166,2.8734,226.967,144.7442
600372.SH,Q1 FY2020,12.2948,-3.3599,0.9509,0.7667,233.5892,150.6729
600372.SH,Q2 FY2020,23.4772,-5.2883,2.3775,1.9831,242.7151,158.626
600372.SH,Q3 FY2020,22.3625,3.2046,1.636,1.5707,244.9044,136.901
600372.SH,Q4 FY2020,29.3317,13.5393,2.0518,2.2329,247.199,136.9159
600383.SH,Q1 FY2016,66.8168,-4.9892,0.9916,6.4602,1455.1641,969.3122
600383.SH,Q2 FY2016,73.204,75.5823,1.3538,6.4395,1455.4137,992.5073
600383.SH,Q3 FY2016,114.555,30.9698,2.9223,17.6362,1503.6513,1030.1121
600383.SH,Q4 FY2016,298.7189,69.2542,13.1136,55.2226,1536.3426,1005.3039
600383.SH,Q1 FY2017,57.7889,-42.1038,2.3001,10.3694,1634.6011,1091.9388
600383.SH,Q2 FY2017,67.8955,11.9543,0.7617,6.5709,1700.6095,1183.7495
600383.SH,Q3 FY2017,81.0564,29.5866,3.0792,15.0943,1966.0153,1444.0923
600383.SH,Q4 FY2017,166.5813,-69.3245,11.779,62.7383,2079.4207,1499.861
600383.SH,Q1 FY2018,68.0256,-30.3777,2.6606,11.7222,2248.6136,1664.6482
600383.SH,Q2 FY2018,81.2682,-77.4767,3.1641,18.4022,2465.681,1889.5271
600383.SH,Q3 FY2018,182.9348,14.1739,6.774,46.3083,2619.2286,2002.9819
600383.SH,Q4 FY2018,170.8895,75.3961,6.3393,44.614,2783.5503,2118.7747
600383.SH,Q1 FY2019,110.1819,-48.2265,3.1762,18.3384,2863.6931,2180.933
600383.SH,Q2 FY2019,112.7101,-22.3312,4.4786,32.9537,3108.4637,2420.2003
600383.SH,Q3 FY2019,199.7601,67.8487,3.7168,31.1106,3216.9247,2458.3596
600383.SH,Q4 FY2019,208.1899,81.7018,9.0123,72.2474,3348.1597,2524.4653
600383.SH,Q1 FY2020,72.6795,-85.7535,2.4172,22.4808,3547.036,2748.245
600383.SH,Q2 FY2020,124.5979,52.9797,3.2542,24.7454,3710.5588,2921.3955
600383.SH,Q3 FY2020,204.7769,43.8948,3.8825,43.0178,3797.8936,2976.9147
600383.SH,Q4 FY2020,434.5129,64.0336,9.8232,62.1623,4016.2959,3075.9178
600373.SH,Q1 FY2016,31.7921,0.2982,3.832,3.8395,184.5603,77.6325
600373.SH,Q2 FY2016,29.1966,2.9916,6.3312,2.7422,188.0556,82.623
600373.SH,Q3 FY2016,31.215,4.2999,9.6917,3.582,190.0797,80.9792
600373.SH,Q4 FY2016,35.5548,15.9844,12.4766,2.6462,188.518,76.427
600373.SH,Q1 FY2017,29.2113,-2.9988,4.2172,4.7584,190.8228,74.3315
600373.SH,Q2 FY2017,30.7063,3.5472,7.0604,3.2088,188.3891,71.136
600373.SH,Q3 FY2017,29.9908,-0.2198,9.6636,3.0492,206.7875,86.7044
600373.SH,Q4 FY2017,43.1521,14.7032,12.5159,3.504,204.8066,80.8809
600373.SH,Q1 FY2018,28.5091,-3.5153,3.6284,4.4942,221.4732,92.9688
600373.SH,Q2 FY2018,31.5685,4.1053,6.9007,4.0209,214.1506,87.7864
600373.SH,Q3 FY2018,29.8114,-0.0297,9.6441,3.6311,234.942,104.5115
600373.SH,Q4 FY2018,25.2377,25.4974,12.7074,4.1163,237.2553,102.3072
600373.SH,Q1 FY2019,28.7889,-4.5178,3.6693,4.953,258.3863,118.5823
600373.SH,Q2 FY2019,30.6416,5.1259,6.7181,4.0783,250.3203,114.4871
600373.SH,Q3 FY2019,27.2316,1.9941,9.4579,3.8161,255.4802,116.8364
600373.SH,Q4 FY2019,25.9196,20.665,12.6312,4.4662,228.1434,85.7611
600373.SH,Q1 FY2020,25.2484,-1.6326,2.513,3.6357,258.4434,112.4108
600373.SH,Q2 FY2020,24.2284,1.8567,6.0843,5.1391,258.7186,114.3349
600373.SH,Q3 FY2020,23.5411,3.6453,8.8354,4.0713,262.4661,113.9657
600373.SH,Q4 FY2020,30.3775,23.8322,12.3712,5.4552,243.7035,90.0165
600406.SH,Q1 FY2016,13.9883,-7.7026,0.1742,0.1048,153.9023,72.2867
600406.SH,Q2 FY2016,23.7611,2.2905,3.3828,2.6788,152.9763,75.24
600406.SH,Q3 FY2016,28.604,-1.7769,6.1469,4.9008,161.3004,78.6634
600406.SH,Q4 FY2016,47.7995,25.4324,7.9839,6.8282,175.3239,85.8163
600406.SH,Q1 FY2017,14.2079,-7.2142,0.2016,0.1003,164.6064,75.0346
600406.SH,Q2 FY2017,27.5517,6.9419,3.8261,3.2624,166.8207,81.2734
600406.SH,Q3 FY2017,29.8602,-3.3819,5.8565,5.0922,175.4031,84.7635
600406.SH,Q4 FY2017,170.3592,36.6624,16.7819,28.5731,459.7784,248.346
600406.SH,Q1 FY2018,38.4392,-10.78,0.4854,1.0593,434.8467,222.3489
600406.SH,Q2 FY2018,67.1368,-0.5103,5.6463,13.2213,476.1101,206.8642
600406.SH,Q3 FY2018,66.0266,-2.8634,3.7692,10.2475,492.4718,212.9782
600406.SH,Q4 FY2018,113.8042,46.2362,6.8585,19.9708,523.3986,229.5844
600406.SH,Q1 FY2019,37.513,-10.6947,0.2752,0.9012,518.3185,223.6315
600406.SH,Q2 FY2019,71.8287,11.6444,4.0748,11.9138,526.481,236.2899
600406.SH,Q3 FY2019,62.4555,-1.0127,3.3969,10.0259,537.9282,237.8436
600406.SH,Q4 FY2019,152.4388,46.906,7.4687,23.762,574.2488,247.7234
600406.SH,Q1 FY2020,38.7398,0.6671,0.2479,0.8479,555.3552,228.911
600406.SH,Q2 FY2020,82.7964,-7.6297,4.249,13.9693,595.0042,267.5972
600406.SH,Q3 FY2020,79.4418,-2.0661,3.7556,12.6104,616.1632,275.9228
600406.SH,Q4 FY2020,184.0461,65.3789,6.9833,24.6888,659.6202,295.7013
600350.SH,Q1 FY2016,13.67,12.3281,2.2475,5.0702,460.6126,213.5805
600350.SH,Q2 FY2016,16.4534,8.1844,3.2109,7.3523,537.732,294.4004
600350.SH,Q3 FY2016,17.1474,12.197,5.0344,11.7968,467.0161,220.0432
600350.SH,Q4 FY2016,37.3349,34.2248,2.5464,4.9284,454.3051,202.4385
600350.SH,Q1 FY2017,15.9423,4.9284,2.279,5.6164,456.2027,198.7199
600350.SH,Q2 FY2017,17.5232,12.0576,2.7506,6.7642,459.574,204.9108
600350.SH,Q3 FY2017,18.2506,6.9764,5.3529,17.1118,445.9653,174.1905
600350.SH,Q4 FY2017,22.0792,10.7753,-0.0623,-0.7239,508.3922,237.6964
600350.SH,Q1 FY2018,11.4876,3.9829,1.8784,4.7165,516.0187,240.6061
600350.SH,Q2 FY2018,14.427,9.5205,6.8579,26.3312,548.2248,255.0294
600350.SH,Q3 FY2018,17.2245,4.9258,1.1573,3.1795,592.4881,295.5493
600350.SH,Q4 FY2018,25.1488,20.4764,0.7775,2.0369,685.9614,392.8072
600350.SH,Q1 FY2019,16.0267,15.4106,2.2078,6.4715,690.6551,391.0773
600350.SH,Q2 FY2019,17.4845,9.6923,3.4916,10.1229,746.9995,448.0034
600350.SH,Q3 FY2019,20.9444,10.7638,1.9332,5.6869,753.9806,448.9728
600350.SH,Q4 FY2019,19.992,19.1438,3.0466,8.3758,803.5963,459.7219
600350.SH,Q1 FY2020,7.4145,1.1325,-0.9986,-3.3262,809.9188,468.7134
600350.SH,Q2 FY2020,33.0819,15.3708,1.895,6.6455,899.2978,566.8158
600350.SH,Q3 FY2020,35.3503,16.6824,3.6293,12.0546,919.9479,571.1517
600350.SH,Q4 FY2020,37.805,9.9052,2.2705,6.0204,929.173,566.2264
600489.SH,Q1 FY2016,55.9516,11.4007,0.6095,0.9353,381.872,262.1894
600489.SH,Q2 FY2016,77.4217,9.0886,1.1577,1.7148,391.3863,239.9813
600489.SH,Q3 FY2016,71.2039,3.3528,1.6148,2.7358,397.0577,242.8956
600489.SH,Q4 FY2016,184.7031,-13.9424,-0.3464,-0.6229,387.665,234.8292
600489.SH,Q1 FY2017,80.2989,4.7733,0.6623,1.3714,409.134,254.6286
600489.SH,Q2 FY2017,79.2145,6.9742,0.9291,1.9918,401.7354,247.0574
600489.SH,Q3 FY2017,93.5391,-6.9138,0.6819,1.4184,389.3149,233.2383
600489.SH,Q4 FY2017,76.2299,1.4686,-0.0954,0.6484,385.1583,228.7292
600489.SH,Q1 FY2018,70.1805,1.4876,0.4284,1.1279,392.9907,234.8769
600489.SH,Q2 FY2018,90.8468,9.0905,0.4926,1.4776,386.5805,229.6073
600489.SH,Q3 FY2018,89.1449,5.162,0.5022,0.5578,386.8587,238.1377
600489.SH,Q4 FY2018,94.3516,8.4397,0.031,0.6004,380.5254,187.2744
600489.SH,Q1 FY2019,79.0066,-4.8132,0.2381,1.5118,387.7876,191.4364
600489.SH,Q2 FY2019,88.0584,0.7905,0.2985,1.1503,389.1195,193.993
600489.SH,Q3 FY2019,99.8052,16.5962,0.4178,2.1589,410.1882,212.0714
600489.SH,Q4 FY2019,122.7643,9.2953,0.3525,2.1007,400.2164,201.1758
600489.SH,Q1 FY2020,73.1769,-8.7886,1.0951,2.195,457.7571,240.0105
600489.SH,Q2 FY2020,116.5653,22.1484,1.9939,4.7472,464.6585,241.1505
600489.SH,Q3 FY2020,133.7343,2.9792,2.3991,6.6334,486.034,234.5611
600489.SH,Q4 FY2020,156.4767,29.2946,2.2219,5.7734,458.0275,202.7906
600398.SH,Q1 FY2016,51.3054,7.5454,10.9219,9.577,244.1686,151.0567
600398.SH,Q2 FY2016,36.3197,-0.2165,9.146,8.1535,219.832,133.3824
600398.SH,Q3 FY2016,33.0483,-0.8001,7.1609,6.4171,226.21,132.1711
600398.SH,Q4 FY2016,49.3224,22.7491,7.3077,7.0837,243.7679,142.6776
600398.SH,Q1 FY2017,51.5895,1.6862,9.5724,10.103,253.3165,142.2667
600398.SH,Q2 FY2017,40.9373,3.605,8.3309,8.6534,227.994,130.4029
600398.SH,Q3 FY2017,32.2552,-6.024,6.348,6.3745,231.1301,127.4177
600398.SH,Q4 FY2017,57.2189,29.5284,7.5758,8.1624,250.983,139.2096
600398.SH,Q1 FY2018,57.8624,10.9305,9.6268,11.3094,275.3167,152.1335
600398.SH,Q2 FY2018,42.274,-2.5259,7.9936,9.3507,246.6043,135.8317
600398.SH,Q3 FY2018,30.2879,-7.0413,4.7957,5.6223,286.9858,162.0728
600398.SH,Q4 FY2018,60.4729,22.831,6.5266,8.2769,295.9145,164.9651
600398.SH,Q1 FY2019,60.8868,12.2153,8.961,12.0756,309.1564,167.4127
600398.SH,Q2 FY2019,46.3257,-7.2297,6.834,9.0478,291.0201,160.5604
600398.SH,Q3 FY2019,39.6782,-2.9734,3.7856,4.8147,273.9316,139.2048
600398.SH,Q4 FY2019,72.8062,32.6112,4.4346,5.7375,289.1572,150.5441
600398.SH,Q1 FY2020,38.4835,9.555,2.159,2.8677,294.593,154.5954
600398.SH,Q2 FY2020,42.5366,-0.7407,4.8727,6.2886,278.056,145.6048
600398.SH,Q3 FY2020,36.7621,-8.6656,2.6108,3.2209,264.2623,129.7274
600398.SH,Q4 FY2020,61.8032,28.1539,3.6688,4.7983,276.6816,137.7445
600415.SH,Q1 FY2016,11.1084,-2.4642,2.2123,2.0827,283.7528,183.4097
600415.SH,Q2 FY2016,42.9605,-9.0731,6.0065,5.5958,256.6229,155.8227
600415.SH,Q3 FY2016,56.376,-6.3372,8.5717,8.12,262.0705,158.4726
600415.SH,Q4 FY2016,70.3803,10.9732,10.8118,10.0342,271.3988,165.9336
600415.SH,Q1 FY2017,47.0675,-8.4306,6.4938,6.7652,242.3072,130.1238
600415.SH,Q2 FY2017,76.0201,1.1369,9.8937,10.2153,238.8196,127.0165
600415.SH,Q3 FY2017,89.3744,4.4203,11.7274,12.0287,226.7965,113.5281
600415.SH,Q4 FY2017,100.171,2.7387,13.6834,14.0873,238.6133,123.1471
600415.SH,Q1 FY2018,8.0724,-6.6176,6.2689,7.2059,250.6278,130.8472
600415.SH,Q2 FY2018,18.1061,-2.5898,10.465,12.0999,235.9468,114.9065
600415.SH,Q3 FY2018,26.1961,-3.4555,11.6355,13.5158,256.5504,133.9719
600415.SH,Q4 FY2018,35.9375,13.0725,9.4338,10.4177,268.7786,150.5284
600415.SH,Q1 FY2019,7.9936,-22.1346,1.6996,2.0013,305.42,183.8057
600415.SH,Q2 FY2019,18.036,-0.7583,5.6163,6.6908,299.1155,176.2495
600415.SH,Q3 FY2019,30.9859,-9.5616,8.397,10.1418,309.0737,182.6382
600415.SH,Q4 FY2019,40.4277,-15.3891,10.1303,12.4883,313.2323,182.3893
600415.SH,Q1 FY2020,7.5536,-5.8992,2.0396,2.6573,316.1012,183.1053
600415.SH,Q2 FY2020,21.2145,-7.0307,5.3826,7.2004,319.7431,182.2138
600415.SH,Q3 FY2020,31.5516,-33.3913,8.3477,11.0638,270.5782,134.7356
600415.SH,Q4 FY2020,37.2569,8.2879,6.9727,9.2184,287.5013,151.7542
600485.SH,Q1 FY2016,943.1332,-1135.7897,4.0407,4.9091,174.6071,64.681
600485.SH,Q2 FY2016,1478.3285,-587.3804,8.4273,9.5793,189.5574,70.1647
600485.SH,Q3 FY2016,405.919,-1154.2694,0.0957,0.1079,209.7882,90.282
600485.SH,Q4 FY2016,260.5882,-841.3642,0.8968,1.4027,220.3998,99.395
600485.SH,Q1 FY2017,83.2139,-232.4788,-2.3744,-2.8142,217.3178,99.167
600485.SH,Q2 FY2017,1862.4561,-254.8308,8.3532,10.1719,229.2168,101.3693
600485.SH,Q3 FY2017,381.0815,-192.9087,-2.4013,-2.9829,232.2784,107.5391
600485.SH,Q4 FY2017,-1679.8168,-64.3446,-19.8275,-22.0715,215.3536,112.7586
600485.SH,Q1 FY2018,55.6594,-139.6785,-5.066,-5.0081,212.05,114.6504
600485.SH,Q2 FY2018,63.8898,5.8333,0.4665,0.4871,211.7879,113.5662
600485.SH,Q3 FY2018,57.4627,60.8938,-4.0021,-3.807,211.1756,116.7732
600485.SH,Q4 FY2018,321.9502,23.4278,-25.4411,-21.1964,189.0581,115.48
600485.SH,Q1 FY2019,49.2446,54.555,-2.9247,-2.086,188.4515,116.9787
600485.SH,Q2 FY2019,72.8957,71.1006,,-155.3286,119.4065,203.285
600485.SH,Q3 FY2019,64.6248,78.4456,,-3.086,78.2891,165.2069
600485.SH,Q4 FY2019,86.3762,40.7625,,-26.2337,24.2507,137.7635
600485.SH,Q1 FY2020,22.4309,-36.2279,,-1.7184,24.217,139.4346
600485.SH,Q2 FY2020,49.9095,13.7802,,-10.4182,16.1506,141.358
600485.SH,Q3 FY2020,62.1706,1.2018,,-1.3334,16.1163,142.652
600485.SH,Q4 FY2020,67.577,-23.7025,,-21.5148,14.292,162.7326
600518.SH,Q1 FY2016,58.8572,4.6887,5.1379,9.8572,395.2194,197.1765
600518.SH,Q2 FY2016,53.1778,-3.6528,3.2785,7.7488,479.5528,202.2262
600518.SH,Q3 FY2016,52.5256,5.5792,2.9401,8.262,530.0697,244.3649
600518.SH,Q4 FY2016,51.8626,9.4169,2.5987,7.4996,548.239,254.4077
600518.SH,Q1 FY2017,71.5466,13.4953,3.6036,10.6557,584.258,281.843
600518.SH,Q2 FY2017,61.077,-2.8463,3.6033,10.8029,595.3725,294.3684
600518.SH,Q3 FY2017,62.5216,4.6085,3.2735,9.9763,653.367,341.8913
600518.SH,Q4 FY2017,69.6244,3.1704,3.0116,9.5116,687.2202,365.8705
600518.SH,Q1 FY2018,91.3518,9.8205,4.343,14.172,721.9487,385.9368
600518.SH,Q2 FY2018,78.2416,-5.3017,3.5355,11.7503,787.3805,453.0427
600518.SH,Q3 FY2018,84.6909,8.4134,3.6574,12.3836,818.126,470.9533
600518.SH,Q4 FY2018,-83.6335,-9.876,-8.95,-34.6055,731.4448,470.2841
600518.SH,Q1 FY2019,49.0164,6.7395,0.812,2.1825,737.9709,452.7493
600518.SH,Q2 FY2019,32.3104,15.2248,-0.4801,-1.3643,722.0093,441.2416
600518.SH,Q3 FY2019,22.1459,10.9672,-0.1872,-0.5137,717.8332,437.5663
600518.SH,Q4 FY2019,10.9828,-4.1111,-19.3803,-46.8566,645.8623,439.3524
600518.SH,Q1 FY2020,11.698,2.0282,-1.4115,-2.9729,644.9916,428.8776
600518.SH,Q2 FY2020,13.4702,1.6857,-5.5496,-11.2649,624.2475,431.7494
600518.SH,Q3 FY2020,14.5477,5.133,-5.0855,-9.4798,615.002,432.0063
600518.SH,Q4 FY2020,14.4043,1.467,-753.1384,-287.2425,333.2613,437.3575
600570.SH,Q1 FY2016,3.3699,-3.3415,2.9272,0.647,36.5995,10.5586
600570.SH,Q2 FY2016,4.8359,-0.1679,3.7884,0.7969,35.5028,10.1394
600570.SH,Q3 FY2016,5.1684,0.2915,1.6993,0.4698,37.1577,10.655
600570.SH,Q4 FY2016,8.3274,7.617,-7.7081,-2.436,45.4848,20.3097
600570.SH,Q1 FY2017,4.4285,-4.1402,1.733,0.4106,42.7952,16.8327
600570.SH,Q2 FY2017,6.3743,1.7139,7.3527,1.9148,44.4032,17.348
600570.SH,Q3 FY2017,5.7029,1.8391,2.2832,0.7871,49.6096,19.7745
600570.SH,Q4 FY2017,10.1554,8.6359,6.21,1.2205,58.5215,25.6636
600570.SH,Q1 FY2018,5.327,-5.3014,1.8427,0.5483,55.8936,21.77
600570.SH,Q2 FY2018,8.283,1.7899,7.6653,2.5413,54.973,20.4904
600570.SH,Q3 FY2018,6.0208,2.4788,1.8921,0.6533,56.8323,22.3168
600570.SH,Q4 FY2018,12.9981,10.4036,8.9465,3.0407,62.1635,28.0194
600570.SH,Q1 FY2019,5.9219,-6.2489,11.7391,3.8892,63.7986,25.5897
600570.SH,Q2 FY2019,9.3178,2.0559,7.7053,2.87,65.1568,25.6551
600570.SH,Q3 FY2019,7.7318,3.5231,3.3452,1.2332,67.2121,26.537
600570.SH,Q4 FY2019,15.747,11.3777,14.7701,6.1617,83.595,34.6612
600570.SH,Q1 FY2020,5.1357,-7.5758,-1.0075,-0.4674,76.7861,28.2911
600570.SH,Q2 FY2020,11.059,2.7629,8.7493,3.8955,77.3674,27.4026
600570.SH,Q3 FY2020,7.1863,3.6731,1.9721,1.0709,84.2143,40.3454
600570.SH,Q4 FY2020,18.3454,15.1189,21.3845,9.1326,99.7114,49.3338
600519.SH,Q1 FY2016,99.8875,74.3604,7.3664,52.1208,906.9045,197.4919
600519.SH,Q2 FY2016,81.8448,61.6792,5.8497,41.6512,955.465,281.9334
600519.SH,Q3 FY2016,84.5865,189.3137,5.4826,39.5299,1051.4603,338.6253
600519.SH,Q4 FY2016,122.3031,49.1592,6.0094,46.0045,1129.3454,370.36
600519.SH,Q1 FY2017,133.0864,61.0898,8.0614,65.4483,1189.7872,365.2483
600519.SH,Q2 FY2017,108.8139,8.2639,6.6318,54.9961,1203.8274,413.1949
600519.SH,Q3 FY2017,182.6044,158.5141,10.9177,93.1703,1277.8004,393.9919
600519.SH,Q4 FY2017,157.6739,-6.3373,8.0719,76.4495,1346.1012,385.9049
600519.SH,Q1 FY2018,174.6617,49.355,8.8887,91.3054,1344.0494,292.5526
600519.SH,Q2 FY2018,159.3054,127.9953,7.5067,77.9082,1299.1483,334.1036
600519.SH,Q3 FY2018,188.4496,104.8625,9.1633,96.5,1471.4767,409.9061
600519.SH,Q4 FY2018,213.972,131.6395,9.7302,112.5826,1598.4667,424.3819
600519.SH,Q1 FY2019,216.44,11.8921,9.4737,119.1572,1598.8818,305.6612
600519.SH,Q2 FY2019,178.4379,228.9771,7.3108,92.8081,1651.2165,455.1487
600519.SH,Q3 FY2019,214.4687,32.2848,8.7527,112.1578,1625.5041,317.2836
600519.SH,Q4 FY2019,244.9492,178.9521,8.2303,115.577,1830.4237,411.6599
600519.SH,Q1 FY2020,244.0539,23.0311,9.1849,138.6285,1816.2473,258.8991
600519.SH,Q2 FY2020,195.4741,103.1785,6.6412,100.6469,1721.9788,296.7999
600519.SH,Q3 FY2020,232.6214,124.9004,7.8588,119.2313,1845.792,304.0754
600519.SH,Q4 FY2020,277.0044,265.5807,8.3094,136.7266,2133.9581,456.7513
600535.SH,Q1 FY2016,31.4474,1.3712,3.6415,2.8495,153.6862,73.7641
600535.SH,Q2 FY2016,32.5418,5.3395,5.2908,4.2172,157.1883,78.2025
600535.SH,Q3 FY2016,32.1143,0.5111,4.0675,3.2854,158.7587,76.4858
600535.SH,Q4 FY2016,43.3515,4.3154,2.1734,1.8402,171.2627,89.1958
600535.SH,Q1 FY2017,33.4766,-7.1901,3.9167,3.2262,179.6734,94.3788
600535.SH,Q2 FY2017,39.1681,-4.5537,5.3422,4.4629,190.7442,106.4117
600535.SH,Q3 FY2017,38.9733,1.0545,4.6006,3.851,206.0354,117.8398
600535.SH,Q4 FY2017,49.3235,2.4638,2.7746,2.4825,215.3183,125.5734
600535.SH,Q1 FY2018,39.5235,1.5127,4.2023,3.765,227.6745,133.2706
600535.SH,Q2 FY2018,45.236,4.8389,6.0836,5.6477,232.2767,136.3895
600535.SH,Q3 FY2018,45.4871,5.2379,4.5429,4.5132,242.993,133.0749
600535.SH,Q4 FY2018,49.6488,3.3483,1.6847,1.9934,251.7184,139.6358
600535.SH,Q1 FY2019,45.7137,2.5803,4.1618,4.5265,245.8377,128.9687
600535.SH,Q2 FY2019,48.4558,6.1001,4.097,4.516,249.1113,132.4196
600535.SH,Q3 FY2019,46.7512,3.9435,2.1136,2.4277,244.1049,125.4568
600535.SH,Q4 FY2019,49.0624,4.1776,-1.174,-1.4385,240.1238,121.5
600535.SH,Q1 FY2020,39.5281,0.332,2.6142,2.924,243.8342,122.4551
600535.SH,Q2 FY2020,46.7067,12.5638,3.4277,3.9948,231.937,110.7432
600535.SH,Q3 FY2020,27.678,-1.573,3.5847,4.1917,165.5496,44.2513
600535.SH,Q4 FY2020,21.8484,6.5889,0.2194,-0.2119,164.9369,41.0946
600547.SH,Q1 FY2016,92.1588,1.8228,2.2646,2.272,234.2234,129.0702
600547.SH,Q2 FY2016,156.0665,6.2753,3.3365,3.3902,234.7311,127.5805
600547.SH,Q3 FY2016,126.6181,6.8694,1.7617,1.8589,239.1635,130.5649
600547.SH,Q4 FY2016,127.1451,12.272,4.3472,5.567,283.5721,120.1237
600547.SH,Q1 FY2017,100.0617,4.2669,2.0877,3.3018,295.9701,129.2137
600547.SH,Q2 FY2017,157.6504,8.6328,1.8261,3.2318,422.4059,254.3532
600547.SH,Q3 FY2017,127.3241,-3.5876,1.7215,2.9682,421.9632,251.2417
600547.SH,Q4 FY2017,125.3768,27.6747,1.4916,2.4321,421.1629,249.4701
600547.SH,Q1 FY2018,141.6632,1.7651,2.1024,3.7397,420.8334,245.4458
600547.SH,Q2 FY2018,118.5225,16.2591,1.5821,2.7867,427.4222,250.0721
600547.SH,Q3 FY2018,112.4186,0.1586,0.8326,1.8237,479.6245,259.5483
600547.SH,Q4 FY2018,175.2745,11.0888,0.4941,1.0207,449.4597,215.6894
600547.SH,Q1 FY2019,106.2109,6.8838,1.6806,4.106,468.5274,231.4526
600547.SH,Q2 FY2019,205.7357,11.4236,1.3589,3.3455,476.0267,237.596
600547.SH,Q3 FY2019,255.1035,18.5701,1.5254,3.5919,582.6455,342.0824
600547.SH,Q4 FY2019,-21.9807,4.9232,1.5105,3.7069,581.5557,323.3783
600547.SH,Q1 FY2020,139.6573,6.3682,2.4041,6.3383,601.5625,336.3271
600547.SH,Q2 FY2020,190.8501,14.577,2.4674,6.6751,620.2324,352.1271
600547.SH,Q3 FY2020,206.1024,12.0386,2.8434,7.7855,652.8647,378.9902
600547.SH,Q4 FY2020,100.0305,25.1126,1.5534,4.613,638.5945,322.0696
600549.SH,Q1 FY2016,14.8286,2.4804,0.3112,0.5474,163.4938,80.7606
600549.SH,Q2 FY2016,34.9939,4.1288,1.0422,1.4225,156.6746,75.7225
600549.SH,Q3 FY2016,56.4317,9.9963,2.3159,2.7341,156.8586,74.9053
600549.SH,Q4 FY2016,85.2839,12.0598,2.2401,2.991,154.9954,73.8214
600549.SH,Q1 FY2017,23.9119,-5.7978,2.0012,1.9096,162.3586,79.8791
600549.SH,Q2 FY2017,61.8056,-7.7749,6.8568,6.2415,174.278,90.2146
600549.SH,Q3 FY2017,101.4236,-8.2169,8.7995,8.2944,181.8279,96.1458
600549.SH,Q4 FY2017,141.8832,-9.3035,9.2394,9.34,188.5056,101.0285
600549.SH,Q1 FY2018,34.1488,-5.5302,0.4346,0.5196,204.0656,116.2229
600549.SH,Q2 FY2018,86.635,-10.7299,4.7933,4.7544,220.8764,131.8742
600549.SH,Q3 FY2018,141.3965,-7.9971,6.3952,6.9721,229.1053,138.3283
600549.SH,Q4 FY2018,195.5679,3.7141,7.0571,8.0173,225.0516,133.427
600549.SH,Q1 FY2019,38.1363,-1.3176,-0.3629,0.2558,236.0653,145.166
600549.SH,Q2 FY2019,83.8409,-0.6102,1.0724,1.643,235.5492,139.8661
600549.SH,Q3 FY2019,127.2382,10.2387,1.502,2.5204,231.301,136.6288
600549.SH,Q4 FY2019,173.9552,19.0465,3.5658,5.6036,234.7118,136.9559
600549.SH,Q1 FY2020,35.3563,1.8078,0.972,1.5622,237.2363,138.2277
600549.SH,Q2 FY2020,79.2444,13.4352,3.1393,4.1261,234.4511,134.961
600549.SH,Q3 FY2020,128.2002,17.6448,4.9986,6.2293,239.4678,143.3431
600549.SH,Q4 FY2020,189.6375,16.441,8.194,9.564,251.0388,151.7749
600585.SH,Q1 FY2016,106.0719,17.3293,1.6265,11.7422,1077.5062,327.6555
600585.SH,Q2 FY2016,133.6592,29.3436,3.0753,22.8598,1031.23,280.2457
600585.SH,Q3 FY2016,139.7589,35.3717,3.5947,27.6719,1057.2035,280.903
600585.SH,Q4 FY2016,179.829,49.9229,3.4039,27.2325,1095.1412,292.1535
600585.SH,Q1 FY2017,136.3898,21.9894,2.7697,22.8089,1113.1118,286.2119
600585.SH,Q2 FY2017,182.6894,28.481,5.731,47.7663,1133.2027,288.3721
600585.SH,Q3 FY2017,181.3071,37.6229,3.7755,31.9494,1165.2647,307.0744
600585.SH,Q4 FY2017,252.7219,85.537,6.9973,61.7627,1221.4258,301.7848
600585.SH,Q1 FY2018,187.6652,30.5402,5.2072,49.0208,1244.0197,274.832
600585.SH,Q2 FY2018,269.7573,88.9246,8.5924,84.078,1243.269,253.793
600585.SH,Q3 FY2018,320.498,86.9176,7.7912,79.9334,1386.1572,315.3426
600585.SH,Q4 FY2018,506.1057,154.2073,8.4114,93.3279,1495.4735,331.2948
600585.SH,Q1 FY2019,305.0053,50.1239,5.2537,62.0387,1523.2904,296.77
600585.SH,Q2 FY2019,411.4329,94.9193,7.7183,94.1461,1521.2262,289.1017
600585.SH,Q3 FY2019,391.1256,115.1115,6.9383,87.7413,1662.6822,341.2767
600585.SH,Q4 FY2019,462.7395,147.2273,7.3798,99.594,1787.7718,364.5673
600585.SH,Q1 FY2020,232.0708,23.0841,3.5139,49.4733,1796.6247,323.7542
600585.SH,Q2 FY2020,507.9982,122.5318,7.8214,116.7092,1832.9457,344.7335
600585.SH,Q3 FY2020,499.7668,89.4981,5.8741,89.7736,1966.6495,390.5183
600585.SH,Q4 FY2020,522.5911,112.8581,6.6448,107.7457,2009.7276,327.5594
600633.SH,Q1 FY2016,6.7671,-1.8339,3.9657,1.7609,81.023,26.8483
600633.SH,Q2 FY2016,14.8197,-0.434,7.1212,3.31,72.7858,18.5111
600633.SH,Q3 FY2016,21.9244,2.2222,9.2002,4.518,74.345,18.8566
600633.SH,Q4 FY2016,35.4993,3.8218,11.433,10.2513,93.1954,16.4245
600633.SH,Q1 FY2017,6.5278,-1.027,17.7503,12.6699,87.6861,1.8021
600633.SH,Q2 FY2017,8.5717,-0.1986,18.7751,13.4236,86.4805,2.2172
600633.SH,Q3 FY2017,11.6739,1.0594,21.7366,15.7845,96.9986,10.5397
600633.SH,Q4 FY2017,16.2662,1.9671,23.1328,17.3064,98.8603,12.2115
600633.SH,Q1 FY2018,3.7385,0.1771,1.1214,1.0454,98.6529,10.9482
600633.SH,Q2 FY2018,7.6405,1.2501,3.8881,3.5205,99.7949,12.2426
600633.SH,Q3 FY2018,13.2469,2.1377,5.0646,4.791,99.2506,11.3339
600633.SH,Q4 FY2018,19.0992,4.4947,6.1212,5.7267,100.2111,13.4818
600633.SH,Q1 FY2019,6.6025,0.5045,3.1883,3.9515,102.5816,12.9403
600633.SH,Q2 FY2019,13.3292,2.2713,4.1521,4.6634,99.1056,10.9434
600633.SH,Q3 FY2019,20.146,3.8606,5.274,5.3519,99.5486,11.0432
600633.SH,Q4 FY2019,28.2731,7.6922,6.4283,6.9021,111.9322,21.3512
600633.SH,Q1 FY2020,10.3624,1.697,2.3572,2.4142,116.9953,24.1777
600633.SH,Q2 FY2020,18.6241,3.8204,4.4285,4.9378,115.0319,22.0087
600633.SH,Q3 FY2020,26.9824,4.1734,5.247,5.9551,112.8082,20.474
600633.SH,Q4 FY2020,35.3878,10.3465,6.2175,7.0921,111.8723,19.0252
600578.SH,Q1 FY2016,18.4473,6.9894,2.0703,3.865,391.4841,188.5398
600578.SH,Q2 FY2016,19.4641,5.8354,2.0864,4.4514,403.9234,195.7549
600578.SH,Q3 FY2016,23.992,9.7266,2.6507,5.4707,404.6687,204.0104
600578.SH,Q4 FY2016,49.2299,10.4171,3.1121,4.7173,538.7146,294.4459
600578.SH,Q1 FY2017,23.5762,1.252,-0.2126,-1.6393,574.4238,301.5003
600578.SH,Q2 FY2017,26.9056,4.9857,0.473,0.883,573.4607,302.1433
600578.SH,Q3 FY2017,33.1155,7.6314,0.7097,1.3643,595.3232,333.0363
600578.SH,Q4 FY2017,38.6096,3.4176,1.3933,1.9968,610.2418,345.3921
600578.SH,Q1 FY2018,28.5488,5.7715,0.6596,0.865,633.7348,367.5605
600578.SH,Q2 FY2018,26.5554,6.0788,0.7043,1.3739,634.8577,364.7947
600578.SH,Q3 FY2018,33.2896,7.8939,1.2747,2.8789,657.4436,387.1218
600578.SH,Q4 FY2018,38.5579,4.8085,1.294,2.9614,684.8985,410.8196
600578.SH,Q1 FY2019,37.376,9.3007,1.8834,4.9183,690.8685,411.8712
600578.SH,Q2 FY2019,42.9315,1.1474,1.0459,2.718,783.0965,499.6849
600578.SH,Q3 FY2019,53.0863,22.5602,1.822,5.3317,801.9288,515.2689
600578.SH,Q4 FY2019,50.9898,9.2251,1.0871,3.6654,765.5708,475.1292
600578.SH,Q1 FY2020,49.9992,12.0446,1.9745,5.7258,776.881,480.7137
600578.SH,Q2 FY2020,40.9762,4.5766,1.508,4.6047,795.2049,495.277
600578.SH,Q3 FY2020,52.1539,17.918,1.7724,5.5612,800.521,488.864
600578.SH,Q4 FY2020,57.8454,15.3146,0.4583,1.7162,807.4674,494.7497
600583.SH,Q1 FY2016,16.199,8.6878,2.1451,4.9643,297.4281,62.7331
600583.SH,Q2 FY2016,34.7574,4.8128,1.6112,3.7021,290.1025,62.5667
600583.SH,Q3 FY2016,29.496,8.6103,1.0832,2.4746,295.7822,65.8046
600583.SH,Q4 FY2016,39.4644,10.7691,0.8558,1.9881,298.112,66.4277
600583.SH,Q1 FY2017,13.9843,-4.549,-0.7382,-1.7161,288.7437,58.8993
600583.SH,Q2 FY2017,27.7991,-5.2564,1.6151,3.6907,289.6177,60.9371
600583.SH,Q3 FY2017,26.7073,9.2436,0.4464,1.021,295.9249,66.186
600583.SH,Q4 FY2017,34.0347,5.8756,0.82,1.9006,283.9596,52.6759
600583.SH,Q1 FY2018,12.5619,-8.5817,-1.5716,-3.6167,267.7862,40.3997
600583.SH,Q2 FY2018,23.1953,-7.7257,0.7838,1.7733,266.3231,39.7559
600583.SH,Q3 FY2018,30.7642,0.1142,0.1888,0.4213,272.782,45.9834
600583.SH,Q4 FY2018,43.9998,19.9579,0.9631,2.2206,301.492,72.4476
600583.SH,Q1 FY2019,17.9365,-0.4772,-1.146,-2.6224,291.3936,64.7466
600583.SH,Q2 FY2019,27.6576,0.8743,-2.0296,-4.5378,292.3335,72.2861
600583.SH,Q3 FY2019,35.0525,-0.5542,0.3586,0.7884,301.7099,81.2321
600583.SH,Q4 FY2019,66.4573,-0.5909,2.9669,6.6582,318.5654,91.8371
600583.SH,Q1 FY2020,23.0174,-5.3131,-1.3541,-3.0384,307.8601,84.3228
600583.SH,Q2 FY2020,41.8524,9.4739,0.2748,0.6081,325.4397,103.6155
600583.SH,Q3 FY2020,53.8271,7.5032,1.4455,3.2441,330.38,104.84
600583.SH,Q4 FY2020,59.9289,8.5439,1.2555,2.8415,332.819,106.1668
600588.SH,Q1 FY2016,5.9034,-5.2836,-3.989,-2.2995,101.8565,43.0829
600588.SH,Q2 FY2016,11.4942,0.585,0.6957,0.3539,106.6303,49.3127
600588.SH,Q3 FY2016,8.9335,-1.7481,-3.3533,-1.9724,106.4176,49.0231
600588.SH,Q4 FY2016,24.8023,15.3175,10.1382,6.3597,121.5513,57.6672
600588.SH,Q1 FY2017,7.4666,-6.4208,-2.9763,-1.6975,130.5768,67.9006
600588.SH,Q2 FY2017,14.4565,0.6618,1.9315,1.1887,129.9899,71.0221
600588.SH,Q3 FY2017,10.8348,0.4459,-3.818,-1.437,130.5918,71.4429
600588.SH,Q4 FY2017,30.6786,19.6164,11.8322,7.546,140.3398,72.9295
600588.SH,Q1 FY2018,10.7426,-5.0096,-1.8504,-0.8395,132.9873,65.6059
600588.SH,Q2 FY2018,19.3144,4.6467,3.9841,3.0864,138.0877,70.9773
600588.SH,Q3 FY2018,15.424,-0.8463,0.4546,0.5481,135.7161,65.0535
600588.SH,Q4 FY2018,31.5539,21.6356,7.2625,5.3069,152.209,75.6893
600588.SH,Q1 FY2019,12.5229,-6.181,1.2773,1.0157,146.2919,72.2032
600588.SH,Q2 FY2019,20.6072,2.9625,6.3695,4.5826,150.5885,77.5387
600588.SH,Q3 FY2019,16.9608,1.977,-0.5668,-0.227,152.2397,79.2568
600588.SH,Q4 FY2019,35.0057,16.572,10.9806,7.8418,175.3838,92.4419
600588.SH,Q1 FY2020,10.8869,-9.9031,-3.3646,-2.5646,167.3008,86.5899
600588.SH,Q2 FY2020,18.6164,3.9279,3.9957,2.7843,170.3023,98.5912
600588.SH,Q3 FY2020,16.6889,1.6574,-0.6526,-0.4906,157.2982,83.8508
600588.SH,Q4 FY2020,39.0537,20.448,14.3983,10.7847,169.5026,84.0299
600600.SH,Q1 FY2016,68.6163,17.7032,3.1919,5.3182,292.8456,125.8574
600600.SH,Q2 FY2016,78.8449,20.1402,3.149,5.427,307.983,141.3341
600600.SH,Q3 FY2016,82.9027,7.978,4.5179,8.4887,315.7271,138.4402
600600.SH,Q4 FY2016,30.6996,-16.1124,-4.7628,-8.1769,300.7716,131.9802
600600.SH,Q1 FY2017,70.3994,15.4986,3.4889,6.0579,308.6848,133.825
600600.SH,Q2 FY2017,80.2278,19.688,3.3589,6.1913,326.6115,150.7036
600600.SH,Q3 FY2017,83.2227,8.0999,4.154,7.7159,325.5315,141.916
600600.SH,Q4 FY2017,28.9206,-21.0512,-3.479,-6.1425,309.7471,132.0021
600600.SH,Q1 FY2018,72.5171,23.2192,3.8162,7.0386,326.986,142.1359
600600.SH,Q2 FY2018,79.0198,16.7597,3.558,6.9235,343.1198,157.5426
600600.SH,Q3 FY2018,84.8714,14.4845,4.3641,8.5467,345.7578,151.7163
600600.SH,Q4 FY2018,29.3443,-14.5433,-3.6984,-6.8987,340.7527,153.8531
600600.SH,Q1 FY2019,79.5122,17.5642,4.3945,8.4367,352.1761,156.8066
600600.SH,Q2 FY2019,85.9945,20.6165,4.3621,8.8187,374.5641,177.2802
600600.SH,Q3 FY2019,83.4617,6.2228,4.9168,10.0156,365.7847,158.5556
600600.SH,Q4 FY2019,30.8693,-4.2379,-3.755,-7.9799,373.1238,173.9901
600600.SH,Q1 FY2020,62.9295,6.1933,2.7759,5.541,369.2769,167.0521
600600.SH,Q2 FY2020,93.8605,43.4517,6.649,13.8535,405.0479,196.8089
600600.SH,Q3 FY2020,87.4309,9.495,5.4241,11.7168,409.2152,188.575
600600.SH,Q4 FY2020,33.3763,-9.6057,-3.7052,-7.8416,415.1419,201.4613
600649.SH,Q1 FY2016,18.2598,-6.078,3.4969,7.1782,442.6989,234.3794
600649.SH,Q2 FY2016,30.0608,7.4087,3.748,7.8512,426.0301,210.6297
600649.SH,Q3 FY2016,25.6532,3.6571,1.9643,4.3813,417.3291,198.526
600649.SH,Q4 FY2016,20.8621,11.9444,0.8623,2.3988,446.0063,210.7488
600649.SH,Q1 FY2017,6.6894,0.3619,2.9842,6.1497,333.3626,151.9078
600649.SH,Q2 FY2017,7.4545,-16.0571,1.6264,2.9583,313.7787,131.1265
600649.SH,Q3 FY2017,3.1607,-3.3612,0.632,1.1595,310.3407,125.6427
600649.SH,Q4 FY2017,14.847,13.7328,3.9414,7.3983,377.6962,174.1689
600649.SH,Q1 FY2018,23.125,0.0853,2.0781,5.0264,369.3993,163.6901
600649.SH,Q2 FY2018,18.3233,1.2598,1.6372,3.1033,349.3856,151.6786
600649.SH,Q3 FY2018,11.7824,-7.5406,0.8963,1.696,350.3119,149.6864
600649.SH,Q4 FY2018,15.7953,6.7621,0.8058,1.8749,367.2219,167.2019
600649.SH,Q1 FY2019,1.7268,-28.3319,1.6272,3.0975,377.6572,174.2958
600649.SH,Q2 FY2019,16.5032,-11.7572,0.3407,0.9432,384.1584,182.0029
600649.SH,Q3 FY2019,2.7598,-7.2449,0.6174,1.206,392.462,188.5536
600649.SH,Q4 FY2019,15.4462,-11.1945,0.5917,1.1317,398.2742,193.3335
600649.SH,Q1 FY2020,0.546,-31.872,0.2272,0.4321,400.9229,195.5506
600649.SH,Q2 FY2020,0.8929,-3.782,0.5036,0.9667,441.0149,236.4805
600649.SH,Q3 FY2020,0.3821,20.2128,0.7794,1.3581,474.2589,266.858
600649.SH,Q4 FY2020,63.8282,26.1564,2.4329,4.9369,615.2414,401.7475
600660.SH,Q1 FY2016,35.6704,5.9502,3.4898,5.8238,263.9782,93.8508
600660.SH,Q2 FY2016,40.1739,8.9006,5.2816,8.7514,280.3958,119.5356
600660.SH,Q3 FY2016,40.0613,12.4279,4.3622,7.1711,283.8065,115.074
600660.SH,Q4 FY2016,50.3078,9.091,5.5518,9.6809,298.6585,118.273
600660.SH,Q1 FY2017,41.976,10.5234,3.7679,6.9203,304.035,116.5536
600660.SH,Q2 FY2017,45.1636,6.6731,3.8324,6.9264,306.7901,132.3797
600660.SH,Q3 FY2017,46.8557,14.0502,4.2642,7.589,306.7359,125.8435
600660.SH,Q4 FY2017,53.1608,16.7185,5.421,10.0467,317.0401,126.9875
600660.SH,Q1 FY2018,47.4784,11.2402,2.9335,5.6269,334.0436,140.4206
600660.SH,Q2 FY2018,53.3733,14.7099,6.8096,13.0641,354.0699,163.8079
600660.SH,Q3 FY2018,50.3726,19.2343,7.0397,13.8869,363.9481,157.8409
600660.SH,Q4 FY2018,51.0255,12.8942,4.2099,8.4939,344.9044,143.0057
600660.SH,Q1 FY2019,49.335,7.4255,2.9627,6.0585,394.613,187.4098
600660.SH,Q2 FY2019,53.5386,13.2876,4.4295,9.0002,394.6567,195.731
600660.SH,Q3 FY2019,53.4631,14.6568,4.1239,8.4027,401.0914,192.1921
600660.SH,Q4 FY2019,54.702,15.8992,2.6118,5.5204,388.2628,174.572
600660.SH,Q1 FY2020,41.705,8.7022,2.1274,4.5929,417.4201,198.7397
600660.SH,Q2 FY2020,39.5077,5.5172,2.3788,5.0348,432.8874,227.8518
600660.SH,Q3 FY2020,56.5509,15.5077,3.6572,7.5853,396.1942,186.2474
600660.SH,Q4 FY2020,61.3024,23.0505,4.1222,8.7715,384.2363,168.3272
600637.SH,Q1 FY2016,35.4725,-5.7078,1.3724,3.6415,354.1034,82.225
600637.SH,Q2 FY2016,79.0285,1.5938,5.0884,13.5703,355.9254,82.8671
600637.SH,Q3 FY2016,129.3265,11.4284,7.5811,20.4395,360.0101,79.171
600637.SH,Q4 FY2016,194.4549,22.9157,11.3961,31.963,367.9655,80.8465
600637.SH,Q1 FY2017,37.0644,-3.8441,1.6103,4.9292,370.023,78.7352
600637.SH,Q2 FY2017,87.9743,-8.2428,4.5907,13.6114,361.5263,71.0576
600637.SH,Q3 FY2017,121.9798,-3.7558,3.8143,11.8921,354.5592,66.3763
600637.SH,Q4 FY2017,162.6116,30.0916,8.278,23.9732,373.3222,77.3165
600637.SH,Q1 FY2018,27.9891,7.0721,1.5748,4.8279,373.0572,71.6147
600637.SH,Q2 FY2018,60.2751,14.4677,4.4857,13.4352,380.1169,80.3675
600637.SH,Q3 FY2018,92.8081,19.4906,5.4452,16.4885,377.8784,75.5919
600637.SH,Q4 FY2018,136.3368,25.653,7.2226,22.0517,379.5948,74.0492
600637.SH,Q1 FY2019,25.7066,-2.3113,1.9732,5.9225,378.5097,67.8428
600637.SH,Q2 FY2019,57.0556,3.4527,3.7886,11.6461,373.769,67.3535
600637.SH,Q3 FY2019,85.3704,10.8812,4.6143,14.3206,363.775,54.5794
600637.SH,Q4 FY2019,123.446,27.8882,7.1129,22.2927,446.9223,101.7935
600637.SH,Q1 FY2020,24.2002,-1.5687,0.9797,2.4401,444.6319,100.3736
600637.SH,Q2 FY2020,51.9812,9.4001,3.4473,9.3744,453.7054,109.3994
600637.SH,Q3 FY2020,71.5281,24.0845,4.4723,12.3231,455.1458,108.2612
600637.SH,Q4 FY2020,100.3335,36.0924,5.5166,15.6112,440.5887,91.4911
600663.SH,Q1 FY2016,11.0667,1.7636,2.6407,3.8545,534.0834,368.7163
600663.SH,Q2 FY2016,37.8848,9.5793,6.829,11.7167,537.7394,374.9693
600663.SH,Q3 FY2016,66.8991,44.2549,9.9784,17.212,572.98,395.0966
600663.SH,Q4 FY2016,128.0715,-12.546,19.8743,32.6914,798.2575,595.3915
600663.SH,Q1 FY2017,25.4623,6.955,3.2461,5.6085,814.6821,606.7331
600663.SH,Q2 FY2017,56.2339,-12.6448,8.496,14.7379,799.4372,595.2317
600663.SH,Q3 FY2017,73.18,-15.1961,10.6191,19.0475,822.5101,613.0414
600663.SH,Q4 FY2017,93.2459,-53.5816,22.3751,36.7546,811.8012,609.7582
600663.SH,Q1 FY2018,12.9641,-19.9825,4.6857,11.5325,793.6259,580.6768
600663.SH,Q2 FY2018,66.1095,10.0044,12.7934,24.1069,782.9309,574.9254
600663.SH,Q3 FY2018,85.7412,32.2173,14.8703,27.9377,788.8531,575.6577
600663.SH,Q4 FY2018,126.3877,43.1738,22.0309,41.0508,781.1265,553.2235
600663.SH,Q1 FY2019,38.5358,-5.6163,5.2699,10.0689,829.9674,592.1962
600663.SH,Q2 FY2019,81.8853,-16.4973,12.5654,26.3083,841.1296,603.9248
600663.SH,Q3 FY2019,104.8079,-106.0079,15.1052,33.1135,876.5708,602.5477
600663.SH,Q4 FY2019,147.7294,5.1737,21.4961,49.6808,914.4018,623.8343
600663.SH,Q1 FY2020,41.5352,-22.3203,4.1138,13.2777,945.845,642.0103
600663.SH,Q2 FY2020,66.2696,-18.7554,9.3081,24.2455,937.5704,642.1736
600663.SH,Q3 FY2020,87.0095,-29.1652,12.5004,31.8476,964.829,661.9279
600663.SH,Q4 FY2020,144.7473,-7.0244,20.9043,50.1343,1013.5435,675.7677
600674.SH,Q1 FY2016,2.1857,1.633,4.9317,9.2397,251.6017,56.6411
600674.SH,Q2 FY2016,2.8821,-0.0748,2.5393,4.9193,245.1789,57.4361
600674.SH,Q3 FY2016,1.9341,1.1213,7.3465,14.0333,259.3946,57.6173
600674.SH,Q4 FY2016,3.011,1.0214,3.546,7.31,268.2113,59.139
600674.SH,Q1 FY2017,2.1338,1.5654,3.8561,8.1878,276.5619,59.3014
600674.SH,Q2 FY2017,1.3859,1.1507,2.0227,4.2739,289.664,81.3965
600674.SH,Q3 FY2017,2.0067,2.2387,7.66,16.3675,292.848,68.2134
600674.SH,Q4 FY2017,2.469,-0.0216,1.828,4.1664,290.2557,61.2052
600674.SH,Q1 FY2018,2.1793,1.8435,3.629,8.4963,313.5656,76.0191
600674.SH,Q2 FY2018,1.2012,0.1105,1.4532,3.3174,312.2672,83.6905
600674.SH,Q3 FY2018,2.6244,1.542,6.9203,16.2164,312.8528,67.889
600674.SH,Q4 FY2018,2.6307,0.6764,3.268,8.0251,320.4392,67.6628
600674.SH,Q1 FY2019,2.2138,1.1853,2.9363,7.6032,333.43,72.9615
600674.SH,Q2 FY2019,0.9757,0.1752,1.6458,4.1228,334.0861,82.0969
600674.SH,Q3 FY2019,2.5893,1.5647,5.8138,14.9154,340.4374,73.7839
600674.SH,Q4 FY2019,2.6046,1.3761,1.1885,3.2357,374.553,97.9867
600674.SH,Q1 FY2020,1.6728,1.0704,1.918,5.3633,375.1893,93.2602
600674.SH,Q2 FY2020,1.3928,0.2442,2.6312,7.2404,393.5419,119.3395
600674.SH,Q3 FY2020,3.439,0.5238,5.3105,14.8396,413.81,121.1155
600674.SH,Q4 FY2020,3.8065,2.1232,1.5848,4.6566,413.2913,115.7144
600648.SH,Q1 FY2016,14.2163,-0.3086,0.3364,0.399,278.9189,184.6316
600648.SH,Q2 FY2016,39.6032,-3.9898,4.0691,3.8148,284.9942,191.1877
600648.SH,Q3 FY2016,66.0164,-2.5889,6.7973,6.4616,278.1033,180.9746
600648.SH,Q4 FY2016,86.5711,-5.3579,7.8396,7.5683,296.117,198.1311
600648.SH,Q1 FY2017,14.4439,-2.7273,0.9774,1.0352,292.8004,193.6635
600648.SH,Q2 FY2017,32.4051,3.1589,2.9201,2.958,299.9851,201.4719
600648.SH,Q3 FY2017,56.2928,11.3831,3.5527,3.7874,314.9718,209.0387
600648.SH,Q4 FY2017,89.5357,28.4759,7.6445,7.8146,305.5263,202.3449
600648.SH,Q1 FY2018,22.406,-6.5917,3.6356,3.7924,313.4877,206.5081
600648.SH,Q2 FY2018,39.6775,-7.2302,5.2179,5.4613,328.423,223.384
600648.SH,Q3 FY2018,57.3941,0.5787,6.4811,7.0789,320.7899,210.1247
600648.SH,Q4 FY2018,77.1083,7.1626,8.2538,8.8657,310.8179,203.8845
600648.SH,Q1 FY2019,32.5769,3.6996,5.5893,6.013,292.5195,179.2901
600648.SH,Q2 FY2019,49.4426,4.1824,6.6311,7.1939,305.1086,194.1239
600648.SH,Q3 FY2019,68.0394,7.5413,7.0997,7.8792,300.0884,188.3676
600648.SH,Q4 FY2019,89.4085,-22.5419,8.4413,9.2103,348.0791,239.4058
600648.SH,Q1 FY2020,17.2693,3.2045,0.961,1.1324,336.6303,226.8554
600648.SH,Q2 FY2020,42.8487,2.4493,3.5724,4.0663,330.7317,221.0106
600648.SH,Q3 FY2020,62.0221,17.5503,4.2021,4.859,351.6266,241.0897
600648.SH,Q4 FY2020,101.5071,41.843,6.7109,7.6944,392.9617,280.6035
600642.SH,Q1 FY2016,74.6247,9.2502,2.4204,7.5397,512.0917,197.574
600642.SH,Q2 FY2016,62.1197,9.1738,2.3877,7.2318,514.4309,205.0726
600642.SH,Q3 FY2016,64.7175,12.4534,2.7274,8.1595,518.2987,199.5299
600642.SH,Q4 FY2016,76.1266,4.6909,2.5496,8.1832,536.751,208.17
600642.SH,Q1 FY2017,86.3358,9.3508,1.9837,6.4712,533.2973,197.505
600642.SH,Q2 FY2017,68.2709,5.4009,1.8164,5.2365,539.5951,211.4908
600642.SH,Q3 FY2017,82.1058,4.7094,1.9803,6.1454,545.6855,213.5857
600642.SH,Q4 FY2017,87.3277,4.887,1.0553,3.9996,540.4718,206.1143
600642.SH,Q1 FY2018,98.5115,6.5672,1.3165,4.6014,560.0448,222.1449
600642.SH,Q2 FY2018,81.4144,3.5622,2.2676,6.6289,570.8515,238.5298
600642.SH,Q3 FY2018,90.3251,17.8452,1.3319,4.5754,569.9455,233.5451
600642.SH,Q4 FY2018,91.9616,-0.2948,2.2312,7.8688,596.6231,253.8231
600642.SH,Q1 FY2019,118.0104,17.953,2.0876,6.7379,605.9092,253.2468
600642.SH,Q2 FY2019,77.8049,12.221,2.6893,8.3285,623.9846,253.2651
600642.SH,Q3 FY2019,88.4186,15.1012,1.3161,5.118,637.9537,263.7931
600642.SH,Q4 FY2019,104.1791,5.2302,2.0848,8.0753,679.4407,300.7952
600642.SH,Q1 FY2020,53.2489,13.8284,1.5194,5.7519,670.2879,290.4311
600642.SH,Q2 FY2020,38.5142,15.8185,2.3551,8.2437,696.6407,321.5583
600642.SH,Q3 FY2020,46.5655,10.7464,2.6453,9.5484,739.5732,354.7532
600642.SH,Q4 FY2020,58.7599,8.0602,1.4399,6.8557,762.9844,373.6333
600690.SH,Q1 FY2016,222.3661,10.4624,6.8676,19.4853,770.4825,431.5669
600690.SH,Q2 FY2016,487.8661,47.5456,13.7529,39.7184,1207.1525,849.881
600690.SH,Q3 FY2016,842.7059,49.3438,16.0108,49.1432,1206.2234,849.119
600690.SH,Q4 FY2016,1190.6583,80.547,20.5332,66.9133,1312.5529,936.7492
600690.SH,Q1 FY2017,377.4114,58.0932,6.3589,21.5002,1349.783,940.2834
600690.SH,Q2 FY2017,775.7575,83.932,15.8939,52.8503,1397.7386,972.3756
600690.SH,Q3 FY2017,1191.8961,141.6005,20.0897,71.1147,1444.4866,1004.4533
600690.SH,Q4 FY2017,1592.5447,160.8659,23.6455,90.5165,1514.6311,1047.131
600690.SH,Q1 FY2018,426.5516,19.9093,5.9917,24.6871,1545.2951,1056.7628
600690.SH,Q2 FY2018,885.9163,53.6839,14.4001,59.3842,1574.6535,1068.5818
600690.SH,Q3 FY2018,1381.3877,110.4918,18.0488,78.308,1676.2639,1161.6159
600690.SH,Q4 FY2018,1833.1656,189.3425,20.7776,97.706,1666.9954,1115.6927
600690.SH,Q1 FY2019,480.4327,13.2352,5.3089,26.6617,1774.448,1202.8434
600690.SH,Q2 FY2019,989.7979,36.3383,12.6274,62.3099,1811.4138,1230.7837
600690.SH,Q3 FY2019,1488.9611,90.0691,18.4446,112.6768,1842.7394,1233.4046
600690.SH,Q4 FY2019,2007.6198,150.8263,18.8021,123.3439,1874.5424,1224.6438
600690.SH,Q1 FY2020,431.4145,-57.8763,2.2174,13.4357,1884.8549,1222.0544
600690.SH,Q2 FY2020,957.281,-5.4292,5.7802,36.1202,1980.4278,1315.3504
600690.SH,Q3 FY2020,1544.1181,57.112,12.8154,80.1899,2002.0656,1318.3007
600690.SH,Q4 FY2020,2097.2582,175.9911,15.4773,113.2262,2034.595,1353.4849
600703.SH,Q1 FY2016,11.7818,4.5648,2.8333,4.5721,225.9961,62.4694
600703.SH,Q2 FY2016,16.0018,3.5192,3.0665,5.0914,231.3485,62.8011
600703.SH,Q3 FY2016,17.074,2.014,3.1497,5.294,230,62.3864
600703.SH,Q4 FY2016,17.8684,10.4631,3.9239,6.7092,235.7325,61.3744
600703.SH,Q1 FY2017,19.8993,6.6629,3.8788,6.9095,243.1828,61.2717
600703.SH,Q2 FY2017,20.7668,6.5075,4.532,8.2385,241.3292,59.6297
600703.SH,Q3 FY2017,22.159,6.1889,4.6439,8.6266,245.9086,55.9969
600703.SH,Q4 FY2017,21.1121,6.2542,4.0595,7.8657,252.3666,54.6432
600703.SH,Q1 FY2018,19.4491,9.4456,4.7823,9.6823,268.244,60.959
600703.SH,Q2 FY2018,22.2828,9.1335,4.2805,8.8469,268.8834,62.7791
600703.SH,Q3 FY2018,22.2012,10.9718,3.5296,7.4057,296.1357,82.5084
600703.SH,Q4 FY2018,19.7105,3.8437,1.1102,2.3655,307.8933,95.4045
600703.SH,Q1 FY2019,17.2901,8.0526,2.8815,6.2115,314.142,95.5047
600703.SH,Q2 FY2019,16.5864,8.7039,1.213,2.6193,303.3659,90.1335
600703.SH,Q3 FY2019,19.4455,7.9094,1.255,2.6936,290.5315,74.5024
600703.SH,Q4 FY2019,21.2782,3.2273,0.6738,1.4603,296.806,79.3534
600703.SH,Q1 FY2020,16.8159,1.2884,1.7847,3.916,302.8881,81.4971
600703.SH,Q2 FY2020,18.8599,3.3314,0.9523,2.4324,379.0703,89.6399
600703.SH,Q3 FY2020,23.3274,6.0713,1.0438,3.0361,385.9874,93.6683
600703.SH,Q4 FY2020,25.5356,8.6543,0.2643,0.7783,389.7545,93.0339
600718.SH,Q1 FY2016,15.6102,-11.0159,0.418,-21.4521,126.2952,49.885
600718.SH,Q2 FY2016,18.2127,-2.282,0.9894,23.3496,132.1943,56.1047
600718.SH,Q3 FY2016,15.4678,-1.2652,26.692,1915.6387,113.4156,32.1527
600718.SH,Q4 FY2016,28.0578,16.0357,-2.4811,-212.8895,117.4964,36.9541
600718.SH,Q1 FY2017,12.146,-12.4522,0.3565,-3.4941,112.1963,30.392
600718.SH,Q2 FY2017,14.942,2.193,1.1987,50.4797,111.8904,30.7837
600718.SH,Q3 FY2017,14.9138,-0.2591,0.5523,-9.12,115.9514,35.0569
600718.SH,Q4 FY2017,29.3095,12.1958,10.64,852.3581,129.0919,38.4029
600718.SH,Q1 FY2018,12.3653,-11.6684,0.3144,-11.8898,124.2105,33.2126
600718.SH,Q2 FY2018,15.4549,1.2862,0.9505,40.5868,129.0679,34.8365
600718.SH,Q3 FY2018,14.7291,-1.5959,0.1162,-52.5331,131.8987,38.8704
600718.SH,Q4 FY2018,29.1559,15.2636,-0.1611,-79.4534,135.7991,45.6265
600718.SH,Q1 FY2019,13.3485,-13.1577,0.0452,-60.5577,132.7662,45.1577
600718.SH,Q2 FY2019,15.9087,-0.9705,0.2526,-36.1436,140.6359,52.6685
600718.SH,Q3 FY2019,16.9186,0.9617,0.1171,-40.2636,143.6698,55.7587
600718.SH,Q4 FY2019,37.482,17.3233,0.0141,-30.3928,145.323,56.8714
600718.SH,Q1 FY2020,9.0608,-9.4063,-0.7506,-125.3223,152.667,68.9463
600718.SH,Q2 FY2020,15.7277,2.4052,1.5436,68.8353,158.3038,73.5726
600718.SH,Q3 FY2020,17.8768,-0.0964,0.0609,-0.4259,162.792,78.5629
600718.SH,Q4 FY2020,33.5545,12.6984,0.7279,40.3899,164.077,79.6499
600688.SH,Q1 FY2016,165.6481,19.4782,5.6061,11.5154,280.5059,67.2926
600688.SH,Q2 FY2016,369.9319,46.4502,14.8361,31.0176,319.2495,97.42
600688.SH,Q3 FY2016,545.8466,53.0147,19.3044,41.363,302.5868,70.3429
600688.SH,Q4 FY2016,778.9429,72.1096,26.7133,59.6858,341.2369,90.9238
600688.SH,Q1 FY2017,225.7185,28.5416,7.4974,19.2854,356.5068,86.6563
600688.SH,Q2 FY2017,431.0695,23.5878,10.426,25.8015,373.0166,123.6426
600688.SH,Q3 FY2017,681.5762,50.688,16.0873,41.1099,364.514,99.2714
600688.SH,Q4 FY2017,920.1357,70.7848,23.1729,61.525,396.0954,110.6792
600688.SH,Q1 FY2018,257.5952,16.3527,6.0734,17.7368,422.6963,119.0131
600688.SH,Q2 FY2018,521.8764,42.274,12.398,35.3149,457.8272,169.0117
600688.SH,Q3 FY2018,808.204,33.3522,16.073,46.6517,422.4777,122.2986
600688.SH,Q4 FY2018,1077.6491,66.951,18.0028,52.7707,445.3996,140.5346
600688.SH,Q1 FY2019,251.3623,-10.8971,1.9903,6.11,430.7986,119.6959
600688.SH,Q2 FY2019,519.9258,2.4597,3.8438,11.4372,439.8709,150.6118
600688.SH,Q3 FY2019,753.696,-4.1463,5.6015,17.125,394.7879,100.1829
600688.SH,Q4 FY2019,1003.4605,51.2121,7.3478,22.2515,456.3613,156.2023
600688.SH,Q1 FY2020,179.2638,-38.8062,-4.1108,-12.0139,414.6566,127.2094
600688.SH,Q2 FY2020,356.6335,-29.0417,-6.0435,-17.0832,423.0763,152.6392
600688.SH,Q3 FY2020,549.5397,-21.1479,-2.22,-6.3255,449.4128,168.3391
600688.SH,Q4 FY2020,747.0518,17.5122,2.1255,6.3944,447.4917,153.9416
600705.SH,Q1 FY2016,7.8471,-223.3052,2.642,7.1681,1342.5966,1097.486
600705.SH,Q2 FY2016,10.513,-116.7667,2.8157,7.6036,1280.2586,1034.1446
600705.SH,Q3 FY2016,9.9804,-71.7489,2.5738,6.9228,1238.2733,981.9495
600705.SH,Q4 FY2016,13.658,284.2278,2.9945,8.182,1599.0703,1336.0404
600705.SH,Q1 FY2017,10.4094,-247.7625,2.3633,6.9034,1501.5333,1231.809
600705.SH,Q2 FY2017,14.961,-64.113,3.3032,9.3283,1537.0978,1270.2452
600705.SH,Q3 FY2017,13.8016,-13.0885,3.0067,8.5966,1643.2992,1364.2188
600705.SH,Q4 FY2017,17.8982,574.3068,3.5268,10.1428,2344.4623,2064.0185
600705.SH,Q1 FY2018,14.707,-226.7853,3.3449,10.3774,2276.4826,1985.0827
600705.SH,Q2 FY2018,17.7886,-133.5485,3.2526,10.1176,2305.3203,2004.2878
600705.SH,Q3 FY2018,19.1884,-100.2509,2.5732,8.2837,2442.3951,2130.6781
600705.SH,Q4 FY2018,22.8028,70.8691,3.6786,10.6119,3003.0293,2588.279
600705.SH,Q1 FY2019,20.8399,-111.4799,2.7757,11.4752,3155.3697,2721.6744
600705.SH,Q2 FY2019,28.3214,-250.1278,2.3893,12.57,3069.8598,2633.2472
600705.SH,Q3 FY2019,24.7146,67.1131,2.1988,10.5656,3112.4312,2671.2023
600705.SH,Q4 FY2019,30.5301,244.9922,3.2773,12.6247,3416.1529,2934.3892
600705.SH,Q1 FY2020,22.0665,-128.513,2.5382,11.2573,3429.4189,2935.9098
600705.SH,Q2 FY2020,27.3867,-191.4543,2.373,13.544,3326.6579,2817.3571
600705.SH,Q3 FY2020,25.6816,-4.1293,3.567,15.1009,3412.4219,2888.4295
600705.SH,Q4 FY2020,28.1472,424.4406,1.7046,12.793,3795.951,3164.7799
600717.SH,Q1 FY2016,28.1221,8.2735,1.9438,4.0073,333.6514,137.4413
600717.SH,Q2 FY2016,31.4162,6.8499,2.4818,5.0205,330.2623,136.0652
600717.SH,Q3 FY2016,31.7956,6.8439,2.3556,5.0178,331.7277,132.9186
600717.SH,Q4 FY2016,39.1329,1.5913,1.6973,3.9157,322.7803,119.5819
600717.SH,Q1 FY2017,32.7522,2.7263,1.7862,3.807,329.6074,122.3185
600717.SH,Q2 FY2017,35.1885,5.0999,1.8245,3.8319,335.515,129.951
600717.SH,Q3 FY2017,35.485,6.5896,1.6182,3.7493,375.2783,169.0989
600717.SH,Q4 FY2017,34.6767,3.9644,0.0371,0.9557,360.0925,152.2083
600717.SH,Q1 FY2018,27.5843,3.3442,1.471,3.6333,358.3293,148.5227
600717.SH,Q2 FY2018,31.719,8.8528,1.3694,3.1558,359.1546,152.0771
600717.SH,Q3 FY2018,34.993,4.0777,1.2632,3.0813,343.4718,131.9726
600717.SH,Q4 FY2018,36.3404,3.2761,-0.6983,-0.7201,341.1591,132.1165
600717.SH,Q1 FY2019,28.1849,5.1006,0.8001,1.7204,343.1223,131.1783
600717.SH,Q2 FY2019,31.3823,6.0281,1.6056,3.5999,360.7634,143.1149
600717.SH,Q3 FY2019,34.6771,4.8736,1.366,3.7981,356.837,135.6845
600717.SH,Q4 FY2019,34.6023,2.6135,-0.0258,0.782,351.0652,129.8995
600717.SH,Q1 FY2020,27.0681,6.7859,0.6909,1.9686,352.9333,130.4824
600717.SH,Q2 FY2020,28.9654,3.7766,1.6025,3.6013,350.9271,127.1024
600717.SH,Q3 FY2020,39.9795,7.1987,1.4926,3.7669,355.3851,128.8906
600717.SH,Q4 FY2020,38.2374,4.6794,0.3656,1.5095,359.8249,132.8638
600795.SH,Q1 FY2016,135.5577,61.4316,3.5479,26.6864,2534.96,1814.1493
600795.SH,Q2 FY2016,137.5332,53.6691,3.469,25.6464,2558.7865,1813.6772
600795.SH,Q3 FY2016,139.3907,69.4571,2.2168,17.0574,2559.3969,1816.0565
600795.SH,Q4 FY2016,171.679,49.5848,-0.2167,0.7945,2712.6695,1970.9539
600795.SH,Q1 FY2017,147.1583,48.4563,1.9486,13.1838,2741.0677,1986.043
600795.SH,Q2 FY2017,140.2803,31.2406,1.4308,9.5028,2746.1921,2016.3323
600795.SH,Q3 FY2017,155.3805,76.7774,1.2677,9.7336,2766.8086,2026.7433
600795.SH,Q4 FY2017,155.5126,41.3049,-0.4008,-4.7781,2741.2993,2014.7111
600795.SH,Q1 FY2018,159.5317,20.1837,2.3111,16.1872,2792.5347,2051.563
600795.SH,Q2 FY2018,152.2588,36.6772,1.2856,9.0896,2806.7296,2079.2576
600795.SH,Q3 FY2018,168.7974,82.7818,1.454,10.2244,2791.3999,2055.986
600795.SH,Q4 FY2018,174.3086,91.9753,-2.4454,-17.4132,2725.1136,2012.2905
600795.SH,Q1 FY2019,285.8651,101.2789,2.7059,25.5358,3735.7132,2557.7412
600795.SH,Q2 FY2019,269.0389,42.1389,1.673,16.5013,3741.332,2558.1262
600795.SH,Q3 FY2019,302.0888,122.7662,1.3551,19.3856,3724.8507,2521.9018
600795.SH,Q4 FY2019,309.0002,71.034,-2.212,-12.2314,3648.4785,2481.9931
600795.SH,Q1 FY2020,252.4463,92.9395,-1.3643,3.5337,3625.7478,2438.0728
600795.SH,Q2 FY2020,273.3362,41.6667,2.6448,30.7227,3621.2794,2437.3036
600795.SH,Q3 FY2020,301.9089,107.691,2.8649,32.5996,3620.3885,2415.975
600795.SH,Q4 FY2020,336.5202,122.9207,0.7595,10.2157,3573.3735,2387.9971
600739.SH,Q1 FY2016,17.4416,-0.1451,1.673,2.9268,319.1269,128.7356
600739.SH,Q2 FY2016,20.6017,1.9666,2.4284,4.4173,338.0672,143.4981
600739.SH,Q3 FY2016,22.7217,1.4349,0.595,1.6391,317.9938,121.6034
600739.SH,Q4 FY2016,26.7322,2.6438,0.6314,1.7123,332.5231,132.487
600739.SH,Q1 FY2017,32.8342,-3.8735,3.6625,6.8005,351.4172,143.0884
600739.SH,Q2 FY2017,31.1301,3.41,0.8859,1.8025,338.9554,130.853
600739.SH,Q3 FY2017,34.0127,-0.4012,1.844,4.1362,350.6288,136.9086
600739.SH,Q4 FY2017,42.0113,1.8342,1.0641,2.1511,355.1579,141.4718
600739.SH,Q1 FY2018,42.3284,-1.742,0.7281,1.4096,371.7545,156.9329
600739.SH,Q2 FY2018,48.8913,0.6557,1.5293,3.4179,358.6652,145.1148
600739.SH,Q3 FY2018,50.4823,2.3868,1.2077,3.3103,364.9406,147.1407
600739.SH,Q4 FY2018,51.0495,3.5594,0.3328,0.4831,357.8014,141.7034
600739.SH,Q1 FY2019,37.6788,2.3537,2.9785,6.4403,376.6863,152.1911
600739.SH,Q2 FY2019,51.7883,-0.85,0.6567,1.6836,372.2338,147.0929
600739.SH,Q3 FY2019,48.4163,2.7725,1.3738,3.5487,376.9532,148.085
600739.SH,Q4 FY2019,39.5722,4.347,0.6543,1.4264,392.3427,162.9532
600739.SH,Q1 FY2020,33.0782,-1.0181,0.5964,0.9764,395.7263,165.3481
600739.SH,Q2 FY2020,48.6093,5.1112,3.7363,8.7068,399.0754,163.2336
600739.SH,Q3 FY2020,42.0721,2.6181,6.8369,15.8675,396.8665,146.1011
600739.SH,Q4 FY2020,45.6881,1.0409,1.0243,-0.4173,391.5762,141.5138
600804.SH,Q1 FY2016,21.3005,8.5768,3.3315,185.1301,186.7844,129.2601
600804.SH,Q2 FY2016,22.5459,9.8506,3.7052,216.8183,197.0745,135.6821
600804.SH,Q3 FY2016,22.4541,10.7984,3.3324,200.5345,201.308,140.0633
600804.SH,Q4 FY2016,22.1967,12.1654,-0.0089,-3.9059,203.0515,141.2036
600804.SH,Q1 FY2017,21.0248,7.3794,2.7191,172.0977,190.6546,124.9822
600804.SH,Q2 FY2017,21.4714,10.6974,3.2342,216.4029,238.0978,168.1936
600804.SH,Q3 FY2017,20.5512,9.1334,3.1016,215.3645,234.6922,165.0332
600804.SH,Q4 FY2017,18.6496,7.6238,1.9615,135.7451,230.1654,159.8665
600804.SH,Q1 FY2018,17.6142,2.7408,1.2846,90.1418,226.965,153.9724
600804.SH,Q2 FY2018,17.6069,6.6527,2.1783,158.8507,234.2112,159.4511
600804.SH,Q3 FY2018,17.1015,3.7592,1.2671,91.5948,229.0168,158.0716
600804.SH,Q4 FY2018,16.2741,8.6808,0.5689,36.1425,226.8173,159.1142
600804.SH,Q1 FY2019,16.0013,-1.3114,0.756,48.7134,228.7549,158.5483
600804.SH,Q2 FY2019,14.7407,5.3032,0.0161,-0.9692,231.8495,161.6166
600804.SH,Q3 FY2019,14.9444,2.177,-0.0916,-8.623,229.0256,158.8479
600804.SH,Q4 FY2019,14.8122,4.3174,-154.3804,-5811.8139,156.1899,150.0084
600804.SH,Q1 FY2020,13.3574,2.7835,12.3523,80.2316,159.4137,151.1604
600804.SH,Q2 FY2020,15.1509,1.1181,26.5814,242.6919,159.6451,148.3119
600804.SH,Q3 FY2020,12.9114,-1.3895,78.163,1393.1469,131.1785,105.5696
600804.SH,Q4 FY2020,10.9812,-5.2014,-97.2758,-1573.6549,117.0319,108.5648
600741.SH,Q1 FY2016,317.3712,12.7863,4.5151,20.7216,987.4564,556.9251
600741.SH,Q2 FY2016,296.0267,50.5769,4.6216,22.6674,985.5287,568.3655
600741.SH,Q3 FY2016,315.4635,21.1509,3.94,20.4339,1029.0292,589.8362
600741.SH,Q4 FY2016,314.0967,29.2388,4.322,22.0004,1076.1171,617.6806
600741.SH,Q1 FY2017,340.0215,5.9949,3.9391,22.5917,1107.0494,627.2765
600741.SH,Q2 FY2017,343.9185,28.7401,4.4006,23.2353,1141.8107,684.3575
600741.SH,Q3 FY2017,353.5156,33.0953,4.0872,22.4404,1153.6123,675.0389
600741.SH,Q4 FY2017,367.4169,17.0309,4.2985,23.0412,1233.7263,734.3835
600741.SH,Q1 FY2018,402.4843,-2.9533,6.8359,36.8087,1301.098,770.6481
600741.SH,Q2 FY2018,413.7821,36.039,4.3254,25.206,1349.3569,838.9405
600741.SH,Q3 FY2018,371.7195,11.1104,3.6908,20.8392,1337.3663,804.9248
600741.SH,Q4 FY2018,383.7165,49.5654,3.7247,21.6012,1336.8686,790.5909
600741.SH,Q1 FY2019,355.7053,2.5596,3.9694,23.3297,1347.4463,774.2579
600741.SH,Q2 FY2019,349.9267,28.2398,3.2513,20.449,1367.9268,819.5052
600741.SH,Q3 FY2019,350.3326,35.4509,3.3274,20.0421,1381.3105,805.9172
600741.SH,Q4 FY2019,384.2716,30.3132,3.1505,21.3421,1391.2743,804.259
600741.SH,Q1 FY2020,239.7334,27.6521,0.2735,1.2789,1319.7411,737.3891
600741.SH,Q2 FY2020,296.4857,6.092,2.412,15.2409,1403.6538,860.5513
600741.SH,Q3 FY2020,381.0374,39.6329,3.6545,23.5764,1416.9899,848.9292
600741.SH,Q4 FY2020,418.5198,20.3857,4.4818,29.6847,1504.3596,922.4782
600820.SH,Q1 FY2016,50.3219,-7.5772,1.9032,3.2419,621.9181,449.4597
600820.SH,Q2 FY2016,63.3234,10.4062,2.2565,3.8693,623.0659,451.6508
600820.SH,Q3 FY2016,62.2867,0.5994,2.0328,3.5139,627.4626,450.7471
600820.SH,Q4 FY2016,112.3526,36.1515,3.4484,6.1404,670.1285,487.63
600820.SH,Q1 FY2017,52.9285,-8.7889,1.967,3.5924,619.2608,431.8804
600820.SH,Q2 FY2017,67.0613,10.3919,2.2614,4.1517,625.6465,438.3498
600820.SH,Q3 FY2017,79.6097,-0.9724,2.1613,4.0424,635.9022,442.6333
600820.SH,Q4 FY2017,115.6649,14.7095,3.4628,6.5441,679.1965,478.2421
600820.SH,Q1 FY2018,58.7311,-24.7801,2.0125,3.8943,681.1451,475.503
600820.SH,Q2 FY2018,82.0703,3.8812,2.3101,4.5741,699.1559,494.3629
600820.SH,Q3 FY2018,93.8,21.5673,2.2422,4.4485,729.2406,519.5259
600820.SH,Q4 FY2018,138.061,14.7173,3.465,7.0583,779.7005,564.4175
600820.SH,Q1 FY2019,66.7064,-23.885,2.0098,4.2385,782.0192,560.1368
600820.SH,Q2 FY2019,96.3777,15.6724,2.2016,4.6777,801.8311,580.5391
600820.SH,Q3 FY2019,114.236,10.2121,2.4088,5.1496,801.6216,574.6867
600820.SH,Q4 FY2019,158.9167,46.7747,3.4473,7.7445,904.1685,670.8513
600820.SH,Q1 FY2020,61.1749,-52.2048,1.1803,2.619,887.7866,651.4334
600820.SH,Q2 FY2020,129.6787,4.5803,1.3871,3.0662,932.0405,700.3931
600820.SH,Q3 FY2020,137.9995,41.6169,3.1658,6.9768,1001.4828,758.6293
600820.SH,Q4 FY2020,211.2093,37.7034,4.4051,10.4057,1093.8608,841.7211
600837.SH,Q1 FY2016,52.3363,-35.3171,1.624,19.4468,5647.7105,4459.2431
600837.SH,Q2 FY2016,120.7952,-373.7664,4.0082,46.6571,5423.3193,4263.8343
600837.SH,Q3 FY2016,197.9109,-583.6279,5.8967,69.8733,5237.708,4043.4112
600837.SH,Q4 FY2016,280.1167,-501.7768,7.3851,89.3052,5608.6585,4389.0744
600837.SH,Q1 FY2017,64.4284,-225.7783,2.0121,25.9069,5590.5442,4345.0441
600837.SH,Q2 FY2017,128.1396,-92.7102,3.6151,45.1693,5348.9432,4107.7302
600837.SH,Q3 FY2017,192.5545,-346.6814,5.4324,69.4007,5294.6081,4012.6988
600837.SH,Q4 FY2017,282.2167,-588.166,7.5638,98.756,5347.0633,4050.1203
600837.SH,Q1 FY2018,57.0468,-48.4237,1.4626,19.9189,5729.7078,4422.7429
600837.SH,Q2 FY2018,109.4226,-115.9273,2.5822,34.5937,5732.2049,4442.477
600837.SH,Q3 FY2018,161.7716,-28.5964,3.0469,40.9243,5564.8534,4262.4917
600837.SH,Q4 FY2018,237.6501,-50.1556,4.4234,57.7071,5746.2363,4444.3771
600837.SH,Q1 FY2019,99.5373,194.0342,3.1351,40.9917,6120.3258,4770.4563
600837.SH,Q2 FY2019,177.3478,127.6317,4.6006,60.6815,6229.0727,4857.7972
600837.SH,Q3 FY2019,251.4742,150.1094,6.1064,80.7481,6354.4407,4961.4253
600837.SH,Q4 FY2019,344.2864,226.5778,7.8076,105.4066,6367.9363,4956.7489
600837.SH,Q1 FY2020,69.8631,38.8473,1.798,22.8357,6818.1594,5387.7141
600837.SH,Q2 FY2020,177.8766,2.4597,4.2634,59.0146,6815.4722,5353.174
600837.SH,Q3 FY2020,282.5363,-280.5316,6.0613,92.5325,7295.8129,5604.2252
600837.SH,Q4 FY2020,382.1983,122.9406,7.7809,120.3723,6940.7335,5259.4704
600783.SH,Q1 FY2016,35.6024,-15.2138,1.1877,42.4088,52.2543,16.7132
600783.SH,Q2 FY2016,52.6505,-9.1749,7.4931,269.021,55.8356,16.9543
600783.SH,Q3 FY2016,49.7313,-47.658,0.6473,25.8397,58.6246,19.978
600783.SH,Q4 FY2016,47.6894,-37.1748,1.0845,38.5508,56.3287,17.733
600783.SH,Q1 FY2017,43.3273,-75.8994,0.4483,17.9968,58.0555,19.2152
600783.SH,Q2 FY2017,59.7919,-65.0768,4.516,173.5418,57.8615,17.8185
600783.SH,Q3 FY2017,50.2225,-29.5055,1.5117,58.8929,57.9375,18.9242
600783.SH,Q4 FY2017,62.4192,-14.6849,-5.5885,-206.5978,56.09,19.5672
600783.SH,Q1 FY2018,45.6767,-38.3444,0.7711,27.4648,59.9731,22.6362
600783.SH,Q2 FY2018,52.508,-41.0357,5.7548,212.7502,61.5955,22.8572
600783.SH,Q3 FY2018,53.5013,-16.754,-0.5591,-20.7599,61.1364,22.6587
600783.SH,Q4 FY2018,55.192,-35.469,-0.8155,-30.1608,57.3523,19.9659
600783.SH,Q1 FY2019,53.8931,-62.0457,1.5332,57.0145,53.1347,16.1389
600783.SH,Q2 FY2019,57.8904,-41.6161,-0.0939,-2.9698,57.9488,21.5718
600783.SH,Q3 FY2019,44.7915,-11.6547,0.4952,15.6616,60.25,23.9656
600783.SH,Q4 FY2019,65.8991,-26.0538,4.3247,155.8619,57.2472,19.9564
600783.SH,Q1 FY2020,19.2735,-30.9329,-0.8357,-31.3,60.385,23.2837
600783.SH,Q2 FY2020,24.3831,-21.5189,1.7844,64.4317,61.1759,24.5567
600783.SH,Q3 FY2020,32.2231,-1.5973,11.3002,422.7324,64.1112,24.6797
600783.SH,Q4 FY2020,44.9634,-55.0982,-3.1446,-117.6606,63.78,25.6494
600873.SH,Q1 FY2016,26.4319,3.3247,2.626,2.258,174.1658,86.3127
600873.SH,Q2 FY2016,54.2094,13.5346,4.8223,4.1421,173.2605,86.6316
600873.SH,Q3 FY2016,79.2785,23.7025,7.8088,6.795,166.2343,77.1428
600873.SH,Q4 FY2016,110.9277,30.5857,11.9754,10.6717,169.8301,76.8618
600873.SH,Q1 FY2017,27.3911,3.0555,3.6973,3.4873,168.0916,71.6363
600873.SH,Q2 FY2017,56.0579,8.1031,6.965,6.3266,168.6453,78.6752
600873.SH,Q3 FY2017,79.4037,12.6972,7.773,7.1129,176.3753,85.6188
600873.SH,Q4 FY2017,111.3216,15.4411,12.9187,11.9604,171.0192,77.4152
600873.SH,Q1 FY2018,32.0668,3.5066,2.6863,2.5342,177.4041,81.2659
600873.SH,Q2 FY2018,62.877,11.0218,5.3204,4.8138,191.2762,103.2296
600873.SH,Q3 FY2018,93.0029,21.3175,8.1331,7.4367,182.6625,91.7896
600873.SH,Q4 FY2018,126.4805,24.4965,10.9967,10.2007,190.6503,96.9239
600873.SH,Q1 FY2019,33.3835,2.8916,3.6848,3.4626,189.966,92.9156
600873.SH,Q2 FY2019,69.8002,7.8092,7.4332,6.7132,185.9729,95.9567
600873.SH,Q3 FY2019,108.0251,19.4487,9.5027,8.6776,188.5262,97.3434
600873.SH,Q4 FY2019,145.5355,27.9794,10.9305,10.0356,193.177,101.0117
600873.SH,Q1 FY2020,39.7456,1.4883,2.7057,2.4857,187.644,93.5201
600873.SH,Q2 FY2020,81.3712,10.0574,7.1654,6.4651,183.3076,93.1714
600873.SH,Q3 FY2020,120.7599,15.7776,9.1292,8.3519,189.0121,96.8234
600873.SH,Q4 FY2020,170.4951,16.6113,10.8724,10.0543,189.9331,96.7676
600867.SH,Q1 FY2016,4.5138,1.1832,6.3605,1.6087,39.4258,13.027
600867.SH,Q2 FY2016,4.3907,2.5023,5.9537,1.5342,39.4887,14.0272
600867.SH,Q3 FY2016,5.8836,1.9481,5.8994,1.8585,46.2384,8.7383
600867.SH,Q4 FY2016,5.6157,1.624,3.6568,1.3907,46.7501,7.2976
600867.SH,Q1 FY2017,5.6536,2.3279,5.2044,2.0998,47.5915,6.112
600867.SH,Q2 FY2017,6.1621,2.2809,4.876,2.0026,47.5898,6.8787
600867.SH,Q3 FY2017,6.7108,2.7702,5.6612,2.3835,48.5194,4.9604
600867.SH,Q4 FY2017,6.9267,2.2328,4.2345,1.915,47.5272,2.153
600867.SH,Q1 FY2018,7.1933,1.6924,5.8696,2.7319,50.3956,2.2853
600867.SH,Q2 FY2018,7.4403,2.8481,5.5209,2.6233,54.6522,7.3454
600867.SH,Q3 FY2018,5.4543,2.6109,3.1453,1.5062,54.8679,6.0549
600867.SH,Q4 FY2018,6.8414,1.6179,3.1466,1.5279,54.6333,7.2906
600867.SH,Q1 FY2019,7.1428,3.9089,5.6289,2.7339,60.0638,9.9873
600867.SH,Q2 FY2019,7.2038,1.8694,5.2504,2.5727,56.4667,7.8855
600867.SH,Q3 FY2019,6.2254,3.696,3.1654,1.5545,53.4028,3.267
600867.SH,Q4 FY2019,7.1994,2.0474,2.4602,1.2354,53.4991,3.411
600867.SH,Q1 FY2020,7.1855,3.5755,5.4346,2.7708,58.366,6.1774
600867.SH,Q2 FY2020,7.5625,2.4174,5.1331,2.6344,56.7591,5.9719
600867.SH,Q3 FY2020,7.1082,2.4994,4.139,2.1271,54.9756,2.0613
600867.SH,Q4 FY2020,7.0654,3.4307,3.2146,1.7709,58.0326,2.438
600827.SH,Q1 FY2016,141.3895,5.6917,2.6741,5.1538,416.4308,220.9006
600827.SH,Q2 FY2016,109.9581,-5.6782,1.8124,3.4042,421.1038,220.4844
600827.SH,Q3 FY2016,103.7145,10.7208,0.3334,-0.6431,447.4322,246.5402
600827.SH,Q4 FY2016,115.7103,6.1132,0.932,-0.2416,456.096,255.8318
600827.SH,Q1 FY2017,133.7174,3.2825,2.1634,4.6565,450.1403,243.9875
600827.SH,Q2 FY2017,112.643,1.6964,1.6257,3.4534,443.4871,236.9772
600827.SH,Q3 FY2017,104.534,12.6852,0.2812,-0.5958,451.9973,246.7173
600827.SH,Q4 FY2017,120.9168,3.6646,1.0002,1.0624,446.7054,243.504
600827.SH,Q1 FY2018,135.583,9.3932,1.8555,4.724,444.7928,240.3193
600827.SH,Q2 FY2018,112.7782,-2.6355,1.723,3.2521,438.7871,239.0092
600827.SH,Q3 FY2018,109.3468,10.9866,0.6793,0.2084,446.1483,247.9451
600827.SH,Q4 FY2018,126.5591,0.2456,1.0555,0.8825,454.3737,255.8833
600827.SH,Q1 FY2019,142.4134,9.4462,1.9348,4.8012,462.7711,249.6398
600827.SH,Q2 FY2019,118.5718,3.1727,1.588,4.1096,531.3224,317.0877
600827.SH,Q3 FY2019,112.5815,13.3965,0.6084,0.0416,538.6116,324.6595
600827.SH,Q4 FY2019,131.021,0.2246,1.3364,0.1278,556.9277,337.6516
600827.SH,Q1 FY2020,95.7692,5.4931,0.1474,0.3065,506.1684,296.12
600827.SH,Q2 FY2020,83.5198,1.0028,1.3319,3.799,518.8333,306.6019
600827.SH,Q3 FY2020,83.4159,18.6932,0.9684,1.1926,542.8014,328.1212
600827.SH,Q4 FY2020,89.3892,19.2994,1.9848,2.6565,541.4544,326.8027
600875.SH,Q1 FY2016,92.872,0.5543,0.0191,0.1636,860.4595,620.4561
600875.SH,Q2 FY2016,89.3241,30.9069,-1.516,-3.5357,856.6273,621.595
600875.SH,Q3 FY2016,54.201,23.2145,-3.2552,-7.1214,873.8829,646.0098
600875.SH,Q4 FY2016,96.4601,34.9753,-3.3459,-7.1009,847.026,626.1685
600875.SH,Q1 FY2017,55.8598,-8.6291,0.7205,1.7618,837.5619,614.7342
600875.SH,Q2 FY2017,89.9172,-2.828,1.0459,2.4736,814.194,588.9769
600875.SH,Q3 FY2017,63.3563,-7.4959,0.2504,0.527,794.4391,568.8157
600875.SH,Q4 FY2017,99.169,23.4554,1.1152,2.0683,789.2077,561.5279
600875.SH,Q1 FY2018,65.9414,-15.758,0.9725,2.1982,773.3357,542.7811
600875.SH,Q2 FY2018,95.0477,23.1616,1.2165,3.1409,871.9772,586.68
600875.SH,Q3 FY2018,52.3486,23.0211,1.4032,3.9184,877.8352,588.2137
600875.SH,Q4 FY2018,83.9587,-35.9424,0.8113,2.3252,913.2333,606.2942
600875.SH,Q1 FY2019,75.8517,-41.5039,1.23,3.6819,882.3149,571.6698
600875.SH,Q2 FY2019,77.2472,9.0058,1.2979,4.1793,863.6334,552.1908
600875.SH,Q3 FY2019,68.7413,5.7732,1.0489,3.2424,891.1865,576.4831
600875.SH,Q4 FY2019,95.9356,28.7474,0.8245,2.7051,896.1897,578.2053
600875.SH,Q1 FY2020,79.1643,-7.393,1.3347,4.23,882.6989,560.3499
600875.SH,Q2 FY2020,93.0406,17.1135,1.8721,5.9653,927.3637,604.2293
600875.SH,Q3 FY2020,90.7543,14.3387,1.2927,4.0793,960.4741,630.9428
600875.SH,Q4 FY2020,99.4301,-51.5472,1.6998,4.888,977.9514,641.5354
600839.SH,Q1 FY2016,154.0811,3.8964,1.7698,3.3864,548.3124,366.7115
600839.SH,Q2 FY2016,173.6672,14.0598,1.9745,4.2641,561.2547,377.0404
600839.SH,Q3 FY2016,157.2397,4.9763,0.4756,2.0392,577.6149,391.5919
600839.SH,Q4 FY2016,186.7654,23.7725,0.2618,1.9047,598.6297,398.3422
600839.SH,Q1 FY2017,166.2937,-17.7094,0.2605,1.6746,628.7322,425.6861
600839.SH,Q2 FY2017,181.3383,7.0937,0.952,2.7679,645.3724,436.4536
600839.SH,Q3 FY2017,196.844,14.5128,0.0987,0.702,651.219,443.5167
600839.SH,Q4 FY2017,231.8487,10.6644,1.4813,1.4691,654.2269,445.6586
600839.SH,Q1 FY2018,188.4605,-15.7728,0.4723,1.5846,660.9198,448.4577
600839.SH,Q2 FY2018,195.5641,12.5792,0.8272,2.1183,676.4329,461.9181
600839.SH,Q3 FY2018,191.938,14.4334,0.3408,1.1133,720.5131,506.8205
600839.SH,Q4 FY2018,255.4616,33.01,0.9086,1.872,715.0494,500.8132
600839.SH,Q1 FY2019,200.7026,-24.2208,0.3666,1.626,696.6636,480.5095
600839.SH,Q2 FY2019,198.9708,12.4834,0.0239,0.895,730.354,516.0104
600839.SH,Q3 FY2019,222.4227,5.0391,-0.0973,0.7903,728.2998,513.7416
600839.SH,Q4 FY2019,265.8328,22.3534,0.17,0.032,739.8921,528.5364
600839.SH,Q1 FY2020,163.2754,-20.4068,-2.7389,-5.3701,720.9177,514.744
600839.SH,Q2 FY2020,216.9984,0.8267,0.722,2.0315,742.5603,536.9884
600839.SH,Q3 FY2020,263.559,-0.1661,1.0125,2.7009,781.1401,573.1294
600839.SH,Q4 FY2020,300.6488,33.6206,1.3632,2.988,785.8764,573.9111
600863.SH,Q1 FY2016,16.6802,1.4203,0.0363,0.1118,383.0272,245.7352
600863.SH,Q2 FY2016,25.9835,10.0487,3.582,5.7372,390.8337,251.0951
600863.SH,Q3 FY2016,26.6206,7.2565,1.6533,2.9327,395.2745,252.4266
600863.SH,Q4 FY2016,22.574,2.6933,-2.0246,-2.8088,396.9888,261.77
600863.SH,Q1 FY2017,19.5459,0.7507,-1.6244,-2.2743,389.0821,256.5045
600863.SH,Q2 FY2017,29.2411,11.1664,4.078,5.194,391.9965,255.3331
600863.SH,Q3 FY2017,32.795,4.3851,2.1946,3.7993,389.0145,251.1105
600863.SH,Q4 FY2017,36.2438,16.9339,0.2901,1.2709,431.1198,293.3579
600863.SH,Q1 FY2018,27.6589,4.1502,0.0453,0.3203,424.0445,285.9971
600863.SH,Q2 FY2018,35.7828,10.3507,2.7069,4.3501,429.9736,289.236
600863.SH,Q3 FY2018,35.6589,9.7458,2.2677,3.5756,430.1844,284.0424
600863.SH,Q4 FY2018,38.33,8.5923,2.0513,2.7092,429.8473,265.1203
600863.SH,Q1 FY2019,31.4318,6.6753,1.3123,2.2791,434.477,262.5879
600863.SH,Q2 FY2019,36.1302,8.4589,4.1127,6.3332,438.7926,267.214
600863.SH,Q3 FY2019,37.1625,15.3072,1.9694,3.2585,447.2123,274.9418
600863.SH,Q4 FY2019,40.0471,8.3799,0.6845,0.0896,446.3155,271.0348
600863.SH,Q1 FY2020,33.3763,9.2559,0.9089,1.0344,443.2363,267.2865
600863.SH,Q2 FY2020,39.5809,12.7452,3.9793,6.546,437.9385,264.7303
600863.SH,Q3 FY2020,39.7947,11.1926,2.2043,3.4297,438.4601,261.5024
600863.SH,Q4 FY2020,40.8536,5.9348,-1.5855,-3.992,428.8197,246.872
600887.SH,Q1 FY2016,152.2513,9.6643,7.4814,15.5689,399.6432,182.4803
600887.SH,Q2 FY2016,147.004,65.3544,7.9026,16.6521,346.5379,140.789
600887.SH,Q3 FY2016,159.9741,47.9721,5.6073,11.8295,381.4654,163.545
600887.SH,Q4 FY2016,143.8907,5.1824,5.6892,12.6398,392.6227,160.2639
600887.SH,Q1 FY2017,157.1629,-5.2963,7.2407,17.3636,425.6428,176.0301
600887.SH,Q2 FY2017,175.8548,33.5871,6.8567,16.314,443.839,214.815
600887.SH,Q3 FY2017,188.2513,38.8664,6.703,15.7125,471.3239,228.0065
600887.SH,Q4 FY2017,154.2055,2.9058,4.3159,10.638,493.0036,240.6054
600887.SH,Q1 FY2018,195.7565,16.7006,8.0349,21.0624,489.8469,216.7169
600887.SH,Q2 FY2018,200.1287,36.1263,5.2063,13.6242,454.7897,208.0523
600887.SH,Q3 FY2018,212.5776,24.929,6.2897,15.8701,452.7579,187.2345
600887.SH,Q4 FY2018,181.3011,8.4917,5.1232,13.9633,476.062,195.6898
600887.SH,Q1 FY2019,230.7737,13.4999,8.3937,22.8046,524.5788,260.2139
600887.SH,Q2 FY2019,218.8776,24.1515,5.8185,15.1796,522.0246,266.3972
600887.SH,Q3 FY2019,235.5204,24.3778,7.4355,18.5006,531.2918,286.3296
600887.SH,Q4 FY2019,214.9196,22.5257,5.1624,13.0225,604.6127,341.8713
600887.SH,Q1 FY2020,205.4443,-26.5283,4.3143,11.5226,701.5803,431.5657
600887.SH,Q2 FY2020,267.9971,63.7468,9.8889,26.0471,684.3899,426.928
600887.SH,Q3 FY2020,261.6156,41.927,8.4811,22.8673,763.1276,477.6447
600887.SH,Q4 FY2020,230.1827,19.3708,3.5853,10.5524,711.5426,406.2162
600895.SH,Q1 FY2016,8.968,0.4311,3.0196,2.3525,178.4611,98.0486
600895.SH,Q2 FY2016,2.8165,-0.2327,0.7936,0.6262,173.1889,93.5332
600895.SH,Q3 FY2016,3.2686,-1.4081,1.2619,1.0174,178.965,97.1584
600895.SH,Q4 FY2016,5.8235,5.6744,4.2176,3.2751,190.4078,105.6386
600895.SH,Q1 FY2017,2.8993,-1.9065,2.8959,2.3924,191.7903,104.9969
600895.SH,Q2 FY2017,2.0634,0.5906,0.8181,0.6614,189.3979,104.2239
600895.SH,Q3 FY2017,1.9046,0.822,1.0079,0.8248,194.1577,108.1383
600895.SH,Q4 FY2017,5.6633,3.0756,0.869,0.7396,189.8322,103.4815
600895.SH,Q1 FY2018,2.1692,-2.391,2.9433,2.5049,190.908,102.2058
600895.SH,Q2 FY2018,2.2617,0.1281,1.2329,1.0683,197.7988,107.0334
600895.SH,Q3 FY2018,2.3654,0.456,1.1104,0.967,198.7338,107.5984
600895.SH,Q4 FY2018,4.6868,4.9456,0.9804,0.4396,196.6034,107.2366
600895.SH,Q1 FY2019,3.6377,0.0574,1.8384,1.6255,190.0034,98.3715
600895.SH,Q2 FY2019,2.2839,-1.2378,1.2537,1.1153,205.4757,114.088
600895.SH,Q3 FY2019,2.236,4.8401,2.1538,1.9227,218.4563,123.3809
600895.SH,Q4 FY2019,6.6092,-70.9779,1.2051,0.6509,256.1713,125.1562
600895.SH,Q1 FY2020,1.3427,-4.4548,3.0797,2.9176,268.8471,134.5242
600895.SH,Q2 FY2020,2.2235,-3.0433,6.3284,6.2276,280.0094,141.2575
600895.SH,Q3 FY2020,2.4567,-4.7334,0.9079,0.9131,293.3677,154.5837
600895.SH,Q4 FY2020,1.7691,13.8775,7.8031,7.2682,328.1973,183.081
600900.SH,Q1 FY2016,45.5222,31.5841,2.0506,18.8721,1412.2648,483.043
600900.SH,Q2 FY2016,155.1638,107.6984,5.5877,57.9328,3048.6865,1903.9806
600900.SH,Q3 FY2016,171.8218,137.947,7.2641,86.5563,3023.0661,1780.2516
600900.SH,Q4 FY2016,116.8861,112.6687,3.5239,46.0166,2988.9493,1703.6857
600900.SH,Q1 FY2017,78.5492,57.356,2.0878,27.0912,3004.818,1688.7724
600900.SH,Q2 FY2017,114.3541,79.8471,4.2834,53.9581,3015.0949,1803.18
600900.SH,Q3 FY2017,179.4243,139.4452,7.6858,96.5276,3058.8755,1751.1711
600900.SH,Q4 FY2017,129.141,120.2833,3.3944,45.1692,2993.9822,1638.7938
600900.SH,Q1 FY2018,81.4947,60.4229,2.0756,28.3281,2973.8284,1591.3854
600900.SH,Q2 FY2018,110.6046,70.4392,4.2804,56.9342,2996.1386,1710.9001
600900.SH,Q3 FY2018,198.5565,150.0408,7.0797,94.0263,3004.7026,1625.3842
600900.SH,Q4 FY2018,121.4838,116.4637,3.3528,47.1469,2954.9699,1528.1244
600900.SH,Q1 FY2019,86.0756,52.1731,2.0285,29.1709,2958.9956,1501.2298
600900.SH,Q2 FY2019,117.552,86.1069,4.0181,56.5815,2983.1744,1615.83
600900.SH,Q3 FY2019,177.2137,123.9659,6.581,92.6798,2945.7282,1489.0172
600900.SH,Q4 FY2019,117.8996,102.3982,2.5185,37.2422,2964.8288,1464.6691
600900.SH,Q1 FY2020,83.844,55.8585,1.521,22.9401,2966.4794,1444.5436
600900.SH,Q2 FY2020,115.2814,64.8055,3.8246,56.5857,3327.19,1892.3047
600900.SH,Q3 FY2020,229.473,155.5324,8.0374,123.9866,3449.7159,1778.3486
600900.SH,Q4 FY2020,149.2352,134.1722,3.5823,61.5502,3308.271,1525.0549
600959.SH,Q1 FY2016,11.2083,2.0554,1.8312,2.4542,187.4627,57.3495
600959.SH,Q2 FY2016,12.6683,4.4655,1.5795,2.1776,190.539,58.6803
600959.SH,Q3 FY2016,11.9626,4.2294,2.4785,3.332,198.7172,63.5943
600959.SH,Q4 FY2016,18.379,14.5914,1.0903,2.7184,316.602,99.2763
600959.SH,Q1 FY2017,18.6616,3.7553,1.5727,2.9569,319.3744,99.0918
600959.SH,Q2 FY2017,20.2969,13.5911,1.337,2.3529,311.0927,97.2653
600959.SH,Q3 FY2017,19.5105,-2.282,2.3982,4.1003,301.7621,83.5996
600959.SH,Q4 FY2017,22.4821,12.5768,0.6591,1.6234,322.0349,102.2586
600959.SH,Q1 FY2018,18.4828,3.9485,1.0105,2.108,320.5412,98.657
600959.SH,Q2 FY2018,20.6002,4.8682,1.5244,2.8779,322.7378,98.4688
600959.SH,Q3 FY2018,18.1452,4.1635,1.1469,2.2037,318.8199,97.47
600959.SH,Q4 FY2018,21.6215,17.9271,0.3728,0.825,322.3002,100.125
600959.SH,Q1 FY2019,17.8764,2.7382,0.3831,0.8618,320.1085,97.0714
600959.SH,Q2 FY2019,19.2247,4.9877,0.9351,2.273,317.3987,94.4584
600959.SH,Q3 FY2019,17.5114,5.9318,0.6018,1.4035,317.8437,93.6353
600959.SH,Q4 FY2019,21.8901,12.55,-0.3852,-0.7873,325.8262,102.4921
600959.SH,Q1 FY2020,16.419,3.8888,0.0267,0.1185,324.1341,100.6815
600959.SH,Q2 FY2020,18.5786,5.0286,0.7079,1.7259,327.4991,102.5112
600959.SH,Q3 FY2020,18.3545,5.5191,0.7294,1.7839,331.0999,105.8159
600959.SH,Q4 FY2020,20.0946,10.5115,-0.6892,-1.4825,337.1349,113.5028
600886.SH,Q1 FY2016,69.0006,38.0469,4.5633,23.0856,1873.8947,1335.2685
600886.SH,Q2 FY2016,62.385,39.2175,0.9087,9.2383,1928.1663,1430.98
600886.SH,Q3 FY2016,90.014,63.5941,7.0926,35.4009,1988.3628,1444.358
600886.SH,Q4 FY2016,71.3084,49.8069,1.7872,10.8713,2032.9103,1465.7325
600886.SH,Q1 FY2017,76.3074,35.2562,3.1913,18.5338,2047.4809,1461.5538
600886.SH,Q2 FY2017,63.3236,34.1855,1.2089,7.996,2063.4551,1493.4352
600886.SH,Q3 FY2017,102.4208,69.671,5.5235,32.1794,2094.8891,1498.9627
600886.SH,Q4 FY2017,74.401,42.2976,0.9192,6.8857,2082.88,1475.8044
600886.SH,Q1 FY2018,93.9715,41.7188,3.1594,19.7528,2128.3753,1497.316
600886.SH,Q2 FY2018,83.8932,33.7707,1.7863,11.1737,2151.1498,1528.2496
600886.SH,Q3 FY2018,125.0093,68.2606,5.7836,39.0191,2203.1413,1515.2075
600886.SH,Q4 FY2018,107.2396,48.4379,2.0583,13.8229,2207.0824,1505.2513
600886.SH,Q1 FY2019,101.1514,41.9482,2.7435,20.2685,2210.388,1487.1905
600886.SH,Q2 FY2019,94.9433,47.9615,3.1865,20.7627,2229.0157,1534.4421
600886.SH,Q3 FY2019,126.3658,69.0595,5.2611,38.5072,2251.7815,1513.0479
600886.SH,Q4 FY2019,101.874,44.5725,1.0509,7.7723,2247.2151,1503.2733
600886.SH,Q1 FY2020,75.8483,34.5716,3.5947,21.9898,2202.9828,1443.7642
600886.SH,Q2 FY2020,98.855,52.5885,3.805,28.4903,2225.1939,1477.99
600886.SH,Q3 FY2020,122.0567,71.8013,4.9358,40.3032,2218.3733,1425.3966
600886.SH,Q4 FY2020,96.4436,48.4708,0.6654,6.9785,2289.0937,1463.2402
600998.SH,Q1 FY2016,154.4627,-36.16,1.4093,1.3985,367.6924,255.0721
600998.SH,Q2 FY2016,297.8592,-30.6424,3.0936,3.1409,368.8369,256.0969
600998.SH,Q3 FY2016,452.3298,-19.8887,4.5212,4.6802,375.9993,260.411
600998.SH,Q4 FY2016,615.5684,4.3126,8.4984,9.0434,387.2854,267.1818
600998.SH,Q1 FY2017,188.1431,-26.6517,1.5687,1.8766,428.8657,294.3173
600998.SH,Q2 FY2017,362.2844,-36.9364,6.5217,8.0173,446.9646,304.538
600998.SH,Q3 FY2017,544.5886,-50.0661,7.4854,9.6797,475.7111,322.5019
600998.SH,Q4 FY2017,739.4289,-10.1205,9.7741,14.7292,520.4835,325.1079
600998.SH,Q1 FY2018,222.1015,-38.7459,1.2039,2.2481,601.4641,402.1956
600998.SH,Q2 FY2018,424.4899,-48.9479,2.8959,5.5812,575.8874,372.532
600998.SH,Q3 FY2018,637.4602,-42.2594,4.2641,7.782,608.7877,412.5605
600998.SH,Q4 FY2018,871.3636,12.2202,7.2922,13.8147,666.7425,462.9225
600998.SH,Q1 FY2019,246.6304,-32.6351,1.8088,3.1157,649.6215,451.0951
600998.SH,Q2 FY2019,484.2905,-29.9429,4.055,7.6204,670.1789,464.3535
600998.SH,Q3 FY2019,733.7882,-27.1118,5.6086,10.3036,676.9114,472.697
600998.SH,Q4 FY2019,994.9708,27.6787,9.2772,17.8148,711.4777,491.8006
600998.SH,Q1 FY2020,271.7306,-25.5159,3.1158,6.1359,718.1937,502.3026
600998.SH,Q2 FY2020,513.4944,-26.1059,6.6463,16.02,728.5409,500.9785
600998.SH,Q3 FY2020,803.1961,-13.6175,10.7708,25.9501,787.1666,538.0658
600998.SH,Q4 FY2020,1108.5951,34.4388,15.1552,33.8508,808.2384,552.0688
600893.SH,Q1 FY2016,25.7161,-28.7816,-0.6772,-0.9936,470.0968,289.0804
600893.SH,Q2 FY2016,49.6264,-21.6362,1.2605,2.1315,492.4972,312.4535
600893.SH,Q3 FY2016,50.6477,-14.7497,1.4349,2.3435,504.4643,321.8342
600893.SH,Q4 FY2016,96.1827,45.9283,3.8505,5.6786,493.4541,304.6432
600893.SH,Q1 FY2017,27.2615,-4.6279,-0.5706,-0.9299,497.3094,304.5161
600893.SH,Q2 FY2017,51.2835,-27.3602,1.5834,2.5113,517.2523,322.8876
600893.SH,Q3 FY2017,51.4322,-9.609,1.0072,2.1829,632.1024,340.0262
600893.SH,Q4 FY2017,95.5729,51.323,2.3285,5.5891,516.8523,218.3681
600893.SH,Q1 FY2018,27.7521,-16.6237,-0.2239,-0.5018,519.3113,221.2264
600893.SH,Q2 FY2018,55.3726,-8.9426,1.6196,4.2227,532.6441,236.3192
600893.SH,Q3 FY2018,55.3531,-5.6128,1.1188,2.9954,553.2148,253.5195
600893.SH,Q4 FY2018,92.5425,43.2767,1.5734,4.1192,535.0404,229.6463
600893.SH,Q1 FY2019,33.4029,-7.8557,0.0148,0.0959,551.2735,245.9579
600893.SH,Q2 FY2019,54.8348,-19.6434,1.2036,3.3025,587.1807,292.8201
600893.SH,Q3 FY2019,39.699,-20.9955,0.329,1.1352,611.1929,250.766
600893.SH,Q4 FY2019,124.1683,99.4392,2.325,6.5552,631.1502,265.6963
600893.SH,Q1 FY2020,34.5194,-15.4605,0.3001,0.9608,627.3201,260.9121
600893.SH,Q2 FY2020,57.4153,-37.1084,1.1198,3.2818,653.7123,285.5613
600893.SH,Q3 FY2020,62.7412,-39.1032,0.6988,2.3522,679.8592,309.3035
600893.SH,Q4 FY2020,131.6502,127.7582,1.4291,5.066,643.5233,268.5149
600999.SH,Q1 FY2016,24.021,103.0368,2.0931,10.1174,2526.337,2044.918
600999.SH,Q2 FY2016,27.957,42.5925,2.5719,12.2384,2452.6462,1973.7752
600999.SH,Q3 FY2016,33.6625,-112.4925,3.5827,17.4637,2356.3442,1864.2275
600999.SH,Q4 FY2016,31.314,-272.5813,2.6156,14.3514,2430.5843,1831.4339
600999.SH,Q1 FY2017,28.2464,-52.1633,2.1129,13.797,2429.3728,1725.6002
600999.SH,Q2 FY2017,30.346,62.3194,1.6043,11.6799,2428.1715,1661.9138
600999.SH,Q3 FY2017,36.6525,-181.4834,2.0907,16.2854,2577.7122,1793.3219
600999.SH,Q4 FY2017,38.2872,-254.2137,2.0495,16.2848,2856.4356,2063.0985
600999.SH,Q1 FY2018,26.2219,153.9926,1.3707,10.8183,2906.7982,2105.1096
600999.SH,Q2 FY2018,21.6397,15.703,0.9024,7.2265,2980.7843,2196.4544
600999.SH,Q3 FY2018,30.0542,114.6549,1.5995,12.6464,2914.1292,2115.053
600999.SH,Q4 FY2018,35.3003,57.3066,1.6857,13.7714,3049.307,2241.3835
600999.SH,Q1 FY2019,46.4609,228.8243,2.601,21.3182,3288.2889,2459.2114
600999.SH,Q2 FY2019,38.9431,-11.36,1.6669,13.8256,3503.5897,2680.4005
600999.SH,Q3 FY2019,43.5901,-104.5969,1.5947,13.2446,3719.988,2884.9668
600999.SH,Q4 FY2019,58.0895,-12.9819,2.919,24.7444,3817.7189,2966.4404
600999.SH,Q1 FY2020,48.8643,163.7603,2.0846,18.0178,4042.4895,3167.505
600999.SH,Q2 FY2020,66.123,-82.723,2.8685,25.3824,4229.8727,3334.7874
600999.SH,Q3 FY2020,64.0438,-374.7864,2.9955,29.4176,4791.2378,3723.4221
600999.SH,Q4 FY2020,63.7456,195.6956,2.0906,22.2209,4997.2668,3939.0197
601006.SH,Q1 FY2016,111.1271,-3.0264,2.2792,20.4525,1132.5162,205.9581
601006.SH,Q2 FY2016,212.252,3.5342,4.2009,36.4086,1222.8685,347.2548
601006.SH,Q3 FY2016,315.9027,23.3201,5.8252,50.7262,1193.0768,299.8032
601006.SH,Q4 FY2016,446.2488,62.7464,8.0122,70.7755,1234.8313,319.0877
601006.SH,Q1 FY2017,124.5119,30.9736,3.457,31.1553,1277.0564,329.4561
601006.SH,Q2 FY2017,273.5657,76.2598,8.3058,75.5003,1212.8579,258.7861
601006.SH,Q3 FY2017,417.4056,139.986,12.0031,111.3093,1290.6953,300.0551
601006.SH,Q4 FY2017,556.365,174.936,14.1093,130.9839,1276.8651,267.7558
601006.SH,Q1 FY2018,179.7328,29.3439,4.0376,40.8777,1315.2672,265.0706
601006.SH,Q2 FY2018,372.331,45.393,8.1897,81.8018,1269.9372,248.1391
601006.SH,Q3 FY2018,568.6157,107.3593,11.8957,121.1834,1329.2556,268.0752
601006.SH,Q4 FY2018,783.4465,178.8775,14.1276,161.466,1459.4952,314.854
601006.SH,Q1 FY2019,197.4265,34.0603,3.6936,44.0333,1503.3204,315.6054
601006.SH,Q2 FY2019,402.6693,50.4332,7.5177,88.0446,1449.8939,288.3982
601006.SH,Q3 FY2019,598.7252,110.2229,11.0953,132.2064,1479.8157,281.1162
601006.SH,Q4 FY2019,799.1695,150.2254,12.4054,151.7059,1480.4379,258.2069
601006.SH,Q1 FY2020,161.7194,-0.2532,2.233,27.7718,1488.0668,239.3225
601006.SH,Q2 FY2020,334.5556,28.7753,4.9219,61.7356,1476.0037,259.6236
601006.SH,Q3 FY2020,526.787,100.6143,7.7364,98.3952,1493.6641,238.5412
601006.SH,Q4 FY2020,723.2186,125.2858,9.2804,122.9711,1822.0266,523.7633
601009.SH,Q1 FY2016,78.4819,449.0052,3.9996,21.3788,0.9667,0.9124
601009.SH,Q2 FY2016,71.2879,611.0929,4.1399,22.7569,1.0152,0.9604
601009.SH,Q3 FY2016,60.8391,-490.9917,3.4309,20.1966,1.0232,0.9612
601009.SH,Q4 FY2016,55.5977,-77.8343,3.0918,19.1315,1.0639,1.0015
601009.SH,Q1 FY2017,62.3054,-186.9512,3.8999,24.7861,1.1226,1.0582
601009.SH,Q2 FY2017,61.9455,-182.3148,4.1408,26.8176,1.1328,1.0681
601009.SH,Q3 FY2017,61.4203,224.5157,3.5751,23.5581,1.1447,1.078
601009.SH,Q4 FY2017,62.7162,148.6066,3.3496,22.446,1.1412,1.073
601009.SH,Q1 FY2018,66.9978,-124.8954,4.1639,29.147,1.1794,1.1073
601009.SH,Q2 FY2018,67.9595,169.1679,4.3221,31.2278,1.1936,1.1209
601009.SH,Q3 FY2018,66.9576,134.3476,3.5441,26.2382,1.2171,1.1415
601009.SH,Q4 FY2018,72.1407,237.9813,3.2772,25.2642,1.2433,1.1645
601009.SH,Q1 FY2019,86.9138,88.0423,4.164,33.5018,1.3182,1.2356
601009.SH,Q2 FY2019,79.4809,7.4548,4.3572,35.8901,1.3483,1.2657
601009.SH,Q3 FY2019,78.1339,-250.6593,3.6238,30.429,1.3336,1.2481
601009.SH,Q4 FY2019,79.8941,436.7065,2.9934,25.8441,1.3434,1.2555
601009.SH,Q1 FY2020,100.33,406.9008,4.2171,37.8079,1.4821,1.39
601009.SH,Q2 FY2020,77.0511,-274.9694,3.6058,34.9564,1.465,1.3624
601009.SH,Q3 FY2020,73.0707,-84.9006,2.7943,28.9762,1.4951,1.3903
601009.SH,Q4 FY2020,94.203,252.8525,2.862,30.3628,1.5171,1.409
600958.SH,Q1 FY2016,13.81,-45.0902,1.2304,4.7115,1859.3478,1516.5834
600958.SH,Q2 FY2016,15.119,-115.9503,2.5773,8.8522,1925.3385,1590.9603
600958.SH,Q3 FY2016,18.7506,-60.4727,1.6129,5.9871,1967.6458,1558.3404
600958.SH,Q4 FY2016,21.0898,11.6103,1.082,4.7157,2124.1109,1714.7326
600958.SH,Q1 FY2017,21.2889,-97.4404,2.073,8.6972,2037.9045,1623.4765
600958.SH,Q2 FY2017,24.9904,-36.4885,2.226,9.3888,2124.5712,1710.8874
600958.SH,Q3 FY2017,24.3106,-21.0577,2.1165,8.8935,2234.3833,1812.4097
600958.SH,Q4 FY2017,34.7252,9.3757,1.9535,9.0506,2318.5999,1783.5851
600958.SH,Q1 FY2018,19.4434,-78.2894,0.8278,4.5268,2250.885,1721.7024
600958.SH,Q2 FY2018,23.33,-6.4222,0.5395,3.0679,2209.732,1692.3046
600958.SH,Q3 FY2018,22.8836,162.5403,0.3669,1.9239,2270.0066,1750.1376
600958.SH,Q4 FY2018,37.378,-20.6319,0.6342,3.2866,2268.6967,1745.9722
600958.SH,Q1 FY2019,40.6766,65.2053,2.4109,12.7769,2422.8782,1882.0556
600958.SH,Q2 FY2019,40.1125,13.4662,-0.1128,-0.2375,2472.2513,1944.9483
600958.SH,Q3 FY2019,55.2858,44.1886,1.0039,5.3162,2554.7492,2021.6112
600958.SH,Q4 FY2019,54.4462,-19.0097,1.2938,6.9318,2629.7144,2089.598
600958.SH,Q1 FY2020,38.2732,34.3757,1.4932,8.0813,2783.5329,2233.7492
600958.SH,Q2 FY2020,57.9798,81.434,1.3034,7.1674,2707.579,2162.6968
600958.SH,Q3 FY2020,64.262,36.2492,2.6536,15.243,2936.8919,2331.9255
600958.SH,Q4 FY2020,70.8246,129.8975,-0.5434,-3.274,2911.1744,2308.863
601088.SH,Q1 FY2016,394.02,152.25,1.5602,65.64,5562.39,1908.79
601088.SH,Q2 FY2016,393.21,229.82,1.7536,71.13,5600.03,1931.53
601088.SH,Q3 FY2016,460.8,239.67,2.4786,98.29,5660.18,1918.21
601088.SH,Q4 FY2016,583.24,197.09,1.7488,60.3,5716.64,1917.6
601088.SH,Q1 FY2017,610.62,249.83,3.8356,142.43,5915.1,1950.88
601088.SH,Q2 FY2017,594.56,226.54,3.9895,143.25,6079.66,2549.02
601088.SH,Q3 FY2017,620.17,361.77,3.9615,138.76,5600.34,1928.25
601088.SH,Q4 FY2017,662.11,113.38,3.1624,116.06,5671.24,1924.97
601088.SH,Q1 FY2018,629.79,118.1,3.7822,141.62,5736.55,1841.31
601088.SH,Q2 FY2018,644.01,201.27,3.6487,138.54,5923.12,2059.23
601088.SH,Q3 FY2018,667.04,358.85,3.9108,151.99,5998.31,1982.82
601088.SH,Q4 FY2018,700.17,204.26,2.6481,108.26,5872.39,1827.89
601088.SH,Q1 FY2019,570.11,309.64,3.7659,148.29,5523.26,1477.24
601088.SH,Q2 FY2019,593.54,100.79,3.4507,140.41,5631.49,1615.5
601088.SH,Q3 FY2019,614.84,157.14,3.7681,150.23,5608.58,1461.19
601088.SH,Q4 FY2019,640.22,63.49,1.7635,76.47,5584.84,1428.65
601088.SH,Q1 FY2020,510.77,299.84,2.7474,117.5,5801.46,1528.01
601088.SH,Q2 FY2020,539.39,237.36,3.0592,130.63,5758.91,1610.19
601088.SH,Q3 FY2020,610.87,178.2,3.6576,153.12,5617.34,1377.91
601088.SH,Q4 FY2020,671.6,97.49,1.5613,71.4,5584.47,1333.17
601098.SH,Q1 FY2016,18.8741,-5.1416,2.8353,3.4127,165.7476,42.1697
601098.SH,Q2 FY2016,28.5751,9.5676,4.3406,5.3229,170.8402,47.4588
601098.SH,Q3 FY2016,21.9893,2.0977,2.8217,3.4394,178.7848,52.2006
601098.SH,Q4 FY2016,41.6067,15.1231,5.0546,6.8304,186.1875,53.1857
601098.SH,Q1 FY2017,21.3506,-0.4713,2.7304,3.6834,189.6537,52.9369
601098.SH,Q2 FY2017,28.0073,10.505,4.1194,5.4822,190.9359,58.4908
601098.SH,Q3 FY2017,20.2146,1.0522,2.2965,3.1642,194.0033,58.4432
601098.SH,Q4 FY2017,34.0285,8.6196,2.5529,3.8011,196.738,57.4234
601098.SH,Q1 FY2018,16.3739,-9.6986,1.9577,2.8821,196.0749,53.9075
601098.SH,Q2 FY2018,25.2368,8.9874,2.8178,3.9881,200.7164,65.3088
601098.SH,Q3 FY2018,19.4805,0.4039,1.7986,2.6865,200.3509,62.2567
601098.SH,Q4 FY2018,34.6646,12.9932,2.7718,4.1529,202.6005,60.8581
601098.SH,Q1 FY2019,18.3984,-14.0527,2.1891,3.2,200.2653,55.2895
601098.SH,Q2 FY2019,25.2511,16.9203,2.7627,4.0162,200.9307,62.8774
601098.SH,Q3 FY2019,20.0916,7.8299,1.8917,2.6969,212.8214,72.5168
601098.SH,Q4 FY2019,38.8675,20.1628,2.65,4.1602,218.0586,73.54
601098.SH,Q1 FY2020,15.3557,-12.5517,1.4673,2.1639,216.7038,70.0213
601098.SH,Q2 FY2020,25.9511,11.6262,3.2168,4.5238,223.4429,83.6676
601098.SH,Q3 FY2020,22.5494,3.3922,2.7888,3.9373,233.7506,90.038
601098.SH,Q4 FY2020,40.8739,6.7098,3.0949,4.8359,231.4192,83.357
601018.SH,Q1 FY2016,47.2643,3.247,2.0255,7.1527,478.2905,130.9317
601018.SH,Q2 FY2016,83.8332,20.1559,3.6695,12.7356,493.3007,151.6531
601018.SH,Q3 FY2016,125.3366,25.3535,5.6587,20.4494,585.5678,218.9085
601018.SH,Q4 FY2016,163.2533,47.2773,6.8875,24.894,581.4792,214.9433
601018.SH,Q1 FY2017,38.1772,-8.675,1.9513,7.2974,590.8688,216.6937
601018.SH,Q2 FY2017,80.0753,3.5767,3.951,14.8437,607.7632,232.72
601018.SH,Q3 FY2017,130.0244,18.1001,6.5567,25.0107,617.3828,223.5218
601018.SH,Q4 FY2017,181.8292,28.3386,7.544,28.5753,622.0587,227.0865
601018.SH,Q1 FY2018,50.8688,14.8388,2.037,8.2333,630.4892,227.0155
601018.SH,Q2 FY2018,108.6351,59.2847,4.2614,17.3711,676.6812,274.2913
601018.SH,Q3 FY2018,164.1898,77.9506,6.5002,26.7758,707.1014,290.9261
601018.SH,Q4 FY2018,218.7961,100.6011,7.7201,32.0659,736.2231,316.0856
601018.SH,Q1 FY2019,54.3594,-17.5177,1.9835,8.8162,721.9571,292.7228
601018.SH,Q2 FY2019,111.8613,-5.1045,5.3258,22.7723,716.4221,288.0645
601018.SH,Q3 FY2019,172.0233,-3.7161,7.4884,32.6639,724.6375,287.4201
601018.SH,Q4 FY2019,243.2202,2.8366,8.6506,38.0006,717.7899,273.4716
601018.SH,Q1 FY2020,38.7038,45.7328,1.3991,6.5595,753.4955,302.7754
601018.SH,Q2 FY2020,83.2511,50.1382,3.9815,18.0764,741.8101,295.4573
601018.SH,Q3 FY2020,129.8936,39.1828,5.8537,30.115,830.7786,276.3153
601018.SH,Q4 FY2020,212.6777,62.6525,7.4361,37.8913,854.19,300.4213
601021.SH,Q1 FY2016,20.8873,0.7336,5.4541,3.6668,164.8571,95.7925
601021.SH,Q2 FY2016,39.5342,4.4801,10.8433,7.4015,193.7011,122.5818
601021.SH,Q3 FY2016,65.582,17.2071,16.613,11.6965,196.4033,120.989
601021.SH,Q4 FY2016,84.294,20.3974,13.7128,9.5052,196.4656,123.2307
601021.SH,Q1 FY2017,25.7111,-0.1538,4.0569,3.0326,190.2102,113.9427
601021.SH,Q2 FY2017,50.6524,7.2783,7.3506,5.5397,197.3826,119.8889
601021.SH,Q3 FY2017,84.2321,17.7357,15.1257,11.8788,205.2273,121.3945
601021.SH,Q4 FY2017,109.7059,23.0169,15.9821,12.6158,206.0242,121.3852
601021.SH,Q1 FY2018,32.3021,5.4603,3.711,3.855,245.3551,122.2316
601021.SH,Q2 FY2018,63.3211,14.4202,6.9392,7.2674,243.5494,118.7281
601021.SH,Q3 FY2018,101.7925,25.4356,13.0107,14.1229,261.0737,128.6169
601021.SH,Q4 FY2018,131.1404,28.9579,13.7947,15.0284,265.7539,132.5072
601021.SH,Q1 FY2019,36.3963,6.1324,3.4732,4.7453,273.748,133.7429
601021.SH,Q2 FY2019,71.4916,16.0414,6.2263,8.5377,278.4734,137.3244
601021.SH,Q3 FY2019,115.6438,31.9922,12.1966,17.1749,293.9122,145.274
601021.SH,Q4 FY2019,148.0352,34.3631,12.9816,18.3819,293.6674,143.254
601021.SH,Q1 FY2020,23.84,-8.9278,-1.5319,-2.2829,300.4376,154.0231
601021.SH,Q2 FY2020,40.4533,-8.6557,-2.7879,-4.1022,314.8635,172.1019
601021.SH,Q3 FY2020,68.2725,2.0756,-1.0072,-1.5128,325.861,179.8459
601021.SH,Q4 FY2020,93.7292,8.2576,-4.0275,-5.9118,324.3008,182.4921
601016.SH,Q1 FY2016,3.7946,2.6859,1.1295,0.9744,172.8431,102.8444
601016.SH,Q2 FY2016,3.9894,2.7424,1.2459,0.9877,171.3351,101.3346
601016.SH,Q3 FY2016,2.6914,2.9616,-0.2531,-0.0954,175.8885,106.0603
601016.SH,Q4 FY2016,3.6765,2.9946,0.8646,0.8268,179.4229,108.7118
601016.SH,Q1 FY2017,4.3168,2.0964,1.5627,1.1749,184.28,113.059
601016.SH,Q2 FY2017,4.9756,2.9568,2.0158,1.4678,188.9448,116.8606
601016.SH,Q3 FY2017,4.0303,2.4241,0.8296,0.6137,200.2779,127.5063
601016.SH,Q4 FY2017,5.3918,4.5557,1.7334,1.3594,199.5238,125.5569
601016.SH,Q1 FY2018,6.1058,2.3213,2.9016,2.2498,204.522,128.6636
601016.SH,Q2 FY2018,6.0262,2.5367,2.0734,1.6199,206.9413,131.8127
601016.SH,Q3 FY2018,5.8374,4.7932,1.8278,1.4844,214.239,137.566
601016.SH,Q4 FY2018,5.7913,5.4028,0.7429,0.6166,214.8431,137.8692
601016.SH,Q1 FY2019,5.5152,2.2658,1.6182,1.3196,213.9071,135.8656
601016.SH,Q2 FY2019,6.7521,2.4426,2.7739,2.1739,216.2751,138.6416
601016.SH,Q3 FY2019,5.6824,4.9363,1.6196,1.2861,226.7096,147.875
601016.SH,Q4 FY2019,6.924,6.0953,2.1983,1.7023,235.0971,154.238
601016.SH,Q1 FY2020,6.2048,3.0463,1.8532,1.5314,249.8959,168.4177
601016.SH,Q2 FY2020,7.356,2.6969,3.144,2.4978,276.4566,194.2704
601016.SH,Q3 FY2020,6.5389,3.7018,1.9116,1.7377,322.9573,218.4596
601016.SH,Q4 FY2020,6.5724,4.5268,0.8395,0.8848,330.843,225.1984
601099.SH,Q1 FY2016,1.8559,-20.0728,0.0795,5.6094,391.9072,273.6199
601099.SH,Q2 FY2016,4.0838,-6.7278,1.224,138.1927,364.1903,244.6093
601099.SH,Q3 FY2016,4.2613,-15.0493,1.2342,140.098,396.2683,274.0637
601099.SH,Q4 FY2016,7.8387,1.5947,3.2334,382.2317,403.647,277.7044
601099.SH,Q1 FY2017,1.5928,27.9174,-0.8038,-96.7702,413.43,287.5787
601099.SH,Q2 FY2017,2.1426,-14.1306,-0.2459,-15.8352,394.9015,276.2283
601099.SH,Q3 FY2017,5.1301,-12.0321,1.8127,210.4876,433.9441,313.0403
601099.SH,Q4 FY2017,4.1034,4.2558,0.25,27.9838,470.4249,349.625
601099.SH,Q1 FY2018,3.3854,-1.8006,0.0446,5.8971,479.1726,357.774
601099.SH,Q2 FY2018,1.5212,37.1681,-0.9476,-110.7765,411.3118,292.4354
601099.SH,Q3 FY2018,1.5417,3.7457,-0.6287,-70.475,394.2557,278.4206
601099.SH,Q4 FY2018,-2.5231,-14.3495,-10.6312,-1150.1022,423.97,317.9366
601099.SH,Q1 FY2019,7.0945,20.0981,3.4529,352.5056,425.5281,320.3327
601099.SH,Q2 FY2019,3.6132,9.2397,0.0309,10.6609,349.3662,244.3291
601099.SH,Q3 FY2019,3.3529,9.2255,0.4181,69.0973,333.938,228.3653
601099.SH,Q4 FY2019,3.7091,8.4293,0.6048,41.5536,307.2772,202.8425
601099.SH,Q1 FY2020,3.2855,10.7346,0.9463,88.7413,319.3481,214.0878
601099.SH,Q2 FY2020,1.6655,22.4631,-0.4356,-49.439,322.0358,217.089
601099.SH,Q3 FY2020,3.0326,2.7213,0.443,56.4512,250.0728,144.8656
601099.SH,Q4 FY2020,3.7322,4.59,-8.5675,-851.5092,226.5854,130.0012
601106.SH,Q1 FY2016,5.2221,-15.1539,-2.1649,-324.6831,376.1622,228.5535
601106.SH,Q2 FY2016,15.0425,-17.1326,-4.6588,-696.5057,363.6748,219.7687
601106.SH,Q3 FY2016,23.7784,-15.8064,-14.0248,-1975.2083,350.1606,219.0572
601106.SH,Q4 FY2016,32.044,5.0034,-47.5727,-5790.0173,304.1695,211.2742
601106.SH,Q1 FY2017,15.9595,-0.3683,0.0648,1.5742,308.7359,215.8094
601106.SH,Q2 FY2017,39.8632,9.9563,0.2127,12.1622,330.5996,237.5464
601106.SH,Q3 FY2017,66.0079,8.1254,0.4493,29.7783,333.6356,240.4149
601106.SH,Q4 FY2017,102.5183,9.8343,0.8404,75.5524,333.7952,224.6389
601106.SH,Q1 FY2018,27.9699,-0.2866,0.2488,22.831,343.2501,233.8189
601106.SH,Q2 FY2018,53.9826,-6.2713,0.4241,36.9986,345.409,235.8649
601106.SH,Q3 FY2018,67.6393,-3.7194,0.9454,49.3745,344.0689,234.3693
601106.SH,Q4 FY2018,105.1138,6.8444,1.1831,66.01,340.4733,230.0467
601106.SH,Q1 FY2019,24.8031,-4.3583,0.2177,23.2429,354.9028,244.2268
601106.SH,Q2 FY2019,55.5569,-6.5858,0.4339,47.6642,363.5708,252.6019
601106.SH,Q3 FY2019,86.6371,-3.8168,0.4731,50.9311,352.4165,241.4121
601106.SH,Q4 FY2019,131.6505,19.1827,1.1718,128.3744,330.9302,219.3189
601106.SH,Q1 FY2020,31.8299,-5.8403,0.3059,34.0449,347.7669,235.8038
601106.SH,Q2 FY2020,85.9463,-18.1871,0.4719,53.0969,362.0618,249.9068
601106.SH,Q3 FY2020,133.1097,-17.1864,0.5047,56.8573,373.1836,260.9765
601106.SH,Q4 FY2020,199.0274,6.9049,1.1764,131.4985,328.7255,216.1838
601118.SH,Q1 FY2016,11.6487,2.2702,-1.095,-0.8726,131.12,50.7877
601118.SH,Q2 FY2016,25.7826,6.0487,-1.6534,-1.2922,132.0372,53.0644
601118.SH,Q3 FY2016,21.9019,-8.078,-0.7842,-0.5817,132.3052,54.0156
601118.SH,Q4 FY2016,29.4319,5.123,4.2982,3.3885,136.9414,55.0356
601118.SH,Q1 FY2017,15.0484,-5.197,0.1749,0.1374,140.0278,57.9818
601118.SH,Q2 FY2017,39.5423,1.5062,-1.7283,-1.4806,134.4502,53.6762
601118.SH,Q3 FY2017,33.1816,0.8624,1.7317,1.4049,134.3077,52.1615
601118.SH,Q4 FY2017,20.411,2.058,-3.571,-2.8241,131.5784,54.4391
601118.SH,Q1 FY2018,10.9314,-2.0702,-2.9986,-2.5098,145.5302,50.5518
601118.SH,Q2 FY2018,11.2407,-4.5529,-1.4283,-1.312,144.1678,50.4646
601118.SH,Q3 FY2018,21.3154,8.6957,8.7018,8.3286,158.1614,56.116
601118.SH,Q4 FY2018,24.0577,3.4812,-2.2657,-2.2919,147.2237,49.534
601118.SH,Q1 FY2019,15.7563,2.6102,0.1749,0.1511,141.2118,40.8579
601118.SH,Q2 FY2019,43.6066,-1.1623,0.6589,0.5995,154.9402,55.2388
601118.SH,Q3 FY2019,30.9287,0.5292,0.1119,0.0851,159.3095,58.75
601118.SH,Q4 FY2019,47.1845,7.2671,0.4487,0.3246,166.8652,68.7619
601118.SH,Q1 FY2020,28.6879,-7.8085,-1.6336,-1.5944,168.5681,69.6557
601118.SH,Q2 FY2020,30.2112,2.1,-0.497,-0.4596,175.2567,76.696
601118.SH,Q3 FY2020,41.067,-4.0295,1.1891,1.1411,182.9831,83.2027
601118.SH,Q4 FY2020,55.355,14.4334,1.6758,1.5729,177.2793,78.3827
601166.SH,Q1 FY2016,409.17,-797.41,4.8797,158.01,5.4708,5.1371
601166.SH,Q2 FY2016,399.53,1075.43,4.1752,138.09,5.7097,5.3774
601166.SH,Q3 FY2016,377.88,-134.38,4.3253,146.41,5.8169,5.4689
601166.SH,Q4 FY2016,384.02,1886.53,2.8434,100.76,6.0859,5.7315
601166.SH,Q1 FY2017,345.46,-467.49,4.5382,169.24,6.2292,5.8324
601166.SH,Q2 FY2017,335.61,47.06,3.7682,149.15,6.3847,5.9861
601166.SH,Q3 FY2017,349.33,-1203.51,3.8803,156.54,6.407,5.993
601166.SH,Q4 FY2017,369.35,-2.48,2.4358,102.42,6.4168,5.9941
601166.SH,Q1 FY2018,353.32,-2099.43,4.1401,177.2,6.437,5.995
601166.SH,Q2 FY2018,380.53,506.91,3.6737,161.18,6.5632,6.1222
601166.SH,Q3 FY2018,412.34,-2165.97,3.8093,171.31,6.5432,6.0824
601166.SH,Q4 FY2018,436.68,197.5,2.1772,102.76,6.7117,6.2391
601166.SH,Q1 FY2019,476.19,-3480.59,4.1465,197.86,6.6977,6.2098
601166.SH,Q2 FY2019,422.88,-141.52,3.269,163.23,6.9896,6.4715
601166.SH,Q3 FY2019,466.99,-1772.89,3.6569,192.58,6.9821,6.4434
601166.SH,Q4 FY2019,447.02,-485.09,2.0445,113.35,7.1457,6.596
601166.SH,Q1 FY2020,502.58,748.01,3.7999,211.51,7.4121,6.8405
601166.SH,Q2 FY2020,497.59,-1038,2.0786,118.19,7.5434,6.9813
601166.SH,Q3 FY2020,517.66,-570.69,3.4382,195.84,7.6195,7.0424
601166.SH,Q4 FY2020,513.54,518.4,2.4919,151.27,7.894,7.2692
601169.SH,Q1 FY2016,127.02,-1249.6,4.4278,52.94,1.9051,1.7831
601169.SH,Q2 FY2016,119.53,315.11,4.3559,53.8,1.9714,1.8461
601169.SH,Q3 FY2016,116.41,543.39,3.2698,43.62,2.0428,1.8999
601169.SH,Q4 FY2016,111.6,338.17,2.0087,28.87,2.1163,1.9726
601169.SH,Q1 FY2017,136.06,-205.25,3.7678,54.81,2.1745,2.0259
601169.SH,Q2 FY2017,128.92,276.87,3.8214,56.74,2.2392,2.0894
601169.SH,Q3 FY2017,123.16,11.47,2.9556,44.71,2.2752,2.1212
601169.SH,Q4 FY2017,115.39,42.36,1.9668,32.56,2.3298,2.1531
601169.SH,Q1 FY2018,137.16,-278.62,3.2468,58.11,2.393,2.2096
601169.SH,Q2 FY2018,136.5,512.76,3.3385,60.8,2.4856,2.3017
601169.SH,Q3 FY2018,137.51,-266.58,2.5831,48,2.5327,2.343
601169.SH,Q4 FY2018,143.71,404.11,1.7766,34.46,2.5729,2.3787
601169.SH,Q1 FY2019,169.78,221.12,3.2474,63.74,2.6375,2.4381
601169.SH,Q2 FY2019,157.64,422.94,3.3056,65.65,2.6705,2.471
601169.SH,Q3 FY2019,153.78,-395.12,2.5998,52.72,2.6803,2.4749
601169.SH,Q4 FY2019,150.09,-46.98,1.6345,33.8,2.737,2.5281
601169.SH,Q1 FY2020,178.43,-318.52,3.1595,67.24,2.7883,2.5715
601169.SH,Q2 FY2020,153.42,567.4,2.2745,48.74,2.8836,2.6705
601169.SH,Q3 FY2020,150.35,-362.64,2.3792,51.04,2.8686,2.653
601169.SH,Q4 FY2020,160.79,303.53,2.2692,49.44,2.9,2.6789
601111.SH,Q1 FY2016,263.8881,68.1919,3.9936,28.8235,2192.2127,1498.4976
601111.SH,Q2 FY2016,271.3565,59.1205,1.6315,9.0136,2254.4836,1552.5816
601111.SH,Q3 FY2016,319.2319,112.77,5.7857,43.0437,2291.6229,1545.0739
601111.SH,Q4 FY2016,285.1634,67.1612,-0.607,-3.2454,2241.2819,1476.5455
601111.SH,Q1 FY2017,289.6898,24.7255,1.9517,18.0899,2333.523,1440.2621
601111.SH,Q2 FY2017,291.8601,81.3515,2.2892,20.9748,2291.1375,1399.8007
601111.SH,Q3 FY2017,348.408,82.5295,5.9401,56.8518,2390.7368,1447.2772
601111.SH,Q4 FY2017,283.6711,75.2865,-1.209,-9.5421,2357.1782,1407.8599
601111.SH,Q1 FY2018,316.0675,72.3763,3.0144,31.7772,2346.2092,1370.2802
601111.SH,Q2 FY2018,326.3557,59.5729,0.9454,7.1914,2455.0263,1468.7419
601111.SH,Q3 FY2018,386.3777,114.1989,3.7818,37.2879,2525.7933,1492.9075
601111.SH,Q4 FY2018,338.9431,68.0408,0.4263,5.7488,2437.1601,1431.5907
601111.SH,Q1 FY2019,325.5402,59.3539,2.9742,32.3719,2811.7812,1839.8419
601111.SH,Q2 FY2019,327.5907,98.6809,0.4641,2.5841,2855.0857,1884.8656
601111.SH,Q3 FY2019,377.6409,143.0001,3.9481,41.0721,2890.0762,1872.9807
601111.SH,Q4 FY2019,331.0352,82.3669,-0.3774,-3.5076,2942.5355,1928.7691
601111.SH,Q1 FY2020,172.5576,-87.1679,-5.2624,-56.1641,2935.2419,1973.5557
601111.SH,Q2 FY2020,123.9001,10.8308,-5.3928,-52.4532,2936.3647,2045.0162
601111.SH,Q3 FY2020,188.0828,58.4915,-0.8171,-6.0008,2908.4591,2031.6324
601111.SH,Q4 FY2020,210.497,31.9274,-5.408,-43.604,2840.7071,2002.5658
601186.SH,Q1 FY2016,1186.78,-108.6019,2.2709,26.868,6960.435,5639.4749
601186.SH,Q2 FY2016,1480.492,-28.7961,2.7327,35.1239,7314.782,5901.0877
601186.SH,Q3 FY2016,1571.5793,41.9913,2.6483,35.0236,7503.0695,6049.1082
601186.SH,Q4 FY2016,2054.4197,466.7824,3.7883,51.4928,7593.4503,6106.2905
601186.SH,Q1 FY2017,1230.6502,-195.7244,2.171,29.985,7747.6546,6234.3053
601186.SH,Q2 FY2017,1658.9589,-58.8442,2.7065,39.2114,8055.631,6521.1481
601186.SH,Q3 FY2017,1714.2363,56.1363,2.9159,42.0347,8296.4333,6705.3281
601186.SH,Q4 FY2017,2205.9659,452.4741,3.8278,57.9608,8218.8746,6432.3861
601186.SH,Q1 FY2018,1316.4873,-406.6357,2.2461,36.179,8250.5025,6394.6182
601186.SH,Q2 FY2018,1773.322,-52.2457,2.9098,52.7599,8646.5852,6723.6232
601186.SH,Q3 FY2018,1808.8969,-17.5011,2.8583,52.6031,8994.4259,6990.8172
601186.SH,Q4 FY2018,2402.5243,530.8611,3.1636,56.8421,9176.7058,7103.3573
601186.SH,Q1 FY2019,1570.8929,-396.305,2.259,43.6699,9405.2348,7303.9118
601186.SH,Q2 FY2019,1958.4559,71.5859,3.1134,59.4947,9997.48,7842.29
601186.SH,Q3 FY2019,2084.22,125.3031,3.0336,60.6713,10284.2553,8065.76
601186.SH,Q4 FY2019,2690.9528,599.4744,2.7993,62.401,10812.3921,8192.1764
601186.SH,Q1 FY2020,1451.0265,-423.9883,1.4078,35.3458,10954.397,8315.498
601186.SH,Q2 FY2020,2256.8679,-56.7968,2.9726,73.5244,11451.6327,8772.1829
601186.SH,Q3 FY2020,2532.1844,168.7147,2.5412,64.9982,11977.8829,9216.1213
601186.SH,Q4 FY2020,2863.1689,713.1629,3.1492,83.2184,12427.928,9291.5371
601158.SH,Q1 FY2016,9.7004,3.8697,2.2148,3.048,198.2125,59.1468
601158.SH,Q2 FY2016,11.8408,5.5941,3.3519,4.5319,191.4056,59.986
601158.SH,Q3 FY2016,13.3659,6.8447,3.7515,5.0118,200.3006,63.7679
601158.SH,Q4 FY2016,9.6295,4.9832,-1.4044,-1.901,202.3712,67.7294
601158.SH,Q1 FY2017,8.7698,2.7635,4.0781,5.5949,200.0823,59.4809
601158.SH,Q2 FY2017,11.3299,4.6277,3.4256,4.6587,190.0106,58.023
601158.SH,Q3 FY2017,11.0268,6.463,3.5454,4.7438,195.1022,58.4767
601158.SH,Q4 FY2017,13.5891,6.118,4.089,5.681,201.2098,58.9882
601158.SH,Q1 FY2018,9.7634,3.584,2.2235,3.1972,187.1615,41.7435
601158.SH,Q2 FY2018,13.1045,4.4922,3.4084,4.7792,177.9109,42.1865
601158.SH,Q3 FY2018,13.2677,7.9927,4.3077,5.9555,186.5039,44.8113
601158.SH,Q4 FY2018,15.5748,7.5934,0.2106,-0.0161,199.6588,58.0148
601158.SH,Q1 FY2019,11.0531,4.6669,2.3278,3.3863,205.8121,56.0823
601158.SH,Q2 FY2019,14.5263,5.4752,3.4716,5.0432,203.2218,61.8607
601158.SH,Q3 FY2019,15.3497,6.7802,4.151,5.9931,215.9681,68.2576
601158.SH,Q4 FY2019,15.4564,5.4969,1.4927,2.237,217.1285,65.417
601158.SH,Q1 FY2020,11.3562,4.2014,1.7655,2.6892,232.3975,79.4049
601158.SH,Q2 FY2020,14.5918,5.5614,3.5141,5.2385,226.1913,80.6853
601158.SH,Q3 FY2020,18.3941,7.784,4.7967,7.1607,238.5272,85.5399
601158.SH,Q4 FY2020,19.1538,5.4663,1.7393,2.6788,245.3429,89.4333
601117.SH,Q1 FY2016,110.5084,-9.8604,1.4522,3.8328,828.5355,546.2061
601117.SH,Q2 FY2016,137.7138,-1.2383,1.7383,4.5506,813.3508,530.8555
601117.SH,Q3 FY2016,116.9281,19.7322,2.2313,6.1953,830.5859,541.8544
601117.SH,Q4 FY2016,165.6072,19.6964,1.2002,3.1737,838.8417,546.9059
601117.SH,Q1 FY2017,105.1456,-18.2648,1.1233,3.9123,842.8946,547.1702
601117.SH,Q2 FY2017,144.2954,4.0319,1.9347,5.4579,849.2725,553.4198
601117.SH,Q3 FY2017,134.0129,5.1537,1.5888,5.0641,852.9752,548.1875
601117.SH,Q4 FY2017,202.2604,37.9368,0.9359,1.5271,874.8133,569.2311
601117.SH,Q1 FY2018,149.1858,-4.7178,1.4016,4.629,870.2643,561.7004
601117.SH,Q2 FY2018,190.896,37.6717,2.37,7.1697,936.5764,625.4256
601117.SH,Q3 FY2018,196.1384,-17.7596,1.8488,6.1525,961.2189,643.7682
601117.SH,Q4 FY2018,278.2345,33.8978,0.9807,2.8493,970.2267,620.0418
601117.SH,Q1 FY2019,177.1947,-30.4628,1.8783,6.7137,994.2732,637.4857
601117.SH,Q2 FY2019,207.9768,14.9197,2.9147,10.33,1024.295,665.3128
601117.SH,Q3 FY2019,244.1235,32.1628,2.4651,8.9483,1083.4803,715.2136
601117.SH,Q4 FY2019,406.9233,30.6175,1.7644,6.8807,1158.6539,782.7357
601117.SH,Q1 FY2020,133.6749,-59.3654,1.497,5.1341,1125.4172,744.5918
601117.SH,Q2 FY2020,231.5833,17.4854,2.5695,9.074,1174.1798,794.4811
601117.SH,Q3 FY2020,295.0953,52.496,3.6663,13.3767,1265.2982,873.8827
601117.SH,Q4 FY2020,434.2115,72.6719,2.3729,10.8368,1360.0815,952.8416
601211.SH,Q1 FY2016,80.6274,-4.9692,2.4775,33.5298,4333.1413,3296.8202
601211.SH,Q2 FY2016,56.447,-121.7259,2.7751,28.3754,4158.8926,3130.4851
601211.SH,Q3 FY2016,63.0034,-424.7381,2.7394,28.426,3860.2806,2777.1429
601211.SH,Q4 FY2016,57.5688,-36.7258,2.2231,23.1985,4117.4904,3009.9732
601211.SH,Q1 FY2017,55.8659,-234.6687,2.5729,27.719,3907.3214,2804.5914
601211.SH,Q2 FY2017,55.175,10.7448,2.0285,23.2017,4047.263,2769.6125
601211.SH,Q3 FY2017,55.1074,-222.0738,1.9181,24.601,4155.5677,2839.7713
601211.SH,Q4 FY2017,71.8929,-191.9447,2.3345,29.3073,4316.4819,2979.5296
601211.SH,Q1 FY2018,62.4453,330.1221,1.8191,24.4893,4542.6239,3174.9127
601211.SH,Q2 FY2018,52.1601,48.3575,1.4157,17.68,4404.554,3080.6487
601211.SH,Q3 FY2018,53.2691,48.8765,1.2249,15.3348,4295.6807,2956.9128
601211.SH,Q4 FY2018,59.3138,308.3604,0.9682,13.1963,4367.2908,3030.5569
601211.SH,Q1 FY2019,66.9515,154.1031,2.3966,32.5337,4969.3787,3592.2135
601211.SH,Q2 FY2019,73.9982,204.913,1.5725,20.8377,5403.7001,4015.3295
601211.SH,Q3 FY2019,64.9821,-94.6424,1.156,15.9326,5370.3565,3932.4964
601211.SH,Q4 FY2019,93.5613,99.5875,1.5333,21.2095,5593.1428,4132.2046
601211.SH,Q1 FY2020,61.447,156.2658,1.3211,18.2089,6006.314,4527.2968
601211.SH,Q2 FY2020,96.6719,-70.7331,2.6751,39.1138,6230.2225,4817.1473
601211.SH,Q3 FY2020,99.249,-131.7439,2.616,37.3822,6933.0169,5491.0806
601211.SH,Q4 FY2020,94.6349,268.5162,1.5924,22.6659,7028.9917,5566.6136
601179.SH,Q1 FY2016,24.3161,-17.62,1.2534,2.3198,319.9395,124.6592
601179.SH,Q2 FY2016,55.1168,-1.3454,2.534,4.6168,337.2074,147.1269
601179.SH,Q3 FY2016,87.5322,-9.7961,4.0861,7.5687,341.9529,148.2289
601179.SH,Q4 FY2016,139.7989,6.7444,6.0268,11.3426,346.6236,145.6128
601179.SH,Q1 FY2017,24.7863,-7.5802,1.5898,3.0519,339.0726,134.9395
601179.SH,Q2 FY2017,61.4687,-1.7797,3.1232,5.8681,341.6932,140.3142
601179.SH,Q3 FY2017,88.0994,-6.9369,3.4126,6.4162,342.3492,140.4268
601179.SH,Q4 FY2017,141.4612,-3.3603,4.6893,8.713,336.9761,133.0445
601179.SH,Q1 FY2018,24.1276,-17.4478,0.9032,1.6733,323.957,118.0309
601179.SH,Q2 FY2018,57.1885,-23.4748,1.3161,2.3809,329.2333,125.4252
601179.SH,Q3 FY2018,82.6148,-26.7404,1.2998,2.2115,338.0037,134.2775
601179.SH,Q4 FY2018,136.8988,-6.5535,2.9212,5.388,345.4233,138.6493
601179.SH,Q1 FY2019,27.1646,-19.2345,0.4376,0.8422,345.0667,137.0352
601179.SH,Q2 FY2019,65.8812,-1.5049,0.9943,1.927,352.0954,145.5122
601179.SH,Q3 FY2019,95.7202,-8.6287,1.4776,2.8128,358.777,151.0672
601179.SH,Q4 FY2019,152.8309,-15.0829,2.0943,3.4089,353.6759,145.6436
601179.SH,Q1 FY2020,24.4038,5.963,0.16,0.3755,357.4418,149.2553
601179.SH,Q2 FY2020,60.2766,-2.5379,0.5906,1.3373,361.8156,154.6253
601179.SH,Q3 FY2020,94.456,-3.4462,1.0704,2.3535,368.0553,160.1526
601179.SH,Q4 FY2020,158.0203,0.4366,1.2225,2.6953,361.6456,153.1852
601231.SH,Q1 FY2016,49.0192,2.6628,1.2275,0.8449,125.9778,56.5583
601231.SH,Q2 FY2016,99.2601,7.9211,3.854,2.6491,126.1242,56.8065
601231.SH,Q3 FY2016,164.8365,6.813,7.5659,5.3151,157.1532,84.8364
601231.SH,Q4 FY2016,239.8388,16.005,11.2324,8.0627,154.0477,78.6755
601231.SH,Q1 FY2017,64.6986,7.2109,3.7177,2.8669,143.3036,64.4189
601231.SH,Q2 FY2017,128.9175,7.7892,7.2102,5.5608,145.6774,66.7752
601231.SH,Q3 FY2017,201.8897,8.2459,10.9624,8.6186,166.6218,84.7342
601231.SH,Q4 FY2017,297.0568,12.3899,16.2548,13.1409,173.6339,87.3041
601231.SH,Q1 FY2018,62.2583,5.152,2.1468,1.8719,158.421,70.3747
601231.SH,Q2 FY2018,128.0485,0.4963,4.546,3.9222,162.5122,76.2889
601231.SH,Q3 FY2018,221.4608,-0.7082,8.7879,7.7736,195.3128,104.733
601231.SH,Q4 FY2018,335.5028,-2.1888,13.0794,11.7997,201.5139,107.4149
601231.SH,Q1 FY2019,76.7462,8.8427,2.3471,2.2302,182.3792,86.3871
601231.SH,Q2 FY2019,146.0412,5.585,4.1523,3.8941,182.2192,88.691
601231.SH,Q3 FY2019,259.7082,3.4247,8.9609,8.6067,217.3008,119.2478
601231.SH,Q4 FY2019,372.0419,24.2577,12.8239,12.6011,219.1185,116.0499
601231.SH,Q1 FY2020,76.1277,3.2815,1.8393,1.8883,213.6554,108.1496
601231.SH,Q2 FY2020,170.1703,1.4367,4.87,4.9981,228.0589,123.1822
601231.SH,Q3 FY2020,294.7867,-2.217,9.4096,9.9511,272.8581,162.8601
601231.SH,Q4 FY2020,476.9623,14.3652,15.5825,17.3357,309.385,188.8965
601238.SH,Q1 FY2016,101.4434,13.7218,4.8477,18.8227,756.4846,339.6184
601238.SH,Q2 FY2016,112.8477,19.2479,4.9655,21.3183,787.1737,359.1667
601238.SH,Q3 FY2016,129.581,21.8379,3.8327,16.2021,826.0924,384.8472
601238.SH,Q4 FY2016,150.3047,0.176,1.5645,6.6206,820.9222,372.5278
601238.SH,Q1 FY2017,168.8471,34.8639,8.3495,38.3213,847.1223,357.6285
601238.SH,Q2 FY2017,177.7334,7.6496,4.829,23.6586,895.5907,389.3999
601238.SH,Q3 FY2017,167.2985,2.4766,5.4844,27.7866,918.4121,390.2286
601238.SH,Q4 FY2017,197.5598,105.9887,3.0115,18.456,1196.0242,491.8845
601238.SH,Q1 FY2018,191.9653,-12.4006,5.4374,38.9905,1184.8309,440.9112
601238.SH,Q2 FY2018,175.094,-25.4283,4.1339,30.4581,1201.9289,454.1729
601238.SH,Q3 FY2018,161.1649,-14.355,3.9557,29.4915,1231.1073,461.0008
601238.SH,Q4 FY2018,186.921,39.5027,1.3699,10.523,1321.1973,541.9905
601238.SH,Q1 FY2019,142.5605,-60.3101,3.5604,28.1683,1260.8193,451.5414
601238.SH,Q2 FY2019,138.6687,26.649,2.708,21.575,1290.2901,479.5002
601238.SH,Q3 FY2019,145.6097,-57.4454,1.7911,14.4621,1256.6467,436.6427
601238.SH,Q4 FY2019,165.4979,87.3008,0.3539,2.9061,1374.0953,549.5531
601238.SH,Q1 FY2020,107.6546,-64.7324,0.1479,1.1165,1273.3895,449.6546
601238.SH,Q2 FY2020,146.7362,1.0704,2.737,22.3137,1297.8652,468.138
601238.SH,Q3 FY2020,174.0703,-10.0387,3.278,27.2577,1321.2937,466.6084
601238.SH,Q4 FY2020,198.7101,44.8284,1.1517,9.8228,1428.0666,561.4706
601198.SH,Q1 FY2016,6.7477,-25.8297,2.0652,2.7885,767.1423,632.8458
601198.SH,Q2 FY2016,16.438,22.341,5.7083,7.6121,696.567,565.889
601198.SH,Q3 FY2016,24.3566,-33.3097,6.8946,10.9793,688.1515,505.4222
601198.SH,Q4 FY2016,35.7316,-86.6365,8.4814,13.5287,726.3342,542.7834
601198.SH,Q1 FY2017,7.2059,15.7871,1.6334,3.0729,700.6627,513.0807
601198.SH,Q2 FY2017,14.1134,-22.2809,3.053,5.7234,663.9556,476.819
601198.SH,Q3 FY2017,24.5938,-23.4967,4.9683,9.3844,699.6145,509.1885
601198.SH,Q4 FY2017,36.2698,-34.8068,6.9757,13.0966,777.8075,585.2746
601198.SH,Q1 FY2018,6.5752,55.8274,1.4343,2.7703,868.3707,673.5137
601198.SH,Q2 FY2018,14.7005,-3.5319,2.9662,5.7596,857.62,661.1952
601198.SH,Q3 FY2018,22.0583,-36.6458,4.018,7.7828,842.1654,646.5231
601198.SH,Q4 FY2018,33.145,-9.5926,5.1882,10.0838,750.1728,553.4037
601198.SH,Q1 FY2019,10.2723,91.6887,2.802,5.5498,898.5621,698.7366
601198.SH,Q2 FY2019,18.8733,97.5566,4.3587,8.6423,865.0341,664.7367
601198.SH,Q3 FY2019,28.1068,40.8142,5.5585,11.0771,861.3748,658.9517
601198.SH,Q4 FY2019,39.7339,2.708,6.1137,12.2145,775.4356,572.1465
601198.SH,Q1 FY2020,7.1335,80.8609,1.511,3.0951,875.8297,668.9911
601198.SH,Q2 FY2020,25.2553,-11.9447,3.847,7.8624,845.3592,639.2374
601198.SH,Q3 FY2020,41.1394,-26.9504,6.1728,12.7292,869.3792,659.606
601198.SH,Q4 FY2020,56.8721,53.3262,7.4308,15.4003,863.7482,651.9005
601216.SH,Q1 FY2016,12.4114,8.0968,2.3295,2.8737,202.9744,78.0754
601216.SH,Q2 FY2016,25.5226,9.0698,5.0288,6.2844,181.1032,52.9992
601216.SH,Q3 FY2016,39.0598,11.9236,7.8336,9.9074,183.2831,52.2236
601216.SH,Q4 FY2016,57.1405,20.4111,12.2426,15.8349,180.3194,43.5494
601216.SH,Q1 FY2017,18.4767,-0.6522,3.831,5.3398,197.5062,55.2858
601216.SH,Q2 FY2017,35.5423,1.6654,6.5275,9.2416,191.9922,45.3552
601216.SH,Q3 FY2017,55.2357,8.2068,11.1531,16.0927,207.6141,54.084
601216.SH,Q4 FY2017,77.3894,23.1706,14.6041,21.4659,223.8411,64.7775
601216.SH,Q1 FY2018,21.8723,2.9579,4.8326,7.7852,246.8116,79.8014
601216.SH,Q2 FY2018,43.519,11.2078,8.8476,14.4224,240.7097,69.7575
601216.SH,Q3 FY2018,62.986,20.1394,11.288,18.6289,240.1813,65.0729
601216.SH,Q4 FY2018,84.6384,32.7863,14.215,22.7705,245.5081,80.032
601216.SH,Q1 FY2019,24.4281,5.2207,4.3074,7.1946,275.1055,101.5114
601216.SH,Q2 FY2019,44.145,7.2019,8.3362,14.2171,277.8999,96.8981
601216.SH,Q3 FY2019,63.9558,16.7289,11.1155,19.2693,281.9806,95.2107
601216.SH,Q4 FY2019,97.9057,26.5081,14.1087,24.6632,315.4794,119.7454
601216.SH,Q1 FY2020,35.6161,2.1771,3.2648,6.2621,401.8809,199.2153
601216.SH,Q2 FY2020,71.8904,14.5131,7.2976,13.2577,380.7296,200.3303
601216.SH,Q3 FY2020,107.0081,25.1566,11.2894,20.9101,388.1664,201.593
601216.SH,Q4 FY2020,147.9819,35.7713,24.2716,47.8633,336.8015,124.7647
601318.SH,Q1 FY2016,2088.57,1192.72,6.0709,233.89,5.007,4.5667
601318.SH,Q2 FY2016,3766.57,659.98,11.6804,463.08,5.2198,4.7572
601318.SH,Q3 FY2016,5461.18,-170.25,15.8369,648.13,5.2966,4.816
601318.SH,Q4 FY2016,7124.53,2278.21,17.3873,723.68,5.5769,5.0904
601318.SH,Q1 FY2017,2656.43,-416.85,5.8,257.4,5.7733,5.2548
601318.SH,Q2 FY2017,4637.65,-139.75,10.7329,490.93,5.9787,5.446
601318.SH,Q3 FY2017,6630.06,78.21,15.947,752.19,6.1685,5.6096
601318.SH,Q4 FY2017,8908.82,1212.83,20.7955,999.78,6.4931,5.9052
601318.SH,Q1 FY2018,3104.52,1398.67,5.2709,289.51,6.7258,6.1084
601318.SH,Q2 FY2018,5348.14,1616.07,11.7434,647.7,6.8514,6.2163
601318.SH,Q3 FY2018,7504.56,1775.95,15.8582,894.89,6.9109,6.2605
601318.SH,Q4 FY2018,9768.32,2062.6,20.858,1204.52,7.143,6.4593
601318.SH,Q1 FY2019,3781.61,1600.74,7.8777,493.24,7.4122,6.6779
601318.SH,Q2 FY2019,6391.55,1818.53,16.5295,1057.38,7.5624,6.7984
601318.SH,Q3 FY2019,8927.51,3308.88,21.6359,1417.48,7.787,6.9922
601318.SH,Q4 FY2019,11688.67,2494.45,24.3004,1643.65,8.2229,7.3706
601318.SH,Q1 FY2020,3281.72,1282.01,3.8234,303.34,8.663,7.7577
601318.SH,Q2 FY2020,6299.56,1307.4,9.9893,759.68,8.8486,7.9265
601318.SH,Q3 FY2020,9170.7,2643.13,14.9029,1148.92,9.1383,8.2027
601318.SH,Q4 FY2020,12183.15,3120.75,19.9341,1593.59,9.5279,8.54
601225.SH,Q1 FY2016,58.385,2.7968,-0.1244,1.0203,899.1232,503.3951
601225.SH,Q2 FY2016,64.3574,3.5176,0.9203,4.3862,870.3749,464.3961
601225.SH,Q3 FY2016,80.3045,43.3258,2.4136,11.2568,908.8089,489.147
601225.SH,Q4 FY2016,128.2705,33.0252,5.1604,27.1337,936.891,491.2041
601225.SH,Q1 FY2017,122.7393,33.1923,7.4461,39.846,998.6518,507.2963
601225.SH,Q2 FY2017,133.1202,24.6136,7.2734,40.5653,995.3804,471.1798
601225.SH,Q3 FY2017,138.1766,51.4626,6.3405,39.6885,1028.7576,463.491
601225.SH,Q4 FY2017,115.2339,60.0401,5.5003,37.1568,1054.0721,468.372
601225.SH,Q1 FY2018,125.8743,32.283,6.195,42.8835,1091.9554,456.4166
601225.SH,Q2 FY2018,136.5528,31.2335,6.5841,45.39,1146.2619,514.2491
601225.SH,Q3 FY2018,148.886,64.9505,6.0382,43.759,1217.4397,537.2263
601225.SH,Q4 FY2018,160.9242,69.1157,4.2304,27.2591,1205.2963,541.4074
601225.SH,Q1 FY2019,144.0476,53.916,5.3737,37.821,1191.6728,496.7085
601225.SH,Q2 FY2019,181.8092,56.4238,5.8733,46.3575,1218.5084,514.3833
601225.SH,Q3 FY2019,181.691,45.6784,5.8816,47.0509,1245.5999,484.5313
601225.SH,Q4 FY2019,226.4867,35.9853,4.4658,35.0949,1266.8352,505.1366
601225.SH,Q1 FY2020,183.3498,26.8826,3.9508,34.0854,1307.4431,504.7807
601225.SH,Q2 FY2020,203.9847,17.9286,4.3299,35.4739,1347.9628,535.5417
601225.SH,Q3 FY2020,253.6664,60.6166,10.1723,76.7661,1430.3261,547.8241
601225.SH,Q4 FY2020,307.6018,105.9714,4.9534,51.2451,1489.1235,592.429
601333.SH,Q1 FY2016,40.1182,0.5903,1.1822,3.2531,314.9695,37.2739
601333.SH,Q2 FY2016,40.6679,6.1634,1.2832,3.5437,315.1401,39.5676
601333.SH,Q3 FY2016,45.8761,5.2026,1.4672,4.0653,313.5598,33.9341
601333.SH,Q4 FY2016,46.1429,4.4561,0.2456,0.6749,328.7026,48.402
601333.SH,Q1 FY2017,43.094,9.3505,1.0019,2.8143,325.6762,42.5613
601333.SH,Q2 FY2017,41.0259,3.0797,0.8031,2.2479,322.8032,43.1073
601333.SH,Q3 FY2017,47.5567,9.1203,1.3474,3.8001,324.834,41.3381
601333.SH,Q4 FY2017,51.6377,4.7978,0.4447,1.2554,339.9424,53.3716
601333.SH,Q1 FY2018,48.7661,7.0567,1.5443,4.4464,339.9974,49.4769
601333.SH,Q2 FY2018,46.5117,7.4963,0.7198,2.0694,345.0435,58.1204
601333.SH,Q3 FY2018,50.5415,10.9774,1.0724,3.0844,343.6525,53.6785
601333.SH,Q4 FY2018,52.461,7.0837,-0.621,-1.8099,354.0224,65.8591
601333.SH,Q1 FY2019,51.1612,1.7215,1.3438,3.8849,363.6055,71.5573
601333.SH,Q2 FY2019,50.7081,11.9328,1.2727,3.716,363.4175,71.9034
601333.SH,Q3 FY2019,54.2646,8.3938,0.3852,1.1463,365.6405,72.9802
601333.SH,Q4 FY2019,55.6497,1.9043,-0.4322,-1.2675,368.9313,77.5385
601333.SH,Q1 FY2020,37.6751,3.9252,-1.5964,-4.6126,362.5776,75.7974
601333.SH,Q2 FY2020,36.8939,1.3334,-0.5344,-1.5165,364.5361,83.5225
601333.SH,Q3 FY2020,40.9178,5.372,-1.8031,-5.0297,359.9079,83.924
601333.SH,Q4 FY2020,48.0068,2.7311,2.0023,5.5778,367.8045,86.2428
601336.SH,Q1 FY2016,552.67,48.25,3.4655,19.94,6646.76,6074.29
601336.SH,Q2 FY2016,321.84,40.18,2.3297,13.4,6860.39,6283.21
601336.SH,Q3 FY2016,303.34,9.76,2.4739,14.53,6890.96,6293.32
601336.SH,Q4 FY2016,283.88,-24.89,0.2625,1.56,6991.81,6400.56
601336.SH,Q1 FY2017,445.95,-49,3.0434,18.37,7105.33,6489.25
601336.SH,Q2 FY2017,324.75,6.93,2.2705,14,7053.2,6435.91
601336.SH,Q3 FY2017,384.91,85.41,2.8804,18.06,7147.71,6511.53
601336.SH,Q4 FY2017,285.71,35.31,0.5356,3.41,7102.75,6465.52
601336.SH,Q1 FY2018,461.59,-4.89,4.0385,26.1,7221.5,6566.49
601336.SH,Q2 FY2018,375.1,46.24,4.8602,31.9,7556.75,6898.88
601336.SH,Q3 FY2018,398.27,65.77,2.8749,19.03,7532.56,6866.36
601336.SH,Q4 FY2018,306.71,30.56,0.3328,2.2,7339.29,6683.33
601336.SH,Q1 FY2019,495.65,97.89,4.8522,33.68,7676.46,6944.41
601336.SH,Q2 FY2019,406.67,77.49,9.5844,71.78,8081.24,7315.24
601336.SH,Q3 FY2019,426.1,105.5,3.1435,24.58,8220.83,7422.75
601336.SH,Q4 FY2019,417.24,140.14,1.8947,15.56,8789.7,7945.09
601336.SH,Q1 FY2020,681.48,286.97,5.3866,46.36,9390.4,8513.85
601336.SH,Q2 FY2020,505.12,140.53,4.0076,35.83,9393.51,8481.75
601336.SH,Q3 FY2020,511.12,128.6,3.1212,28.88,9392.65,8454.23
601336.SH,Q4 FY2020,367.66,115.69,3.2625,31.9,10043.76,9026.96
601258.SH,Q1 FY2016,140.6074,-1293.0749,0.3072,0.3572,617.0639,491.702
601258.SH,Q2 FY2016,146.6472,-145.3983,0.1898,0.2085,633.3241,507.4552
601258.SH,Q3 FY2016,159.6375,-648.3279,0.7752,0.9563,643.6525,515.5486
601258.SH,Q4 FY2016,213.2018,3217.961,1.7258,2.1611,708.3475,577.474
601258.SH,Q1 FY2017,158.1673,-5129.832,0.8931,1.1028,696.1861,563.8342
601258.SH,Q2 FY2017,171.1014,-4298.4588,1.356,1.6615,660.2903,525.7594
601258.SH,Q3 FY2017,179.1546,3032.9342,0.2593,0.1634,650.3661,514.6023
601258.SH,Q4 FY2017,196.4282,3906.4837,-0.8917,-0.985,635.3085,501.43
601258.SH,Q1 FY2018,141.2348,-3251.37,0.3426,0.4444,600.0514,464.6437
601258.SH,Q2 FY2018,129.9019,-3509.6665,1.5607,2.1106,515.8768,376.6958
601258.SH,Q3 FY2018,98.7252,-3690.1962,-3.6296,-4.9434,437.0625,302.7651
601258.SH,Q4 FY2018,50.4738,-1780.6686,-59.9583,-59.3357,328.7067,263.8998
601258.SH,Q1 FY2019,44.8311,-1441.8812,-7.9292,-4.9687,310.6607,250.8608
601258.SH,Q2 FY2019,57.7329,-670.7773,-12.6445,-7.0793,295.819,242.1957
601258.SH,Q3 FY2019,58.5352,-1471.3089,-17.9241,-8.7205,285.1337,240.274
601258.SH,Q4 FY2019,59.7356,-1140.7261,29.2894,21.7338,249.2147,143.3684
601258.SH,Q1 FY2020,36.1745,-275.1399,-1.5015,-1.5204,234.7531,130.7804
601258.SH,Q2 FY2020,73.2839,-720.3091,1.927,1.9464,231.1245,125.2422
601258.SH,Q3 FY2020,81.9486,0.8808,0.312,0.3015,232.1526,125.9946
601258.SH,Q4 FY2020,82.4491,534.3627,4.6732,5.006,226.3535,115.7428
601288.SH,Q1 FY2016,1380.46,1911.16,4.4251,545.68,18.4135,17.1504
601288.SH,Q2 FY2016,2603.85,5347.69,8.5264,1050.51,18.6802,17.4214
601288.SH,Q3 FY2016,3861.54,5094.9,12.2332,1541.75,19.0641,17.7511
601288.SH,Q4 FY2016,5060.16,7159.73,14.5507,1840.6,19.5701,18.2485
601288.SH,Q1 FY2017,1483.88,2941.26,4.156,557.79,20.324,18.9579
601288.SH,Q2 FY2017,2769.53,3428.73,8.124,1086.7,20.5736,19.2151
601288.SH,Q3 FY2017,4083.9,5961.34,11.7474,1601.42,20.9231,19.5138
601288.SH,Q4 FY2017,5370.41,6334.17,14.0612,1931.33,21.0534,19.624
601288.SH,Q1 FY2018,1558.65,-1179.38,4.0698,590.4,21.639,20.1754
601288.SH,Q2 FY2018,3063.02,-2214.52,7.7408,1159.76,21.9209,20.3511
601288.SH,Q3 FY2018,4574.48,1123.87,11.2282,1718.04,22.7003,21.0655
601288.SH,Q4 FY2018,5985.88,1059.27,13.0967,2026.31,22.6095,20.9347
601288.SH,Q1 FY2019,1730.31,2638.74,3.6001,621.21,23.6579,21.9204
601288.SH,Q2 FY2019,3231.79,-105.12,7.1376,1223.72,23.9752,22.237
601288.SH,Q3 FY2019,4749.81,1021.37,10.071,1817.91,24.871,22.9475
601288.SH,Q4 FY2019,6272.68,3525.71,11.7225,2129.24,24.8783,22.9185
601288.SH,Q1 FY2020,1867.06,2625.67,3.2341,643.65,26.2264,24.1936
601288.SH,Q2 FY2020,3391.72,-3239.46,5.4005,1091.9,26.4721,24.3791
601288.SH,Q3 FY2020,4982.44,-2898.05,8.0618,1659.11,27.2968,25.1324
601288.SH,Q4 FY2020,6579.61,-609.36,10.3981,2164,27.205,24.9943
601390.SH,Q1 FY2016,1273.369,-24.339,1.7238,23.5416,7177.9751,5752.1029
601390.SH,Q2 FY2016,1443.8522,-11.6641,2.39,30.4013,7263.4708,5841.6484
601390.SH,Q3 FY2016,1700.3356,37.4894,2.7912,39.3133,7355.8373,5892.7417
601390.SH,Q4 FY2016,1976.5085,543.4651,2.3493,33.7711,7545.0927,6053.5007
601390.SH,Q1 FY2017,1339.9236,-192.405,1.8436,28.0994,7578.1448,6011.0543
601390.SH,Q2 FY2017,1647.5843,-86.4981,3.485,47.396,7671.8954,6064.8012
601390.SH,Q3 FY2017,1715.2598,126.441,2.2339,35.3192,7856.8866,6221.1952
601390.SH,Q4 FY2017,2196.681,484.2028,3.291,31.2208,8440.8353,6743.6391
601390.SH,Q1 FY2018,1475.7233,-267.7337,2.0263,34.7393,8342.6047,6592.6454
601390.SH,Q2 FY2018,1669.254,-19.7197,3.9169,59.3852,8817.0332,6926.7464
601390.SH,Q3 FY2018,1789.2769,-39.3458,2.0964,37.8675,9137.6421,7186.8414
601390.SH,Q4 FY2018,2442.8843,446.4161,2.3031,42.3708,9426.761,7205.3207
601390.SH,Q1 FY2019,1597.3411,-374.7396,1.984,41.8834,9701.3066,7425.9583
601390.SH,Q2 FY2019,2010.8689,-123.3135,3.3899,70.7455,10122.3216,7823.8688
601390.SH,Q3 FY2019,2093.5953,88.8883,2.4306,54.5874,10291.4842,7953.1752
601390.SH,Q4 FY2019,2782.5982,631.1426,3.7956,86.5665,10561.8593,8107.1093
601390.SH,Q1 FY2020,1563.4836,-388.466,1.6201,38.4838,10947.184,8363.3949
601390.SH,Q2 FY2020,2585.8153,-119.2685,3.6321,85.5011,11424.4431,8757.8381
601390.SH,Q3 FY2020,2716.0113,129.643,2.8178,70.0301,12084.2995,9249.3359
601390.SH,Q4 FY2020,2848.7388,688.0321,2.7955,78.4793,12001.2211,8869.2785
601555.SH,Q1 FY2016,10.2779,-25.1334,1.8833,3.4721,794.3786,594.4294
601555.SH,Q2 FY2016,8.0077,-2.5466,1.4005,2.7414,799.4787,606.7982
601555.SH,Q3 FY2016,14.9931,-50.9134,3.2654,6.379,801.5905,600.4424
601555.SH,Q4 FY2016,13.1735,16.7274,1.2396,2.586,894.767,689.8748
601555.SH,Q1 FY2017,9.7775,-58.1464,1.5222,3.1302,882.8363,675.0162
601555.SH,Q2 FY2017,10.6869,-37.0583,0.5715,1.2827,913.7878,708.1255
601555.SH,Q3 FY2017,11.5529,-13.9734,1.8475,3.8763,908.488,697.6396
601555.SH,Q4 FY2017,9.4252,-57.9947,-0.0919,-0.1815,943.6045,733.0487
601555.SH,Q1 FY2018,8.2411,37.2465,0.2823,0.6314,965.5417,754.9459
601555.SH,Q2 FY2018,7.1153,-11.5496,-0.1587,-0.329,930.3129,726.0286
601555.SH,Q3 FY2018,9.8314,5.5606,0.817,1.6787,893.8117,686.7199
601555.SH,Q4 FY2018,16.4315,39.1894,0.8201,1.4933,842.0908,637.8309
601555.SH,Q1 FY2019,14.9379,54.2248,2.985,6.1428,999.1105,787.0744
601555.SH,Q2 FY2019,11.8081,-38.0535,0.6597,1.395,991.5919,782.7217
601555.SH,Q3 FY2019,12.1812,-30.1298,0.8488,1.7323,975.8786,765.2556
601555.SH,Q4 FY2019,12.3765,25.3323,0.5342,0.5223,962.3465,749.7885
601555.SH,Q1 FY2020,12.4512,38.8124,1.5507,3.7555,1040.2591,767.6168
601555.SH,Q2 FY2020,23.4415,31.4184,2.4356,6.5866,1000.1517,725.6131
601555.SH,Q3 FY2020,17.4305,-105.8755,1.6846,4.6695,1083.8693,804.7722
601555.SH,Q4 FY2020,20.2417,31.3332,0.7768,2.1247,1054.7455,772.6423
601328.SH,Q1 FY2016,560.33,-203.14,3.503,192.31,7.4044,6.8475
601328.SH,Q2 FY2016,473.06,2463.16,3.362,186.92,7.9563,7.4008
601328.SH,Q3 FY2016,439.62,-842,2.5536,149.94,8.0918,7.4729
601328.SH,Q4 FY2016,458.28,3432.64,2.3506,147.34,8.4032,7.7708
601328.SH,Q1 FY2017,548.85,472.54,3.0241,194.5,8.7337,8.0816
601328.SH,Q2 FY2017,488.03,-11.04,3.042,197.72,8.9308,8.2824
601328.SH,Q3 FY2017,460.28,-174.81,2.3733,155.7,8.9358,8.2723
601328.SH,Q4 FY2017,462.95,-179.42,2.3776,158.99,9.0383,8.362
601328.SH,Q1 FY2018,490.99,139.2,3.0111,202.32,9.2668,8.5983
601328.SH,Q2 FY2018,527.66,622.87,3.1168,207.62,9.3227,8.6526
601328.SH,Q3 FY2018,559.67,500.81,2.4564,166.79,9.3915,8.7025
601328.SH,Q4 FY2018,548.22,-23.96,2.3646,164.92,9.5312,8.8259
601328.SH,Q1 FY2019,621,-72.98,2.9738,213.47,9.7857,9.0599
601328.SH,Q2 FY2019,560.8,102.43,3.0209,218.01,9.8866,9.1629
601328.SH,Q3 FY2019,581.13,609.21,2.3324,175.78,9.9329,9.1501
601328.SH,Q4 FY2019,561.79,-1464.11,2.1846,173.36,9.9056,9.1047
601328.SH,Q1 FY2020,650.03,1429.46,2.6754,215.42,10.4544,9.6327
601328.SH,Q2 FY2020,617.84,-235.88,1.8668,154.55,10.6699,9.8558
601328.SH,Q3 FY2020,586.07,648.35,1.9915,164.74,10.7956,9.9589
601328.SH,Q4 FY2020,608.06,-347.95,3.022,260.99,10.6976,9.819
601600.SH,Q1 FY2016,208.748,2.073,0.0495,0.3918,1868.6515,1366.9215
601600.SH,Q2 FY2016,288.305,36.8882,0.0982,3.0662,1855.0121,1347.184
601600.SH,Q3 FY2016,416.411,35.0266,0.1303,1.5319,1910.7902,1409.0357
601600.SH,Q4 FY2016,526.9348,41.199,0.7769,7.5618,1900.7695,1344.8946
601600.SH,Q1 FY2017,409.0946,25.3066,1.021,6.5791,1924.7496,1364.4173
601600.SH,Q2 FY2017,504.0111,28.2676,0.9514,5.8497,1877.501,1356.9277
601600.SH,Q3 FY2017,485.4501,30.8256,1.6056,9.7493,1900.3312,1372.4276
601600.SH,Q4 FY2017,402.2517,46.878,0.0589,1.4614,2001.4662,1346.3274
601600.SH,Q1 FY2018,366.7019,14.8884,0.6851,4.9083,2025.702,1353.1695
601600.SH,Q2 FY2018,453.8593,52.5362,1.0619,8.6988,2046.9118,1365.6024
601600.SH,Q3 FY2018,432.8937,22.3859,1.2507,9.6986,2029.2538,1362.7623
601600.SH,Q4 FY2018,545.2323,42.0445,-1.2055,-7.2989,2008.7611,1332.0691
601600.SH,Q1 FY2019,441.13,-6.3759,0.8449,5.4086,2115.818,1430.8958
601600.SH,Q2 FY2019,508.271,37.1866,0.4919,6.2916,2081.0712,1386.5587
601600.SH,Q3 FY2019,507.6851,50.2392,0.1931,2.9027,2070.9642,1373.9104
601600.SH,Q4 FY2019,443.6555,44.7188,0.0791,0.2779,2030.7066,1323.456
601600.SH,Q1 FY2020,396.6613,19.8484,0.0562,1.3378,2078.5903,1370.3096
601600.SH,Q2 FY2020,444.4263,40.2679,0.0091,0.9607,2027.1928,1316.909
601600.SH,Q3 FY2020,490.4577,33.2518,0.756,7.1948,1955.7684,1236.5377
601600.SH,Q4 FY2020,528.3973,55.9209,0.5272,6.237,1949.0168,1237.2997
601398.SH,Q1 FY2016,1938.89,1996.14,4.0937,749.04,22.8833,21.0092
601398.SH,Q2 FY2016,1637.81,980.18,4.0569,757.52,23.5243,21.6566
601398.SH,Q3 FY2016,1601.04,-138.29,3.8209,728.12,23.6465,21.6925
601398.SH,Q4 FY2016,1581.17,-445.82,2.8352,556.38,24.1373,22.1561
601398.SH,Q1 FY2017,1895.25,1093.06,3.7869,760.27,24.9049,22.86
601398.SH,Q2 FY2017,1726.26,2372.36,3.8118,776.6,25.514,23.4834
601398.SH,Q3 FY2017,1736.22,3702.54,3.6523,753.99,25.7648,23.6637
601398.SH,Q4 FY2017,1907.29,540.68,2.7535,583.65,26.087,23.946
601398.SH,Q1 FY2018,1971.98,621.6,3.6661,790.69,26.4938,24.3089
601398.SH,Q2 FY2018,1902.53,1243.72,3.7535,815.88,27.3031,25.1109
601398.SH,Q3 FY2018,1896.04,6963.7,3.5624,794.63,28.1981,25.9173
601398.SH,Q4 FY2018,1967.34,-1587.69,2.5255,586.03,27.6995,25.3547
601398.SH,Q1 FY2019,2355.01,10447.74,3.4575,826.9,29.2466,26.8176
601398.SH,Q2 FY2019,2074.14,-399.76,3.5602,860,29.9905,27.5616
601398.SH,Q3 FY2019,2040.27,3704.09,3.3061,839.98,30.4264,27.7558
601398.SH,Q4 FY2019,2082.22,-6806.86,2.2702,606.73,30.1094,27.4174
601398.SH,Q1 FY2020,2269.79,19489.37,3.1064,850.13,32.0945,29.3142
601398.SH,Q2 FY2020,2214.77,-752.04,2.3403,647.83,33.112,30.3653
601398.SH,Q3 FY2020,2172.37,1467.09,2.8854,803.77,33.4719,30.6498
601398.SH,Q4 FY2020,2169.72,-4628.26,3.0609,875.12,33.3451,30.4355
601377.SH,Q1 FY2016,17.4041,-44.7993,2.0611,5.9394,1158.1082,848.8728
601377.SH,Q2 FY2016,17.9421,-59.333,2.0014,6.8366,1132.272,814.1267
601377.SH,Q3 FY2016,23.4166,-54.88,3.012,10.2283,1162.4745,831.5222
601377.SH,Q4 FY2016,17.1278,-162.9958,0.0048,0.4321,1365.3482,1022.3677
601377.SH,Q1 FY2017,19.6463,-47.5846,2.1237,7.8664,1357.8415,1007.6407
601377.SH,Q2 FY2017,20.9212,-56.8886,1.9428,6.7621,1496.245,1151.2426
601377.SH,Q3 FY2017,21.4892,-74.648,2.0626,7.6993,1485.9301,1128.301
601377.SH,Q4 FY2017,26.1311,-36.3335,0.9065,4.0226,1530.554,1171.7711
601377.SH,Q1 FY2018,16.4256,34.6642,1.0898,5.405,1650.1519,1287.7087
601377.SH,Q2 FY2018,16.6686,45.9257,0.9613,4.4935,1641.4283,1284.9619
601377.SH,Q3 FY2018,12.68,21.2406,0.1216,1.0466,1630.7176,1270.6576
601377.SH,Q4 FY2018,19.2196,74.2399,-1.7998,-5.1912,1551.3782,1198.2999
601377.SH,Q1 FY2019,38.3472,102.2565,3.0111,11.4282,1629.9908,1262.7129
601377.SH,Q2 FY2019,32.0593,97.0804,0.9886,4.2049,1623.2209,1255.2005
601377.SH,Q3 FY2019,37.737,55.6666,1.2293,5.2719,1581.6982,1206.8483
601377.SH,Q4 FY2019,34.3519,-71.5659,0.0275,-1.752,1705.7496,1335.3127
601377.SH,Q1 FY2020,36.0984,113.4402,0.7846,2.6323,1734.2602,1360.653
601377.SH,Q2 FY2020,46.8003,-25.8704,3.8364,15.2992,1677.0486,1293.3689
601377.SH,Q3 FY2020,52.0636,-40.1048,3.8931,17.4337,1768.2172,1368.6975
601377.SH,Q4 FY2020,40.8346,29.3736,2.612,10.4738,1810.197,1401.8427
601618.SH,Q1 FY2016,425.7461,-76.1153,2.2307,15.7474,3433.3009,2706.852
601618.SH,Q2 FY2016,958.2466,-28.4937,3.9557,28.2716,3593.5296,2870.6397
601618.SH,Q3 FY2016,1412.8001,-29.4433,5.4624,37.9314,3637.1189,2905.9438
601618.SH,Q4 FY2016,2195.5758,185.5855,8.2005,59.6965,3774.916,2943.839
601618.SH,Q1 FY2017,441.8,-168.5351,1.958,16.8762,3888.0234,2992.7877
601618.SH,Q2 FY2017,1010.8549,-141.9987,3.6396,29.1786,4026.9526,3114.1168
601618.SH,Q3 FY2017,1508.0106,-140.7785,4.6943,40.4584,4083.0166,3125.5658
601618.SH,Q4 FY2017,2439.9986,184.1785,7.9208,67.1185,4145.6517,3172.4469
601618.SH,Q1 FY2018,551.9743,-128.7148,1.9947,19.5948,4217.5681,3226.3674
601618.SH,Q2 FY2018,1261.1257,-81.0659,3.5102,34.9897,4412.363,3396.3292
601618.SH,Q3 FY2018,1812.0141,-73.0572,4.5368,45.1138,4499.7749,3479.1251
601618.SH,Q4 FY2018,2895.3452,140.4997,7.6562,75.7061,4389.1584,3362.464
601618.SH,Q1 FY2019,631.0677,-139.3549,2.0835,21.4874,4504.6229,3457.9988
601618.SH,Q2 FY2019,1590.1738,-52.3203,3.7133,37.7826,4539.7536,3484.6603
601618.SH,Q3 FY2019,2280.8496,-106.3467,4.529,49.2852,4572.2053,3434.0991
601618.SH,Q4 FY2019,3386.3761,175.7793,7.2567,75.7682,4585.0621,3416.0071
601618.SH,Q1 FY2020,727.2492,-88.9356,1.961,23.7851,4793.8473,3589.2997
601618.SH,Q2 FY2020,1805.6519,14.1402,3.7612,42.7657,4887.1319,3699.7231
601618.SH,Q3 FY2020,2679.7308,11.5464,4.9011,58.9495,5003.8395,3741.9276
601618.SH,Q4 FY2020,4001.1462,280.3171,8.0291,93.8236,5063.9296,3660.3766
601607.SH,Q1 FY2016,292.7564,3.277,2.9258,11.0343,778.1008,427.5965
601607.SH,Q2 FY2016,596.9536,8.0486,5.7036,21.0016,790.3505,439.5816
601607.SH,Q3 FY2016,905.1686,13.0958,7.9939,29.5199,808.9114,449.9919
601607.SH,Q4 FY2016,1207.6466,19.4667,10.3859,38.2971,827.4272,459.0825
601607.SH,Q1 FY2017,331.2949,3.7624,3.1086,11.4081,888.6877,509.459
601607.SH,Q2 FY2017,657.7887,12.5951,6,22.0715,905.3677,526.8985
601607.SH,Q3 FY2017,990.3146,18.456,8.2798,31.2563,919.9127,530.6911
601607.SH,Q4 FY2017,1308.4718,26.4881,10.7249,40.5778,943.4448,546.6863
601607.SH,Q1 FY2018,363.861,0.9568,2.8505,11.9311,1140.2194,702.0501
601607.SH,Q2 FY2018,758.7869,10.8052,5.694,24.5515,1190.1047,749.3315
601607.SH,Q3 FY2018,1176.0158,17.3327,9.2923,39.5724,1246.9186,787.7609
601607.SH,Q4 FY2018,1590.844,31.3511,10.6266,44.5626,1268.7933,804.4606
601607.SH,Q1 FY2019,460.0673,1.5366,2.8472,13.7554,1344.66,864.8295
601607.SH,Q2 FY2019,925.7523,20.2271,5.781,27.5062,1339.1418,860.7618
601607.SH,Q3 FY2019,1406.17,29.3244,8.5037,40.4443,1356.4936,868.7649
601607.SH,Q4 FY2019,1865.658,60.2239,10.1174,48.3074,1370.264,876.4047
601607.SH,Q1 FY2020,404.484,-5.9209,2.4635,12.2776,1412.8281,898.935
601607.SH,Q2 FY2020,871.6511,37.0564,5.7765,28.8116,1479.0775,961.3679
601607.SH,Q3 FY2020,1403.2252,51.9789,8.3745,43.5781,1488.9903,954.4389
601607.SH,Q4 FY2020,1919.0916,68.4472,10.3345,56.0526,1491.8566,944.4493
601601.SH,Q1 FY2016,834.43,160,1.655,22.49,0.9442,0.8095
601601.SH,Q2 FY2016,612.63,94.09,3.0405,40.11,0.9824,0.8533
601601.SH,Q3 FY2016,685.67,165.41,2.0831,27.32,1.0029,0.8689
601601.SH,Q4 FY2016,537.41,211.87,2.4567,32.92,1.0207,0.8859
601601.SH,Q1 FY2017,1084.02,264.26,1.5122,20.4,1.0892,0.9534
601601.SH,Q2 FY2017,691.54,147.41,3.4125,46.05,1.1184,0.9841
601601.SH,Q3 FY2017,814.01,240.6,3.3053,45.07,1.1682,1.0295
601601.SH,Q4 FY2017,608.52,208.24,2.7345,38.39,1.1712,1.0301
601601.SH,Q1 FY2018,1244.38,433.13,2.688,38.32,1.2272,1.0817
601601.SH,Q2 FY2018,802.56,104.53,3.211,46.17,1.2859,1.1428
601601.SH,Q3 FY2018,851.21,197.77,3.1652,45.65,1.2902,1.1429
601601.SH,Q4 FY2018,645.48,159.06,3.6258,54.2,1.336,1.1819
601601.SH,Q1 FY2019,1331.53,463.14,3.5159,55.99,1.425,1.2583
601601.SH,Q2 FY2019,872.33,184.91,6.5949,109.27,1.4752,1.3081
601601.SH,Q3 FY2019,908.4,244.92,4.0456,68.66,1.4934,1.3184
601601.SH,Q4 FY2019,742.63,224.98,2.7689,49.62,1.5283,1.345
601601.SH,Q1 FY2020,1382.11,436.21,4.6043,85.9,1.6113,1.4204
601601.SH,Q2 FY2020,972.7,236.64,3.0576,60.01,1.6855,1.4838
601601.SH,Q3 FY2020,1064.39,145.9,2.7076,55.84,1.7351,1.5273
601601.SH,Q4 FY2020,802.62,261.88,2.3619,51.77,1.771,1.5502
601608.SH,Q1 FY2016,10.5313,-1.8324,0.0589,8.5277,210.2742,121.5655
601608.SH,Q2 FY2016,9.5749,-0.6481,0.1842,18.5559,213.7239,125.8771
601608.SH,Q3 FY2016,6.428,-0.153,-4.0577,-338.9802,209.7189,125.3336
601608.SH,Q4 FY2016,11.1797,-4.5037,-16.3274,-1253.2374,197.7427,125.5664
601608.SH,Q1 FY2017,10.9676,2.2686,-0.0326,4.3069,200.4476,128.0972
601608.SH,Q2 FY2017,11.7285,0.738,0.3306,30.4249,201.4762,128.7304
601608.SH,Q3 FY2017,10.3886,1.4277,0.0174,10.3367,211.0984,138.4175
601608.SH,Q4 FY2017,13.1211,1.2249,0.1234,20.8928,197.3847,124.2803
601608.SH,Q1 FY2018,8.9607,-1.5709,0.0151,8.422,193.2299,120.0646
601608.SH,Q2 FY2018,13.9636,1.7538,0.8689,82.0576,201.9682,128.1253
601608.SH,Q3 FY2018,12.8119,2.574,0.1016,14.5182,198.2724,124.4574
601608.SH,Q4 FY2018,16.2692,4.4854,0.4932,46.0792,196.5897,123.0576
601608.SH,Q1 FY2019,10.6365,-2.5116,0.1917,15.3771,195.7509,122.0829
601608.SH,Q2 FY2019,13.7003,2.7054,1.1309,92.8009,199.5818,125.0392
601608.SH,Q3 FY2019,12.2538,1.4949,0.0429,2.6833,202.136,127.5868
601608.SH,Q4 FY2019,15.8089,2.8192,0.2582,26.0988,207.6383,132.7463
601608.SH,Q1 FY2020,10.7946,-2.0281,0.2929,21.2376,204.2634,129.2053
601608.SH,Q2 FY2020,16.0776,4.3755,2.0425,154.5526,208.0521,131.6772
601608.SH,Q3 FY2020,16.2298,0.2334,0.4548,30.4527,215.8248,139.0002
601608.SH,Q4 FY2020,20.0802,3.4711,-0.0973,-6.0635,201.9622,125.6001
601633.SH,Q1 FY2016,208.4441,-1.6569,6.0589,23.9733,703.9321,295.7247
601633.SH,Q2 FY2016,207.5651,45.4139,6.1423,25.3093,717.0912,300.5029
601633.SH,Q3 FY2016,217.4376,22.1842,5.3404,22.8427,759.2209,319.6382
601633.SH,Q4 FY2016,350.9899,22.4129,7.3308,33.4143,923.0916,449.5552
601633.SH,Q1 FY2017,231.9867,-53.7244,4.0468,19.5875,898.3688,404.6536
601633.SH,Q2 FY2017,177.9414,137.1134,0.9707,4.702,830.6667,364.8352
601633.SH,Q3 FY2017,219.9917,-12.432,0.9837,4.644,893.1119,422.8078
601633.SH,Q4 FY2017,374.9964,-81.7237,4.4703,21.5004,1105.4707,612.8911
601633.SH,Q1 FY2018,262.2877,-15.7813,4.1486,20.8696,1095.1442,581.9657
601633.SH,Q2 FY2018,217.2905,157.2386,3.1559,16.2958,1041.9397,529.0103
601633.SH,Q3 FY2018,175.5525,23.1295,0.4505,2.4226,1066.6494,552.0234
601633.SH,Q4 FY2018,322.8678,32.3915,2.467,12.8885,1118.0041,591.1182
601633.SH,Q1 FY2019,220.8545,-17.3574,1.46,7.9302,1114.8011,578.9106
601633.SH,Q2 FY2019,182.3148,78.4836,1.4185,7.58,928.3403,413.5713
601633.SH,Q3 FY2019,211.8343,37.9358,2.6808,14.0028,988.609,458.6929
601633.SH,Q4 FY2019,336.0772,40.6611,2.9415,15.7943,1130.9641,586.9718
601633.SH,Q1 FY2020,123.8178,5.2458,-1.2049,-6.5014,1048.0476,512.876
601633.SH,Q2 FY2020,235.4741,89.9197,3.364,17.9629,1193.6322,660.8683
601633.SH,Q3 FY2020,262.1427,-97.7621,2.6732,14.4107,1274.0766,728.675
601633.SH,Q4 FY2020,411.6415,54.409,4.9611,27.7528,1540.1149,966.6964
601669.SH,Q1 FY2016,488.3101,-15.3534,2.8719,17.1099,4230.17,3481.7356
601669.SH,Q2 FY2016,566.7505,27.4163,3.1617,22.2393,4435.852,3652.6342
601669.SH,Q3 FY2016,587.3434,49.259,3.19,19.1998,4751.0082,3938.8321
601669.SH,Q4 FY2016,744.555,228.0497,2.3302,17.3126,5002.7808,4145.2933
601669.SH,Q1 FY2017,530.6267,-100.2272,2.7284,19.2827,5158.3375,4271.9026
601669.SH,Q2 FY2017,670.0004,-36.3636,2.8483,20.8604,5535.8274,4462.8852
601669.SH,Q3 FY2017,661.0971,37.1021,2.5708,21.086,5828.1882,4725.2678
601669.SH,Q4 FY2017,799.1802,155.1852,2.1483,19.3226,5759.4508,4571.8193
601669.SH,Q1 FY2018,617.765,-142.8814,2.41,22.7866,6063.2071,4833.1174
601669.SH,Q2 FY2018,648.2702,8.406,2.6459,26.3945,6431.3577,5165.4798
601669.SH,Q3 FY2018,688.5809,54.4232,2.4161,22.7045,6778.7054,5473.7997
601669.SH,Q4 FY2018,992.1633,271.8863,1.9366,27.3507,7132.5314,5703.8198
601669.SH,Q1 FY2019,701.1836,-79.7817,2.2514,26.1368,7517.6303,6060.3269
601669.SH,Q2 FY2019,771.6588,-27.3639,2.2713,28.0252,7825.4414,6301.4291
601669.SH,Q3 FY2019,837.1424,-13.5445,2.0845,25.674,8118.7472,6527.7752
601669.SH,Q4 FY2019,1167.1422,212.8983,1.4423,26.1783,8132.2762,6197.5656
601669.SH,Q1 FY2020,651.0871,-90.8585,1.5475,20.7371,8395.5438,6394.5164
601669.SH,Q2 FY2020,953.6941,-16.6652,2.0028,32.5626,8763.2895,6738.0534
601669.SH,Q3 FY2020,971.3744,117.7098,1.7969,35.025,9050.2029,6956.1585
601669.SH,Q4 FY2020,1435.6509,419.4474,1.8941,39.0335,8865.4344,6626.341
601628.SH,Q1 FY2016,2199.81,3.54,1.6486,53.64,2.5437,2.2253
601628.SH,Q2 FY2016,1206.83,-135.34,1.6661,52.83,2.589,2.2823
601628.SH,Q3 FY2016,1157.84,249.08,1.024,32.74,2.6812,2.3682
601628.SH,Q4 FY2016,933.23,773.7,1.828,56.64,2.697,2.3893
601628.SH,Q1 FY2017,2717.28,1059.81,2.0072,62.83,2.8057,2.4925
601628.SH,Q2 FY2017,1296.96,369.11,1.9729,62.09,2.8751,2.5624
601628.SH,Q3 FY2017,1462.28,368.97,4.6193,147.25,2.8685,2.5415
601628.SH,Q4 FY2017,1055.43,212.01,1.6864,55.35,2.8976,2.5723
601628.SH,Q1 FY2018,2648.92,227.82,4.1196,136.59,2.9863,2.6465
601628.SH,Q2 FY2018,1422.8,213.9,0.8825,30.44,3.0432,2.7157
601628.SH,Q3 FY2018,1337.95,322.61,1.0548,36.05,3.1165,2.7813
601628.SH,Q4 FY2018,1021.34,711.19,-2.6124,-83.72,3.2544,2.9311
601628.SH,Q1 FY2019,3122.26,1117.65,7.6265,261.96,3.3733,3.0038
601628.SH,Q2 FY2019,1450.07,385.25,3.1564,117.33,3.4799,3.1063
601628.SH,Q3 FY2019,1667.91,570.9,5.3099,203.29,3.6091,3.2149
601628.SH,Q4 FY2019,1211.41,786.52,0.1476,7.56,3.7267,3.3174
601628.SH,Q1 FY2020,3377.72,1253.09,4.1811,173.22,3.8747,3.4552
601628.SH,Q2 FY2020,1759.63,574.83,3.2412,137.4,3.966,3.5439
601628.SH,Q3 FY2020,1778.36,561.26,3.97,168.59,4.0597,3.6356
601628.SH,Q4 FY2020,1333.9,651.06,0.7354,34.64,4.2524,3.7955
601668.SH,Q1 FY2016,2140.635,-376.6415,3.7233,82.8853,1.0828,0.8355
601668.SH,Q2 FY2016,4696.948,71.7085,9.3582,214.4876,1.1541,0.9029
601668.SH,Q3 FY2016,6702.0069,234.2008,13.9832,327.6018,1.3431,1.0563
601668.SH,Q4 FY2016,9597.6549,1070.4786,16.6654,411.7224,1.392,1.101
601668.SH,Q1 FY2017,2348.2734,-667.9236,3.6496,91.3875,1.3748,1.0741
601668.SH,Q2 FY2017,5252.5469,-587.2634,9.2487,254.5426,1.4739,1.168
601668.SH,Q3 FY2017,7708.9943,-752.545,12.9655,346.7378,1.5271,1.2122
601668.SH,Q4 FY2017,10541.065,-434.5693,16.2577,466.4902,1.551,1.2093
601668.SH,Q1 FY2018,2701.607,-892.5088,3.6784,105.1481,1.6205,1.2577
601668.SH,Q2 FY2018,5889.2677,-616.0777,8.6326,275.4398,1.7746,1.3981
601668.SH,Q3 FY2018,8405.101,-649.57,12.0714,378.2643,1.8198,1.4309
601668.SH,Q4 FY2018,11993.2453,103.1129,16.6732,553.502,1.8618,1.4326
601668.SH,Q1 FY2019,2975.7677,-981.167,3.5596,118.8635,1.9309,1.4878
601668.SH,Q2 FY2019,6854.1932,-828.967,8.1285,321.4636,1.9339,1.4801
601668.SH,Q3 FY2019,9735.9912,-1066.7466,11.7871,440.5369,1.9446,1.4784
601668.SH,Q4 FY2019,14198.3659,-342.2008,16.0724,632.0524,2.0345,1.5326
601668.SH,Q1 FY2020,2638.3062,-909.7637,2.8032,100.9509,2.0732,1.5794
601668.SH,Q2 FY2020,7281.8777,-706.4521,7.1499,329.348,2.1754,1.6522
601668.SH,Q3 FY2020,10761.0621,-884.1304,10.9833,470.3612,2.1998,1.6518
601668.SH,Q4 FY2020,16150.2333,202.7178,15.5619,709.5038,2.1922,1.6151
601699.SH,Q1 FY2016,24.6507,7.9128,0.1182,-0.2903,513.2563,335.2527
601699.SH,Q2 FY2016,50.7585,1.658,0.288,-0.2795,500.6847,323.395
601699.SH,Q3 FY2016,79.9547,5.9403,0.5028,-0.3236,543.3995,364.8692
601699.SH,Q4 FY2016,142.2937,11.3358,4.7509,7.1,578.2358,398.4422
601699.SH,Q1 FY2017,45.0273,12.3696,2.7245,4.6413,585.0376,398.0339
601699.SH,Q2 FY2017,101.2582,43.2433,6.0119,10.7811,602.1858,409.1662
601699.SH,Q3 FY2017,169.5647,46.1794,9.7734,18.2412,624.0763,422.0297
601699.SH,Q4 FY2017,235.4356,23.7319,14.1107,24.6595,664.7388,461.3662
601699.SH,Q1 FY2018,51.434,5.4359,3.2903,6.939,646.2265,431.445
601699.SH,Q2 FY2018,108.6158,6.8369,6.3821,13.2473,637.354,420.3998
601699.SH,Q3 FY2018,173.1988,47.6181,9.933,21.0819,643.1007,413.5222
601699.SH,Q4 FY2018,251.3958,93.4034,11.8314,19.4137,652.6556,427.9274
601699.SH,Q1 FY2019,56.1954,10.0771,3.5437,8.4338,642.9537,404.7998
601699.SH,Q2 FY2019,112.6383,34.1176,6.1036,15.1012,642.8257,403.0377
601699.SH,Q3 FY2019,174.0976,46.2745,8.4369,21.4507,674.1379,425.2791
601699.SH,Q4 FY2019,267.9116,44.5997,9.7361,22.9737,742.6103,507.8005
601699.SH,Q1 FY2020,55.601,-6.6401,2.7241,6.3107,740.1275,494.6373
601699.SH,Q2 FY2020,117.8228,-6.2274,4.5689,11.1111,743.3418,496.2063
601699.SH,Q3 FY2020,180.6577,1.8109,5.2826,12.5187,758.1115,507.5179
601699.SH,Q4 FY2020,259.7244,22.8183,7.4135,18.8349,774.0385,517.0982
601688.SH,Q1 FY2016,33.8945,167.0455,1.5447,12.9916,4217.754,3403.6421
601688.SH,Q2 FY2016,39.6632,-114.7968,2.0009,16.4439,4026.7932,3229.4196
601688.SH,Q3 FY2016,48.6025,-45.6877,2.446,20.1037,3878.4788,3046.8268
601688.SH,Q4 FY2016,47.01,-160.1183,1.7539,15.6556,4014.504,3157.902
601688.SH,Q1 FY2017,37.8442,-218.7656,1.557,13.7289,3822.5497,2943.6734
601688.SH,Q2 FY2017,43.3217,-12.5178,1.9509,16.8168,3688.3001,2832.2828
601688.SH,Q3 FY2017,46.616,-239.4093,2.0177,17.7498,3746.2497,2870.2747
601688.SH,Q4 FY2017,83.3035,110.7702,5.274,45.7831,3814.8254,2928.9263
601688.SH,Q1 FY2018,42.8956,-2.4975,2.1592,19.2051,3997.6209,3095.7775
601688.SH,Q2 FY2018,39.2658,165.4715,1.4024,12.8597,3956.3831,3041.8728
601688.SH,Q3 FY2018,43.0311,100.0719,1.345,13.8648,3811.2511,2735.4041
601688.SH,Q4 FY2018,35.8902,-43.1381,0.5275,5.6792,3686.6587,2639.1627
601688.SH,Q1 FY2019,62.4777,304.8669,2.647,28.0478,4455.8116,3375.7585
601688.SH,Q2 FY2019,48.5895,-96.8143,1.1433,12.9532,4930.1304,3748.1024
601688.SH,Q3 FY2019,66.4318,-118.6017,2.0136,23.8804,5104.5015,3873.9921
601688.SH,Q4 FY2019,71.1311,114.954,2.1122,25.6907,5621.8064,4365.2593
601688.SH,Q1 FY2020,68.6466,136.7763,2.332,29.0991,5992.3348,4708.8872
601688.SH,Q2 FY2020,86.7596,97.7261,2.8112,35.333,5941.6422,4658.7096
601688.SH,Q3 FY2020,87.95,-165.2328,1.9306,24.9858,6921.3093,5617.7722
601688.SH,Q4 FY2020,71.0892,191.3583,1.5486,19.2866,7167.5123,5844.392
601718.SH,Q1 FY2016,55.632,-10.3106,1.5506,202.9544,255.198,122.3249
601718.SH,Q2 FY2016,63.1729,1.3785,2.594,347.0254,260.96,126.182
601718.SH,Q3 FY2016,66.8893,0.2289,1.7005,236.2607,258.8604,119.951
601718.SH,Q4 FY2016,85.8591,19.9611,3.2893,418.2242,269.1102,127.5768
601718.SH,Q1 FY2017,59.2475,-10.0287,1.9764,282.5171,265.3642,121.0478
601718.SH,Q2 FY2017,67.016,-6.0283,1.438,225.26,309.3959,122.6935
601718.SH,Q3 FY2017,61.43,-1.0132,0.0793,11.2931,305.6186,118.2642
601718.SH,Q4 FY2017,66.7064,-9.571,1.2127,238.3596,313.9456,123.7913
601718.SH,Q1 FY2018,53.8421,-2.6982,0.8182,156.2867,319.5864,127.8067
601718.SH,Q2 FY2018,63.2848,2.1359,0.4392,82.9524,311.538,126.43
601718.SH,Q3 FY2018,48.0797,3.701,-0.3613,-63.3422,314.2568,129.7748
601718.SH,Q4 FY2018,61.5638,1.9709,-1.3173,-254.0537,317.0998,135.9289
601718.SH,Q1 FY2019,44.548,-4.8403,0.0891,16.6948,314.7051,132.3124
601718.SH,Q2 FY2019,56.1924,2.8424,0.0119,4.5014,323.1417,141.9446
601718.SH,Q3 FY2019,49.2195,-4.8648,0.1426,30.3924,318.8588,137.437
601718.SH,Q4 FY2019,61.5753,25.7247,0.1046,3.0595,311.9742,131.0969
601718.SH,Q1 FY2020,25.9949,-3.3119,0.1467,20.8473,311.9354,130.9062
601718.SH,Q2 FY2020,45.6495,-2.8055,-0.0886,-11.5118,331.6597,152.0836
601718.SH,Q3 FY2020,30.1468,-5.3799,0.1043,22.4759,313.0426,133.1368
601718.SH,Q4 FY2020,47.746,12.9793,-4.6088,-862.1215,300.2349,128.3356
601800.SH,Q1 FY2016,825.7368,-140.3004,1.5619,23.1764,7508.3405,5794.5742
601800.SH,Q2 FY2016,1008.6561,-15.5282,3.1697,48.5939,7589.4398,5853.2497
601800.SH,Q3 FY2016,1077.8348,40.7611,2.7808,42.7252,7927.212,6117.429
601800.SH,Q4 FY2016,1405.2066,412.2965,3.4648,57.7269,8014.6308,6145.0576
601800.SH,Q1 FY2017,826.9884,-137.041,1.9408,31.6196,8165.0385,6237.8038
601800.SH,Q2 FY2017,1074.0264,116.1677,2.6476,46.4911,8579.4848,6628.2887
601800.SH,Q3 FY2017,1171.9564,71.4874,2.4525,42.8217,8837.0473,6817.8934
601800.SH,Q4 FY2017,1755.0722,376.8005,4.9904,92.2554,8502.3528,6442.9352
601800.SH,Q1 FY2018,932.5336,-158.8247,1.8826,34.0631,8530.2657,6420.833
601800.SH,Q2 FY2018,1151.2563,-171.6212,2.5973,52.1529,9048.705,6938.8462
601800.SH,Q3 FY2018,1201.6818,26.194,2.5325,47.5338,9217.9499,7029.2167
601800.SH,Q4 FY2018,1623.2496,395.2327,3.5354,69.1878,9604.7609,7207.9391
601800.SH,Q1 FY2019,1022.451,-382.85,1.9605,38.7058,9737.1528,7260.1732
601800.SH,Q2 FY2019,1380.274,-14.8155,2.2682,56.8971,10101.7262,7604.8766
601800.SH,Q3 FY2019,1344.1608,15.4171,2.2725,46.6474,10686.3926,8010.6131
601800.SH,Q4 FY2019,1801.0379,441.561,3.0517,73.948,11203.9949,8240.2018
601800.SH,Q1 FY2020,954.4327,-427.3363,1.0176,25.1029,11663.9017,8583.0469
601800.SH,Q2 FY2020,1510.049,21.6866,1.2141,39.3424,12325.5557,9253.2187
601800.SH,Q3 FY2020,1632.8736,20.6376,2.1585,53.6328,12781.5582,9633.2906
601800.SH,Q4 FY2020,2178.5067,523.5265,2.5794,75.408,13041.6859,9463.6516
601727.SH,Q1 FY2016,150.6838,-38.335,1.2546,8.8335,1582.3444,1077.9478
601727.SH,Q2 FY2016,217.9823,35.3874,1.9885,15.4708,1642.8617,1109.1405
601727.SH,Q3 FY2016,178.4514,-2.1037,1.2165,11.7845,1709.3546,1131.7287
601727.SH,Q4 FY2016,243.6662,104.5452,0.6505,7.2235,1756.3391,1179.8678
601727.SH,Q1 FY2017,130.3462,-72.996,1.0704,8.028,1763.5029,1178.5508
601727.SH,Q2 FY2017,230.7999,0.6208,1.8951,14.8329,1798.2498,1211.4829
601727.SH,Q3 FY2017,173.8251,-32.6126,0.6359,9.5752,1968.6337,1296.3696
601727.SH,Q4 FY2017,208.9624,29.7376,1.4474,14.5637,1993.4576,1286.2417
601727.SH,Q1 FY2018,184.1999,-87.2211,1.1741,11.2347,1988.749,1268.1631
601727.SH,Q2 FY2018,328.5401,-27.7567,1.9642,18.1417,2072.7329,1358.2386
601727.SH,Q3 FY2018,186.314,-27.7156,0.7115,10.3434,2097.3445,1372.0416
601727.SH,Q4 FY2018,312.5213,152.1864,1.4845,15.0665,2185.2187,1448.8525
601727.SH,Q1 FY2019,203.1282,-110.773,1.3215,11.3444,2450.8979,1672.6326
601727.SH,Q2 FY2019,321.4675,10.8447,1.8161,17.6547,2546.935,1665.9026
601727.SH,Q3 FY2019,221.1686,-55.0215,0.5944,8.352,2637.9356,1750.2059
601727.SH,Q4 FY2019,520.713,260.0013,2.0633,20.7751,2805.2359,1889.3442
601727.SH,Q1 FY2020,145.159,-118.8281,0.179,1.3698,2784.2772,1836.2054
601727.SH,Q2 FY2020,383.0305,-41.4542,2.1927,23.6141,2890.5271,1925.7381
601727.SH,Q3 FY2020,291.4758,31.6773,1.2678,9.2246,3131.1243,2117.2235
601727.SH,Q4 FY2020,545.7379,175.567,2.1533,18.4515,3154.0273,2085.5339
601766.SH,Q1 FY2016,403.3097,-46.3029,2.0326,24.4928,3186.628,2028.9
601766.SH,Q2 FY2016,538.7397,-34.8809,2.8601,36.2511,3307.3765,2157.994
601766.SH,Q3 FY2016,528.5475,114.7259,2.7526,33.0293,3433.0235,2250.1497
601766.SH,Q4 FY2016,826.6247,176.3216,3.6787,45.326,3383.1061,2145.06
601766.SH,Q1 FY2017,335.9233,-155.2856,1.0333,14.9929,3441.7645,2066.8551
601766.SH,Q2 FY2017,551.2468,-19.8108,2.1676,31.0472,3606.6767,2267.5071
601766.SH,Q3 FY2017,519.4902,80.1969,2.7032,36.4827,3757.7797,2380.5605
601766.SH,Q4 FY2017,703.4653,256.99,3.3359,47.5928,3751.7089,2333.0148
601766.SH,Q1 FY2018,329.2291,-93.89,1.0403,15.3433,3723.8832,2290.7126
601766.SH,Q2 FY2018,533.6799,-11.5285,2.336,34.061,3760.3368,2342.4042
601766.SH,Q3 FY2018,490.7487,98.1076,2.7813,37.4952,3981.3021,2522.64
601766.SH,Q4 FY2018,837.1687,196.0043,2.9831,43.0857,3575.2305,2078.3842
601766.SH,Q1 FY2019,396.6778,-44.5549,1.375,20.3295,3772.264,2245.9828
601766.SH,Q2 FY2019,564.7924,-89.3468,2.3137,35.317,3991.3348,2477.8023
601766.SH,Q3 FY2019,583.7284,78.5532,2.7788,41.0086,4116.4354,2564.2896
601766.SH,Q4 FY2019,744.9097,280.6538,2.5206,41.5819,3835.7249,2247.44
601766.SH,Q1 FY2020,333.9514,-90.4006,0.5489,9.7197,3968.206,2371.8714
601766.SH,Q2 FY2020,560.0819,-57.4536,2.1663,35.2241,4215.2412,2627.6375
601766.SH,Q3 FY2020,563.7165,-3.8259,2.2661,38.1309,4371.777,2748.0129
601766.SH,Q4 FY2020,818.8106,131.3561,3.2262,55.1559,3923.8037,2232.388
601808.SH,Q1 FY2016,33.7498,9.0545,-2.003,-9.2271,905.0221,446.3086
601808.SH,Q2 FY2016,36.1477,-6.008,-17.822,-74.7682,809.532,427.3819
601808.SH,Q3 FY2016,38.1437,-2.1097,-1.8227,-6.89,814.6647,439.4237
601808.SH,Q4 FY2016,43.4807,26.4697,-6.5103,-23.7092,805.4406,452.4768
601808.SH,Q1 FY2017,30.5774,1.9644,-1.5595,-5.332,795.0295,447.4358
601808.SH,Q2 FY2017,40.4448,1.9956,0.5076,1.8283,741.9184,396.9077
601808.SH,Q3 FY2017,46.5511,7.0897,0.6481,2.3178,736.4142,390.5928
601808.SH,Q4 FY2017,56.7909,43.6951,0.5199,1.898,738.5727,391.7949
601808.SH,Q1 FY2018,34.2787,-8.4792,-1.9078,-6.4399,708.1184,369.8032
601808.SH,Q2 FY2018,47.1213,-0.014,0.8161,2.8073,727.6814,386.6576
601808.SH,Q3 FY2018,55.7835,0.9115,0.2883,1.0019,738.8733,395.5695
601808.SH,Q4 FY2018,82.2752,49.3054,1.0116,3.5175,746.87,400.096
601808.SH,Q1 FY2019,59.0778,-0.053,0.0897,0.3862,759.7255,413.1304
601808.SH,Q2 FY2019,76.5502,-11.2721,2.7062,9.4774,754.2306,401.4543
601808.SH,Q3 FY2019,77.7195,22.6623,3.2034,11.5184,774.3751,408.5073
601808.SH,Q4 FY2019,98.004,58.3463,1.0485,3.8982,761.0184,391.9156
601808.SH,Q1 FY2020,81.6841,11.8051,3.052,11.4168,761.8798,380.7176
601808.SH,Q2 FY2020,63.4295,-14.9045,1.5195,5.8089,814.273,435.258
601808.SH,Q3 FY2020,69.3843,-4.2422,1.1626,4.4459,772.7019,390.3214
601808.SH,Q4 FY2020,75.0941,82.7942,1.433,5.5116,759.4231,372.535
601788.SH,Q1 FY2016,18.4431,64.6645,1.484,6.0479,1914.382,1495.5592
601788.SH,Q2 FY2016,22.0859,5.0955,2.3432,9.2678,1737.3357,1339.7125
601788.SH,Q3 FY2016,23.9338,-172.212,2.048,8.7951,1714.6005,1233.8243
601788.SH,Q4 FY2016,27.1836,-94.0036,1.3347,6.6561,1776.3726,1290.006
601788.SH,Q1 FY2017,17.3102,-84.31,1.234,6.1432,1779.9053,1285.5408
601788.SH,Q2 FY2017,22.3613,72.1597,1.3573,6.7235,1948.5613,1455.8542
601788.SH,Q3 FY2017,27.0586,-72.8546,2.1337,10.6151,1993.1304,1489.8057
601788.SH,Q4 FY2017,31.6514,-335.759,1.5322,7.7881,2058.6437,1558.417
601788.SH,Q1 FY2018,23.3532,44.2252,1.492,7.7002,2041.3318,1532.122
601788.SH,Q2 FY2018,17.7904,-41.0557,0.4844,2.7067,2111.1418,1611.3457
601788.SH,Q3 FY2018,17.3449,-54.0067,0.4275,2.402,2084.3557,1581.2829
601788.SH,Q4 FY2018,18.6342,-132.3026,-2.2366,-10.3705,2057.7904,1570.2118
601788.SH,Q1 FY2019,34.2105,249.2912,2.7451,13.5711,2144.7782,1641.3468
601788.SH,Q2 FY2019,24.3998,147.9658,0.5997,3.2501,2058.4732,1557.5038
601788.SH,Q3 FY2019,25.9147,6.9955,1.3461,6.8488,2056.7097,1548.5562
601788.SH,Q4 FY2019,16.0486,-47.161,-3.5156,-16.7291,2040.9035,1550.7154
601788.SH,Q1 FY2020,28.1827,232.838,2.3019,11.4698,2162.6971,1661.7483
601788.SH,Q2 FY2020,34.9679,-164.2401,2.1431,10.7544,2050.3813,1541.0968
601788.SH,Q3 FY2020,43.5598,-7.9677,2.274,11.9574,2294.6535,1753.8627
601788.SH,Q4 FY2020,51.9531,196.4351,-1.8598,-9.5176,2287.3638,1755.4128
601818.SH,Q1 FY2016,235.4,810.96,3.7061,84.6,3.494,3.2611
601818.SH,Q2 FY2016,234.28,2334.23,3.4628,80.08,3.7649,3.535
601818.SH,Q3 FY2016,237.86,-850.66,3.3508,80.21,3.8364,3.5877
601818.SH,Q4 FY2016,232.83,1202.26,2.3639,58.99,4.02,3.769
601818.SH,Q1 FY2017,236.57,-1635.06,3.341,85.99,4.127,3.8632
601818.SH,Q2 FY2017,226.77,-765.93,3.1629,83.73,4.0335,3.7674
601818.SH,Q3 FY2017,224.57,358.26,3.1507,85.08,4.0304,3.7561
601818.SH,Q4 FY2017,230.59,615.52,2.1134,61.31,4.0882,3.7828
601818.SH,Q1 FY2018,253.44,-546.05,2.9643,90.71,4.1632,3.8566
601818.SH,Q2 FY2018,268.87,1761.17,2.9583,90.3,4.2833,3.9784
601818.SH,Q3 FY2018,291.24,-181.02,3.1322,96.97,4.3554,4.0404
601818.SH,Q4 FY2018,288.89,-838.96,1.8559,59.23,4.3573,4.0349
601818.SH,Q1 FY2019,338.43,-321.97,2.9792,97.51,4.5203,4.1874
601818.SH,Q2 FY2019,322.96,473.66,3.2215,107.33,4.647,4.3129
601818.SH,Q3 FY2019,340.82,-240.11,3.0758,109.82,4.7232,4.3429
601818.SH,Q4 FY2019,325.91,739.42,1.5584,59.75,4.7334,4.3474
601818.SH,Q1 FY2020,373.05,2264.62,2.7698,108.73,5.232,4.8338
601818.SH,Q2 FY2020,348.09,-388.58,1.9131,75.48,5.3884,4.997
601818.SH,Q3 FY2020,347.07,-798.6,2.7105,112.83,5.2876,4.8468
601818.SH,Q4 FY2020,356.58,94.13,1.8415,82.01,5.3681,4.9131
601888.SH,Q1 FY2016,52.2992,9.1036,6.0418,7.5904,166.3343,40.0999
601888.SH,Q2 FY2016,50.3266,0.1687,3.4612,4.7575,167.3193,42.3654
601888.SH,Q3 FY2016,61.8273,3.7908,2.952,4.1864,174.8997,46.0034
601888.SH,Q4 FY2016,59.4448,6.3021,2.806,3.8179,172.8767,39.2743
601888.SH,Q1 FY2017,57.8095,2.8497,5.5489,8.0645,181.1285,40.1399
601888.SH,Q2 FY2017,67.8666,12.7541,4.4481,6.7594,193.0827,56.0669
601888.SH,Q3 FY2017,81.7704,8.0475,4.618,7.4882,206.3642,62.4819
601888.SH,Q4 FY2017,75.3763,6.52,4.5332,7.0333,209.3221,59.2093
601888.SH,Q1 FY2018,88.4911,21.3699,7.9654,12.6988,229.4138,67.6801
601888.SH,Q2 FY2018,122.3561,0.7294,5.055,10.3325,244.1737,75.2915
601888.SH,Q3 FY2018,130.1675,11.9076,5.1032,10.9024,260.656,79.2045
601888.SH,Q4 FY2018,129.0585,-6.7846,2.4276,5.418,268.4743,82.6311
601888.SH,Q1 FY2019,136.916,36.5192,13.2768,25.9252,285.0601,75.8228
601888.SH,Q2 FY2019,106.5268,-11.7559,5.2653,12.673,276.9145,65.1573
601888.SH,Q3 FY2019,112.4006,11.122,4.8285,10.6966,291.9387,69.1502
601888.SH,Q4 FY2019,123.8215,-6.625,2.2017,4.8523,306.8726,83.769
601888.SH,Q1 FY2020,76.3635,-7.4055,-0.6047,-4.7588,299.3311,80.4886
601888.SH,Q2 FY2020,116.7313,50.5156,5.6033,12.5586,341.2975,137.9426
601888.SH,Q3 FY2020,158.29,23.3948,11.9754,23.95,391.4125,166.6481
601888.SH,Q4 FY2020,174.5836,15.5178,14.1835,41.6153,419.1937,157.4053
601857.SH,Q1 FY2016,0.3528,610.32,-1.1736,-109.42,2.3935,1.0572
601857.SH,Q2 FY2016,0.7391,1118.42,0.0447,169.01,2.4185,1.0564
601857.SH,Q3 FY2016,1.1504,1909.17,0.146,207.86,2.406,1.0414
601857.SH,Q4 FY2016,1.6169,2651.79,0.6669,294.14,2.397,1.0239
601857.SH,Q1 FY2017,0.4936,729.88,0.4775,106.17,2.3902,1.0038
601857.SH,Q2 FY2017,0.9759,1448.33,1.0618,209.61,2.4,1.0158
601857.SH,Q3 FY2017,1.4577,2442.95,1.4574,298.9,2.4461,1.0662
601857.SH,Q4 FY2017,2.0159,3666.55,1.9129,367.88,2.4049,1.0233
601857.SH,Q1 FY2018,0.5427,618.02,0.8476,152.09,2.3979,1.006
601857.SH,Q2 FY2018,1.1088,1461.58,2.255,373.4,2.4083,1.008
601857.SH,Q3 FY2018,1.7099,2569.37,3.9909,633.23,2.4836,1.0683
601857.SH,Q4 FY2018,2.3536,3515.65,4.3668,724.1,2.4326,1.0216
601857.SH,Q1 FY2019,0.591,620.22,0.84,160.45,2.6344,1.2077
601857.SH,Q2 FY2019,1.1963,1344.25,2.328,391.35,2.6378,1.2117
601857.SH,Q3 FY2019,1.8144,2393.96,3.0558,535.37,2.7012,1.2683
601857.SH,Q4 FY2019,2.5168,3596.1,3.7364,670.1,2.7332,1.2886
601857.SH,Q1 FY2020,0.5091,-180.96,-1.3291,-133.53,2.7273,1.2986
601857.SH,Q2 FY2020,0.929,790.8,-2.4788,-233.27,2.6776,1.277
601857.SH,Q3 FY2020,1.4262,1633.03,0.8246,206.75,2.5669,1.2057
601857.SH,Q4 FY2020,1.9338,3185.75,1.5538,334.81,2.4884,1.1215
601866.SH,Q1 FY2016,53.1725,6.9623,-4.2767,-8.4161,1028.2438,844.792
601866.SH,Q2 FY2016,33.5164,44.6558,0.117,0.2839,1012.9368,871.4675
601866.SH,Q3 FY2016,33.9635,10.9855,1.4846,2.1485,1113.4726,970.876
601866.SH,Q4 FY2016,35.7109,14.9591,7.3857,10.1243,1254.4142,1118.7831
601866.SH,Q1 FY2017,37.3117,9.4578,2.5832,3.6397,1236.8025,1094.8382
601866.SH,Q2 FY2017,39.85,24.4134,5.0799,7.2354,1249.2083,1101.7478
601866.SH,Q3 FY2017,41.7855,10.1747,0.5943,1.0324,1233.4607,1084.2069
601866.SH,Q4 FY2017,40.4562,75.2494,2.1057,3.4167,1390.3766,1221.6387
601866.SH,Q1 FY2018,36.4064,-12.1096,1.695,3.037,1352.456,1177.833
601866.SH,Q2 FY2018,45.9958,29.8288,0.2791,0.7532,1445.9184,1275.9684
601866.SH,Q3 FY2018,48.7542,21.6202,2.9048,4.7855,1345.8364,1179.7993
601866.SH,Q4 FY2018,32.2222,26.1526,3.352,5.8063,1378.3742,1197.9729
601866.SH,Q1 FY2019,32.0097,18.6024,3.0896,5.9638,1386.3568,1180.7082
601866.SH,Q2 FY2019,36.4658,11.3074,1.3919,3.071,1427.4898,1191.8788
601866.SH,Q3 FY2019,33.3539,13.4076,1.6389,3.8764,1458.8025,1221.3781
601866.SH,Q4 FY2019,40.0624,42.3476,1.8854,4.5202,1444.9412,1202.864
601866.SH,Q1 FY2020,34.4361,10.6095,1.4061,3.4196,1544.3509,1300.0502
601866.SH,Q2 FY2020,43.7312,25.9044,2.1113,5.1136,1515.6851,1275.5959
601866.SH,Q3 FY2020,48.9107,20.1181,3.3336,8.1872,1466.2383,1215.1285
601866.SH,Q4 FY2020,62.3351,42.3127,1.8532,4.5848,1460.3879,1216.6879
601899.SH,Q1 FY2016,193.9768,4.4206,0.2329,0.8172,925.8232,608.8815
601899.SH,Q2 FY2016,388.899,36.3164,1.988,5.7667,874.9433,567.7442
601899.SH,Q3 FY2016,572.9134,53.0944,5.2426,14.5202,869.8794,565.8024
601899.SH,Q4 FY2016,788.5114,86.0167,6.6539,16.8727,892.177,581.0119
601899.SH,Q1 FY2017,184.5747,10.1546,3.5351,11.0361,917.8688,592.0606
601899.SH,Q2 FY2017,375.2363,33.0581,4.958,17.6272,948.7568,584.0557
601899.SH,Q3 FY2017,619.7726,57.6488,7.1398,26.7163,936.5926,559.6978
601899.SH,Q4 FY2017,945.4862,97.6436,11.1778,32.4755,893.1526,516.7242
601899.SH,Q1 FY2018,228.6359,13.2694,3.0795,13.851,909.6529,528.3463
601899.SH,Q2 FY2018,498.1389,49.8069,7.2209,30.6875,909.8894,532.6779
601899.SH,Q3 FY2018,761.7278,66.1958,9.4723,39.0797,912.6602,530.0528
601899.SH,Q4 FY2018,1059.9425,102.3301,10.8509,46.8268,1128.793,656.0559
601899.SH,Q1 FY2019,290.4194,12.8493,2.1302,10.4989,1131.3422,659.4515
601899.SH,Q2 FY2019,671.984,44.0621,4.5547,22.3917,1165.8196,695.6182
601899.SH,Q3 FY2019,1016.2733,60.5729,7.3225,35.7538,1175.3979,698.1748
601899.SH,Q4 FY2019,1360.9798,106.6556,9.3494,50.609,1238.3095,667.5135
601899.SH,Q1 FY2020,361.6186,23.2603,2.063,13.2642,1396.7765,810.9715
601899.SH,Q2 FY2020,831.4226,64.7508,4.7714,30.9099,1498.0464,903.3933
601899.SH,Q3 FY2020,1304.3351,99.0494,8.8259,57.9695,1709.1395,1017.5836
601899.SH,Q4 FY2020,1715.0134,142.684,12.0837,84.5804,1823.1325,1077.1681
601901.SH,Q1 FY2016,19.2495,-127.6675,2.4184,8.4547,1638.0252,1280.9489
601901.SH,Q2 FY2016,25.6267,79.7276,3.728,12.9791,1444.5176,1089.1067
601901.SH,Q3 FY2016,17.4944,-134.1128,1.4583,5.1441,1457.9758,1095.8349
601901.SH,Q4 FY2016,15.2283,-66.4945,-0.2704,-0.7547,1523.3873,1161.4189
601901.SH,Q1 FY2017,13.2452,19.6787,1.135,4.1255,1495.9408,1129.1586
601901.SH,Q2 FY2017,16.4365,88.757,1.1593,4.0008,1500.9852,1129.0412
601901.SH,Q3 FY2017,17.3498,-60.8266,1.3757,5.1823,1563.2488,1183.6967
601901.SH,Q4 FY2017,12.4983,38.9428,0.3279,1.2172,1483.3626,1101.4062
601901.SH,Q1 FY2018,12.9462,-14.6181,0.8417,3.0989,1500.4345,1113.855
601901.SH,Q2 FY2018,10.1431,-22.6658,-0.2943,-1.1229,1545.641,1162.4259
601901.SH,Q3 FY2018,13.9573,-35.6585,0.6601,2.7688,1547.3486,1159.2074
601901.SH,Q4 FY2018,20.1437,9.0467,0.5466,2.0585,1482.2176,1095.5602
601901.SH,Q1 FY2019,18.4494,199.9913,1.5437,5.8219,1494.8493,1101.5489
601901.SH,Q2 FY2019,17.4339,13.5526,0.4582,1.6438,1550.9821,1158.1403
601901.SH,Q3 FY2019,13.7892,-32.3463,0.8094,3.1256,1416.2246,1020.0563
601901.SH,Q4 FY2019,16.2769,71.8858,-0.1745,-0.7626,1365.9519,971.1481
601901.SH,Q1 FY2020,19.3568,87.4068,0.9806,3.7853,1320.9539,924.477
601901.SH,Q2 FY2020,14.5726,-37.5277,0.6757,2.7466,1280.8765,884.5009
601901.SH,Q3 FY2020,23.316,10.8001,2.1291,8.4496,1202.9379,797.9672
601901.SH,Q4 FY2020,18.1727,14.9224,-0.9703,-3.0002,1232.5637,828.9896
601872.SH,Q1 FY2016,16.5443,11.5755,3.0265,7.0264,318.8883,130.7457
601872.SH,Q2 FY2016,31.6318,23.8529,10.8846,20.9961,346.2517,146.3869
601872.SH,Q3 FY2016,44.6843,30.5489,12.1277,24.1737,364.237,159.9527
601872.SH,Q4 FY2016,60.2507,35.1393,11.6627,22.5186,386.1662,176.449
601872.SH,Q1 FY2017,17.6048,11.9733,1.8796,5.2326,391.2236,177.2685
601872.SH,Q2 FY2017,32.6768,21.283,3.2196,7.9544,423.8174,210.661
601872.SH,Q3 FY2017,45.9664,25.0113,4.4564,9.7328,388.2658,192.1761
601872.SH,Q4 FY2017,60.9535,29.5315,3.9405,9.2292,377.9089,185.2453
601872.SH,Q1 FY2018,13.9079,4.2732,0.3146,0.0623,370.3503,183.9133
601872.SH,Q2 FY2018,26.8489,8.2178,0.6863,0.1571,400.7579,205.7366
601872.SH,Q3 FY2018,73.1899,13.4022,2.5324,3.5896,483.7423,287.8643
601872.SH,Q4 FY2018,109.311,41.2225,6.5786,10.8982,499.5555,296.2874
601872.SH,Q1 FY2019,31.3552,8.6449,1.39,2.7988,516.6023,313.6866
601872.SH,Q2 FY2019,63.7586,18.9146,2.3309,4.8148,523.2913,318.5063
601872.SH,Q3 FY2019,98.0706,31.0448,3.4865,7.3582,532.0838,319.4361
601872.SH,Q4 FY2019,145.5641,46.2401,7.0773,16.2649,548.1764,290.6885
601872.SH,Q1 FY2020,45.7958,14.7487,4.8918,12.5298,638.9133,370.1686
601872.SH,Q2 FY2020,96.7914,34.7064,11.532,30.4662,653.8692,374.2869
601872.SH,Q3 FY2020,142.0522,57.8479,15.0159,39.9283,634.4514,353.3201
601872.SH,Q4 FY2020,180.7293,75.6471,10.9173,28.1191,586.3467,326.3053
601939.SH,Q1 FY2016,1879.44,3600.31,4.6329,679.11,19.1438,17.6336
601939.SH,Q2 FY2016,1449.08,1117.01,4.3722,659.92,19.7601,18.2542
601939.SH,Q3 FY2016,1397.2,5475.59,3.9568,607.67,20.5007,18.9292
601939.SH,Q4 FY2016,1325.18,-1367.59,2.3996,377.19,20.9637,19.3741
601939.SH,Q1 FY2017,1707.98,2633.13,4.3568,702.31,21.6952,20.0446
601939.SH,Q2 FY2017,1495.9,-3843.59,4.1843,687.78,21.6921,20.0475
601939.SH,Q3 FY2017,1516.06,2564.7,3.7887,632.64,22.0539,20.3453
601939.SH,Q4 FY2017,1496.65,-563.34,2.3631,413.42,22.1244,20.3286
601939.SH,Q1 FY2018,1832.21,3483.73,4.0814,740.76,22.8487,20.9951
601939.SH,Q2 FY2018,1566.82,-742.93,3.9728,733.89,22.8052,20.9406
601939.SH,Q3 FY2018,1601.44,4707.86,3.5583,673.91,23.3541,21.4152
601939.SH,Q4 FY2018,1588.44,-1290.35,2.0801,407.7,23.2227,21.2311
601939.SH,Q1 FY2019,1870.66,2816.6,3.8176,779.25,24.1909,22.1219
601939.SH,Q2 FY2019,1744.05,-1674.82,3.7613,777.83,24.3832,22.3111
601939.SH,Q3 FY2019,1781.64,637.61,3.3949,716.74,24.5177,22.3648
601939.SH,Q4 FY2019,1659.94,4033.48,1.9019,418.4,25.4363,23.2011
601939.SH,Q1 FY2020,2093.95,4950.18,3.5679,809.81,27.1102,24.7751
601939.SH,Q2 FY2020,1797.14,-4323.18,2.4699,579.58,27.6552,25.3539
601939.SH,Q3 FY2020,1823.26,5479.78,2.9633,686.7,28.2981,25.9523
601939.SH,Q4 FY2020,1844.23,-299.93,2.7829,659.7,28.1323,25.7429
601898.SH,Q1 FY2016,125.1268,-10.1401,-0.2679,-1.4205,2546.6111,1549.1222
601898.SH,Q2 FY2016,137.8812,39.9401,1.0067,10.4135,2539.1388,1535.1998
601898.SH,Q3 FY2016,151.8845,31.0822,0.3308,4.1664,2403.2487,1395.1945
601898.SH,Q4 FY2016,191.4237,59.7955,1.3338,16.1576,2418.4879,1398.883
601898.SH,Q1 FY2017,178.6477,22.4017,1.3503,18.3988,2436.3597,1395.8249
601898.SH,Q2 FY2017,192.3919,30.9606,0.5993,10.3543,2433.4291,1387.6772
601898.SH,Q3 FY2017,226.8914,53.0401,0.8346,13.0345,2478.853,1418.0402
601898.SH,Q4 FY2017,213.3014,71.6716,-0.0203,2.6732,2488.3895,1427.544
601898.SH,Q1 FY2018,257.647,8.2079,1.5695,22.0977,2494.2767,1407.1307
601898.SH,Q2 FY2018,244.4529,74.3515,1.4814,21.2686,2562.281,1475.3369
601898.SH,Q3 FY2018,269.2743,85.6399,1.4943,20.4163,2617.2249,1510.1482
601898.SH,Q4 FY2018,270.0266,35.9445,-0.7483,-1.5068,2646.5847,1539.7654
601898.SH,Q1 FY2019,295.5241,41.3384,1.6581,25.8994,2691.8258,1559.5232
601898.SH,Q2 FY2019,314.7929,61.067,2.3786,33.6377,2719.7495,1561.7763
601898.SH,Q3 FY2019,332.0689,66.6594,2.0472,28.0887,2766.7917,1574.881
601898.SH,Q4 FY2019,350.5514,50.7744,-0.1383,-1.6984,2724.8317,1551.1409
601898.SH,Q1 FY2020,275.1223,45.9358,0.6638,14.0542,2783.2965,1591.1159
601898.SH,Q2 FY2020,338.8096,45.8468,1.6928,24.3391,2824.2933,1626.3606
601898.SH,Q3 FY2020,388.5112,102.7864,1.8644,26.8819,2839.9557,1619.7412
601898.SH,Q4 FY2020,407.17,31.7509,1.7436,23.9823,2816.8638,1578.3268
601919.SH,Q1 FY2016,146.088,-5.7756,-19.0025,-43.698,1158.5928,743.8933
601919.SH,Q2 FY2016,163.3241,6.2155,-12.7228,-24.258,1178.4034,786.2736
601919.SH,Q3 FY2016,189.3328,-6.2624,-10.3646,-18.0093,1208.2722,834.5005
601919.SH,Q4 FY2016,212.8569,21.0179,-3.7252,-5.047,1196.5273,821.0386
601919.SH,Q1 FY2017,201.0145,-6.4387,1.4557,4.7931,1205.743,820.4359
601919.SH,Q2 FY2017,233.6721,24.2565,8.1366,29.2205,1242.6415,826.6278
601919.SH,Q3 FY2017,241.301,34.2295,4.2103,11.6516,1324.4256,894.6183
601919.SH,Q4 FY2017,228.652,18.8731,-0.3543,2.6417,1331.9,894.7942
601919.SH,Q1 FY2018,219.2337,-5.2919,0.8857,4.9568,1293.5889,860.0282
601919.SH,Q2 FY2018,231.5184,9.9546,-0.6831,2.7345,1472.123,1029.9496
601919.SH,Q3 FY2018,370.5486,40.0783,3.8074,13.6045,2278.7239,1728.8647
601919.SH,Q4 FY2018,386.9946,36.5669,1.6253,8.9677,2281.438,1717.9092
601919.SH,Q1 FY2019,350.751,40.9241,2.6421,10.9239,2562.014,1940.9034
601919.SH,Q2 FY2019,370.2607,53.7443,1.8781,10.757,2559.9506,1931.8735
601919.SH,Q3 FY2019,395.1613,55.3521,2.9195,13.5617,2643.0502,1997.7139
601919.SH,Q4 FY2019,394.3939,62.0032,14.0494,68.255,2622.2403,1930.9879
601919.SH,Q1 FY2020,361.089,15.3408,0.8188,6.7423,2495.3173,1799.4753
601919.SH,Q2 FY2020,379.4403,99.0361,2.3246,12.641,2543.8209,1834.7961
601919.SH,Q3 FY2020,436.5581,112.9588,7.1751,35.9309,2475.8467,1747.2574
601919.SH,Q4 FY2020,535.501,222.9698,14.6361,76.5607,2719.2607,1932.2902
601958.SH,Q1 FY2016,21.5814,-1.383,-0.6365,-83.3936,158.0782,28.3452
601958.SH,Q2 FY2016,27.4289,0.3039,-0.1229,-14.1042,163.5339,34.1016
601958.SH,Q3 FY2016,27.9756,-0.9745,0.4883,68.4146,157.601,28.1485
601958.SH,Q4 FY2016,24.6641,1.2163,0.6993,96.3504,158.7433,28.7849
601958.SH,Q1 FY2017,26.2145,-1.5978,0.0354,4.6847,162.5025,32.6928
601958.SH,Q2 FY2017,26.0304,1.8115,0.0853,16.4253,162.5108,33.6063
601958.SH,Q3 FY2017,29.0668,-2.9572,0.1784,34.379,160.1569,31.2255
601958.SH,Q4 FY2017,20.7488,6.655,0.5461,65.5106,159.2215,29.1564
601958.SH,Q1 FY2018,19.8481,-5.7141,0.5025,77.9005,159.9145,28.9504
601958.SH,Q2 FY2018,22.1028,2.2395,0.6544,100.0827,159.8882,27.8154
601958.SH,Q3 FY2018,22.871,-0.6415,0.6078,99.3864,159.8169,27.9464
601958.SH,Q4 FY2018,22.9625,8.136,1.1924,179.9017,155.833,22.23
601958.SH,Q1 FY2019,21.9859,1.2661,0.5944,99.6771,157.1246,22.3939
601958.SH,Q2 FY2019,23.3842,1.224,1.4734,222.0176,159.9313,22.902
601958.SH,Q3 FY2019,21.858,6.1322,1.3124,204.1366,153.6142,17.5358
601958.SH,Q4 FY2019,24.2867,6.0254,0.931,122.9851,152.9203,17.4863
601958.SH,Q1 FY2020,19.7295,-2.9593,0.5869,103.4319,153.2271,16.6425
601958.SH,Q2 FY2020,20.8711,2.1523,0.3716,68.0696,154.2987,16.997
601958.SH,Q3 FY2020,18.8029,0.719,-0.0901,-1.0937,144.1051,16.5117
601958.SH,Q4 FY2020,16.3658,4.3789,0.5448,89.8586,142.9913,15.3682
601969.SH,Q1 FY2016,1.2532,-1.2731,-1.3648,-58.4495,56.222,13.7483
601969.SH,Q2 FY2016,2.3051,1.3844,-1.0563,-44.3831,56.3114,14.7468
601969.SH,Q3 FY2016,2.5671,2.1328,-0.7795,-32.2967,63.7094,22.129
601969.SH,Q4 FY2016,2.9512,1.6373,-3.6995,-149.643,63.8156,23.5201
601969.SH,Q1 FY2017,4.8837,0.8036,1.1216,51.3441,74.9834,25.2329
601969.SH,Q2 FY2017,6.3843,1.2879,-0.3922,-13.2205,77.7344,28.168
601969.SH,Q3 FY2017,6.3512,0.0107,0.0271,6.5991,78.4472,28.8448
601969.SH,Q4 FY2017,9.9424,0.4285,0.2725,11.9194,77.6503,28.1218
601969.SH,Q1 FY2018,5.0293,1.3734,-2.2391,-109.8887,77.8951,29.4537
601969.SH,Q2 FY2018,2.7661,-1.2444,-2.043,-95.8608,77.6926,30.6894
601969.SH,Q3 FY2018,2.8052,-0.0392,-7.2823,-330.2804,72.973,29.2686
601969.SH,Q4 FY2018,3.2654,0.8276,-5.4013,-229.8491,70.5396,29.1352
601969.SH,Q1 FY2019,6.7465,1.7491,0.7965,33.1113,66.1877,24.4522
601969.SH,Q2 FY2019,15.8022,4.6557,0.2979,23.4675,86.4638,37.094
601969.SH,Q3 FY2019,7.9678,0.4422,1.7299,85.0213,86.3322,35.3846
601969.SH,Q4 FY2019,6.6663,3.501,0.4202,40.3411,86.3484,35.4009
601969.SH,Q1 FY2020,7.8474,2.7911,0.1239,8.9585,85.2109,33.7948
601969.SH,Q2 FY2020,4.854,2.1772,0.3542,6.5793,85.1422,33.6461
601969.SH,Q3 FY2020,7.2543,0.2681,1.1346,39.7128,85.4912,34.5561
601969.SH,Q4 FY2020,7.681,-2.2706,2.0021,58.2517,85.1804,34.5741
601933.SH,Q1 FY2016,134.1588,13.248,3.7876,4.6464,208.3162,80.8579
601933.SH,Q2 FY2016,111.0198,-0.7754,1.5816,1.9917,201.0043,77.478
601933.SH,Q3 FY2016,124.9741,11.236,0.9389,1.4226,280.2725,91.9318
601933.SH,Q4 FY2016,122.1638,-4.4267,2.2466,4.0765,294.3821,101.9682
601933.SH,Q1 FY2017,152.6139,9.0176,3.8008,7.2585,298.7156,97.5882
601933.SH,Q2 FY2017,130.555,17.037,1.5946,2.9184,291.2189,97.2184
601933.SH,Q3 FY2017,149.9096,5.247,1.7475,2.9628,303.4401,104.2268
601933.SH,Q4 FY2017,152.835,-4.8914,2.1511,3.707,328.7047,124.6242
601933.SH,Q1 FY2018,187.6718,15.1878,3.807,6.5325,325.9012,129.7557
601933.SH,Q2 FY2018,156.3022,-2.1051,0.9825,0.9351,318.8351,124.7028
601933.SH,Q3 FY2018,182.948,10.8358,0.4532,-0.3452,380.0977,184.4717
601933.SH,Q4 FY2018,178.2446,-6.3094,2.4281,2.8517,396.2698,201.9471
601933.SH,Q1 FY2019,222.3591,16.1791,5.6337,11.2814,405.0026,198.7363
601933.SH,Q2 FY2019,189.4018,3.82,1.213,2.3764,425.6476,224.3569
601933.SH,Q3 FY2019,223.673,2.8314,0.8358,1.2394,452.4147,245.2301
601933.SH,Q4 FY2019,213.3357,-18.6672,0.125,-0.3687,523.5302,318.986
601933.SH,Q1 FY2020,292.5658,42.1273,7.499,15.9129,525.7389,305.0205
601933.SH,Q2 FY2020,212.5929,8.2005,1.3475,2.7271,512.2488,297.499
601933.SH,Q3 FY2020,221.5379,10.3725,0.8377,1.6282,527.2935,310.6401
601933.SH,Q4 FY2020,205.2945,0.6968,-1.1603,-3.7364,561.5798,357.6478
601928.SH,Q1 FY2016,21.7563,1.6539,2.308,2.5243,180.0636,63.8836
601928.SH,Q2 FY2016,28.1759,8.2315,4.4361,5.127,181.2594,60.2724
601928.SH,Q3 FY2016,18.5032,0.1245,0.9319,1.019,191.3684,71.8077
601928.SH,Q4 FY2016,37.0297,9.0309,2.787,3.4216,193.1815,69.8373
601928.SH,Q1 FY2017,24.4527,3.8272,2.4816,2.9349,195.4696,69.1561
601928.SH,Q2 FY2017,28.8493,8.6874,4.0258,5.0752,201.8232,70.6015
601928.SH,Q3 FY2017,20.3473,-2.604,0.7465,0.9982,208.777,80.4546
601928.SH,Q4 FY2017,36.8555,8.2585,2.3894,3.0972,205.7734,74.645
601928.SH,Q1 FY2018,20.4517,1.7338,2.1324,2.5797,206.233,72.9371
601928.SH,Q2 FY2018,33.3074,9.8977,4.022,5.3787,208.0962,74.2311
601928.SH,Q3 FY2018,24.8065,3.0636,2.5182,3.3581,224.1158,86.9791
601928.SH,Q4 FY2018,39.3213,7.1852,1.6734,2.5783,217.6285,78.2111
601928.SH,Q1 FY2019,23.5011,6.9792,2.3881,3.2526,224.5748,82.0642
601928.SH,Q2 FY2019,38.3663,1.7336,4.1696,5.878,231.6959,90.8628
601928.SH,Q3 FY2019,24.7335,4.2656,1.9904,2.5079,234.3573,91.2492
601928.SH,Q4 FY2019,39.2535,10.9078,1.4871,2.4996,238.2202,92.6691
601928.SH,Q1 FY2020,20.8956,4.4167,1.8619,2.5755,237.1242,88.7295
601928.SH,Q2 FY2020,33.3793,6.6986,3.9542,5.9728,240.328,85.9312
601928.SH,Q3 FY2020,25.9101,15.5859,1.7424,2.5218,255.0516,106.1556
601928.SH,Q4 FY2020,41.1639,9.2823,3.51,5.0644,256.4995,103.1291
601991.SH,Q1 FY2016,131.4994,42.3409,1.5067,4.8631,3011.5826,2373.0444
601991.SH,Q2 FY2016,160.486,64.9122,2.2447,15.4913,3011.9706,2398.2461
601991.SH,Q3 FY2016,153.04,83.9812,-11.5566,-7.9248,2279.55,1704.6011
601991.SH,Q4 FY2016,146.2178,13.2956,1.3195,7.6552,2332.2243,1746.2865
601991.SH,Q1 FY2017,153.1208,39.561,1.576,6.0582,2320.3878,1727.8261
601991.SH,Q2 FY2017,147.3584,33.925,1.1088,7.1712,2318.1132,1721.9473
601991.SH,Q3 FY2017,175.9605,71.4248,2.0089,13.3894,2329.4095,1727.3816
601991.SH,Q4 FY2017,169.6379,36.5102,-0.4749,-2.1241,2356.7379,1757.391
601991.SH,Q1 FY2018,173.4462,52.6855,1.1182,8.2402,2514.94,1773.9524
601991.SH,Q2 FY2018,281.9881,29.1368,1.604,14.2051,2832.8534,2177.0374
601991.SH,Q3 FY2018,235.5588,88.443,0.8433,7.6406,2838.4946,2176.2993
601991.SH,Q4 FY2018,242.9031,22.8757,-1.0805,-2.185,2879.1639,2177.3985
601991.SH,Q1 FY2019,226.6618,64.1472,0.854,7.7308,2829.6492,2120.0318
601991.SH,Q2 FY2019,223.7427,35.6748,0.8323,10.0019,2818.8309,2084.9288
601991.SH,Q3 FY2019,240.0332,56.7415,1.0496,11.627,2821.8738,2016.5251
601991.SH,Q4 FY2019,264.0929,60.1341,-0.6326,0.4129,2821.2033,2003.6755
601991.SH,Q1 FY2020,221.3694,68.093,1.0854,8.9597,2820.6689,1996.6374
601991.SH,Q2 FY2020,223.4119,53.5139,1.605,17.5267,2812.9997,1950.6239
601991.SH,Q3 FY2020,244.5854,93.588,1.3009,17.7184,2759.9292,1897.0186
601991.SH,Q4 FY2020,266.7776,52.3423,0.5215,8.9557,2803.3351,1889.4095
601989.SH,Q1 FY2016,101.054,-33.9867,0.3708,1.2522,1890.8102,1306.5906
601989.SH,Q2 FY2016,139.8853,10.32,0.9909,5.1128,1856.4105,1270.3758
601989.SH,Q3 FY2016,95.9353,-4.3588,0.2144,0.4311,1857.8303,1271.0353
601989.SH,Q4 FY2016,183.7666,-3.2066,-0.354,-6.4248,1842.8293,1266.7645
601989.SH,Q1 FY2017,105.309,-13.2495,0.4886,2.1378,1883.7382,1305.4758
601989.SH,Q2 FY2017,86.9731,15.5662,0.5954,-2.5521,1984.1868,1370.9052
601989.SH,Q3 FY2017,66.6802,6.5097,0.7659,3.7198,2086.6086,1250.477
601989.SH,Q4 FY2017,128.7954,-22.9841,-0.4199,-5.7285,1954.4871,1120.8521
601989.SH,Q1 FY2018,61.1516,-1.9673,0.3715,2.5793,2011.9194,1175.5973
601989.SH,Q2 FY2018,133.0391,5.5256,0.806,3.5625,2030.3703,1192.9742
601989.SH,Q3 FY2018,104.519,54.2114,0.5468,1.4584,2067.8669,1229.0088
601989.SH,Q4 FY2018,146.1256,-51.0798,-0.9496,-10.0131,1861.3718,1019.9161
601989.SH,Q1 FY2019,60.6502,-32.078,0.6251,5.2018,1748.0246,892.1817
601989.SH,Q2 FY2019,108.2099,-34.1652,0.7313,6.2223,1722.1387,869.4615
601989.SH,Q3 FY2019,73.262,16.6592,0.0865,0.7646,1769.4641,920.0401
601989.SH,Q4 FY2019,138.4435,59.22,-0.9562,-8.5507,1824.9938,963.0894
601989.SH,Q1 FY2020,45.2263,2.1538,0.1182,1.0041,1851.2742,989.6746
601989.SH,Q2 FY2020,128.9197,-32.2554,-0.0619,-0.5848,1745.1204,883.268
601989.SH,Q3 FY2020,73.5523,28.0172,-0.1885,-1.5588,1750.3856,889.8875
601989.SH,Q4 FY2020,101.3636,94.767,-0.3117,-2.8781,1723.5838,862.5578
601988.SH,Q1 FY2016,1228.19,-1506.63,3.5143,486.33,17.04,15.637
601988.SH,Q2 FY2016,1390.76,1849.96,3.443,586.75,17.6013,16.181
601988.SH,Q3 FY2016,1071.75,-870.17,3.0518,442.5,17.8575,16.3926
601988.SH,Q4 FY2016,1145.6,2347.65,2.1251,324.93,18.1489,16.6618
601988.SH,Q1 FY2017,1292.95,3846.91,3.2586,503.27,18.9175,17.3889
601988.SH,Q2 FY2017,1189.41,2370.07,3.93,602.22,19.426,17.8981
601988.SH,Q3 FY2017,1158.36,-2430.37,2.8518,445.86,19.4224,17.8607
601988.SH,Q4 FY2017,1192.06,274.75,1.8071,298.51,19.4674,17.8907
601988.SH,Q1 FY2018,1260.15,3826.82,3.2664,521.83,20.1598,18.5762
601988.SH,Q2 FY2018,1254.32,-236.13,3.9645,633.92,20.2949,18.6843
601988.SH,Q3 FY2018,1246.94,2119.86,2.8455,471.73,20.9257,19.2366
601988.SH,Q4 FY2018,1279.66,913.03,1.6801,296.87,21.2673,19.5419
601988.SH,Q1 FY2019,1410.34,-2351.56,3.0734,547.88,21.6166,19.7989
601988.SH,Q2 FY2019,1356.99,1442.62,3.611,666.54,22.266,20.3586
601988.SH,Q3 FY2019,1396,-4698.33,2.4903,498.04,22.6082,20.6204
601988.SH,Q4 FY2019,1328.49,764.61,1.4968,306.45,22.7697,20.793
601988.SH,Q1 FY2020,1481.06,4343.46,2.7812,563.22,24.0246,21.9661
601988.SH,Q2 FY2020,1376.04,-2969.89,2.4863,514.9,24.1529,22.0642
601988.SH,Q3 FY2020,1432.46,-875.13,2.2751,481.74,24.7039,22.598
601988.SH,Q4 FY2020,1365.75,231.84,2.3476,491.1,24.4027,22.2398
601985.SH,Q1 FY2016,66.8184,33.8276,2.6503,18.2895,2614.471,1942.8481
601985.SH,Q2 FY2016,74.4915,52.3075,3.7806,26.201,2692.5575,2018.8462
601985.SH,Q3 FY2016,78.2069,56.398,3.1574,23.1818,2763.4603,2065.2684
601985.SH,Q4 FY2016,80.5707,42.6771,1.8033,13.4112,2820.4662,2103.2086
601985.SH,Q1 FY2017,79.6655,47.7132,2.942,21.708,2850.2933,2109.4252
601985.SH,Q2 FY2017,82.6863,48.1593,3.1886,23.182,2923.89,2201.7071
601985.SH,Q3 FY2017,91.2022,56.891,3.6819,27.7049,3000.7323,2242.5504
601985.SH,Q4 FY2017,82.345,46.3021,0.9091,7.7665,3031.9254,2255.6587
601985.SH,Q1 FY2018,82.5527,46.252,2.7715,21.8259,3105.4739,2302.3849
601985.SH,Q2 FY2018,96.7079,60.6048,2.9542,23.9539,3140.9337,2351.4497
601985.SH,Q3 FY2018,102.2931,78.2505,2.8305,23.423,3194.9653,2374.3307
601985.SH,Q4 FY2018,111.5003,48.9719,2.0381,16.1614,3234.8104,2399.1044
601985.SH,Q1 FY2019,107.3912,54.8817,2.9479,26.0138,3314.1801,2451.8366
601985.SH,Q2 FY2019,112.4899,90.7118,2.5232,21.7447,3413.5001,2554.325
601985.SH,Q3 FY2019,118.9763,85.8325,2.2291,19.5557,3433.3262,2552.3873
601985.SH,Q4 FY2019,121.8142,29.2658,1.8717,16.7595,3476.3893,2573.5609
601985.SH,Q1 FY2020,106.2608,58.7297,2.0483,19.2909,3535.2392,2612.3962
601985.SH,Q2 FY2020,126.0763,60.6383,3.7838,32.6084,3583.4318,2677.8658
601985.SH,Q3 FY2020,137.0792,103.4621,3.5276,35.2277,3598.4062,2601.0217
601985.SH,Q4 FY2020,153.3482,88.4476,1.6892,22.3444,3817.4597,2652.563
601998.SH,Q1 FY2016,404.79,535.08,3.4656,112.03,5.4778,5.1472
601998.SH,Q2 FY2016,377.26,-38.76,3.7659,124.74,5.6068,5.2749
601998.SH,Q3 FY2016,371.31,-788.74,3.2564,109.46,5.5415,5.1941
601998.SH,Q4 FY2016,384.45,2480.53,1.9646,71.63,5.9311,5.5466
601998.SH,Q1 FY2017,377.78,-1585.95,2.9693,113.92,5.7519,5.3587
601998.SH,Q2 FY2017,388.02,710.81,3.2559,127.72,5.6512,5.2585
601998.SH,Q3 FY2017,387.27,829.73,2.7387,107.31,5.537,5.1358
601998.SH,Q4 FY2017,414.01,586.15,1.9679,79.83,5.6777,5.2653
601998.SH,Q1 FY2018,396.38,-562.07,3.0174,124.29,5.6247,5.2052
601998.SH,Q2 FY2018,414.14,686.07,3.3152,137.46,5.8074,5.3837
601998.SH,Q3 FY2018,403.32,1648.32,2.653,112.97,5.8648,5.4276
601998.SH,Q4 FY2018,434.7,-749.16,1.7923,79.04,6.0667,5.6136
601998.SH,Q1 FY2019,474.1,-84.34,2.97,134.02,6.2414,5.7714
601998.SH,Q2 FY2019,457.4,169.81,3.3156,154.35,6.3988,5.9268
601998.SH,Q3 FY2019,492.37,321.6,2.6827,127.07,6.4619,5.9759
601998.SH,Q4 FY2019,451.97,762.62,1.4701,74.5,6.7504,6.2179
601998.SH,Q1 FY2020,515.09,-729.23,2.7418,145.59,7.0324,6.4802
601998.SH,Q2 FY2020,505.04,1397.76,2.0767,114.05,7.0806,6.5343
601998.SH,Q3 FY2020,471.61,-164.99,2.1366,113.99,7.3234,6.7738
601998.SH,Q4 FY2020,455.57,1065.09,2.2365,121.69,7.5112,6.9511
603000.SH,Q1 FY2016,2.918,-1.0718,1.4283,115.3605,35.3945,4.1666
603000.SH,Q2 FY2016,2.8936,0.0928,-0.2665,-2.7533,36.04,5.4309
603000.SH,Q3 FY2016,3.3074,-0.1105,1.6192,49.0904,35.4549,4.351
603000.SH,Q4 FY2016,5.199,3.4913,1.1341,41.6938,36.9933,5.5572
603000.SH,Q1 FY2017,2.7012,-0.7806,-1.6626,-58.8641,35.6475,5.4567
603000.SH,Q2 FY2017,2.9212,0.6761,0.6109,30.6838,35.2339,5.069
603000.SH,Q3 FY2017,3.5255,0.3072,1.644,52.8138,35.1194,4.9273
603000.SH,Q4 FY2017,4.8586,2.8606,2.6635,83.0332,36.5096,6.9421
603000.SH,Q1 FY2018,2.6732,-0.8537,-2.1015,-60.5655,35.3453,6.5887
603000.SH,Q2 FY2018,3.3616,0.108,1.2635,46.3203,35.5314,6.2956
603000.SH,Q3 FY2018,3.7971,1.4946,3.2729,102.6564,37.0495,7.1274
603000.SH,Q4 FY2018,7.1052,2.3734,5.0459,173.7203,41.3014,8.8857
603000.SH,Q1 FY2019,3.1328,-1.9122,-0.7843,-29.2707,39.2643,7.294
603000.SH,Q2 FY2019,4.7244,1.4156,2.2647,89.0328,41.5682,10.0757
603000.SH,Q3 FY2019,4.3164,2.7072,1.7322,63.9678,42.6842,10.3873
603000.SH,Q4 FY2019,9.3275,3.4729,7.9167,310.8474,46.8129,11.2777
603000.SH,Q1 FY2020,3.2092,-1.9375,-0.7459,-36.4535,44.4596,9.5193
603000.SH,Q2 FY2020,3.8377,-0.0965,1.5979,55.7231,44.3828,10.3214
603000.SH,Q3 FY2020,4.5923,1.5958,2.2345,81.8978,44.6297,9.7562
603000.SH,Q4 FY2020,9.3649,5.3622,6.8419,258.6789,49.9752,12.5216
603885.SH,Q1 FY2016,25.52,5.1477,12.6428,4.5203,144.7277,105.559
603885.SH,Q2 FY2016,21.9924,1.4262,4.5596,2.539,187.9351,112.8837
603885.SH,Q3 FY2016,30.1346,8.9635,7.3683,5.682,174.9701,97.4247
603885.SH,Q4 FY2016,21.6379,4.7352,-0.2026,-0.2434,173.5746,96.2237
603885.SH,Q1 FY2017,31.1399,4.1133,5.363,4.3211,189.0974,107.4177
603885.SH,Q2 FY2017,27.4655,4.2191,2.5593,2.0686,204.3463,123.7829
603885.SH,Q3 FY2017,38.2035,9.637,7.5067,6.3268,215.7529,128.8685
603885.SH,Q4 FY2017,27.308,9.6441,0.9508,0.8028,202.3691,114.5343
603885.SH,Q1 FY2018,36.0896,4.7644,4.8799,4.3795,208.4078,116.2052
603885.SH,Q2 FY2018,33.2144,3.2076,2.0698,1.8244,206.6271,116.7208
603885.SH,Q3 FY2018,41.8226,12.7246,8.8113,8.3252,199.0859,100.8693
603885.SH,Q4 FY2018,32.5351,-1.2075,-2.1102,-2.1332,214.5505,118.5466
603885.SH,Q1 FY2019,41.3183,1.6531,4.1598,4.0611,233.7522,133.756
603885.SH,Q2 FY2019,39.2953,6.1713,1.7983,1.7582,236.0976,134.2684
603885.SH,Q3 FY2019,49.4237,12.7645,5.8382,6.7384,287.0541,160.086
603885.SH,Q4 FY2019,37.4568,6.7785,-1.9009,-2.4374,331.3818,201.9441
603885.SH,Q1 FY2020,23.798,-13.8518,-4.2402,-4.9543,317.197,213.9811
603885.SH,Q2 FY2020,17.8957,1.3131,-1.8164,-1.8906,328.5599,228.4129
603885.SH,Q3 FY2020,30.0059,11.9544,1.8627,1.9432,333.206,222.4943
603885.SH,Q4 FY2020,29.316,6.7108,0.0541,0.0468,323.0847,214.2409
601992.SH,Q1 FY2016,74.3107,-6.1848,0.3948,0.8152,1328.718,905.7938
601992.SH,Q2 FY2016,160.1571,-10.2665,4.2835,15.1977,1361.2222,926.2921
601992.SH,Q3 FY2016,92.284,40.3727,1.0704,4.9727,1422.448,941.3519
601992.SH,Q4 FY2016,150.6359,11.1161,0.9416,5.9179,2083.9712,1454.8761
601992.SH,Q1 FY2017,113.3872,-79.4568,0.9918,0.5999,2096.04,1465.8489
601992.SH,Q2 FY2017,181.2712,-33.9696,3.1229,17.2204,2239.7088,1599.6087
601992.SH,Q3 FY2017,166.605,-24.6925,1.6572,11.4107,2272.7027,1621.5069
601992.SH,Q4 FY2017,175.5199,19.5736,0.4777,0.2726,2322.0748,1622.8967
601992.SH,Q1 FY2018,99.3934,-37.679,-0.4171,-6.3846,2353.0462,1662.0272
601992.SH,Q2 FY2018,254.2605,1.293,4.9922,35.6621,2541.5386,1778.1449
601992.SH,Q3 FY2018,206.9899,-11.9242,1.2532,14.1218,2635.5122,1844.3859
601992.SH,Q4 FY2018,270.5235,-2.1161,0.276,-0.585,2682.7609,1890.6159
601992.SH,Q1 FY2019,160.1088,-42.1025,0.7276,3.873,2770.826,1973.6697
601992.SH,Q2 FY2019,286.0021,51.5833,4.4308,35.7767,2773.2288,1957.0362
601992.SH,Q3 FY2019,227.5276,32.8161,1.1113,13.4901,2789.5027,1962.0285
601992.SH,Q4 FY2019,244.6546,52.9199,-0.0372,-1.3584,2821.2376,1995.9241
601992.SH,Q1 FY2020,137.1859,-37.8973,0.2238,-2.157,2840.1985,2020.5025
601992.SH,Q2 FY2020,272.0951,65.8743,2.2272,24.0329,2964.7416,2034.7485
601992.SH,Q3 FY2020,309.0845,-12.4629,1.8639,22.3764,2988.0851,2037.4008
601992.SH,Q4 FY2020,361.6834,139.0433,0.1996,7.3067,2913.5238,1968.962
603993.SH,Q1 FY2016,11.5733,2.6481,0.8079,1.3467,329.7968,149.4793
603993.SH,Q2 FY2016,11.0252,2.7015,2.1254,3.6689,343.344,165.6146
603993.SH,Q3 FY2016,12.3618,3.306,0.4073,0.6665,447.8949,265.0774
603993.SH,Q4 FY2016,34.5353,20.4927,2.267,4.5103,881.4684,538.0991
603993.SH,Q1 FY2017,57.8253,14.2725,3.1374,9.987,880.8833,531.6212
603993.SH,Q2 FY2017,58.7241,20.5417,1.2508,3.7075,879.8042,615.7961
603993.SH,Q3 FY2017,60.5159,21.8504,2.7485,9.1164,1002.0716,553.2416
603993.SH,Q4 FY2017,64.4103,27.6236,2.978,13.1452,978.3725,519.2811
603993.SH,Q1 FY2018,74.3214,25.7173,4.022,18.5594,981.9974,515.0612
603993.SH,Q2 FY2018,66.2766,28.3998,4.0077,17.4499,1009.1621,530.3396
603993.SH,Q3 FY2018,60.2402,27.837,2.5099,10.7738,1045.6798,546.0061
603993.SH,Q4 FY2018,58.7905,12.3912,1.2132,4.7174,1012.1612,516.1818
603993.SH,Q1 FY2019,44.7811,4.7637,0.7877,2.5558,1042.9154,550.9895
603993.SH,Q2 FY2019,55.0056,17.5345,1.2133,5.1792,997.3554,517.3434
603993.SH,Q3 FY2019,234.3038,-8.2723,1.096,4.0466,1225.5448,735.0805
603993.SH,Q4 FY2019,352.6751,3.0224,1.513,5.877,1168.6223,673.6663
603993.SH,Q1 FY2020,223.8253,58.8774,1.0982,4.2039,1247.8482,751.8558
603993.SH,Q2 FY2020,243.6133,-16.3635,1.3728,5.8176,1206.7161,711.3362
603993.SH,Q3 FY2020,335.625,54.0877,1.4837,7.055,1241.3222,751.7319
603993.SH,Q4 FY2020,326.7466,-11.6771,1.8149,7.7099,1224.4125,751.0639
603288.SH,Q1 FY2016,34.2489,2.2474,9.6964,8.0976,113.1763,33.6634
603288.SH,Q2 FY2016,27.4389,8.2194,8.1526,6.7616,104.6938,18.3309
603288.SH,Q3 FY2016,27.9156,7.1585,6.2104,5.5354,111.7444,19.8472
603288.SH,Q4 FY2016,34.9822,23.1151,8.3701,8.0367,134.6359,34.4982
603288.SH,Q1 FY2017,40.1103,-0.9296,9.3019,9.7571,132.3449,22.331
603288.SH,Q2 FY2017,34.2655,11.0263,8.06,8.4624,124.0748,23.9106
603288.SH,Q3 FY2017,34.0823,11.0009,6.9042,7.1637,135.5002,28.127
603288.SH,Q4 FY2017,37.385,26.1122,8.83,9.9315,163.3601,45.7184
603288.SH,Q1 FY2018,46.9442,4.5396,9.7356,12.0327,163.8128,34.1446
603288.SH,Q2 FY2018,40.2562,10.3562,8.4725,10.4557,150.8619,33.5602
603288.SH,Q3 FY2018,39.9171,13.1013,7.2634,8.8374,165.879,39.745
603288.SH,Q4 FY2018,43.2272,31.9653,9.3183,12.341,201.4379,62.5596
603288.SH,Q1 FY2019,54.9015,0.5307,10.1079,14.7764,202.2178,48.5631
603288.SH,Q2 FY2019,46.6982,8.7421,8.6804,12.7382,184.6582,44.7289
603288.SH,Q3 FY2019,46.6448,22.7254,7.4715,10.8583,206.279,55.4914
603288.SH,Q4 FY2019,49.7244,33.6775,9.594,15.1895,247.5389,81.5618
603288.SH,Q1 FY2020,58.8383,4.1446,9.2742,16.1415,252.5085,69.5861
603288.SH,Q2 FY2020,57.108,11.5563,9.3417,16.4172,236.3851,66.2563
603288.SH,Q3 FY2020,54.9153,16.4631,7.5022,13.2132,251.8726,68.5306
603288.SH,Q4 FY2020,57.0572,37.3404,9.5624,18.3184,295.3362,93.6759
