code,date,mcap,circ_mcap,pe,pb
000039.SZ,2020-12-31,426.0214,229.9873,33.6081,1.5342
000039.SZ,2020-11-30,443.5956,225.9982,33.0252,1.5076
000039.SZ,2020-10-31,369.839,181.8112,26.5681,1.2128
000039.SZ,2020-09-30,289.0496,137.4707,47.2885,0.9358
000039.SZ,2020-08-31,277.8023,133.6779,46.2329,0.9149
000039.SZ,2020-07-31,264.7189,127.2687,60.4083,0.873
000039.SZ,2020-06-30,228.883,110.2815,52.3684,0.7568
000039.SZ,2020-05-31,220.6041,107.2309,50.9197,0.7268
000039.SZ,2020-04-30,243.4274,113.3322,53.817,0.7681
000039.SZ,2020-03-31,253.9344,117.6031,17.9277,0.7842
000039.SZ,2020-02-29,254.4453,122.0206,16.8781,0.8137
000039.SZ,2020-01-31,265.179,139.729,19.3385,0.9654
000039.SZ,2019-12-31,283.8637,149.6335,20.7036,1.0335
000039.SZ,2019-11-30,271.8901,146.7537,20.3219,1.0145
000039.SZ,2019-10-31,275.862,147.6671,20.4484,1.0209
000039.SZ,2019-09-30,281.6003,154.9744,11.7847,1.0764
000039.SZ,2019-08-31,285.0047,151.1265,11.4953,1.05
000039.SZ,2019-07-31,292.454,157.5186,11.1021,0.9912
000039.SZ,2019-06-30,305.0414,162.5201,11.4561,1.0228
000039.SZ,2019-05-31,287.9548,157.6252,11.1098,1.0603
000039.SZ,2019-04-30,325.0058,179.263,12.6382,1.2062
000039.SZ,2019-03-31,337.0929,189.1439,13.175,1.3367
000039.SZ,2019-02-28,297.7397,167.7195,11.229,1.1853
000039.SZ,2019-01-31,264.2308,141.2167,9.455,1.0287
000039.SZ,2018-12-31,247.3008,134.102,8.9797,0.977
000039.SZ,2018-11-30,267.7756,139.8057,9.3617,1.0185
000039.SZ,2018-10-31,241.9267,136.3835,9.1325,0.9936
000039.SZ,2018-09-30,275.5481,150.0723,13.1984,1.1526
000039.SZ,2018-08-31,266.5596,141.8335,12.4738,1.0893
000039.SZ,2018-07-31,292.1597,157.4238,15.1576,1.2091
000039.SZ,2018-06-30,317.1964,168.3531,16.2063,1.203
000039.SZ,2018-05-31,374.2074,202.0745,19.4519,1.444
000039.SZ,2018-04-30,367.2851,193.3121,18.6098,1.4735
000039.SZ,2018-03-31,380.9769,212.0728,19.9,1.6411
000039.SZ,2018-02-28,433.7497,236.2844,27.288,1.8172
000039.SZ,2018-01-31,495.8362,271.6116,31.3554,2.088
000039.SZ,2017-12-31,505.8172,288.9804,33.423,2.2257
000039.SZ,2017-11-30,450.4657,246.487,28.5026,1.8985
000039.SZ,2017-10-31,470.4352,243.2111,28.137,1.8741
000039.SZ,2017-09-30,444.6942,229.2865,31.5514,1.8138
000039.SZ,2017-08-31,470.1003,239.1401,32.9073,1.8918
000039.SZ,2017-07-31,484.8598,243.0563,89.7521,1.9228
000039.SZ,2017-06-30,435.8421,227.7276,84.0792,1.797
000039.SZ,2017-05-31,393.1205,201.2725,74.3771,1.7072
000039.SZ,2017-04-30,407.9393,204.0331,75.403,1.7307
000039.SZ,2017-03-31,405.6752,203.1498,88.8823,1.7611
000039.SZ,2017-02-28,419.0755,212.7395,840.125,1.8012
000039.SZ,2017-01-31,376.0065,199.5378,788.2783,1.6901
000039.SZ,2016-12-31,356.471,184.3652,728.4847,1.5619
000039.SZ,2016-11-30,371.4626,192.6881,761.3323,1.6325
000039.SZ,2016-10-31,314.2422,175.7689,694.5663,1.4893
000039.SZ,2016-09-30,312.3199,177.408,538.7983,1.5538
000039.SZ,2016-08-31,317.78,178.0391,540.7131,1.481
000039.SZ,2016-07-31,305.2165,173.4993,21.7179,1.4433
000039.SZ,2016-06-30,318.7566,178.6689,22.3647,1.4528
000039.SZ,2016-05-31,323.577,180.553,22.6012,1.5801
000039.SZ,2016-04-30,357.5836,183.9597,23.0273,1.6099
000039.SZ,2016-03-31,367.9788,193.9205,23.2046,1.6046
000039.SZ,2016-02-29,330.1803,169.0815,15.4757,1.3862
000039.SZ,2016-01-31,341.4346,166.3698,15.2311,1.5257
000027.SZ,2020-12-31,289.725,289.725,7.4601,1.0601
000027.SZ,2020-11-30,269.744,269.744,6.9456,0.987
000027.SZ,2020-10-31,257.8505,257.8505,6.6393,0.9435
000027.SZ,2020-09-30,254.9961,254.9961,7.2648,0.9721
000027.SZ,2020-08-31,272.5984,272.5984,7.7663,1.0392
000027.SZ,2020-07-31,269.744,269.744,17.4816,0.9104
000027.SZ,2020-06-30,220.7429,220.7429,14.306,0.745
000027.SZ,2020-05-31,218.047,218.047,14.1313,0.9151
000027.SZ,2020-04-30,217.6506,217.6506,14.1056,0.9134
000027.SZ,2020-03-31,213.2896,213.2896,11.8518,0.8902
000027.SZ,2020-02-29,215.2719,215.2719,11.962,0.8984
000027.SZ,2020-01-31,234.3015,234.3015,13.0194,0.9779
000027.SZ,2019-12-31,246.1949,246.1949,13.6802,1.0275
000027.SZ,2019-11-30,238.6624,238.6624,13.2617,0.9961
000027.SZ,2019-10-31,242.2304,242.2304,13.4599,1.0109
000027.SZ,2019-09-30,229.1476,229.1476,19.323,0.9757
000027.SZ,2019-08-31,233.905,233.905,19.7241,0.996
000027.SZ,2019-07-31,234.3015,234.3015,23.4796,0.8885
000027.SZ,2019-06-30,245.7985,245.7985,24.6317,0.9321
000027.SZ,2019-05-31,235.8873,235.8873,23.6385,1.0008
000027.SZ,2019-04-30,239.0588,239.0588,23.9563,1.0143
000027.SZ,2019-03-31,257.2955,257.2955,35.2132,1.0645
000027.SZ,2019-02-28,242.2304,242.2304,33.1514,1.0022
000027.SZ,2019-01-31,200.9997,200.9997,27.5086,0.8316
000027.SZ,2018-12-31,208.1358,208.1358,37.8768,0.987
000027.SZ,2018-11-30,210.1181,210.1181,38.2375,0.9964
000027.SZ,2018-10-31,206.1536,206.1536,37.5161,0.9776
000027.SZ,2018-09-30,215.2719,215.2719,24.3778,1.0262
000027.SZ,2018-08-31,206.55,206.55,23.3902,0.9847
000027.SZ,2018-07-31,202.1891,202.1891,22.7881,0.9611
000027.SZ,2018-06-30,195.8459,195.8459,28.0643,0.9429
000027.SZ,2018-05-31,228.3547,228.3547,32.7228,1.0829
000027.SZ,2018-04-30,224.3902,224.3902,32.1547,1.0641
000027.SZ,2018-03-31,231.5263,231.5263,29.6692,1.0598
000027.SZ,2018-02-28,223.9938,223.9938,28.7039,1.0253
000027.SZ,2018-01-31,240.6446,240.6446,29.6058,1.0825
000027.SZ,2017-12-31,240.2482,240.2482,29.557,1.0807
000027.SZ,2017-11-30,242.6269,242.6269,29.8497,1.0914
000027.SZ,2017-10-31,253.331,253.331,31.1666,1.1396
000027.SZ,2017-09-30,255.7097,255.7097,28.4688,1.1836
000027.SZ,2017-08-31,261.26,261.26,29.0867,1.2092
000027.SZ,2017-07-31,263.2422,263.2422,20.9719,1.247
000027.SZ,2017-06-30,266.8103,266.8103,21.2561,1.2639
000027.SZ,2017-05-31,264.0351,264.0351,21.035,1.2165
000027.SZ,2017-04-30,277.118,277.118,22.0773,1.2768
000027.SZ,2017-03-31,282.2718,282.2718,20.0555,1.3084
000027.SZ,2017-02-28,279.4967,279.4967,19.8584,1.2955
000027.SZ,2017-01-31,277.118,277.118,19.6894,1.2845
000027.SZ,2016-12-31,272.3606,272.3606,17.6905,1.2719
000027.SZ,2016-11-30,284.6505,284.6505,18.4888,1.3293
000027.SZ,2016-10-31,267.9996,267.9996,17.4072,1.2515
000027.SZ,2016-09-30,264.0351,264.0351,16.3361,1.2612
000027.SZ,2016-08-31,274.7393,274.7393,16.9984,1.3123
000027.SZ,2016-07-31,260.4671,260.4671,15.8436,1.2365
000027.SZ,2016-06-30,252.9346,252.9346,15.5141,1.2278
000027.SZ,2016-05-31,258.0884,258.0884,15.8302,1.2064
000027.SZ,2016-04-30,269.189,269.189,16.5111,1.2582
000027.SZ,2016-03-31,289.0114,289.0114,16.2251,1.33
000027.SZ,2016-02-29,255.3133,255.3133,14.3333,1.175
000027.SZ,2016-01-31,256.5026,93.0079,14.4001,1.1804
000002.SZ,2020-12-31,3217.1526,2788.9378,8.234,1.6451
000002.SZ,2020-11-30,3458.586,2982.2947,8.8078,1.7598
000002.SZ,2020-10-31,3073.123,2676.2938,7.9041,1.5792
000002.SZ,2020-09-30,3118.2293,2721.951,8.2333,1.771
000002.SZ,2020-08-31,3055.7424,2649.0937,8.013,1.7236
000002.SZ,2020-07-31,3026.3723,2607.3221,7.9952,1.5923
000002.SZ,2020-06-30,2965.6646,2539.3219,7.7867,1.5508
000002.SZ,2020-05-31,2864.1801,2496.7987,7.4477,1.5396
000002.SZ,2020-04-30,2977.4587,2603.6656,7.7664,1.6055
000002.SZ,2020-03-31,2862.6286,2491.9411,7.4578,1.5415
000002.SZ,2020-02-29,3302.801,2874.7188,8.7941,1.9993
000002.SZ,2020-01-31,3203.9064,2815.4563,8.6128,1.9581
000002.SZ,2019-12-31,3599.2328,3126.3417,9.5639,2.1743
000002.SZ,2019-11-30,3108.7915,2691.1021,8.2324,1.8716
000002.SZ,2019-10-31,2986.7074,2577.4346,7.8847,1.7925
000002.SZ,2019-09-30,2907.1342,2516.229,8.0219,1.9619
000002.SZ,2019-08-31,2895.1236,2506.5139,7.991,1.9543
000002.SZ,2019-07-31,3208.3219,2794.0829,9.5607,1.9796
000002.SZ,2019-06-30,3110.9996,2701.7888,9.2449,1.9142
000002.SZ,2019-05-31,2981.314,2593.9504,8.8759,1.8378
000002.SZ,2019-04-30,3219.1733,2805.7411,9.6006,1.9878
000002.SZ,2019-03-31,3359.4985,2984.5002,10.0413,2.1772
000002.SZ,2019-02-28,3055.786,2719.2761,9.9849,2.207
000002.SZ,2019-01-31,3053.5605,2695.9597,9.8993,2.1881
000002.SZ,2018-12-31,2622.7792,2314.1535,8.4973,1.8782
000002.SZ,2018-11-30,2787.5242,2471.5393,9.0752,2.006
000002.SZ,2018-10-31,2638.0756,2353.9857,8.6436,1.9105
000002.SZ,2018-09-30,2662.6674,2360.7863,8.9798,1.9886
000002.SZ,2018-08-31,2649.6579,2336.4984,8.8874,1.9682
000002.SZ,2018-07-31,2553.7699,2265.5777,9.1123,1.8903
000002.SZ,2018-06-30,2696.4737,2389.9318,9.6124,1.9941
000002.SZ,2018-05-31,2789.9674,2486.112,9.9993,2.0743
000002.SZ,2018-04-30,3109.0396,2759.1083,11.0973,2.3021
000002.SZ,2018-03-31,3615.4312,3234.1801,13.1005,2.7699
000002.SZ,2018-02-28,3553.5435,3176.8606,15.1347,3.1019
000002.SZ,2018-01-31,4060.3116,3649.0179,17.384,3.5629
000002.SZ,2017-12-31,3363.281,3015.6667,14.3756,2.9463
000002.SZ,2017-11-30,3352.3008,3031.2013,14.4497,2.9615
000002.SZ,2017-10-31,3126.7595,2811.7742,13.4037,2.7471
000002.SZ,2017-09-30,2839.7387,2548.6558,12.6133,2.5726
000002.SZ,2017-08-31,2519.0547,2255.4391,11.1622,2.2766
000002.SZ,2017-07-31,2533.6872,2269.0319,12.3528,2.2636
000002.SZ,2017-06-30,2680.3539,2424.3785,13.1985,2.4186
000002.SZ,2017-05-31,2307.1006,2064.1478,11.2375,2.0592
000002.SZ,2017-04-30,2126.1578,1893.2682,10.3072,1.8888
000002.SZ,2017-03-31,2246.3946,1998.1261,10.8067,2.0026
000002.SZ,2017-02-28,2223.5111,1993.2716,11.606,2.2572
000002.SZ,2017-01-31,2241.1622,2007.8352,11.6908,2.2737
000002.SZ,2016-12-31,2206.517,1995.0161,11.6173,2.2594
000002.SZ,2016-11-30,2901.4774,2619.2475,15.2523,2.9664
000002.SZ,2016-10-31,2656.1047,2419.2605,14.0877,2.7399
000002.SZ,2016-09-30,2772.3818,2540.6118,15.5116,2.9642
000002.SZ,2016-08-31,2649.9379,2420.2313,14.7766,2.8238
000002.SZ,2016-07-31,1864.5061,1663.9697,10.338,2.0414
000002.SZ,2016-06-30,2546.4469,2371.6907,14.735,2.6798
000002.SZ,2016-05-31,2581.8544,2370.8021,14.735,2.6798
000002.SZ,2016-04-30,2588.4489,2370.8021,14.735,2.6798
000002.SZ,2016-03-31,2584.0208,2370.8021,14.8838,2.6962
000002.SZ,2016-02-29,2569.5642,2371.6895,16.7073,3.0377
000002.SZ,2016-01-31,2570.2299,2371.6895,16.7073,3.0377
000009.SZ,2020-12-31,194.2148,192.1227,31.223,2.8707
000009.SZ,2020-11-30,191.8935,189.8612,30.8498,2.8364
000009.SZ,2020-10-31,194.9886,192.9235,31.3474,2.8822
000009.SZ,2020-09-30,180.545,178.6329,60.5148,3.2093
000009.SZ,2020-08-31,197.3099,195.2202,66.1341,3.5073
000009.SZ,2020-07-31,215.8802,212.9191,78.4341,3.8821
000009.SZ,2020-06-30,219.4911,216.4805,79.746,3.947
000009.SZ,2020-05-31,177.9658,175.5247,64.6589,3.2003
000009.SZ,2020-04-30,169.1964,166.8757,61.4728,3.0426
000009.SZ,2020-03-31,151.6578,149.5776,48.0143,2.8142
000009.SZ,2020-02-29,191.1198,188.4983,60.5078,3.5465
000009.SZ,2020-01-31,167.1331,164.8406,52.9137,3.1014
000009.SZ,2019-12-31,159.6533,157.4635,50.5457,2.9626
000009.SZ,2019-11-30,115.2909,113.7095,36.5007,2.1394
000009.SZ,2019-10-31,117.6122,115.999,37.2356,2.1825
000009.SZ,2019-09-30,113.7433,112.1832,48.0038,2.1289
000009.SZ,2019-08-31,118.6438,117.0165,50.072,2.2206
000009.SZ,2019-07-31,120.7072,119.0516,49.3418,2.2821
000009.SZ,2019-06-30,122.7276,121.04,50.1676,2.3202
000009.SZ,2019-05-31,124.4471,122.7358,50.8705,2.3528
000009.SZ,2019-04-30,132.8295,131.003,54.297,2.5112
000009.SZ,2019-03-31,144.221,142.2378,280.9469,2.8343
000009.SZ,2019-02-28,110.9062,109.3811,216.0486,2.1796
000009.SZ,2019-01-31,87.4783,86.2754,170.4104,1.7192
000009.SZ,2018-12-31,92.6368,91.3629,180.4592,1.8205
000009.SZ,2018-11-30,102.5238,101.1139,199.7193,2.0148
000009.SZ,2018-10-31,86.4037,85.2155,168.3169,1.698
000009.SZ,2018-09-30,99.7296,98.3582,59.3517,1.9627
000009.SZ,2018-08-31,99.2997,97.9343,59.0959,1.9543
000009.SZ,2018-07-31,107.8971,106.4134,79.9443,2.1714
000009.SZ,2018-06-30,105.3179,103.8733,78.0332,2.1014
000009.SZ,2018-05-31,123.1575,121.4682,91.2511,2.4573
000009.SZ,2018-04-30,125.0919,123.3761,92.6844,2.4959
000009.SZ,2018-03-31,130.4652,128.6757,64.1115,2.8056
000009.SZ,2018-02-28,129.8204,128.0398,63.7946,2.7917
000009.SZ,2018-01-31,136.2685,134.3994,66.9632,2.9304
000009.SZ,2017-12-31,155.3976,153.2824,76.3634,3.3417
000009.SZ,2017-11-30,163.3502,161.1268,80.2714,3.5127
000009.SZ,2017-10-31,175.1716,172.7873,86.0805,3.767
000009.SZ,2017-09-30,193.2261,190.596,80.1936,4.2603
000009.SZ,2017-08-31,184.4138,181.9036,76.5363,4.066
000009.SZ,2017-07-31,205.2624,202.4685,86.7123,4.5322
000009.SZ,2017-06-30,173.882,171.5152,73.4557,3.8394
000009.SZ,2017-05-31,157.9769,155.8248,66.7367,3.4882
000009.SZ,2017-04-30,180.33,177.8735,76.1797,3.9817
000009.SZ,2017-03-31,197.0949,194.41,70.1348,4.3435
000009.SZ,2017-02-28,209.7761,206.9184,74.6473,4.623
000009.SZ,2017-01-31,204.4027,201.6182,72.7353,4.5045
000009.SZ,2016-12-31,222.6721,219.6388,79.2363,4.9072
000009.SZ,2016-11-30,220.0929,217.0947,78.3185,4.8503
000009.SZ,2016-10-31,223.102,220.0628,79.3893,4.9166
000009.SZ,2016-09-30,223.102,220.0628,31.6648,4.9108
000009.SZ,2016-08-31,243.3059,239.9914,34.5323,5.3555
000009.SZ,2016-07-31,217.9436,214.9746,30.0589,4.8787
000009.SZ,2016-06-30,218.1187,213.0569,30.0831,4.8826
000009.SZ,2016-05-31,204.1082,199.3715,28.1508,4.569
000009.SZ,2016-04-30,217.8003,212.7459,30.0392,4.8755
000009.SZ,2016-03-31,218.5963,213.5234,30.2518,4.8911
000009.SZ,2016-02-29,174.8134,163.5657,24.1926,3.9115
000009.SZ,2016-01-31,188.6647,176.5258,26.1095,4.2214
000001.SZ,2020-12-31,3753.1046,3753.0729,13.9148,1.2994
000001.SZ,2020-11-30,3830.7283,3830.6956,14.2026,1.3263
000001.SZ,2020-10-31,3444.5505,3444.5211,12.7708,1.1926
000001.SZ,2020-09-30,2943.8778,2943.8527,11.1216,1.046
000001.SZ,2020-08-31,2926.4125,2926.3875,11.0556,1.0398
000001.SZ,2020-07-31,2588.7495,2588.7274,8.8362,0.9306
000001.SZ,2020-06-30,2483.9575,2483.9363,8.4785,0.8929
000001.SZ,2020-05-31,2522.7694,2522.7478,8.611,0.9069
000001.SZ,2020-04-30,2703.2444,2703.2213,9.227,0.9572
000001.SZ,2020-03-31,2483.9575,2483.9363,8.8099,0.9098
000001.SZ,2020-02-29,2813.8581,2813.8341,9.98,1.0306
000001.SZ,2020-01-31,3015.6797,3015.654,10.6958,1.1045
000001.SZ,2019-12-31,3192.2735,3192.2463,11.4079,1.1906
000001.SZ,2019-11-30,2967.1649,2967.1396,10.6035,1.1067
000001.SZ,2019-10-31,3155.4023,3155.3754,11.2761,1.1769
000001.SZ,2019-09-30,3025.3826,3025.3568,11.2681,1.1684
000001.SZ,2019-08-31,2431.3302,2431.3068,9.0556,1.0438
000001.SZ,2019-07-31,2426.1791,2426.1557,9.4518,1.0794
000001.SZ,2019-06-30,2366.0827,2366.06,9.2177,1.0527
000001.SZ,2019-05-31,2091.3561,2091.3361,8.1474,0.9202
000001.SZ,2019-04-30,2378.102,2378.0792,9.2645,1.0464
000001.SZ,2019-03-31,2201.2467,2201.2256,8.8696,1.0002
000001.SZ,2019-02-28,2122.2628,2122.2425,8.5513,1.0604
000001.SZ,2019-01-31,1905.9157,1905.8974,7.6796,0.9523
000001.SZ,2018-12-31,1610.5846,1610.5691,6.576,0.7481
000001.SZ,2018-11-30,1778.8546,1778.8376,7.263,0.8263
000001.SZ,2018-10-31,1873.2919,1873.2739,7.6486,0.8702
000001.SZ,2018-09-30,1897.3305,1897.3123,7.9032,0.9114
000001.SZ,2018-08-31,1739.3627,1739.346,7.2452,0.8355
000001.SZ,2018-07-31,1617.4528,1617.4372,6.8623,0.7951
000001.SZ,2018-06-30,1560.7904,1560.7754,6.6219,0.7672
000001.SZ,2018-05-31,1747.9479,1747.9311,7.416,0.8592
000001.SZ,2018-04-30,1862.9896,1835.6012,7.9041,0.9158
000001.SZ,2018-03-31,1871.5748,1844.0602,8.071,0.9261
000001.SZ,2018-02-28,2069.0346,2038.617,8.9829,1.0441
000001.SZ,2018-01-31,2412.4428,2376.9767,10.4739,1.2174
000001.SZ,2017-12-31,2283.6647,2250.0926,9.9148,1.1524
000001.SZ,2017-11-30,2297.401,2263.627,9.9744,1.1594
000001.SZ,2017-10-31,1981.4655,1952.336,8.6027,0.9999
000001.SZ,2017-09-30,1907.6327,1879.5887,8.3445,0.9961
000001.SZ,2017-08-31,1936.8224,1908.3492,8.4722,1.0114
000001.SZ,2017-07-31,1832.0829,1805.1495,8.0613,0.9756
000001.SZ,2017-06-30,1612.3016,1588.5992,7.0942,0.8586
000001.SZ,2017-05-31,1579.6778,1556.455,6.9507,0.8412
000001.SZ,2017-04-30,1543.62,1520.9273,6.792,0.822
000001.SZ,2017-03-31,1574.5267,1551.3797,6.9672,0.8641
000001.SZ,2017-02-28,1627.755,1603.8254,7.1255,0.9131
000001.SZ,2017-01-31,1601.9994,1578.4484,7.0128,0.8986
000001.SZ,2016-12-31,1562.5074,1331.4374,6.8399,0.8765
000001.SZ,2016-11-30,1639.7743,1397.2777,7.1781,0.9198
000001.SZ,2016-10-31,1571.0926,1338.753,6.8775,0.8813
000001.SZ,2016-09-30,1557.3563,1327.0481,6.8995,0.9068
000001.SZ,2016-08-31,1629.472,1388.499,7.219,0.9488
000001.SZ,2016-07-31,1579.6778,1346.0686,7.0768,0.9549
000001.SZ,2016-06-30,1493.8258,1272.9127,6.6922,0.903
000001.SZ,2016-05-31,1509.5653,1286.3246,6.7627,0.9006
000001.SZ,2016-04-30,1512.4271,1247.6886,6.7755,0.9023
000001.SZ,2016-03-31,1522.4431,1255.9514,6.9629,0.9427
000001.SZ,2016-02-29,1367.9094,1128.4676,6.261,0.8705
000001.SZ,2016-01-31,1430.8676,1180.4055,6.5492,0.9106
000046.SZ,2020-12-31,170.4354,170.4354,-8.4755,0.8333
000046.SZ,2020-11-30,205.2499,205.2499,-10.2068,1.0035
000046.SZ,2020-10-31,213.5638,213.5638,-10.6202,1.0442
000046.SZ,2020-09-30,219.2797,219.2797,-20.8669,1.0432
000046.SZ,2020-08-31,214.0835,214.0835,-20.3724,1.0184
000046.SZ,2020-07-31,218.76,218.76,-19.7021,1.0449
000046.SZ,2020-06-30,195.8968,195.8968,-17.643,0.913
000046.SZ,2020-05-31,176.1512,176.1512,-15.8647,0.821
000046.SZ,2020-04-30,181.867,181.867,-16.3794,0.8476
000046.SZ,2020-03-31,205.2499,205.2499,12.769,0.8964
000046.SZ,2020-02-29,219.2797,219.2797,13.6418,0.9577
000046.SZ,2020-01-31,237.4664,237.4664,14.7733,1.0371
000046.SZ,2019-12-31,236.4271,236.4271,14.7086,1.0326
000046.SZ,2019-11-30,219.7993,219.7993,13.6742,0.96
000046.SZ,2019-10-31,227.5936,227.5936,14.1591,0.994
000046.SZ,2019-09-30,224.4759,224.4759,16.8187,1.0708
000046.SZ,2019-08-31,226.5543,226.5543,16.9745,1.0807
000046.SZ,2019-07-31,263.4474,263.4474,17.5981,1.2567
000046.SZ,2019-06-30,289.948,289.948,19.3684,1.2799
000046.SZ,2019-05-31,334.1157,334.1157,22.3188,1.4749
000046.SZ,2019-04-30,368.9302,368.9302,24.6443,1.6286
000046.SZ,2019-03-31,380.8815,380.8815,10.9246,1.7993
000046.SZ,2019-02-28,321.1252,321.1252,9.2107,1.517
000046.SZ,2019-01-31,238.5056,238.5056,6.8409,1.1267
000046.SZ,2018-12-31,242.6626,242.6626,6.9602,1.1464
000046.SZ,2018-11-30,259.2904,259.2904,7.4371,1.2249
000046.SZ,2018-10-31,265.5259,265.5259,7.6159,1.2544
000046.SZ,2018-09-30,275.3986,275.3986,8.2922,1.3245
000046.SZ,2018-08-31,293.0657,293.0657,8.8242,1.4095
000046.SZ,2018-07-31,336.7138,336.7138,8.4701,1.6194
000046.SZ,2018-06-30,295.6638,295.6638,7.4375,1.3912
000046.SZ,2018-05-31,365.8125,365.8125,9.2021,1.7212
000046.SZ,2018-04-30,364.2537,364.2537,9.1629,1.7139
000046.SZ,2018-03-31,411.5391,411.5391,16.5283,2.2633
000046.SZ,2018-02-28,411.5391,411.5391,16.5283,2.2633
000046.SZ,2018-01-31,411.5391,411.5391,16.5283,2.2633
000046.SZ,2017-12-31,387.6366,387.6366,15.5683,2.1318
000046.SZ,2017-11-30,397.5094,397.5094,15.9648,2.1861
000046.SZ,2017-10-31,403.7448,403.7448,16.2152,2.2204
000046.SZ,2017-09-30,421.9315,421.9315,13.6004,2.332
000046.SZ,2017-08-31,427.6473,427.6473,13.7846,2.3636
000046.SZ,2017-07-31,441.6771,441.6771,13.1438,2.4603
000046.SZ,2017-06-30,453.6283,453.6283,13.4995,2.4217
000046.SZ,2017-05-31,441.6771,441.6771,13.1438,2.3579
000046.SZ,2017-04-30,447.9125,447.9125,13.3294,2.3912
000046.SZ,2017-03-31,471.2954,471.2954,17.5909,2.8202
000046.SZ,2017-02-28,493.6391,493.6391,18.4248,2.9539
000046.SZ,2017-01-31,480.1289,480.1289,17.9206,2.8731
000046.SZ,2016-12-31,482.727,482.727,18.0175,2.8886
000046.SZ,2016-11-30,541.9637,541.9637,20.2285,3.2431
000046.SZ,2016-10-31,533.1302,533.1302,19.8988,3.1902
000046.SZ,2016-09-30,548.1992,548.1992,24.1529,3.4837
000046.SZ,2016-08-31,559.1112,559.1112,24.6337,3.553
000046.SZ,2016-07-31,515.9827,515.9827,26.5211,3.3187
000046.SZ,2016-06-30,525.3359,525.3359,27.0019,3.3788
000046.SZ,2016-05-31,521.1789,521.1789,26.7882,3.1921
000046.SZ,2016-04-30,514.4239,514.4239,26.441,3.1507
000046.SZ,2016-03-31,561.7093,561.7093,27.805,3.514
000046.SZ,2016-02-29,503.5118,503.5118,21.1366,3.1499
000046.SZ,2016-01-31,519.1004,519.1004,19.1117,4.4906
000061.SZ,2020-12-31,119.636,119.6103,28.4419,2.2307
000061.SZ,2020-11-30,115.3936,115.2886,27.4333,2.1516
000061.SZ,2020-10-31,119.636,119.5272,28.4419,2.2307
000061.SZ,2020-09-30,122.6905,122.579,30.007,2.3241
000061.SZ,2020-08-31,137.7935,137.6682,33.7009,2.6102
000061.SZ,2020-07-31,142.8844,142.7545,46.503,2.7791
000061.SZ,2020-06-30,125.745,125.6307,40.9249,2.4458
000061.SZ,2020-05-31,127.7814,127.6652,41.5876,2.4371
000061.SZ,2020-04-30,131.0056,130.8865,42.637,2.4986
000061.SZ,2020-03-31,122.8602,122.7484,76.9318,2.4337
000061.SZ,2020-02-29,109.6239,109.5242,68.6436,2.1715
000061.SZ,2020-01-31,88.4118,88.3314,55.3612,1.7513
000061.SZ,2019-12-31,94.8603,94.774,59.399,1.8791
000061.SZ,2019-11-30,90.7876,90.7048,56.8488,1.7984
000061.SZ,2019-10-31,91.127,91.0439,57.0613,1.8051
000061.SZ,2019-09-30,88.4118,88.3312,58.1365,1.7773
000061.SZ,2019-08-31,91.6361,91.5525,60.2566,1.8421
000061.SZ,2019-07-31,91.6361,91.5525,101.1243,1.8465
000061.SZ,2019-06-30,91.9755,91.8918,101.4988,1.8534
000061.SZ,2019-05-31,94.6906,94.6045,104.4951,1.9016
000061.SZ,2019-04-30,96.8967,96.8086,106.9295,1.9459
000061.SZ,2019-03-31,101.6482,101.5557,173.9505,2.1284
000061.SZ,2019-02-28,99.1027,99.0126,169.5944,2.0751
000061.SZ,2019-01-31,80.2664,80.1934,137.3599,1.6807
000061.SZ,2018-12-31,82.3028,82.2077,140.8447,1.7234
000061.SZ,2018-11-30,83.1512,83.0552,142.2967,1.7411
000061.SZ,2018-10-31,69.5755,69.4952,119.0646,1.4569
000061.SZ,2018-09-30,86.3755,86.2758,-622.6911,1.834
000061.SZ,2018-08-31,87.3937,87.2928,-630.0312,1.8556
000061.SZ,2018-07-31,91.6361,91.5303,765.0317,1.9377
000061.SZ,2018-06-30,91.6361,91.5482,765.0317,1.9377
000061.SZ,2018-05-31,109.7936,109.6883,916.6214,2.2807
000061.SZ,2018-04-30,110.4724,110.3665,922.2883,2.2948
000061.SZ,2018-03-31,123.0299,122.9119,-100.1676,2.5639
000061.SZ,2018-02-28,111.3208,111.2141,-90.6345,2.3199
000061.SZ,2018-01-31,128.2905,128.1675,-104.4507,2.6735
000061.SZ,2017-12-31,129.9875,129.4848,-105.8323,2.7089
000061.SZ,2017-11-30,130.4965,129.9919,-106.2468,2.7195
000061.SZ,2017-10-31,140.1692,139.6272,-114.122,2.9211
000061.SZ,2017-09-30,149.6722,149.0935,226.2155,3.1142
000061.SZ,2017-08-31,153.745,153.1504,232.371,3.199
000061.SZ,2017-07-31,153.745,153.1504,172.0981,3.1696
000061.SZ,2017-06-30,153.745,153.1504,172.0981,3.2261
000061.SZ,2017-05-31,151.7086,151.2236,169.8187,3.1277
000061.SZ,2017-04-30,158.3268,157.8206,177.2269,3.2641
000061.SZ,2017-03-31,186.8358,186.2384,99.2821,3.7596
000061.SZ,2017-02-28,199.7327,199.0941,106.1354,4.0192
000061.SZ,2017-01-31,200.5812,199.9399,106.5863,4.0362
000061.SZ,2016-12-31,209.9145,209.2418,111.5459,4.2241
000061.SZ,2016-11-30,229.5992,228.8635,122.0061,4.6202
000061.SZ,2016-10-31,209.4054,208.7344,111.2754,4.2138
000061.SZ,2016-09-30,205.3327,204.6747,2370.1614,4.2885
000061.SZ,2016-08-31,213.4781,212.794,2464.1843,4.4586
000061.SZ,2016-07-31,204.6539,203.9981,678.6143,4.2988
000061.SZ,2016-06-30,206.3508,205.6896,684.2413,4.3344
000061.SZ,2016-05-31,215.0054,214.3168,712.939,4.4371
000061.SZ,2016-04-30,208.2175,207.5507,690.431,4.2971
000061.SZ,2016-03-31,221.6235,220.9138,312.7762,4.5648
000061.SZ,2016-02-29,208.5569,207.889,294.3353,4.2957
000061.SZ,2016-01-31,242.4962,241.7196,342.2336,4.9947
000063.SZ,2020-12-31,1422.1872,1169.7594,41.5967,3.7045
000063.SZ,2020-11-30,1468.0944,1207.3029,42.9318,3.8234
000063.SZ,2020-10-31,1356.8607,1121.7871,39.8908,3.5526
000063.SZ,2020-09-30,1399.3942,1150.64,27.5916,3.7104
000063.SZ,2020-08-31,1655.4014,1355.739,32.5097,4.3717
000063.SZ,2020-07-31,1667.0774,1361.6823,35.676,4.3765
000063.SZ,2020-06-30,1711.7434,1395.0552,36.5463,4.4842
000063.SZ,2020-05-31,1526.6104,1252.8304,32.8266,4.0288
000063.SZ,2020-04-30,1737.7787,1427.9834,37.4131,4.5923
000063.SZ,2020-03-31,1816.6014,1487.262,38.3447,4.8924
000063.SZ,2020-02-29,2145.7714,1736.017,52.33,5.8694
000063.SZ,2020-01-31,1529.6663,1359.7998,37.6057,5.957
000063.SZ,2019-12-31,1390.1587,1228.5758,33.9718,5.3833
000063.SZ,2019-11-30,1207.2352,1064.8392,29.4691,4.674
000063.SZ,2019-10-31,1308.7235,1158.1123,32.0504,5.0834
000063.SZ,2019-09-30,1252.639,1109.9154,58.408,5.4128
000063.SZ,2019-08-31,1130.4084,996.4487,52.569,4.8717
000063.SZ,2019-07-31,1297.1453,1138.6009,-193.3577,5.8185
000063.SZ,2019-06-30,1267.9752,1116.9398,-191.067,5.7496
000063.SZ,2019-05-31,1113.7952,987.4943,-168.9236,5.0832
000063.SZ,2019-04-30,1266.4269,1103.8922,-188.835,5.6824
000063.SZ,2019-03-31,1156.5962,1002.602,-17.5303,5.3467
000063.SZ,2019-02-28,1175.2762,1023.2034,-18.9414,5.4992
000063.SZ,2019-01-31,793.0951,690.4906,-12.7823,3.711
000063.SZ,2018-12-31,771.3132,672.745,-12.4518,3.6151
000063.SZ,2018-11-30,786.0107,682.3605,-12.6297,3.6667
000063.SZ,2018-10-31,662.1246,581.3973,-10.761,3.1242
000063.SZ,2018-09-30,724.3349,628.4448,-13.8273,3.4805
000063.SZ,2018-08-31,756.2675,655.5743,-14.4242,3.6307
000063.SZ,2018-07-31,589.8846,501.3822,-29.8211,2.4619
000063.SZ,2018-06-30,523.7893,447.4482,10.836,1.7029
000063.SZ,2018-05-31,1234.297,1075.1806,26.038,4.0918
000063.SZ,2018-04-30,1232.4229,1075.1806,26.038,4.0918
000063.SZ,2018-03-31,1191.4049,1035.3464,27.6717,3.9944
000063.SZ,2018-02-28,1276.7474,1107.1166,29.6834,4.2683
000063.SZ,2018-01-31,1244.0398,1068.656,-99.4744,4.2272
000063.SZ,2017-12-31,1435.1094,1247.9017,-116.224,4.939
000063.SZ,2017-11-30,1310.4991,1135.3297,-105.7395,4.4934
000063.SZ,2017-10-31,1283.8325,1108.2163,-103.2143,4.3861
000063.SZ,2017-09-30,1136.2636,970.8106,-64.7679,4.0901
000063.SZ,2017-08-31,955.785,818.4997,-54.6064,3.4484
000063.SZ,2017-07-31,919.1308,787.1251,-52.5426,3.4803
000063.SZ,2017-06-30,937.3263,813.891,-47.5062,3.6007
000063.SZ,2017-05-31,775.5521,669.0767,-39.056,2.9634
000063.SZ,2017-04-30,709.6262,608.3818,-35.5137,2.695
000063.SZ,2017-03-31,677.4406,580.9773,-30.1146,2.6876
000063.SZ,2017-02-28,626.5922,541.2406,19.0997,2.0687
000063.SZ,2017-01-31,600.4714,518.7822,18.3092,1.9838
000063.SZ,2016-12-31,637.7165,545.1457,19.2665,2.089
000063.SZ,2016-11-30,661.3015,575.2211,20.2299,2.2109
000063.SZ,2016-10-31,591.2077,519.4156,18.3799,2.0087
000063.SZ,2016-09-30,575.7649,501.0281,18.2826,2.0511
000063.SZ,2016-08-31,567.2831,497.6382,18.1583,2.0373
000063.SZ,2016-07-31,562.4951,493.5154,18.472,2.087
000063.SZ,2016-06-30,550.5292,486.0556,18.1912,1.9845
000063.SZ,2016-05-31,533.5553,467.023,17.4791,1.9071
000063.SZ,2016-04-30,559.7668,482.3065,18.0499,1.9693
000063.SZ,2016-03-31,600.8745,510.4382,16.5542,2.3194
000063.SZ,2016-02-29,545.4904,463.665,15.0355,2.1071
000063.SZ,2016-01-31,575.8017,485.7702,15.7553,2.2093
000069.SZ,2020-12-31,581.5072,500.2915,5.0171,0.8267
000069.SZ,2020-11-30,597.0906,513.7313,5.1516,0.8489
000069.SZ,2020-10-31,538.0377,461.6189,4.6421,0.7649
000069.SZ,2020-09-30,556.0816,477.1,4.7658,0.8303
000069.SZ,2020-08-31,586.4283,503.1364,5.0259,0.8756
000069.SZ,2020-07-31,588.0686,504.5438,4.9086,0.9018
000069.SZ,2020-06-30,497.0719,426.3299,4.1491,0.7622
000069.SZ,2020-05-31,479.0264,410.8526,3.9984,0.7078
000069.SZ,2020-04-30,534.8034,458.6916,4.464,0.7902
000069.SZ,2020-03-31,524.1402,449.5459,4.5593,0.8409
000069.SZ,2020-02-29,535.6237,459.4645,4.6592,0.8593
000069.SZ,2020-01-31,580.7375,498.1637,5.0516,0.9317
000069.SZ,2019-12-31,638.9752,546.6077,5.5582,1.0251
000069.SZ,2019-11-30,565.1527,483.4567,4.916,0.9067
000069.SZ,2019-10-31,577.4565,493.9818,5.0231,0.9264
000069.SZ,2019-09-30,576.6362,493.2726,5.065,0.9632
000069.SZ,2019-08-31,558.5907,477.8359,4.9065,0.9331
000069.SZ,2019-07-31,591.5143,505.9026,5.5454,1.0039
000069.SZ,2019-06-30,570.1837,428.5006,5.3455,0.9677
000069.SZ,2019-05-31,559.5184,420.4855,5.2455,0.9496
000069.SZ,2019-04-30,652.2245,490.1554,6.1146,1.0625
000069.SZ,2019-03-31,631.7143,538.8106,5.9658,1.0685
000069.SZ,2019-02-28,567.7224,484.2298,6.3061,1.0523
000069.SZ,2019-01-31,525.0612,447.8426,5.8322,0.9733
000069.SZ,2018-12-31,520.9592,390.1567,5.7866,0.9657
000069.SZ,2018-11-30,493.0653,369.2665,5.4768,0.9139
000069.SZ,2018-10-31,473.3755,354.5204,5.2581,0.8774
000069.SZ,2018-09-30,516.8571,387.0846,5.7922,1.0058
000069.SZ,2018-08-31,515.2163,385.8558,5.7738,1.0026
000069.SZ,2018-07-31,554.5959,415.348,6.1573,1.0798
000069.SZ,2018-06-30,593.1551,444.4476,6.5854,1.1021
000069.SZ,2018-05-31,646.4816,484.4049,7.1774,1.2011
000069.SZ,2018-04-30,634.9959,475.7987,7.0499,1.1798
000069.SZ,2018-03-31,676.0163,506.535,8.0202,1.4089
000069.SZ,2018-02-28,698.1673,523.1327,8.023,1.4551
000069.SZ,2018-01-31,849.1224,636.2424,9.7577,1.7697
000069.SZ,2017-12-31,696.6624,521.6671,8.0057,1.4517
000069.SZ,2017-11-30,729.4851,546.2451,8.3829,1.5201
000069.SZ,2017-10-31,718.8177,538.2572,8.2603,1.4979
000069.SZ,2017-09-30,670.4042,500.3493,9.5196,1.4854
000069.SZ,2017-08-31,713.8943,532.8077,10.1372,1.5818
000069.SZ,2017-07-31,754.9227,563.4289,10.7164,1.7245
000069.SZ,2017-06-30,825.4916,616.0972,11.7182,1.8857
000069.SZ,2017-05-31,723.7411,540.15,10.2738,1.6229
000069.SZ,2017-04-30,668.763,499.1182,9.4933,1.4996
000069.SZ,2017-03-31,599.0147,447.0629,9.1421,1.3869
000069.SZ,2017-02-28,615.4261,459.3112,9.3925,1.4249
000069.SZ,2017-01-31,570.2949,425.6284,11.2564,1.4368
000069.SZ,2016-12-31,570.2949,425.4668,11.2564,1.4368
000069.SZ,2016-11-30,611.3233,456.0759,12.0663,1.5402
000069.SZ,2016-10-31,567.8332,423.6302,11.2079,1.4306
000069.SZ,2016-09-30,574.3977,428.5277,11.9517,1.4933
000069.SZ,2016-08-31,589.1679,439.547,12.259,1.5317
000069.SZ,2016-07-31,555.5246,414.4475,11.7561,1.4701
000069.SZ,2016-06-30,525.1636,391.7967,11.1136,1.3898
000069.SZ,2016-05-31,543.2161,405.09,11.4956,1.416
000069.SZ,2016-04-30,545.6778,406.9258,11.5477,1.4225
000069.SZ,2016-03-31,575.2183,428.9549,12.3952,1.5938
000069.SZ,2016-02-29,530.9076,395.9113,11.925,1.471
000069.SZ,2016-01-31,526.8047,210.2879,11.8329,1.735
000060.SZ,2020-12-31,172.0588,171.9962,20.4396,1.5282
000060.SZ,2020-11-30,177.7703,177.7099,21.1181,1.579
000060.SZ,2020-10-31,144.9292,144.8799,17.2167,1.2873
000060.SZ,2020-09-30,146.3571,146.3073,19.4521,1.3238
000060.SZ,2020-08-31,159.5649,159.5107,21.2075,1.4433
000060.SZ,2020-07-31,167.0613,167.0044,22.7649,1.5634
000060.SZ,2020-06-30,132.7923,132.7471,18.0952,1.2427
000060.SZ,2020-05-31,126.7238,126.6781,17.2682,1.1859
000060.SZ,2020-04-30,124.582,124.5371,16.9764,1.1385
000060.SZ,2020-03-31,127.0808,127.035,14.9137,1.1622
000060.SZ,2020-02-29,132.0784,132.0307,16.799,1.231
000060.SZ,2020-01-31,144.9292,144.877,18.4335,1.3508
000060.SZ,2019-12-31,153.4965,153.4411,19.5231,1.4306
000060.SZ,2019-11-30,142.0735,142.0159,18.0703,1.3242
000060.SZ,2019-10-31,143.5014,143.4432,18.2519,1.3375
000060.SZ,2019-09-30,144.2153,144.1568,18.3987,1.3717
000060.SZ,2019-08-31,146.3571,146.2977,18.6719,1.392
000060.SZ,2019-07-31,155.2813,155.2183,17.8456,1.5185
000060.SZ,2019-06-30,167.4182,167.3498,19.2405,1.6372
000060.SZ,2019-05-31,172.7728,172.7021,19.8558,1.6895
000060.SZ,2019-04-30,181.34,181.2659,20.8404,1.7251
000060.SZ,2019-03-31,180.2691,180.1954,19.5958,1.7461
000060.SZ,2019-02-28,173.1297,173.059,17.7797,1.6874
000060.SZ,2019-01-31,143.8583,143.7995,14.7736,1.4021
000060.SZ,2018-12-31,141.3595,141.3016,14.517,1.3778
000060.SZ,2018-11-30,148.8559,148.7948,15.2868,1.4508
000060.SZ,2018-10-31,152.7825,152.7199,15.6901,1.4891
000060.SZ,2018-09-30,163.4916,163.4246,14.5766,1.6349
000060.SZ,2018-08-31,164.5625,164.495,14.6721,1.6456
000060.SZ,2018-07-31,172.4158,172.3451,14.8796,1.7912
000060.SZ,2018-06-30,173.4867,161.2304,14.972,1.8023
000060.SZ,2018-05-31,209.8975,195.0688,18.1143,2.1806
000060.SZ,2018-04-30,224.8902,209.0023,19.4082,2.2004
000060.SZ,2018-03-31,222.9863,207.233,21.8113,2.256
000060.SZ,2018-02-28,242.2626,225.1475,23.6968,2.451
000060.SZ,2018-01-31,285.5748,265.3998,27.9333,2.8892
000060.SZ,2017-12-31,265.8226,246.9787,26.0013,2.6894
000060.SZ,2017-11-30,257.7313,239.461,25.2098,2.6075
000060.SZ,2017-10-31,264.6327,245.8731,25.8849,2.6582
000060.SZ,2017-09-30,288.6686,268.2052,34.7057,2.9869
000060.SZ,2017-08-31,309.6107,287.6627,37.2235,3.2036
000060.SZ,2017-07-31,294.856,273.954,49.5615,3.1467
000060.SZ,2017-06-30,247.8143,247.642,41.6544,3.1448
000060.SZ,2017-05-31,218.3864,218.2839,36.7079,2.7714
000060.SZ,2017-04-30,227.4582,227.3514,38.2328,2.8624
000060.SZ,2017-03-31,246.4868,246.3711,93.463,3.2423
000060.SZ,2017-02-28,254.8947,254.7751,96.6511,3.3529
000060.SZ,2017-01-31,265.5154,265.3907,100.6782,3.4926
000060.SZ,2016-12-31,246.708,246.5771,93.5469,3.2452
000060.SZ,2016-11-30,278.7911,278.6431,105.7122,3.6672
000060.SZ,2016-10-31,240.2914,240.1639,91.1138,3.1608
000060.SZ,2016-09-30,225.4668,225.3471,266.9348,3.0281
000060.SZ,2016-08-31,240.2914,240.1639,284.486,3.2272
000060.SZ,2016-07-31,233.8748,233.7506,260.3612,3.1959
000060.SZ,2016-06-30,230.7771,230.6546,256.9127,3.1535
000060.SZ,2016-05-31,217.5013,217.3892,242.1334,2.9632
000060.SZ,2016-04-30,232.5472,232.4273,258.8832,3.1681
000060.SZ,2016-03-31,247.1505,247.0232,122.9931,3.365
000060.SZ,2016-02-29,254.4522,237.107,157.8834,3.4846
000060.SZ,2016-01-31,200.2428,186.5929,124.2474,2.7422
000100.SZ,2020-12-31,993.3798,896.0597,48.0913,3.0034
000100.SZ,2020-11-30,983.5583,887.4632,45.88,3.0497
000100.SZ,2020-10-31,815.2125,763.3956,39.4659,2.6234
000100.SZ,2020-09-30,831.4357,778.5876,47.9633,2.7704
000100.SZ,2020-08-31,957.165,896.3252,55.2163,3.1893
000100.SZ,2020-07-31,846.3069,792.5135,37.6672,2.8199
000100.SZ,2020-06-30,838.7632,784.9618,37.3314,2.883
000100.SZ,2020-05-31,706.1845,660.8872,31.4306,2.4273
000100.SZ,2020-04-30,627.7196,587.4553,27.9384,2.1576
000100.SZ,2020-03-31,560.0774,524.1519,21.3953,1.86
000100.SZ,2020-02-29,795.4722,744.4476,22.3706,2.6195
000100.SZ,2020-01-31,684.539,640.6301,19.2509,2.2542
000100.SZ,2019-12-31,604.7212,565.9321,17.0062,1.9913
000100.SZ,2019-11-30,519.492,486.1374,14.6094,1.7107
000100.SZ,2019-10-31,445.0856,416.5083,12.5169,1.4656
000100.SZ,2019-09-30,482.3675,450.6899,12.1362,1.5952
000100.SZ,2019-08-31,436.2987,407.6465,10.9771,1.4428
000100.SZ,2019-07-31,460.688,430.4341,13.1009,1.5486
000100.SZ,2019-06-30,451.2033,422.7258,12.8312,1.5167
000100.SZ,2019-05-31,448.4934,420.5364,12.7541,1.5076
000100.SZ,2019-04-30,486.4324,458.94,13.833,1.6351
000100.SZ,2019-03-31,550.1157,519.0241,15.8617,1.804
000100.SZ,2019-02-28,437.6536,412.9182,13.4748,1.4641
000100.SZ,2019-01-31,372.6153,351.5557,11.4723,1.2466
000100.SZ,2018-12-31,331.9664,287.3343,10.2208,1.1106
000100.SZ,2018-11-30,334.6763,289.6799,10.3042,1.1196
000100.SZ,2018-10-31,334.6763,289.6799,10.3042,1.1196
000100.SZ,2018-09-30,380.7451,329.5548,11.8373,1.2864
000100.SZ,2018-08-31,386.165,334.246,12.0058,1.3047
000100.SZ,2018-07-31,406.4895,351.8379,13.7914,1.3635
000100.SZ,2018-06-30,392.9398,340.11,13.3317,1.318
000100.SZ,2018-05-31,421.3941,364.7386,14.2971,1.4134
000100.SZ,2018-04-30,439.2366,381.1907,14.9024,1.4121
000100.SZ,2018-03-31,468.9695,406.9944,23.8041,1.638
000100.SZ,2018-02-28,506.8115,439.8354,25.7249,1.7701
000100.SZ,2018-01-31,482.4845,321.3484,24.4901,1.6852
000100.SZ,2017-12-31,527.0839,351.0529,26.7538,1.8409
000100.SZ,2017-11-30,510.5319,376.2567,25.9137,2.0755
000100.SZ,2017-10-31,530.0738,390.6589,26.9056,2.155
000100.SZ,2017-09-30,434.8071,320.4483,21.4163,1.8374
000100.SZ,2017-08-31,436.0284,321.3484,21.4764,1.8425
000100.SZ,2017-07-31,448.2421,330.3498,25.0503,1.977
000100.SZ,2017-06-30,418.9293,308.7465,23.4121,1.8477
000100.SZ,2017-05-31,428.7002,315.9476,23.9582,1.8127
000100.SZ,2017-04-30,428.7002,315.9476,23.9582,1.8127
000100.SZ,2017-03-31,431.143,317.7479,21.1289,1.6984
000100.SZ,2017-02-28,444.578,327.6494,21.7873,1.7513
000100.SZ,2017-01-31,425.0361,313.2472,20.8297,1.6743
000100.SZ,2016-12-31,403.0515,297.0448,19.7523,1.5877
000100.SZ,2016-11-30,417.7079,307.8464,20.4705,1.6455
000100.SZ,2016-10-31,417.7079,307.8464,20.4705,1.6455
000100.SZ,2016-09-30,417.7079,307.8464,26.9261,1.7352
000100.SZ,2016-08-31,417.7079,307.8464,26.9261,1.7352
000100.SZ,2016-07-31,427.4789,315.0475,20.6165,1.8082
000100.SZ,2016-06-30,401.8301,296.1446,19.3795,1.6997
000100.SZ,2016-05-31,415.2652,305.7884,20.0275,1.7565
000100.SZ,2016-04-30,420.1507,309.3859,20.2631,1.7772
000100.SZ,2016-03-31,467.784,344.4616,18.223,1.9376
000100.SZ,2016-02-29,455.5703,335.4679,15.0427,1.8995
000100.SZ,2016-01-31,442.6666,325.7033,14.6134,1.84
000166.SZ,2020-12-31,1236.6836,1189.8748,17.6097,1.5149
000166.SZ,2020-11-30,1266.8801,1216.9174,18.0099,1.5494
000166.SZ,2020-10-31,1178.3734,1135.7896,16.8092,1.4461
000166.SZ,2020-09-30,1241.9851,1196.6354,20.2419,1.6091
000166.SZ,2020-08-31,1321.1211,1271.0026,21.4999,1.7091
000166.SZ,2020-07-31,1369.5868,1313.8201,24.9094,1.7201
000166.SZ,2020-06-30,1187.0124,1137.9879,21.5767,1.49
000166.SZ,2020-05-31,1016.6265,973.4867,18.4577,1.2746
000166.SZ,2020-04-30,1027.5353,984.7539,18.6713,1.2894
000166.SZ,2020-03-31,1035.475,993.7677,19.2534,1.3271
000166.SZ,2020-02-29,1099.6871,1054.6106,20.9062,1.4284
000166.SZ,2020-01-31,1126.8287,1086.1588,21.5316,1.4712
000166.SZ,2019-12-31,1206.5516,1153.762,22.8718,1.5627
000166.SZ,2019-11-30,1121.0568,1072.6381,21.2636,1.4529
000166.SZ,2019-10-31,1129.5022,1079.3984,21.3976,1.462
000166.SZ,2019-09-30,1126.0046,1077.145,22.5996,1.4866
000166.SZ,2019-08-31,1126.5279,1077.145,22.5996,1.4866
000166.SZ,2019-07-31,1159.0685,1101.9329,23.0264,1.5255
000166.SZ,2019-06-30,1188.5229,1128.9742,24.9432,1.611
000166.SZ,2019-05-31,1131.0576,1063.6244,23.4993,1.5178
000166.SZ,2019-04-30,1226.6549,1158.2689,25.5904,1.6292
000166.SZ,2019-03-31,1243.9841,1243.8997,29.9021,1.7925
000166.SZ,2019-02-28,1239.477,1239.3928,29.7938,1.786
000166.SZ,2019-01-31,996.0887,885.2429,23.0178,1.4411
000166.SZ,2018-12-31,917.2129,815.1445,21.1951,1.327
000166.SZ,2018-11-30,1000.5959,889.2485,23.1219,1.4476
000166.SZ,2018-10-31,1005.1031,893.2541,23.2261,1.4541
000166.SZ,2018-09-30,1014.1175,901.2654,21.973,1.5029
000166.SZ,2018-08-31,1005.1031,893.2541,21.7777,1.4896
000166.SZ,2018-07-31,1000.5959,889.2485,21.654,1.4963
000166.SZ,2018-06-30,984.8208,875.2288,21.3126,1.4727
000166.SZ,2018-05-31,1045.6678,929.3047,22.6294,1.5378
000166.SZ,2018-04-30,1045.6678,929.3047,22.6294,1.5378
000166.SZ,2018-03-31,1120.0364,995.3975,24.073,1.6849
000166.SZ,2018-02-28,1131.3044,1005.4116,24.3152,1.7019
000166.SZ,2018-01-31,1205.673,396.4353,25.9136,1.795
000166.SZ,2017-12-31,1077.0397,397.9173,20.939,1.9762
000166.SZ,2017-11-30,1137.2095,420.1474,22.1088,2.0866
000166.SZ,2017-10-31,1133.1982,418.6654,22.0308,2.0792
000166.SZ,2017-09-30,1169.3001,432.0034,21.836,2.2247
000166.SZ,2017-08-31,1219.4416,446.9567,22.7724,2.3201
000166.SZ,2017-07-31,1185.3454,434.4596,22.2737,2.2569
000166.SZ,2017-06-30,1123.1699,411.6707,21.0561,2.1865
000166.SZ,2017-05-31,1143.2265,419.0975,21.4321,2.142
000166.SZ,2017-04-30,1185.3454,426.3201,22.2217,2.2209
000166.SZ,2017-03-31,1243.5096,445.455,22.9894,2.3774
000166.SZ,2017-02-28,1285.6284,460.543,23.3359,2.456
000166.SZ,2017-01-31,1265.5718,452.6206,22.9718,2.4177
000166.SZ,2016-12-31,1253.5379,449.9564,16.4756,2.4771
000166.SZ,2016-11-30,1387.9171,498.1917,18.2418,2.7426
000166.SZ,2016-10-31,1293.6511,464.355,17.0028,2.5563
000166.SZ,2016-09-30,1255.5435,450.6763,18.1904,2.5776
000166.SZ,2016-08-31,1303.6794,467.1105,18.8878,2.6764
000166.SZ,2016-07-31,1239.4982,444.1143,17.909,2.851
000166.SZ,2016-06-30,1249.4523,447.6809,11.7492,2.4971
000166.SZ,2016-05-31,1268.766,454.601,11.9308,2.5357
000166.SZ,2016-04-30,1247.9666,447.1486,11.7353,2.4941
000166.SZ,2016-03-31,1320.7646,473.2322,10.5166,2.6047
000166.SZ,2016-02-29,1103.8562,388.6087,8.7895,2.177
000166.SZ,2016-01-31,1206.3677,424.6976,9.6057,2.3791
000156.SZ,2020-12-31,158.611,109.5933,20.1407,1.1609
000156.SZ,2020-11-30,138.8918,124.0606,22.7994,1.3141
000156.SZ,2020-10-31,138.3185,123.5485,22.7053,1.3087
000156.SZ,2020-09-30,141.4718,126.3651,25.4264,1.3583
000156.SZ,2020-08-31,160.1054,143.009,28.7754,1.5372
000156.SZ,2020-07-31,159.1021,142.1128,28.3709,1.4274
000156.SZ,2020-06-30,155.232,138.656,27.6808,1.3927
000156.SZ,2020-05-31,158.242,141.3446,28.2175,1.4197
000156.SZ,2020-04-30,137.0284,122.3962,24.4347,1.2294
000156.SZ,2020-03-31,133.7317,119.4516,20.0333,1.2304
000156.SZ,2020-02-29,150.932,134.8151,22.6099,1.3887
000156.SZ,2020-01-31,142.1885,127.0053,21.3001,1.3083
000156.SZ,2019-12-31,149.6419,133.6628,22.4167,1.3768
000156.SZ,2019-11-30,120.2582,107.4168,18.0149,1.1065
000156.SZ,2019-10-31,124.4149,111.1296,18.6376,1.1447
000156.SZ,2019-09-30,134.1617,119.8356,18.33,1.246
000156.SZ,2019-08-31,140.4685,125.4689,19.1917,1.3046
000156.SZ,2019-07-31,150.0719,134.0469,20.4556,1.3936
000156.SZ,2019-06-30,157.812,140.9605,22.0059,1.447
000156.SZ,2019-05-31,169.1355,151.0748,23.5849,1.5508
000156.SZ,2019-04-30,162.9721,145.5696,22.7254,1.4943
000156.SZ,2019-03-31,174.7256,156.068,27.1247,1.6385
000156.SZ,2019-02-28,144.0519,128.6697,22.1091,1.3682
000156.SZ,2019-01-31,118.1082,105.4963,18.1272,1.1218
000156.SZ,2018-12-31,113.6648,101.5274,17.4453,1.0796
000156.SZ,2018-11-30,127.855,114.2023,19.6232,1.2144
000156.SZ,2018-10-31,116.5315,104.088,17.8853,1.1068
000156.SZ,2018-09-30,127.7117,114.0743,19.6357,1.2317
000156.SZ,2018-08-31,117.9649,105.3683,18.1372,1.1377
000156.SZ,2018-07-31,131.725,117.6591,20.3459,1.2525
000156.SZ,2018-06-30,138.1751,123.4205,21.3422,1.3138
000156.SZ,2018-05-31,163.4021,145.9537,25.2387,1.5537
000156.SZ,2018-04-30,163.4021,113.2732,25.2387,1.5537
000156.SZ,2018-03-31,163.4021,113.2732,25.5741,1.5761
000156.SZ,2018-02-28,163.4021,113.2732,25.5741,1.5761
000156.SZ,2018-01-31,163.4021,113.2732,26.5191,1.5942
000156.SZ,2017-12-31,163.4021,113.2732,26.5191,1.5942
000156.SZ,2017-11-30,190.3491,131.9533,30.8924,1.8571
000156.SZ,2017-10-31,200.8126,139.2068,32.5906,1.9592
000156.SZ,2017-09-30,206.8327,143.38,33.653,2.0524
000156.SZ,2017-08-31,215.2895,149.2424,35.029,2.1363
000156.SZ,2017-07-31,209.9861,145.566,34.7417,2.057
000156.SZ,2017-06-30,213.7128,148.1494,35.3583,2.0935
000156.SZ,2017-05-31,208.1227,144.2743,34.4334,2.0388
000156.SZ,2017-04-30,232.7763,161.3646,38.5123,2.2803
000156.SZ,2017-03-31,242.9531,168.4193,40.3512,2.4776
000156.SZ,2017-02-28,257.1433,178.2562,43.7033,2.6626
000156.SZ,2017-01-31,249.8332,173.1887,42.4609,2.5869
000156.SZ,2016-12-31,256.7133,177.9581,43.6302,2.6581
000156.SZ,2016-11-30,271.9069,188.4905,46.2125,2.8155
000156.SZ,2016-10-31,274.3436,190.1797,46.6266,2.8407
000156.SZ,2016-09-30,258.29,179.0511,44.6753,2.7204
000156.SZ,2016-08-31,279.3603,193.6574,48.3197,2.9423
000156.SZ,2016-07-31,268.0368,185.8078,48.7943,2.8526
000156.SZ,2016-06-30,265.8868,184.3173,48.4029,2.8297
000156.SZ,2016-05-31,274.2002,104.6159,49.9163,2.9182
000156.SZ,2016-04-30,275.0602,104.9441,50.0729,2.9273
000156.SZ,2016-03-31,311.754,118.9439,57.0952,3.423
000156.SZ,2016-02-29,239.3698,91.327,43.8386,2.6283
000156.SZ,2016-01-31,275.2036,104.9987,50.4012,3.0217
000157.SZ,2020-12-31,757.0573,645.006,11.9236,1.7568
000157.SZ,2020-11-30,654.377,552.3598,10.3052,1.5183
000157.SZ,2020-10-31,565.4814,477.4146,8.9083,1.3125
000157.SZ,2020-09-30,620.3153,523.1565,11.0434,1.4488
000157.SZ,2020-08-31,651.3421,549.672,11.5968,1.5215
000157.SZ,2020-07-31,638.7722,532.8133,14.8436,1.6287
000157.SZ,2020-06-30,494.3319,413.8661,11.55,1.2673
000157.SZ,2020-05-31,494.1882,408.7874,11.4102,1.252
000157.SZ,2020-04-30,494.0646,410.7126,11.4639,1.2579
000157.SZ,2020-03-31,440.5384,365.1491,10.2481,1.1528
000157.SZ,2020-02-29,487.8524,403.0117,11.7814,1.2723
000157.SZ,2020-01-31,479.5218,404.2952,11.8189,1.2764
000157.SZ,2019-12-31,514.5185,425.269,12.5243,1.3886
000157.SZ,2019-11-30,454.6433,377.8759,11.1556,1.2369
000157.SZ,2019-10-31,451.1076,370.6486,10.9664,1.2161
000157.SZ,2019-09-30,435.7997,361.416,11.9916,1.2095
000157.SZ,2019-08-31,401.9782,335.1996,11.1501,1.1246
000157.SZ,2019-07-31,465.9439,390.2229,18.3131,1.3092
000157.SZ,2019-06-30,449.7975,378.8948,17.7901,1.201
000157.SZ,2019-05-31,401.6277,338.2323,15.8773,1.0719
000157.SZ,2019-04-30,373.1096,311.5288,14.6131,0.9868
000157.SZ,2019-03-31,333.9525,281.6982,17.3192,0.9157
000157.SZ,2019-02-28,311.3019,264.0921,24.2487,0.8739
000157.SZ,2019-01-31,276.5612,233.9101,21.4774,0.7741
000157.SZ,2018-12-31,262.8647,223.9836,20.5536,0.7408
000157.SZ,2018-11-30,263.0078,221.0158,20.4959,0.7387
000157.SZ,2018-10-31,244.8188,207.9416,19.2427,0.6941
000157.SZ,2018-09-30,276.5158,232.8448,27.3743,0.7881
000157.SZ,2018-08-31,282.6686,240.9383,28.3331,0.8156
000157.SZ,2018-07-31,305.9844,260.2383,20.0596,0.8558
000157.SZ,2018-06-30,302.4884,255.8803,19.7236,0.8415
000157.SZ,2018-05-31,307.64,259.6157,20.0116,0.8538
000157.SZ,2018-04-30,307.0629,261.4835,20.1555,0.8599
000157.SZ,2018-03-31,303.1482,262.1061,24.6358,0.8732
000157.SZ,2018-02-28,310.6505,266.4641,28.9842,0.8847
000157.SZ,2018-01-31,326.075,279.5383,30.4064,0.9281
000157.SZ,2017-12-31,325.215,278.2769,30.2709,0.924
000157.SZ,2017-11-30,313.5292,273.9191,29.1517,0.899
000157.SZ,2017-10-31,334.0708,288.8602,30.7418,0.9481
000157.SZ,2017-09-30,319.9961,278.8995,33.0257,0.9237
000157.SZ,2017-08-31,328.089,285.7475,33.8366,0.9464
000157.SZ,2017-07-31,346.359,298.1983,-193.4539,0.9876
000157.SZ,2017-06-30,325.8293,279.522,-182.2616,0.9312
000157.SZ,2017-05-31,317.8173,274.9942,-178.2023,0.9104
000157.SZ,2017-04-30,327.1661,281.2583,-182.2616,0.9312
000157.SZ,2017-03-31,351.3818,299.4242,-39.236,0.9951
000157.SZ,2017-02-28,353.6795,303.1827,-184.8998,0.9924
000157.SZ,2017-01-31,334.0362,285.0168,-173.8211,0.933
000157.SZ,2016-12-31,327.2712,284.4568,-173.4391,0.9309
000157.SZ,2016-11-30,342.7395,298.2411,-181.8436,0.976
000157.SZ,2016-10-31,321.0772,286.3365,-174.5852,0.9371
000157.SZ,2016-09-30,323.0849,290.0958,-80.0613,0.95
000157.SZ,2016-08-31,294.7773,264.407,-72.9716,0.8658
000157.SZ,2016-07-31,293.6412,261.9008,-165.5602,0.8152
000157.SZ,2016-06-30,290.7555,258.768,-163.5798,0.8055
000157.SZ,2016-05-31,290.4686,260.6029,-164.7681,0.8113
000157.SZ,2016-04-30,299.0066,268.1203,-169.521,0.8347
000157.SZ,2016-03-31,322.5353,287.5403,421.4622,0.8809
000157.SZ,2016-02-29,281.695,256.2178,-33.9103,0.7944
000157.SZ,2016-01-31,295.9558,271.879,-35.983,0.8429
000333.SZ,2020-12-31,6920.3084,6740.2984,27.7611,6.1272
000333.SZ,2020-11-30,6101.976,5943.1728,24.4926,5.4058
000333.SZ,2020-10-31,5471.052,5328.6686,21.9601,4.8469
000333.SZ,2020-09-30,5097.8238,4965.0764,22.2104,4.8584
000333.SZ,2020-08-31,4953.1748,4824.1941,21.5802,4.7205
000333.SZ,2020-07-31,5038.1385,4906.9454,21.9975,5.3081
000333.SZ,2020-06-30,4191.1271,4100.3532,18.2996,4.4157
000333.SZ,2020-05-31,4131.0856,4036.3311,18.0451,3.8971
000333.SZ,2020-04-30,3762.2137,3675.9199,16.4338,3.5491
000333.SZ,2020-03-31,3383.6586,3305.922,14.3093,3.3309
000333.SZ,2020-02-29,3707.6393,3620.6092,15.6794,3.774
000333.SZ,2020-01-31,3844.1343,3753.0547,16.2567,3.913
000333.SZ,2019-12-31,4061.1315,3964.7845,17.1608,4.1306
000333.SZ,2019-11-30,3782.7627,3692.8147,15.9971,3.8505
000333.SZ,2019-10-31,3851.0912,3759.1554,16.2861,3.92
000333.SZ,2019-09-30,3545.7795,3461.1322,15.7723,3.8296
000333.SZ,2019-08-31,3662.353,3574.9229,16.2909,3.9555
000333.SZ,2019-07-31,3795.58,3704.9693,17.9855,4.0278
000333.SZ,2019-06-30,3599.9772,3527.4202,17.0586,3.8179
000333.SZ,2019-05-31,3276.498,3205.5763,15.5258,4.0398
000333.SZ,2019-04-30,3460.1935,3386.5363,16.3673,3.8546
000333.SZ,2019-03-31,3214.116,3143.2039,15.9061,4.0605
000333.SZ,2019-02-28,3151.4563,3081.9266,15.596,3.9814
000333.SZ,2019-01-31,2863.6974,2799.6901,14.18,3.6294
000333.SZ,2018-12-31,2455.993,2401.7444,12.1334,2.9557
000333.SZ,2018-11-30,2570.8177,2514.0898,12.7358,3.1024
000333.SZ,2018-10-31,2461.1809,2406.8722,12.1927,2.9701
000333.SZ,2018-09-30,2670.6453,2611.5568,13.7597,3.3689
000333.SZ,2018-08-31,2756.7952,2695.8006,14.2035,3.4776
000333.SZ,2018-07-31,3155.0726,3085.266,17.3521,4.3897
000333.SZ,2018-06-30,3461.4619,3384.0074,19.0323,4.8148
000333.SZ,2018-05-31,3486.6186,3375.4229,19.1706,4.8883
000333.SZ,2018-04-30,3402.6229,3290.3078,18.7088,4.2948
000333.SZ,2018-03-31,3585.5914,3467.0824,20.7726,4.8425
000333.SZ,2018-02-28,3613.2082,3493.7865,21.4122,5.0619
000333.SZ,2018-01-31,3930.2112,3803.427,23.2144,5.4996
000333.SZ,2017-12-31,3629.8482,3496.5026,21.5108,5.096
000333.SZ,2017-11-30,3351.5358,3228.4143,19.8615,4.7053
000333.SZ,2017-10-31,3339.7485,3217.06,19.7916,4.6887
000333.SZ,2017-09-30,2881.0277,2787.4879,18.0073,4.3445
000333.SZ,2017-08-31,2673.0513,2586.2639,16.7074,4.0309
000333.SZ,2017-07-31,2686.0905,2598.8798,17.672,4.498
000333.SZ,2017-06-30,2806.0519,2714.9463,18.4612,4.6988
000333.SZ,2017-05-31,2335.6926,2267.6912,15.4359,3.9537
000333.SZ,2017-04-30,2176.347,2082.4204,14.3692,3.3174
000333.SZ,2017-03-31,2153.0706,2060.1485,14.6467,3.5185
000333.SZ,2017-02-28,2057.7631,1968.8593,14.1714,3.5201
000333.SZ,2017-01-31,1931.1713,1847.7367,13.2995,3.3035
000333.SZ,2016-12-31,1817.1833,1793.7339,12.53,3.1124
000333.SZ,2016-11-30,1953.2946,1928.0888,13.4686,3.3455
000333.SZ,2016-10-31,1751.3854,1728.7851,12.0763,2.9997
000333.SZ,2016-09-30,1735.3747,1712.891,12.5035,3.1362
000333.SZ,2016-08-31,1760.432,927.4398,12.6841,3.1815
000333.SZ,2016-07-31,1811.8315,954.5184,13.601,3.7038
000333.SZ,2016-06-30,1523.9944,802.8786,11.4403,3.1154
000333.SZ,2016-05-31,1366.632,717.6955,10.2972,2.8041
000333.SZ,2016-04-30,1369.8326,719.3762,10.3213,2.5434
000333.SZ,2016-03-31,1316.4902,691.3631,10.3606,2.6752
000333.SZ,2016-02-29,1112.365,584.0972,8.8531,2.3323
000333.SZ,2016-01-31,1165.2739,611.8794,9.2742,2.4432
000338.SZ,2020-12-31,1200.4116,670.1775,13.6876,2.5989
000338.SZ,2020-11-30,1260.7419,708.3763,14.4677,2.747
000338.SZ,2020-10-31,1153.1035,642.165,13.1154,2.5849
000338.SZ,2020-09-30,1169.6026,640.8917,14.0981,2.5153
000338.SZ,2020-08-31,1157.1903,629.0076,13.8367,2.4687
000338.SZ,2020-07-31,1262.7108,687.1547,14.9746,2.7075
000338.SZ,2020-06-30,1078.2308,582.3201,12.69,2.2944
000338.SZ,2020-05-31,1021.0715,553.5482,12.0611,2.1807
000338.SZ,2020-04-30,1043.12,568.8302,12.394,2.2409
000338.SZ,2020-03-31,938.0681,507.7022,10.4217,2.0982
000338.SZ,2020-02-29,1126.3432,608.3087,11.7034,2.6516
000338.SZ,2020-01-31,1048.1127,574.3487,11.05,2.5036
000338.SZ,2019-12-31,1237.4886,674.1063,12.9693,2.9384
000338.SZ,2019-11-30,1023.6571,559.9202,10.7724,2.4406
000338.SZ,2019-10-31,909.0363,490.7261,9.4411,2.139
000338.SZ,2019-09-30,870.2201,476.293,9.3189,2.0989
000338.SZ,2019-08-31,904.361,491.5751,9.6179,2.1662
000338.SZ,2019-07-31,937.6513,516.6209,10.3497,2.2919
000338.SZ,2019-06-30,961.8898,521.5678,10.4518,2.3145
000338.SZ,2019-05-31,904.5432,496.5292,9.95,2.2034
000338.SZ,2019-04-30,953.554,524.1141,10.5028,2.3258
000338.SZ,2019-03-31,918.9205,502.8949,10.8595,2.3914
000338.SZ,2019-02-28,753.2356,405.711,9.2424,2.1103
000338.SZ,2019-01-31,704.5375,375.5798,8.556,1.9535
000338.SZ,2018-12-31,618.5463,331.8757,7.5037,1.7133
000338.SZ,2018-11-30,600.0184,324.1175,7.3283,1.6732
000338.SZ,2018-10-31,584.7141,321.1005,7.26,1.6576
000338.SZ,2018-09-30,683.4824,368.5113,7.9964,1.955
000338.SZ,2018-08-31,624.8984,344.8239,7.482,1.8293
000338.SZ,2018-07-31,677.9235,367.6685,9.0376,1.9401
000338.SZ,2018-06-30,706.9931,377.5916,9.2707,1.8831
000338.SZ,2018-05-31,695.6431,376.7285,9.2495,1.8788
000338.SZ,2018-04-30,644.4654,356.878,8.7622,1.7798
000338.SZ,2018-03-31,637.4636,356.4464,9.7024,1.8745
000338.SZ,2018-02-28,653.1782,366.8032,12.2697,2.0487
000338.SZ,2018-01-31,685.4691,378.8862,12.6738,2.1162
000338.SZ,2017-12-31,643.9522,360.1983,12.0387,2.0101
000338.SZ,2017-11-30,635.9488,351.5604,11.75,1.9619
000338.SZ,2017-10-31,665.9705,360.6302,12.0531,2.0125
000338.SZ,2017-09-30,594.7785,323.4874,14.8276,1.8328
000338.SZ,2017-08-31,568.0145,310.9626,14.2535,1.7618
000338.SZ,2017-07-31,550.4579,302.7566,17.6371,1.7054
000338.SZ,2017-06-30,514.9271,285.0482,16.6056,1.6056
000338.SZ,2017-05-31,445.9805,240.9953,14.0393,1.3575
000338.SZ,2017-04-30,448.2497,242.2909,14.1147,1.3648
000338.SZ,2017-03-31,458.8845,242.9388,18.4273,1.4174
000338.SZ,2017-02-28,458.7083,243.3707,24.3264,1.4459
000338.SZ,2017-01-31,454.8485,239.9155,23.9811,1.4254
000338.SZ,2016-12-31,405.2618,215.0818,21.4988,1.2778
000338.SZ,2016-11-30,416.5956,220.2645,22.0168,1.3086
000338.SZ,2016-10-31,388.4042,206.228,20.6138,1.2252
000338.SZ,2016-09-30,365.7866,198.8859,25.0025,1.1525
000338.SZ,2016-08-31,350.2349,191.3278,24.0524,1.1087
000338.SZ,2016-07-31,342.6511,189.1683,28.4098,1.1091
000338.SZ,2016-06-30,302.3446,168.6535,25.3288,0.9765
000338.SZ,2016-05-31,315.0557,175.1432,25.7504,0.9928
000338.SZ,2016-04-30,319.0879,168.2104,26.0747,1.0053
000338.SZ,2016-03-31,314.9368,169.0473,23.2341,1.0183
000338.SZ,2016-02-29,273.5174,148.9625,17.5602,0.9056
000338.SZ,2016-01-31,279.3144,151.2639,17.8315,0.9196
000415.SZ,2020-12-31,148.4285,85.1375,-4.3885,0.4488
000415.SZ,2020-11-30,164.5083,94.3607,-4.8639,0.4975
000415.SZ,2020-10-31,157.0868,90.1039,-4.6445,0.475
000415.SZ,2020-09-30,172.5481,98.9724,-6.9786,0.4902
000415.SZ,2020-08-31,178.1142,102.165,-7.2037,0.506
000415.SZ,2020-07-31,189.8648,108.9051,19.7492,0.4988
000415.SZ,2020-06-30,184.2987,105.7124,19.1702,0.4842
000415.SZ,2020-05-31,190.4833,109.2598,19.8135,0.5004
000415.SZ,2020-04-30,169.4559,97.1987,17.6263,0.4452
000415.SZ,2020-03-31,179.3511,102.8745,9.3178,0.4666
000415.SZ,2020-02-29,204.0892,117.0641,10.603,0.531
000415.SZ,2020-01-31,213.9844,122.7399,11.1171,0.5567
000415.SZ,2019-12-31,235.0118,134.8011,12.2095,0.6115
000415.SZ,2019-11-30,211.5106,121.321,10.9886,0.5503
000415.SZ,2019-10-31,217.0767,124.5136,11.2777,0.5648
000415.SZ,2019-09-30,221.4059,126.9968,7.918,0.5911
000415.SZ,2019-08-31,217.6951,124.8684,7.7853,0.5812
000415.SZ,2019-07-31,231.9195,133.0274,7.7183,0.6356
000415.SZ,2019-06-30,242.4332,139.0618,8.0681,0.6644
000415.SZ,2019-05-31,238.7225,136.9333,7.9447,0.6542
000415.SZ,2019-04-30,271.5005,155.735,9.0355,0.744
000415.SZ,2019-03-31,287.5802,164.9508,9.0063,0.81
000415.SZ,2019-02-28,285.7249,163.8866,8.9482,0.8047
000415.SZ,2019-01-31,209.0368,119.8997,6.5465,0.5888
000415.SZ,2018-12-31,222.6428,127.7236,6.9726,0.6271
000415.SZ,2018-11-30,236.8672,135.8837,7.4181,0.6671
000415.SZ,2018-10-31,246.1439,141.2055,7.7086,0.6933
000415.SZ,2018-09-30,241.8148,138.722,8.3566,0.7377
000415.SZ,2018-08-31,219.5505,125.9497,7.5872,0.6698
000415.SZ,2018-07-31,262.2237,150.43,9.46,0.8
000415.SZ,2018-06-30,361.176,207.1975,13.0298,1.1607
000415.SZ,2018-05-31,361.176,207.1975,13.0298,1.1607
000415.SZ,2018-04-30,361.176,207.1975,13.0298,1.1607
000415.SZ,2018-03-31,361.176,181.9328,13.3277,1.1556
000415.SZ,2018-02-28,361.176,181.9328,13.3277,1.1556
000415.SZ,2018-01-31,361.176,181.9328,13.3277,1.1556
000415.SZ,2017-12-31,356.2284,179.4577,13.1452,1.1398
000415.SZ,2017-11-30,363.6499,183.1964,13.419,1.1635
000415.SZ,2017-10-31,394.5725,198.7744,14.5601,1.2625
000415.SZ,2017-09-30,409.4153,206.2518,15.9306,1.3204
000415.SZ,2017-08-31,432.298,217.7794,16.821,1.3941
000415.SZ,2017-07-31,432.298,217.7794,17.5576,1.3952
000415.SZ,2017-06-30,416.2183,209.6789,16.9046,1.33
000415.SZ,2017-05-31,399.5201,201.2668,16.2264,1.2766
000415.SZ,2017-04-30,431.0611,217.1563,17.5074,1.3774
000415.SZ,2017-03-31,440.9564,222.1413,24.859,1.5096
000415.SZ,2017-02-28,441.5748,222.4528,24.8939,1.5117
000415.SZ,2017-01-31,429.8242,216.5332,24.2314,1.4714
000415.SZ,2016-12-31,442.1933,222.7644,24.9287,1.5138
000415.SZ,2016-11-30,444.0486,223.6991,25.0333,1.5201
000415.SZ,2016-10-31,444.0486,223.6991,25.0333,1.5201
000415.SZ,2016-09-30,444.0486,223.6991,31.5518,1.5658
000415.SZ,2016-08-31,451.4701,227.4378,32.0792,1.5919
000415.SZ,2016-07-31,421.7844,212.483,33.1351,1.5505
000415.SZ,2016-06-30,421.7844,212.483,33.1351,1.5505
000415.SZ,2016-05-31,421.7844,212.483,33.1351,1.5505
000415.SZ,2016-04-30,421.7844,212.483,33.1351,1.5505
000415.SZ,2016-03-31,421.7844,212.483,35.6143,1.5739
000415.SZ,2016-02-29,421.7844,212.483,35.6143,1.5739
000415.SZ,2016-01-31,421.7844,212.483,35.6143,1.5739
000402.SZ,2020-12-31,192.786,192.7025,6.4779,0.5543
000402.SZ,2020-11-30,208.0295,207.9395,6.9901,0.5982
000402.SZ,2020-10-31,199.3616,199.2753,6.6988,0.5733
000402.SZ,2020-09-30,194.8782,194.7939,7.3803,0.5712
000402.SZ,2020-08-31,204.4428,204.3543,7.7425,0.5992
000402.SZ,2020-07-31,206.2362,206.1469,6.8849,0.606
000402.SZ,2020-06-30,198.4649,198.379,6.6255,0.5682
000402.SZ,2020-05-31,197.5683,197.4824,6.5955,0.5656
000402.SZ,2020-04-30,207.4317,207.3416,6.9248,0.5939
000402.SZ,2020-03-31,195.476,195.3911,5.4254,0.6026
000402.SZ,2020-02-29,207.4317,207.3416,5.7572,0.6394
000402.SZ,2020-01-31,224.1697,224.0724,6.2218,0.691
000402.SZ,2019-12-31,242.7011,242.5957,6.7361,0.7481
000402.SZ,2019-11-30,231.0443,230.9439,6.4126,0.7122
000402.SZ,2019-10-31,234.9299,234.8278,6.5204,0.7242
000402.SZ,2019-09-30,230.1476,230.0476,6.6589,0.7166
000402.SZ,2019-08-31,219.0886,218.9934,6.3389,0.6821
000402.SZ,2019-07-31,228.0554,227.9563,6.8454,0.7199
000402.SZ,2019-06-30,234.3321,234.2252,7.0338,0.7398
000402.SZ,2019-05-31,219.0886,218.9886,6.5762,0.6726
000402.SZ,2019-04-30,245.9889,245.8767,7.3837,0.7552
000402.SZ,2019-03-31,256.4502,256.3331,7.8459,0.8023
000402.SZ,2019-02-28,239.1144,239.0053,9.1847,0.8042
000402.SZ,2019-01-31,210.7196,210.6234,8.094,0.7087
000402.SZ,2018-12-31,192.4871,192.4166,7.3937,0.6474
000402.SZ,2018-11-30,202.6494,202.5752,7.784,0.6816
000402.SZ,2018-10-31,195.1771,195.1056,7.497,0.6564
000402.SZ,2018-09-30,210.4207,210.3436,7.4884,0.7119
000402.SZ,2018-08-31,208.0295,207.9533,7.4033,0.7038
000402.SZ,2018-07-31,223.572,223.4901,7.413,0.7646
000402.SZ,2018-06-30,240.6089,240.5174,7.9779,0.8229
000402.SZ,2018-05-31,277.0738,276.9685,9.1869,0.9194
000402.SZ,2018-04-30,270.797,270.6941,8.9788,0.8985
000402.SZ,2018-03-31,292.9151,292.8038,9.743,0.9911
000402.SZ,2018-02-28,307.8598,307.7428,8.9378,1.0995
000402.SZ,2018-01-31,352.6937,352.5597,10.2394,1.2596
000402.SZ,2017-12-31,332.0701,331.8985,9.6407,1.186
000402.SZ,2017-11-30,334.1624,333.9897,9.7014,1.1934
000402.SZ,2017-10-31,346.7159,346.5367,10.0659,1.2383
000402.SZ,2017-09-30,364.3506,364.1623,11.7261,1.3177
000402.SZ,2017-08-31,354.1882,354.0052,11.3991,1.281
000402.SZ,2017-07-31,351.7971,351.6152,13.727,1.2969
000402.SZ,2017-06-30,350.3026,350.1216,13.6687,1.2914
000402.SZ,2017-05-31,348.2103,348.0571,13.587,1.2295
000402.SZ,2017-04-30,351.4982,351.3435,13.7153,1.2411
000402.SZ,2017-03-31,331.1734,331.0277,11.8092,1.1937
000402.SZ,2017-02-28,325.1956,325.0525,15.9127,1.2698
000402.SZ,2017-01-31,313.2399,313.102,15.3277,1.2231
000402.SZ,2016-12-31,307.8598,307.6574,15.0644,1.2021
000402.SZ,2016-11-30,356.8782,356.6436,17.463,1.3935
000402.SZ,2016-10-31,336.5535,336.3323,16.4685,1.3141
000402.SZ,2016-09-30,352.3948,352.1632,16.3676,1.446
000402.SZ,2016-08-31,373.0185,372.7732,17.3255,1.5306
000402.SZ,2016-07-31,310.8487,310.6444,13.9047,1.2755
000402.SZ,2016-06-30,290.524,290.333,12.9956,1.1061
000402.SZ,2016-05-31,298.5941,298.3973,13.3566,1.1368
000402.SZ,2016-04-30,269.9004,269.7225,12.0731,1.0276
000402.SZ,2016-03-31,277.9705,277.7873,8.2722,1.1465
000402.SZ,2016-02-29,262.428,262.2551,7.8097,1.0824
000402.SZ,2016-01-31,257.3469,257.1773,7.6585,1.0614
000400.SZ,2020-12-31,145.8041,145.7959,21.7078,1.7226
000400.SZ,2020-11-30,168.9957,168.9861,25.1606,1.9966
000400.SZ,2020-10-31,142.0733,142.0653,21.1523,1.6785
000400.SZ,2020-09-30,138.9475,138.9396,22.8857,1.6727
000400.SZ,2020-08-31,158.5091,158.5001,26.1077,1.9082
000400.SZ,2020-07-31,161.8365,161.8274,36.8119,1.9957
000400.SZ,2020-06-30,133.0992,133.0917,30.2752,1.6413
000400.SZ,2020-05-31,128.6626,128.6553,29.2661,1.5748
000400.SZ,2020-04-30,142.0733,142.0653,32.3165,1.739
000400.SZ,2020-03-31,131.99,131.9826,42.4831,1.6562
000400.SZ,2020-02-29,119.4868,119.48,38.4588,1.4993
000400.SZ,2020-01-31,116.7643,116.7577,37.5825,1.4652
000400.SZ,2019-12-31,108.5969,108.5907,34.9537,1.3627
000400.SZ,2019-11-30,97.7069,97.6927,31.4486,1.226
000400.SZ,2019-10-31,91.5561,91.5428,29.4688,1.1488
000400.SZ,2019-09-30,85.3045,85.2921,35.3661,1.083
000400.SZ,2019-08-31,85.4053,85.3929,35.4079,1.0843
000400.SZ,2019-07-31,87.1195,87.1068,44.1892,1.1268
000400.SZ,2019-06-30,91.3545,91.3417,46.3373,1.1815
000400.SZ,2019-05-31,90.8503,90.8377,46.0815,1.1677
000400.SZ,2019-04-30,98.7152,98.7015,50.0708,1.2688
000400.SZ,2019-03-31,106.8827,106.8678,53.5322,1.3782
000400.SZ,2019-02-28,111.4202,111.4047,23.8138,1.445
000400.SZ,2019-01-31,101.4377,101.4236,21.6802,1.3155
000400.SZ,2018-12-31,89.6403,89.6257,19.1588,1.1625
000400.SZ,2018-11-30,90.2453,90.2306,19.2881,1.1703
000400.SZ,2018-10-31,93.5728,93.5575,19.9993,1.2135
000400.SZ,2018-09-30,93.0686,93.0534,15.9013,1.2106
000400.SZ,2018-08-31,75.4229,75.4106,12.8864,0.9811
000400.SZ,2018-07-31,82.7837,82.7702,13.9887,1.0917
000400.SZ,2018-06-30,78.7504,78.739,13.3071,1.0385
000400.SZ,2018-05-31,89.237,89.2241,15.0791,1.1736
000400.SZ,2018-04-30,99.6227,99.6084,16.8341,1.3102
000400.SZ,2018-03-31,114.2435,114.2271,18.6132,1.508
000400.SZ,2018-02-28,114.6468,114.6303,12.3867,1.5794
000400.SZ,2018-01-31,120.7976,120.7803,13.0512,1.6642
000400.SZ,2017-12-31,132.9984,132.9799,14.3694,1.8323
000400.SZ,2017-11-30,143.0816,143.0617,15.4588,1.9712
000400.SZ,2017-10-31,151.9549,151.9338,16.4175,2.0934
000400.SZ,2017-09-30,163.7524,163.7296,17.8026,2.3006
000400.SZ,2017-08-31,170.004,169.9803,18.4823,2.3884
000400.SZ,2017-07-31,170.7098,170.6861,19.3388,2.4363
000400.SZ,2017-06-30,181.0956,181.0704,20.5154,2.5478
000400.SZ,2017-05-31,162.8449,162.8151,18.4479,2.291
000400.SZ,2017-04-30,181.4989,181.4657,20.5611,2.5535
000400.SZ,2017-03-31,178.1714,130.3136,20.5048,2.5243
000400.SZ,2017-02-28,181.1964,132.5261,22.643,2.8159
000400.SZ,2017-01-31,183.5156,134.2223,22.9328,2.8519
000400.SZ,2016-12-31,183.0114,133.844,22.8698,2.8441
000400.SZ,2016-11-30,169.1973,123.7412,21.1436,2.6294
000400.SZ,2016-10-31,176.2556,128.9032,22.0256,2.7391
000400.SZ,2016-09-30,147.6191,107.9601,19.5553,2.3436
000400.SZ,2016-08-31,153.8707,112.5322,20.3835,2.4428
000400.SZ,2016-07-31,160.7274,117.5468,21.5468,2.5819
000400.SZ,2016-06-30,155.6857,113.8596,20.8709,2.5009
000400.SZ,2016-05-31,146.0058,106.7822,19.5732,2.308
000400.SZ,2016-04-30,154.5766,113.0505,20.7222,2.4435
000400.SZ,2016-03-31,145.905,106.7084,20.2467,2.3196
000400.SZ,2016-02-29,123.3184,90.1897,19.4332,2.1504
000400.SZ,2016-01-31,131.385,96.0892,20.7044,2.2911
000413.SZ,2020-12-31,143.0508,124.5224,-3.7878,0.4938
000413.SZ,2020-11-30,143.6006,125.008,-3.8026,0.4958
000413.SZ,2020-10-31,152.451,132.7906,-4.0394,0.5266
000413.SZ,2020-09-30,169.5006,147.383,-5.3187,0.5842
000413.SZ,2020-08-31,175.6207,152.7335,-5.5118,0.6054
000413.SZ,2020-07-31,156.7366,136.1955,-7.0169,0.5229
000413.SZ,2020-06-30,149.1315,129.8721,-6.6911,0.4986
000413.SZ,2020-05-31,154.4706,134.7364,-6.9417,0.5173
000413.SZ,2020-04-30,155.4696,135.2228,-6.9667,0.5192
000413.SZ,2020-03-31,168.542,145.9239,8.6676,0.5165
000413.SZ,2020-02-29,204.0643,177.0543,10.5167,0.6267
000413.SZ,2020-01-31,171.4887,148.356,8.8121,0.5251
000413.SZ,2019-12-31,188.9512,163.4348,9.7077,0.5785
000413.SZ,2019-11-30,269.9668,233.4795,13.8682,0.8264
000413.SZ,2019-10-31,268.4055,232.0202,13.7815,0.8213
000413.SZ,2019-09-30,319.058,276.284,15.1421,0.9865
000413.SZ,2019-08-31,256.0585,221.3191,12.1297,0.801
000413.SZ,2019-07-31,271.5167,234.4523,12.7267,0.8485
000413.SZ,2019-06-30,289.184,250.0176,13.5716,0.8938
000413.SZ,2019-05-31,281.3093,243.2078,13.2019,0.8695
000413.SZ,2019-04-30,346.7098,300.1184,16.2912,1.0729
000413.SZ,2019-03-31,339.5207,293.795,17.0269,1.0927
000413.SZ,2019-02-28,318.4649,275.7976,15.9838,1.0258
000413.SZ,2019-01-31,230.6722,199.4304,11.558,0.7417
000413.SZ,2018-12-31,253.5332,210.981,12.6856,0.8141
000413.SZ,2018-11-30,264.9545,192.4474,13.2494,0.8503
000413.SZ,2018-10-31,265.7097,192.8569,13.2776,0.8521
000413.SZ,2018-09-30,305.4551,221.9287,15.7967,1.008
000413.SZ,2018-08-31,302.0885,219.4719,15.6218,0.9968
000413.SZ,2018-07-31,341.9495,248.9532,19.6246,1.1307
000413.SZ,2018-06-30,340.7449,248.1343,19.56,1.1078
000413.SZ,2018-05-31,425.3323,310.7821,24.4984,1.3874
000413.SZ,2018-04-30,438.5554,320.6092,25.2731,1.4313
000413.SZ,2018-03-31,433.586,316.924,30.2909,1.4583
000413.SZ,2018-02-28,460.5232,336.5782,32.1694,1.5487
000413.SZ,2018-01-31,457.7796,334.5309,31.9737,1.5393
000413.SZ,2017-12-31,525.8965,384.0759,36.7091,1.7673
000413.SZ,2017-11-30,495.917,390.6273,34.6968,1.9018
000413.SZ,2017-10-31,497.7717,423.3843,34.885,2.2307
000413.SZ,2017-09-30,544.5158,463.5116,42.0508,2.4846
000413.SZ,2017-08-31,490.1517,416.8329,37.816,2.2344
000413.SZ,2017-07-31,555.5318,345.609,44.4415,2.565
000413.SZ,2017-06-30,539.3373,335.444,43.1344,2.4895
000413.SZ,2017-05-31,489.3183,304.0217,39.0977,2.222
000413.SZ,2017-04-30,506.9378,314.7835,40.4817,2.3007
000413.SZ,2017-03-31,545.3767,338.9976,45.179,2.5215
000413.SZ,2017-02-28,491.6858,305.2175,37.6816,2.3172
000413.SZ,2017-01-31,491.6619,305.2175,37.6816,2.3172
000413.SZ,2016-12-31,542.018,336.6061,41.5568,2.5555
000413.SZ,2016-11-30,621.3946,311.9169,47.7571,2.9367
000413.SZ,2016-10-31,641.9811,322.6044,49.4179,3.0389
000413.SZ,2016-09-30,695.6618,349.5885,49.8106,3.3375
000413.SZ,2016-08-31,695.6833,349.8295,49.8449,3.3398
000413.SZ,2016-07-31,444.3955,289.8482,31.5383,3.2039
000413.SZ,2016-06-30,319.2332,206.9656,22.5199,2.2877
000413.SZ,2016-05-31,294.6447,190.8204,20.7634,2.1093
000413.SZ,2016-04-30,282.2288,182.3877,19.8458,2.0161
000413.SZ,2016-03-31,287.5318,155.8865,22.3235,2.0675
000413.SZ,2016-02-29,251.5419,136.0978,19.4897,1.8051
000413.SZ,2016-01-31,229.4719,123.5784,22.0195,1.5746
000423.SZ,2020-12-31,253.1717,253.1717,-37.5738,2.62
000423.SZ,2020-11-30,272.7924,272.7924,-40.4858,2.8231
000423.SZ,2020-10-31,250.1632,250.1632,-37.1273,2.5889
000423.SZ,2020-09-30,259.712,259.712,-36.0261,2.7374
000423.SZ,2020-08-31,302.3542,302.3542,-41.9412,3.1869
000423.SZ,2020-07-31,266.3176,266.3176,-28.9173,2.7633
000423.SZ,2020-06-30,234.2051,234.2051,-25.4305,2.3976
000423.SZ,2020-05-31,233.6819,233.6819,-25.3736,2.3922
000423.SZ,2020-04-30,202.7467,202.7467,-22.0146,2.0755
000423.SZ,2020-03-31,168.3451,168.3451,-37.9228,1.6877
000423.SZ,2020-02-29,201.3078,201.3078,18.8369,1.8942
000423.SZ,2020-01-31,223.2176,223.2176,20.8871,2.1003
000423.SZ,2019-12-31,231.3274,231.3274,21.6459,2.1766
000423.SZ,2019-11-30,220.2091,220.2091,20.6055,2.072
000423.SZ,2019-10-31,231.0658,231.0658,21.6214,2.1742
000423.SZ,2019-09-30,199.3458,199.3458,14.0823,1.985
000423.SZ,2019-08-31,206.0168,206.0168,14.5536,2.0514
000423.SZ,2019-07-31,218.1816,218.1816,11.676,1.8656
000423.SZ,2019-06-30,260.4314,260.4314,13.937,2.2268
000423.SZ,2019-05-31,267.037,267.037,14.2905,2.2833
000423.SZ,2019-04-30,286.396,286.396,15.3265,2.4488
000423.SZ,2019-03-31,310.3332,310.3332,14.885,2.7458
000423.SZ,2019-02-28,299.1495,299.1495,14.7886,2.8578
000423.SZ,2019-01-31,268.4758,268.4758,13.2723,2.5648
000423.SZ,2018-12-31,258.6655,258.6655,12.7873,2.4711
000423.SZ,2018-11-30,296.795,296.795,14.6722,2.8354
000423.SZ,2018-10-31,256.7035,256.7035,12.6903,2.4524
000423.SZ,2018-09-30,310.464,310.464,15.4834,3.0675
000423.SZ,2018-08-31,306.0821,306.0821,15.2649,3.0242
000423.SZ,2018-07-31,342.6419,342.6419,16.7207,3.2719
000423.SZ,2018-06-30,351.929,351.929,17.174,3.3606
000423.SZ,2018-05-31,392.5437,392.5437,19.1559,3.7484
000423.SZ,2018-04-30,385.2841,385.2841,18.8017,3.6791
000423.SZ,2018-03-31,403.2043,403.2043,19.7228,4.0958
000423.SZ,2018-02-28,393.0669,393.0669,20.9844,4.3635
000423.SZ,2018-01-31,429.3651,429.3651,22.9222,4.7664
000423.SZ,2017-12-31,394.1788,394.1788,21.0438,4.3758
000423.SZ,2017-11-30,393.3286,393.3286,20.9984,4.3664
000423.SZ,2017-10-31,418.9662,418.9662,22.3671,4.651
000423.SZ,2017-09-30,424.6562,424.6562,22.0602,4.9059
000423.SZ,2017-08-31,407.8478,407.8478,21.1871,4.7117
000423.SZ,2017-07-31,419.424,419.424,21.9289,5.008
000423.SZ,2017-06-30,470.1761,470.1761,24.5824,5.2453
000423.SZ,2017-05-31,439.6333,439.6333,22.9855,4.9046
000423.SZ,2017-04-30,430.9348,430.9348,22.5307,4.8075
000423.SZ,2017-03-31,429.0381,429.0381,23.1603,5.1325
000423.SZ,2017-02-28,370.8302,370.8302,21.5455,4.8121
000423.SZ,2017-01-31,355.9185,355.9185,20.6791,4.6186
000423.SZ,2016-12-31,352.3214,352.3214,20.4701,4.5719
000423.SZ,2016-11-30,395.4868,395.4868,22.978,5.1321
000423.SZ,2016-10-31,366.2521,366.2521,21.2795,4.7527
000423.SZ,2016-09-30,389.1428,389.1428,23.1382,5.3163
000423.SZ,2016-08-31,390.5163,390.5163,23.2198,5.3351
000423.SZ,2016-07-31,376.1932,376.1932,22.8924,5.3473
000423.SZ,2016-06-30,345.5196,345.5196,21.0258,4.5713
000423.SZ,2016-05-31,303.2698,303.2698,18.4548,4.0123
000423.SZ,2016-04-30,300.5883,300.5883,18.2916,3.9768
000423.SZ,2016-03-31,317.5275,317.5275,19.5398,4.5272
000423.SZ,2016-02-29,293.6557,293.6557,18.6777,4.5079
000423.SZ,2016-01-31,294.3751,294.3751,18.7235,4.5189
000503.SZ,2020-12-31,75.1415,75.1415,4627.5693,7.149
000503.SZ,2020-11-30,97.6121,97.6121,6011.4116,9.2869
000503.SZ,2020-10-31,92.2192,92.2192,5679.2896,8.7738
000503.SZ,2020-09-30,98.8704,98.8704,1042.5905,8.9369
000503.SZ,2020-08-31,108.7575,108.7575,1146.8495,9.8306
000503.SZ,2020-07-31,117.3862,117.3862,-2941.8787,10.154
000503.SZ,2020-06-30,100.1288,100.1288,-2509.3821,8.6612
000503.SZ,2020-05-31,95.7246,95.7246,-2399.0054,8.2803
000503.SZ,2020-04-30,98.3311,98.3311,-2464.3303,8.5057
000503.SZ,2020-03-31,112.8921,112.8921,-51.1447,10.6419
000503.SZ,2020-02-29,128.981,128.981,-58.4336,12.1585
000503.SZ,2020-01-31,147.0473,147.0473,-66.6184,13.8616
000503.SZ,2019-12-31,153.8784,153.8784,-69.7132,14.5055
000503.SZ,2019-11-30,151.4515,151.4515,-68.6137,14.2768
000503.SZ,2019-10-31,136.621,136.621,-61.8949,12.8787
000503.SZ,2019-09-30,157.6534,157.6534,-74.6537,14.3249
000503.SZ,2019-08-31,140.7556,140.7556,-66.652,12.7895
000503.SZ,2019-07-31,148.3057,148.3057,-82.9039,12.8299
000503.SZ,2019-06-30,154.2379,154.2379,-86.2201,13.3431
000503.SZ,2019-05-31,163.8553,163.8553,-91.5963,14.1751
000503.SZ,2019-04-30,199.6284,199.6284,-111.5937,17.2698
000503.SZ,2019-03-31,251.2208,251.2208,434.2398,19.236
000503.SZ,2019-02-28,182.1014,182.1014,314.7656,13.9435
000503.SZ,2019-01-31,124.397,124.397,215.0225,9.5251
000503.SZ,2018-12-31,142.733,142.733,246.7166,10.9291
000503.SZ,2018-11-30,166.2821,166.2821,287.4217,12.7323
000503.SZ,2018-10-31,130.0596,130.0596,224.8103,9.9587
000503.SZ,2018-09-30,180.4835,180.4835,2150.8525,13.6849
000503.SZ,2018-08-31,177.6971,177.6971,2117.6472,13.4737
000503.SZ,2018-07-31,251.7601,251.7601,-8061.1611,18.8669
000503.SZ,2018-06-30,285.6457,285.6457,-9146.1514,21.4063
000503.SZ,2018-05-31,336.8786,336.8786,-10786.5879,25.2457
000503.SZ,2018-04-30,359.5289,359.5289,-11511.833,26.9431
000503.SZ,2018-03-31,354.5854,354.5854,-858.8751,28.1502
000503.SZ,2018-02-28,322.6772,322.6772,-781.5873,25.617
000503.SZ,2018-01-31,354.855,354.855,-859.5283,28.1716
000503.SZ,2017-12-31,387.9317,387.9317,-939.6464,30.7975
000503.SZ,2017-11-30,224.0764,224.0764,-542.7568,17.7892
000503.SZ,2017-10-31,224.0764,224.0764,-542.7568,17.7892
000503.SZ,2017-09-30,224.0764,224.0764,6040.5933,16.8464
000503.SZ,2017-08-31,224.0764,224.0764,6040.5933,16.8464
000503.SZ,2017-07-31,224.0764,224.0764,1435.051,16.2506
000503.SZ,2017-06-30,224.0764,224.0764,1435.051,16.2506
000503.SZ,2017-05-31,224.0764,224.0764,1435.051,16.2506
000503.SZ,2017-04-30,295.7125,295.7125,1893.83,21.4458
000503.SZ,2017-03-31,307.3073,307.3073,1096.6963,21.6109
000503.SZ,2017-02-28,382.8983,382.8983,1095.614,29.4596
000503.SZ,2017-01-31,402.1331,402.1331,1150.6519,30.9395
000503.SZ,2016-12-31,377.9547,377.9547,1081.4688,29.0793
000503.SZ,2016-11-30,520.2383,520.2383,1488.5947,40.0264
000503.SZ,2016-10-31,445.8158,445.8158,1275.6444,34.3004
000503.SZ,2016-09-30,426.0417,426.0417,3692.5996,32.0962
000503.SZ,2016-08-31,446.9843,446.9843,3874.1135,33.6739
000503.SZ,2016-07-31,400.6051,400.6051,2625.2456,29.7366
000503.SZ,2016-06-30,361.4164,361.4164,2368.4343,26.8276
000503.SZ,2016-05-31,355.9336,355.9336,2332.5044,26.4206
000503.SZ,2016-04-30,261.3775,261.1288,1712.8593,19.4018
000503.SZ,2016-03-31,214.3691,214.1651,-287.8362,17.389
000503.SZ,2016-02-29,174.3715,174.2056,-234.1309,14.1445
000503.SZ,2016-01-31,201.0665,200.8752,-269.9746,16.3099
000538.SZ,2020-12-31,1451.1302,684.0617,29.6465,3.8059
000538.SZ,2020-11-30,1216.9821,573.6845,24.8629,3.1918
000538.SZ,2020-10-31,1315.2145,619.9911,26.8698,3.4495
000538.SZ,2020-09-30,1302.4404,613.9694,29.6657,3.5861
000538.SZ,2020-08-31,1478.0834,696.7674,33.6663,4.0697
000538.SZ,2020-07-31,1399.7786,659.8546,30.3014,3.9604
000538.SZ,2020-06-30,1198.3321,564.8928,25.9407,3.3905
000538.SZ,2020-05-31,1126.4142,530.9908,24.3838,2.8752
000538.SZ,2020-04-30,1153.7507,543.8772,24.9756,2.945
000538.SZ,2020-03-31,1092.8185,515.1538,26.1207,2.8805
000538.SZ,2020-02-29,1005.1887,473.8328,24.4198,2.6866
000538.SZ,2020-01-31,1106.2313,521.463,26.8745,2.9566
000538.SZ,2019-12-31,1142.3818,538.5039,27.7527,3.0532
000538.SZ,2019-11-30,1122.8375,526.3894,27.2779,3.001
000538.SZ,2019-10-31,1105.5926,527.0599,26.859,2.9549
000538.SZ,2019-09-30,971.4652,463.1185,24.7791,2.7123
000538.SZ,2019-08-31,979.7683,467.0768,24.9909,2.7355
000538.SZ,2019-07-31,969.8046,462.3269,28.9786,2.6443
000538.SZ,2019-06-30,868.7356,868.7296,25.9586,4.6559
000538.SZ,2019-05-31,809.0634,809.0578,24.1755,3.9007
000538.SZ,2019-04-30,921.6388,921.6323,27.5394,4.4434
000538.SZ,2019-03-31,890.3968,890.3905,26.9282,4.501
000538.SZ,2019-02-28,886.0229,886.0167,27.0781,4.6129
000538.SZ,2019-01-31,809.48,809.4743,24.7388,4.2144
000538.SZ,2018-12-31,770.2192,770.2138,23.5389,4.01
000538.SZ,2018-11-30,775.8428,775.8374,23.7108,4.0393
000538.SZ,2018-10-31,731.375,731.3699,22.3518,3.8077
000538.SZ,2018-09-30,731.375,731.3699,22.763,4.0389
000538.SZ,2018-08-31,828.9542,828.9484,25.8,4.5777
000538.SZ,2018-07-31,1037.3383,1037.331,32.1547,6.0025
000538.SZ,2018-06-30,1113.8811,1113.8733,34.5273,5.9111
000538.SZ,2018-05-31,1188.2371,1188.2288,36.8322,6.3057
000538.SZ,2018-04-30,986.7262,986.7193,30.5859,5.2364
000538.SZ,2018-03-31,1030.9857,1030.9785,32.574,5.8922
000538.SZ,2018-02-28,971.6259,971.6191,30.6985,5.5529
000538.SZ,2018-01-31,1053.0634,1053.056,33.2715,6.0183
000538.SZ,2017-12-31,1060.0408,1060.0334,33.492,6.0582
000538.SZ,2017-11-30,979.9571,979.9503,30.9617,5.6005
000538.SZ,2017-10-31,1091.8035,1091.7958,34.4955,6.2397
000538.SZ,2017-09-30,944.5495,944.5429,30.5005,5.7393
000538.SZ,2017-08-31,906.0178,906.0114,29.2563,5.5052
000538.SZ,2017-07-31,916.9525,916.946,30.3316,5.8712
000538.SZ,2017-06-30,977.3536,977.3468,32.3296,5.9411
000538.SZ,2017-05-31,923.5133,923.5068,30.5486,5.6138
000538.SZ,2017-04-30,890.3968,890.3905,29.4532,5.4125
000538.SZ,2017-03-31,886.4394,886.4332,29.6613,5.8441
000538.SZ,2017-02-28,798.4412,798.4356,26.7168,5.264
000538.SZ,2017-01-31,785.3195,785.314,26.2777,5.1775
000538.SZ,2016-12-31,793.0259,793.0203,26.5356,5.2283
000538.SZ,2016-11-30,720.961,720.956,24.1242,4.7532
000538.SZ,2016-10-31,720.961,720.956,24.1242,4.7532
000538.SZ,2016-09-30,720.961,720.956,24.8297,5.0785
000538.SZ,2016-08-31,720.961,720.956,24.8297,5.0785
000538.SZ,2016-07-31,720.961,720.956,25.4639,5.3682
000538.SZ,2016-06-30,669.62,669.6153,23.6506,4.986
000538.SZ,2016-05-31,650.0417,650.0372,22.9591,4.625
000538.SZ,2016-04-30,629.5261,629.5217,22.2345,4.479
000538.SZ,2016-03-31,638.378,638.3736,23.0391,4.7523
000538.SZ,2016-02-29,572.7698,572.7658,21.186,4.4742
000538.SZ,2016-01-31,624.7357,624.7313,23.1082,4.8801
000539.SZ,2020-12-31,188.3897,99.0915,14.7909,0.7517
000539.SZ,2020-11-30,186.1299,98.07,14.6384,0.744
000539.SZ,2020-10-31,179.7049,94.75,14.1428,0.7188
000539.SZ,2020-09-30,183.6697,96.7931,14.4309,0.755
000539.SZ,2020-08-31,189.101,99.6024,14.8498,0.7769
000539.SZ,2020-07-31,187.457,98.5808,19.4004,0.7939
000539.SZ,2020-06-30,165.5046,86.5774,17.0382,0.6973
000539.SZ,2020-05-31,183.1077,96.0269,18.8978,0.7547
000539.SZ,2020-04-30,169.8925,88.6206,17.4403,0.6965
000539.SZ,2020-03-31,172.7701,90.4083,21.2528,0.735
000539.SZ,2020-02-29,176.253,91.6853,21.553,0.7454
000539.SZ,2020-01-31,193.7862,101.3901,23.8344,0.8243
000539.SZ,2019-12-31,199.6917,104.7102,24.6148,0.8513
000539.SZ,2019-11-30,201.1418,105.4764,24.795,0.8575
000539.SZ,2019-10-31,192.0608,100.3685,23.5942,0.816
000539.SZ,2019-09-30,190.8353,99.6024,33.7223,0.8449
000539.SZ,2019-08-31,191.3776,99.8578,33.8088,0.853
000539.SZ,2019-07-31,194.5822,101.3901,36.047,0.8661
000539.SZ,2019-06-30,209.34,109.818,39.0434,0.926
000539.SZ,2019-05-31,206.5879,108.2857,38.4986,0.9131
000539.SZ,2019-04-30,220.9843,116.2028,41.3133,0.9798
000539.SZ,2019-03-31,239.0647,125.9076,28.7618,1.0704
000539.SZ,2019-02-28,215.2454,112.6273,25.7281,0.9575
000539.SZ,2019-01-31,192.666,100.6239,22.9861,0.8555
000539.SZ,2018-12-31,225.22,118.2459,27.0116,1.0053
000539.SZ,2018-11-30,194.6123,100.8793,23.0445,0.8576
000539.SZ,2018-10-31,192.3542,99.8578,22.8111,0.849
000539.SZ,2018-09-30,214.6402,111.6057,21.5783,0.969
000539.SZ,2018-08-31,212.6206,110.5842,21.3808,0.9602
000539.SZ,2018-07-31,226.9249,118.2459,28.1243,1.0445
000539.SZ,2018-06-30,207.8767,108.2857,25.7553,0.9565
000539.SZ,2018-05-31,220.7414,115.4367,27.4561,1.0016
000539.SZ,2018-04-30,212.3614,111.095,26.4235,0.9639
000539.SZ,2018-03-31,220.5471,115.1813,31.8614,0.9993
000539.SZ,2018-02-28,221.0507,115.1813,97.8324,0.9974
000539.SZ,2018-01-31,236.3577,123.6092,104.9908,1.0703
000539.SZ,2017-12-31,236.4711,123.0984,104.557,1.0659
000539.SZ,2017-11-30,240.7085,125.6523,106.7262,1.088
000539.SZ,2017-10-31,252.0031,131.2709,111.4985,1.1367
000539.SZ,2017-09-30,255.2025,132.5479,83.3567,1.1794
000539.SZ,2017-08-31,263.4209,137.4003,86.4083,1.2226
000539.SZ,2017-07-31,266.6386,138.6773,40.0911,1.247
000539.SZ,2017-06-30,261.8849,136.1234,39.3528,1.224
000539.SZ,2017-05-31,258.8975,134.8464,38.9836,1.1907
000539.SZ,2017-04-30,263.3955,137.1449,39.6481,1.211
000539.SZ,2017-03-31,275.1769,143.0189,14.1751,1.2292
000539.SZ,2017-02-28,276.1508,143.5297,14.2258,1.2336
000539.SZ,2017-01-31,264.712,137.4003,13.6183,1.1809
000539.SZ,2016-12-31,262.7647,135.868,13.4664,1.1677
000539.SZ,2016-11-30,269.1103,139.6988,13.8461,1.2006
000539.SZ,2016-10-31,256.9289,133.5694,13.2386,1.148
000539.SZ,2016-09-30,253.1933,131.5263,11.9901,1.1666
000539.SZ,2016-08-31,257.8254,134.0802,12.2229,1.1892
000539.SZ,2016-07-31,253.508,131.5263,10.4408,1.198
000539.SZ,2016-06-30,247.9815,128.2062,10.1772,1.1677
000539.SZ,2016-05-31,261.4563,134.591,10.684,1.1636
000539.SZ,2016-04-30,279.8888,143.7851,11.4139,1.2431
000539.SZ,2016-03-31,292.685,150.4252,9.9109,1.3375
000539.SZ,2016-02-29,265.2551,135.3572,8.9181,1.2035
000539.SZ,2016-01-31,273.7126,139.188,9.1705,1.2376
000425.SZ,2020-12-31,420.668,375.6335,13.8617,1.3817
000425.SZ,2020-11-30,426.1516,380.53,14.0424,1.3998
000425.SZ,2020-10-31,419.8846,374.934,13.8359,1.3792
000425.SZ,2020-09-30,434.7686,388.2246,12.7911,1.4445
000425.SZ,2020-08-31,486.4708,434.3918,14.3122,1.6163
000425.SZ,2020-07-31,497.4379,444.1849,15.6486,1.4904
000425.SZ,2020-06-30,462.9698,413.4067,14.5642,1.5871
000425.SZ,2020-05-31,459.8363,410.6087,14.4657,1.5764
000425.SZ,2020-04-30,434.7686,388.2246,13.6771,1.4904
000425.SZ,2020-03-31,395.6003,353.2494,11.1191,1.4204
000425.SZ,2020-02-29,412.8343,368.6385,11.6035,1.4822
000425.SZ,2020-01-31,406.5674,363.0424,11.4273,1.4597
000425.SZ,2019-12-31,428.5017,382.6285,12.0439,1.5385
000425.SZ,2019-11-30,358.782,320.3241,10.0843,1.2882
000425.SZ,2019-10-31,354.0818,316.1277,9.9521,1.2713
000425.SZ,2019-09-30,347.0315,309.8331,10.7606,1.2778
000425.SZ,2019-08-31,336.0644,300.0415,10.4206,1.2374
000425.SZ,2019-07-31,381.4997,340.6066,14.7902,1.2442
000425.SZ,2019-06-30,349.3816,311.9405,13.5451,1.1395
000425.SZ,2019-05-31,335.281,299.351,12.9984,1.2674
000425.SZ,2019-04-30,358.782,320.3336,13.9095,1.3562
000425.SZ,2019-03-31,344.6814,307.7168,19.6886,1.3806
000425.SZ,2019-02-28,308.6465,275.5464,17.6302,1.2362
000425.SZ,2019-01-31,255.3776,227.9902,14.5874,1.0229
000425.SZ,2018-12-31,253.0275,225.8921,14.4532,1.0135
000425.SZ,2018-11-30,261.6445,233.585,14.9454,0.9462
000425.SZ,2018-10-31,260.0778,232.1863,14.8559,0.9405
000425.SZ,2018-09-30,309.4299,276.2457,19.6546,1.1343
000425.SZ,2018-08-31,320.397,286.0367,20.3512,1.1745
000425.SZ,2018-07-31,297.1277,296.5271,22.2025,1.2257
000425.SZ,2018-06-30,297.1277,296.5272,22.2025,1.2257
000425.SZ,2018-05-31,288.0176,287.4355,21.5218,1.1881
000425.SZ,2018-04-30,283.1122,282.5401,21.1552,1.1545
000425.SZ,2018-03-31,273.3014,272.7491,33.286,1.1469
000425.SZ,2018-02-28,297.1277,296.5272,36.1878,1.2469
000425.SZ,2018-01-31,320.9539,320.3053,39.0897,1.3469
000425.SZ,2017-12-31,324.4578,323.8021,39.5164,1.3616
000425.SZ,2017-11-30,262.7898,262.2587,32.0058,1.1028
000425.SZ,2017-10-31,263.4906,262.9581,32.0911,1.1058
000425.SZ,2017-09-30,257.8844,257.3632,40.8123,1.2332
000425.SZ,2017-08-31,266.9944,266.4549,42.2541,1.2767
000425.SZ,2017-07-31,281.7107,281.1413,70.4566,1.3701
000425.SZ,2017-06-30,262.7898,262.2587,65.7245,1.2781
000425.SZ,2017-05-31,236.1604,235.6832,59.0644,1.1427
000425.SZ,2017-04-30,263.4906,262.9581,65.8997,1.275
000425.SZ,2017-03-31,285.2145,284.6381,136.739,1.3942
000425.SZ,2017-02-28,285.2145,284.6381,140.0774,1.3988
000425.SZ,2017-01-31,235.4596,234.9838,115.6413,1.1548
000425.SZ,2016-12-31,236.8612,236.3825,116.3296,1.1617
000425.SZ,2016-11-30,253.6797,253.1671,124.5897,1.2441
000425.SZ,2016-10-31,228.4519,227.9902,112.1996,1.1204
000425.SZ,2016-09-30,222.8457,222.3954,131.44,1.0954
000425.SZ,2016-08-31,227.0504,226.5915,133.92,1.116
000425.SZ,2016-07-31,216.5388,216.1012,47.6176,1.066
000425.SZ,2016-06-30,214.4365,214.0031,47.1553,1.0556
000425.SZ,2016-05-31,227.4056,226.951,50.0073,1.1054
000425.SZ,2016-04-30,238.0321,237.5562,52.3441,1.157
000425.SZ,2016-03-31,248.6585,248.1614,491.4377,1.2076
000425.SZ,2016-02-29,207.5696,207.1547,-50.3723,0.9768
000425.SZ,2016-01-31,209.6949,209.2574,-50.888,0.9868
000540.SZ,2020-12-31,220.6655,219.5762,54.1462,1.1945
000540.SZ,2020-11-30,224.1681,222.9701,55.0057,1.2135
000540.SZ,2020-10-31,212.9597,211.8216,52.2554,1.1528
000540.SZ,2020-09-30,234.676,233.4218,42.9937,1.2763
000540.SZ,2020-08-31,249.3871,248.0542,45.6888,1.3563
000540.SZ,2020-07-31,251.4886,250.1446,68.6467,1.405
000540.SZ,2020-06-30,225.5692,224.3637,61.5717,1.2602
000540.SZ,2020-05-31,216.4624,215.4751,59.0859,1.2093
000540.SZ,2020-04-30,219.2645,218.2644,59.8508,1.225
000540.SZ,2020-03-31,217.8634,216.8697,-12.3582,1.204
000540.SZ,2020-02-29,252.8897,251.7363,-14.3451,1.3976
000540.SZ,2020-01-31,214.3608,213.3831,-12.1595,1.1846
000540.SZ,2019-12-31,233.275,232.211,-13.2324,1.2892
000540.SZ,2019-11-30,215.0613,199.5703,-12.1993,1.1885
000540.SZ,2019-10-31,231.1734,214.5218,-13.1132,1.2775
000540.SZ,2019-09-30,236.0771,219.0722,-11.4711,1.3244
000540.SZ,2019-08-31,243.0823,225.5729,-11.8115,1.3637
000540.SZ,2019-07-31,262.6971,243.7747,15.3634,1.4644
000540.SZ,2019-06-30,268.3013,249.1618,15.6912,1.4956
000540.SZ,2019-05-31,273.9055,254.3662,16.0189,1.5269
000540.SZ,2019-04-30,318.7391,296.0016,18.6409,1.7768
000540.SZ,2019-03-31,323.6428,300.5555,6.2758,1.5804
000540.SZ,2019-02-28,335.5517,311.6149,6.5068,1.6386
000540.SZ,2019-01-31,222.0666,206.2253,4.3062,1.0844
000540.SZ,2018-12-31,341.1559,316.8193,6.6154,1.6659
000540.SZ,2018-11-30,341.1559,316.8193,6.6154,1.6659
000540.SZ,2018-10-31,341.1559,316.8193,6.6154,1.6659
000540.SZ,2018-09-30,341.1559,316.8193,6.3208,1.6693
000540.SZ,2018-08-31,343.1644,316.8193,6.358,1.6676
000540.SZ,2018-07-31,343.1644,316.8193,18.6461,2.0732
000540.SZ,2018-06-30,343.1644,316.8193,18.6461,2.0732
000540.SZ,2018-05-31,343.1644,316.8193,18.6461,2.0732
000540.SZ,2018-04-30,345.2784,318.771,18.761,2.0568
000540.SZ,2018-03-31,345.2784,317.841,13.5776,2.1978
000540.SZ,2018-02-28,345.2784,317.841,13.5776,2.1978
000540.SZ,2018-01-31,345.2784,317.841,13.5776,2.1978
000540.SZ,2017-12-31,345.2784,317.841,13.5776,2.1978
000540.SZ,2017-11-30,345.2784,290.3658,13.5776,2.1978
000540.SZ,2017-10-31,345.2784,290.3658,13.5776,2.1978
000540.SZ,2017-09-30,345.5193,290.3658,12.8909,2.2291
000540.SZ,2017-08-31,345.5193,290.2649,12.8909,2.2291
000540.SZ,2017-07-31,393.3709,330.4484,13.6433,2.4629
000540.SZ,2017-06-30,326.5838,274.3364,11.327,2.0448
000540.SZ,2017-05-31,304.9682,256.1789,10.5773,1.9094
000540.SZ,2017-04-30,311.5469,261.7051,10.8054,1.9506
000540.SZ,2017-03-31,311.4169,261.6408,11.3559,2.2023
000540.SZ,2017-02-28,307.1895,258.0891,11.2017,2.1724
000540.SZ,2017-01-31,301.7533,252.4345,11.0035,2.1339
000540.SZ,2016-12-31,324.9466,271.9838,11.8493,2.2979
000540.SZ,2016-11-30,324.9466,271.9838,11.8493,2.2979
000540.SZ,2016-10-31,311.3486,260.6021,11.3534,2.2018
000540.SZ,2016-09-30,324.4777,271.5913,11.3451,2.4177
000540.SZ,2016-08-31,327.76,274.1383,11.4598,2.4421
000540.SZ,2016-07-31,302.7681,253.3052,10.3348,2.3812
000540.SZ,2016-06-30,291.9885,244.2866,9.9669,2.2965
000540.SZ,2016-05-31,300.4247,251.3446,10.2548,2.3628
000540.SZ,2016-04-30,326.2022,272.9109,11.1347,2.5655
000540.SZ,2016-03-31,336.7131,281.8646,12.9168,2.669
000540.SZ,2016-02-29,295.0337,246.9746,11.318,2.3386
000540.SZ,2016-01-31,313.2977,262.2635,14.1075,2.5595
000568.SZ,2020-12-31,3312.6842,3311.6757,58.5065,15.1323
000568.SZ,2020-11-30,2685.3307,2684.5132,47.4266,12.2666
000568.SZ,2020-10-31,2526.698,2525.9288,44.6249,11.5419
000568.SZ,2020-09-30,2102.6522,2102.0121,41.1264,10.3578
000568.SZ,2020-08-31,2189.805,2182.9091,42.831,10.7871
000568.SZ,2020-07-31,1728.115,1722.673,35.7449,8.1979
000568.SZ,2020-06-30,1334.6825,1330.4795,27.607,6.3316
000568.SZ,2020-05-31,1249.4339,1245.4698,25.8437,5.9271
000568.SZ,2020-04-30,1159.6445,1155.9654,23.9865,5.5012
000568.SZ,2020-03-31,1078.7902,1075.3675,23.8149,5.8126
000568.SZ,2020-02-29,1095.6349,1092.1588,24.1868,5.9033
000568.SZ,2020-01-31,1210.6179,1206.777,26.7251,6.5228
000568.SZ,2019-12-31,1269.6474,1265.6193,28.0282,6.8409
000568.SZ,2019-11-30,1197.4351,1193.6361,26.4341,6.4518
000568.SZ,2019-10-31,1277.2642,1273.2118,28.1963,6.8819
000568.SZ,2019-09-30,1248.2621,1244.3017,29.2439,7.1231
000568.SZ,2019-08-31,1419.0522,1414.55,33.2452,8.0977
000568.SZ,2019-07-31,1181.1764,1177.4289,29.9666,6.365
000568.SZ,2019-06-30,1183.9594,1180.2031,30.0372,6.38
000568.SZ,2019-05-31,1034.5547,1031.2724,26.2468,5.5749
000568.SZ,2019-04-30,1140.7492,1137.13,28.9409,6.1472
000568.SZ,2019-03-31,975.2322,972.1381,29.4491,6.0193
000568.SZ,2019-02-28,750.5392,748.158,22.664,4.6325
000568.SZ,2019-01-31,625.0099,623.0269,18.8734,3.8577
000568.SZ,2018-12-31,595.5684,593.6788,17.9844,3.676
000568.SZ,2018-11-30,600.5485,598.6432,18.1348,3.7067
000568.SZ,2018-10-31,557.4848,555.7161,16.8344,3.4409
000568.SZ,2018-09-30,695.9039,693.696,22.7577,4.5126
000568.SZ,2018-08-31,631.1618,604.0235,20.6405,4.0928
000568.SZ,2018-07-31,804.5885,769.9933,27.0765,5.5333
000568.SZ,2018-06-30,891.4484,853.1184,29.9996,5.445
000568.SZ,2018-05-31,1012.144,968.6244,34.0613,6.1822
000568.SZ,2018-04-30,882.2204,844.2873,29.689,5.3886
000568.SZ,2018-03-31,831.247,795.5056,32.4967,5.479
000568.SZ,2018-02-28,855.5619,818.775,35.3719,5.8427
000568.SZ,2018-01-31,956.6298,915.4973,39.5504,6.5329
000568.SZ,2017-12-31,966.7366,925.1695,39.9682,6.6019
000568.SZ,2017-11-30,868.3053,830.9704,35.8988,5.9297
000568.SZ,2017-10-31,891.7413,853.3988,36.8677,6.0897
000568.SZ,2017-09-30,821.7261,786.3941,36.0032,5.8292
000568.SZ,2017-08-31,775.1652,774.8995,33.9632,6.9559
000568.SZ,2017-07-31,776.4272,776.1611,36.4359,7.4179
000568.SZ,2017-06-30,709.2593,709.0163,33.2839,6.7762
000568.SZ,2017-05-31,676.1661,675.9344,31.7309,5.7238
000568.SZ,2017-04-30,652.0474,651.824,30.5991,5.5197
000568.SZ,2017-03-31,591.6103,591.4076,35.7135,5.5809
000568.SZ,2017-02-28,524.3022,524.1225,31.6503,4.9459
000568.SZ,2017-01-31,472.4189,472.257,28.5183,4.4565
000568.SZ,2016-12-31,462.7433,462.5847,27.9342,4.3652
000568.SZ,2016-11-30,480.8324,480.6676,29.0262,4.5359
000568.SZ,2016-10-31,482.3749,482.2096,29.1193,4.5504
000568.SZ,2016-09-30,435.8201,435.6707,27.8672,4.2691
000568.SZ,2016-08-31,446.8979,446.7447,28.5755,4.3776
000568.SZ,2016-07-31,455.5918,455.4357,29.8348,4.2053
000568.SZ,2016-06-30,416.469,416.3263,27.2728,3.8442
000568.SZ,2016-05-31,344.1128,343.9948,22.5345,3.1763
000568.SZ,2016-04-30,329.5293,329.4164,21.5795,3.0417
000568.SZ,2016-03-31,345.6552,345.5368,36.1645,3.4319
000568.SZ,2016-02-29,277.9264,277.8312,29.0783,2.7594
000568.SZ,2016-01-31,297.9787,297.8765,31.1763,2.9585
000559.SZ,2020-12-31,176.7528,147.2934,42.4829,2.1713
000559.SZ,2020-11-30,211.4426,176.2014,50.8207,2.5974
000559.SZ,2020-10-31,193.6022,161.3344,46.5327,2.3783
000559.SZ,2020-09-30,193.2718,161.0591,39.8142,3.0781
000559.SZ,2020-08-31,156.6548,156.6541,38.7253,2.9939
000559.SZ,2020-07-31,168.7687,168.7679,41.5664,3.2916
000559.SZ,2020-06-30,133.2529,133.2523,32.8192,2.5989
000559.SZ,2020-05-31,130.7751,130.7746,32.2089,2.5506
000559.SZ,2020-04-30,136.832,136.8315,33.7007,2.5854
000559.SZ,2020-03-31,140.4111,140.4106,25.1486,2.7646
000559.SZ,2020-02-29,154.1769,154.1764,27.6142,3.0357
000559.SZ,2020-01-31,162.4364,162.4358,29.0935,3.1983
000559.SZ,2019-12-31,147.8447,147.8441,26.48,2.911
000559.SZ,2019-11-30,139.8605,139.86,25.05,2.7538
000559.SZ,2019-10-31,139.3099,139.3094,24.9514,2.743
000559.SZ,2019-09-30,142.6137,142.6131,23.7604,2.8574
000559.SZ,2019-08-31,148.12,148.1194,24.6777,2.9678
000559.SZ,2019-07-31,160.7845,160.7839,23.0564,3.2914
000559.SZ,2019-06-30,164.6389,164.6383,23.6091,3.3703
000559.SZ,2019-05-31,163.813,163.8124,23.4907,3.3534
000559.SZ,2019-04-30,175.9269,175.9262,25.2278,3.2365
000559.SZ,2019-03-31,185.5629,185.5623,25.68,3.5591
000559.SZ,2019-02-28,167.9427,167.9421,20.0122,3.3132
000559.SZ,2019-01-31,145.6421,145.6416,17.3548,2.8732
000559.SZ,2018-12-31,140.9618,140.9612,16.7971,2.7809
000559.SZ,2018-11-30,151.1485,151.1479,18.011,2.9818
000559.SZ,2018-10-31,137.658,137.6575,16.4035,2.7157
000559.SZ,2018-09-30,164.0883,164.0877,18.4829,3.3152
000559.SZ,2018-08-31,167.9427,167.9421,18.917,3.3931
000559.SZ,2018-07-31,185.2876,185.287,20.7016,3.9036
000559.SZ,2018-06-30,187.2148,187.2142,20.9169,3.9442
000559.SZ,2018-05-31,221.9047,221.9038,24.7927,4.6751
000559.SZ,2018-04-30,224.9331,224.9323,25.1311,4.2463
000559.SZ,2018-03-31,239.8002,239.7993,27.2033,4.7485
000559.SZ,2018-02-28,245.0312,245.0303,29.4032,5.1355
000559.SZ,2018-01-31,251.3635,251.3625,30.1631,5.2682
000559.SZ,2017-12-31,279.4457,278.9092,33.5329,5.8568
000559.SZ,2017-11-30,272.5628,272.0396,32.707,5.7125
000559.SZ,2017-10-31,313.5849,312.9829,37.6295,6.5723
000559.SZ,2017-09-30,333.1323,332.4928,42.0039,7.2531
000559.SZ,2017-08-31,291.2843,290.7251,36.7274,6.342
000559.SZ,2017-07-31,287.4298,286.8781,34.3721,6.6017
000559.SZ,2017-06-30,292.3855,291.8243,34.9647,6.7155
000559.SZ,2017-05-31,262.6514,262.1468,31.409,6.0326
000559.SZ,2017-04-30,255.3555,254.865,30.5365,5.5714
000559.SZ,2017-03-31,274.8571,274.329,32.9641,6.319
000559.SZ,2017-02-28,289.77,289.2133,34.7527,6.6618
000559.SZ,2017-01-31,287.4757,286.9234,34.6171,6.7875
000559.SZ,2016-12-31,304.2241,303.6403,36.6339,7.1829
000559.SZ,2016-11-30,332.444,331.806,40.0321,7.8492
000559.SZ,2016-10-31,337.9503,337.3017,40.6951,7.9792
000559.SZ,2016-09-30,332.444,331.806,40.7641,8.1137
000559.SZ,2016-08-31,346.8981,346.2323,42.5365,8.4665
000559.SZ,2016-07-31,337.9503,337.3017,41.9566,8.7919
000559.SZ,2016-06-30,357.9107,357.2238,44.4347,9.3112
000559.SZ,2016-05-31,338.868,338.2177,42.0706,8.8158
000559.SZ,2016-04-30,350.7984,350.1252,43.5517,7.9412
000559.SZ,2016-03-31,383.8363,383.0997,49.2378,9.1694
000559.SZ,2016-02-29,338.1798,337.5307,43.3811,8.0787
000559.SZ,2016-01-31,314.0896,313.4868,40.9738,7.895
000581.SZ,2020-12-31,215.5744,189.4506,8.4422,1.3199
000581.SZ,2020-11-30,238.8938,216.6485,9.4287,1.4742
000581.SZ,2020-10-31,236.2474,214.8919,9.3523,1.4622
000581.SZ,2020-09-30,230.2464,209.9566,10.8331,1.4965
000581.SZ,2020-08-31,229.7751,208.451,10.7554,1.4857
000581.SZ,2020-07-31,204.7164,184.3603,10.4457,1.3772
000581.SZ,2020-06-30,193.7716,172.9842,9.8011,1.2922
000581.SZ,2020-05-31,185.6116,164.5377,9.3225,1.1512
000581.SZ,2020-04-30,189.8005,168.9711,9.5736,1.1822
000581.SZ,2020-03-31,177.8331,158.9332,9.2734,1.1656
000581.SZ,2020-02-29,184.7228,164.1194,9.576,1.2037
000581.SZ,2020-01-31,172.931,152.9105,8.922,1.1215
000581.SZ,2019-12-31,180.0428,159.3514,9.2978,1.1687
000581.SZ,2019-11-30,175.107,155.5872,9.0782,1.1411
000581.SZ,2019-10-31,159.5833,140.3631,8.1899,1.0295
000581.SZ,2019-09-30,156.3419,137.0171,7.8418,1.0331
000581.SZ,2019-08-31,161.3955,141.4505,8.0956,1.0665
000581.SZ,2019-07-31,173.6785,152.1576,7.9759,1.1923
000581.SZ,2019-06-30,176.633,155.2526,8.1382,1.2166
000581.SZ,2019-05-31,186.565,164.454,8.6205,1.1947
000581.SZ,2019-04-30,194.5548,171.8988,9.0107,1.2488
000581.SZ,2019-03-31,217.9612,193.1457,8.4004,1.4938
000581.SZ,2019-02-28,197.0688,174.0737,7.5709,1.3463
000581.SZ,2019-01-31,179.8602,158.264,6.8833,1.224
000581.SZ,2018-12-31,168.2193,147.7241,6.4249,1.1425
000581.SZ,2018-11-30,170.6779,150.4845,6.545,1.1638
000581.SZ,2018-10-31,169.7289,148.8116,6.4722,1.1509
000581.SZ,2018-09-30,186.9547,163.5338,7.0682,1.3053
000581.SZ,2018-08-31,183.5013,160.1042,6.92,1.278
000581.SZ,2018-07-31,203.2052,179.0089,7.9676,1.3825
000581.SZ,2018-06-30,209.7887,184.9484,8.2319,1.4284
000581.SZ,2018-05-31,213.0085,189.0472,8.4144,1.46
000581.SZ,2018-04-30,214.9556,191.3057,8.5149,1.4775
000581.SZ,2018-03-31,211.6021,188.6289,10.266,1.6104
000581.SZ,2018-02-28,222.7013,198.9178,10.826,1.6983
000581.SZ,2018-01-31,242.7358,218.3244,11.8822,1.864
000581.SZ,2017-12-31,224.8551,200.7581,10.9262,1.714
000581.SZ,2017-11-30,237.4773,212.8036,11.5817,1.8168
000581.SZ,2017-10-31,241.0059,214.0583,11.65,1.8275
000581.SZ,2017-09-30,230.4722,204.104,11.9822,1.809
000581.SZ,2017-08-31,237.3144,211.0469,12.3898,1.8706
000581.SZ,2017-07-31,243.8884,216.986,13.6855,1.9348
000581.SZ,2017-06-30,244.3051,216.6514,13.6644,1.9319
000581.SZ,2017-05-31,205.5519,180.1804,11.3642,1.6067
000581.SZ,2017-04-30,235.3261,206.4462,13.0208,1.8409
000581.SZ,2017-03-31,218.244,191.1384,15.0563,1.841
000581.SZ,2017-02-28,227.0176,198.7505,15.6559,1.9143
000581.SZ,2017-01-31,231.1245,203.1839,16.0052,1.957
000581.SZ,2016-12-31,216.1755,187.7088,14.7862,1.808
000581.SZ,2016-11-30,232.4903,202.1801,15.9261,1.9473
000581.SZ,2016-10-31,227.4024,199.8379,15.7416,1.9248
000581.SZ,2016-09-30,230.5693,205.2751,17.5231,2.0351
000581.SZ,2016-08-31,197.8679,174.9105,14.9311,1.734
000581.SZ,2016-07-31,197.466,173.4884,14.0772,1.7283
000581.SZ,2016-06-30,192.8292,168.6368,13.6835,1.68
000581.SZ,2016-05-31,170.6555,147.1389,11.9392,1.4658
000581.SZ,2016-04-30,177.6333,154.0818,12.5025,1.535
000581.SZ,2016-03-31,183.4309,160.6064,12.1541,1.6939
000581.SZ,2016-02-29,155.1421,134.5079,10.1791,1.4186
000581.SZ,2016-01-31,162.5917,140.5306,10.6349,1.4821
000598.SZ,2020-12-31,143.3385,143.3385,12.0235,1.1924
000598.SZ,2020-11-30,150.804,150.804,12.6497,1.2545
000598.SZ,2020-10-31,148.4151,148.4151,12.4493,1.2346
000598.SZ,2020-09-30,152.2971,152.2971,13.2518,1.3084
000598.SZ,2020-08-31,157.6723,157.6723,13.7195,1.3545
000598.SZ,2020-07-31,152.2971,152.2971,14.08,1.3551
000598.SZ,2020-06-30,137.3661,137.3661,12.6996,1.2222
000598.SZ,2020-05-31,139.4564,139.4564,12.8929,1.212
000598.SZ,2020-04-30,144.2344,144.2344,13.3346,1.2536
000598.SZ,2020-03-31,136.4702,136.4702,12.6185,1.2134
000598.SZ,2020-02-29,134.9771,134.9771,12.5921,1.2159
000598.SZ,2020-01-31,132.8867,132.8867,12.3971,1.1971
000598.SZ,2019-12-31,138.2619,138.2619,12.8985,1.2455
000598.SZ,2019-11-30,134.6785,134.6785,12.5642,1.2132
000598.SZ,2019-10-31,143.0399,143.0399,13.3443,1.2886
000598.SZ,2019-09-30,143.0399,143.0399,13.599,1.3289
000598.SZ,2019-08-31,138.5605,138.5605,13.1731,1.2873
000598.SZ,2019-07-31,142.4426,142.4426,13.9918,1.3827
000598.SZ,2019-06-30,135.8729,135.8729,13.3465,1.3189
000598.SZ,2019-05-31,133.484,133.484,13.1119,1.2958
000598.SZ,2019-04-30,140.6509,140.6509,13.8158,1.3397
000598.SZ,2019-03-31,138.8592,138.8592,14.0541,1.3295
000598.SZ,2019-02-28,140.3523,140.3523,14.2053,1.3438
000598.SZ,2019-01-31,126.9143,126.9143,12.68,1.2315
000598.SZ,2018-12-31,120.3446,120.3446,12.0237,1.1678
000598.SZ,2018-11-30,125.4212,125.4212,12.5309,1.217
000598.SZ,2018-10-31,123.9281,123.9281,12.3817,1.2025
000598.SZ,2018-09-30,132.8867,132.8867,13.6519,1.3307
000598.SZ,2018-08-31,126.317,126.317,12.977,1.2649
000598.SZ,2018-07-31,132.8867,132.8867,13.6396,1.3306
000598.SZ,2018-06-30,121.2405,121.2405,13.092,1.252
000598.SZ,2018-05-31,139.4564,139.4564,15.059,1.4063
000598.SZ,2018-04-30,142.4426,142.4426,15.3815,1.4364
000598.SZ,2018-03-31,150.5054,150.5054,16.8016,1.5542
000598.SZ,2018-02-28,149.0123,149.0123,17.3404,1.5633
000598.SZ,2018-01-31,158.2696,158.2696,18.4177,1.6604
000598.SZ,2017-12-31,162.1517,162.1517,18.8694,1.7012
000598.SZ,2017-11-30,163.6448,163.6448,19.0432,1.7168
000598.SZ,2017-10-31,174.0965,174.0965,20.2595,1.8265
000598.SZ,2017-09-30,170.8117,170.8117,19.9178,1.8484
000598.SZ,2017-08-31,169.02,169.02,19.7089,1.8291
000598.SZ,2017-07-31,172.9021,172.9021,20.3608,1.924
000598.SZ,2017-06-30,167.8255,167.8255,19.763,1.8675
000598.SZ,2017-05-31,164.8393,164.8393,19.4113,1.8343
000598.SZ,2017-04-30,181.8607,181.8607,21.4158,1.9851
000598.SZ,2017-03-31,172.6034,172.6034,19.7438,1.9264
000598.SZ,2017-02-28,178.8745,178.8745,20.4612,1.9964
000598.SZ,2017-01-31,168.1241,168.1241,19.6644,1.9008
000598.SZ,2016-12-31,172.0062,172.0062,20.1185,1.9447
000598.SZ,2016-11-30,188.729,188.729,22.0745,2.1338
000598.SZ,2016-10-31,179.1731,179.1731,20.9568,2.0257
000598.SZ,2016-09-30,172.6034,172.6034,20.092,2.0177
000598.SZ,2016-08-31,177.0828,177.0828,20.6135,2.0701
000598.SZ,2016-07-31,165.1379,165.1379,19.2304,1.9874
000598.SZ,2016-06-30,157.6723,157.6723,18.361,1.8976
000598.SZ,2016-05-31,160.3599,160.3599,18.674,1.9299
000598.SZ,2016-04-30,163.3462,163.3462,19.0217,1.9658
000598.SZ,2016-03-31,177.3814,177.3814,21.5077,2.1614
000598.SZ,2016-02-29,159.7627,159.7627,19.389,1.9469
000598.SZ,2016-01-31,152.8944,152.8944,18.5554,1.8632
000623.SZ,2020-12-31,191.5529,191.0661,10.9612,0.845
000623.SZ,2020-11-30,202.2529,201.7389,11.5734,0.8922
000623.SZ,2020-10-31,195.5072,195.0103,11.1874,0.8626
000623.SZ,2020-09-30,194.5767,191.0248,12.5402,0.8706
000623.SZ,2020-08-31,201.9038,198.2181,13.0124,0.9034
000623.SZ,2020-07-31,202.02,198.3321,18.5808,0.9189
000623.SZ,2020-06-30,182.9461,179.6064,16.8264,0.8322
000623.SZ,2020-05-31,176.4325,173.2493,16.2274,0.8025
000623.SZ,2020-04-30,179.2238,175.9902,16.4841,0.8152
000623.SZ,2020-03-31,183.4107,180.1016,15.2968,0.8514
000623.SZ,2020-02-29,190.97,187.5231,15.9273,0.8865
000623.SZ,2020-01-31,189.9233,186.4952,15.84,0.8816
000623.SZ,2019-12-31,192.2493,188.7793,16.034,0.8924
000623.SZ,2019-11-30,179.6885,176.4452,14.9864,0.8341
000623.SZ,2019-10-31,183.2939,179.9855,15.2871,0.8508
000623.SZ,2019-09-30,179.107,175.8742,14.9373,0.8428
000623.SZ,2019-08-31,184.2242,180.899,15.3641,0.8669
000623.SZ,2019-07-31,190.7372,183.4797,15.1962,0.9064
000623.SZ,2019-06-30,190.6209,183.3659,15.187,0.9059
000623.SZ,2019-05-31,188.2944,181.128,15.0016,0.885
000623.SZ,2019-04-30,212.5566,204.4986,16.9346,0.9993
000623.SZ,2019-03-31,211.7427,203.7156,15.2357,1.0258
000623.SZ,2019-02-28,208.9512,201.0356,15.0349,1.0123
000623.SZ,2019-01-31,171.3935,164.9006,12.3325,0.8303
000623.SZ,2018-12-31,167.7889,161.4326,12.0731,0.8128
000623.SZ,2018-11-30,180.4627,173.6262,12.985,0.8742
000623.SZ,2018-10-31,178.6022,171.8362,12.8512,0.8652
000623.SZ,2018-09-30,190.9276,183.6946,12.2351,0.9158
000623.SZ,2018-08-31,190.6943,183.5093,12.2202,0.9147
000623.SZ,2018-07-31,202.0894,190.4333,11.4186,0.9748
000623.SZ,2018-06-30,209.066,196.9354,11.8128,1.0084
000623.SZ,2018-05-31,226.9727,213.8031,12.8246,1.1061
000623.SZ,2018-04-30,229.7633,216.4318,12.9823,1.1197
000623.SZ,2018-03-31,239.5306,225.6324,12.854,1.18
000623.SZ,2018-02-28,242.4375,228.3706,12.9638,1.1938
000623.SZ,2018-01-31,263.6,248.3051,14.0954,1.298
000623.SZ,2017-12-31,261.6232,246.4431,14.9124,1.3076
000623.SZ,2017-11-30,266.2743,250.8243,15.1775,1.3309
000623.SZ,2017-10-31,275.9253,259.9153,15.7276,1.3791
000623.SZ,2017-09-30,261.0419,245.8955,15.0071,1.3469
000623.SZ,2017-08-31,268.4836,247.5857,15.4349,1.3853
000623.SZ,2017-07-31,268.1348,247.264,15.576,1.4141
000623.SZ,2017-06-30,266.158,245.4412,15.4612,1.4037
000623.SZ,2017-05-31,252.5,232.8462,14.6678,1.3131
000623.SZ,2017-04-30,257.2405,237.2177,14.9432,1.3378
000623.SZ,2017-03-31,272.5354,251.3221,16.3538,1.4622
000623.SZ,2017-02-28,265.1116,244.4761,14.2748,1.503
000623.SZ,2017-01-31,262.2493,241.8367,14.1207,1.4868
000623.SZ,2016-12-31,277.1865,255.6112,14.9249,1.5715
000623.SZ,2016-11-30,332.7311,306.8324,17.9157,1.8864
000623.SZ,2016-10-31,241.4984,217.871,13.0033,1.3692
000623.SZ,2016-09-30,228.7079,206.3319,12.9074,1.3372
000623.SZ,2016-08-31,237.4734,214.2398,13.4021,1.3885
000623.SZ,2016-07-31,230.0496,207.5423,9.7061,1.34
000623.SZ,2016-06-30,223.1624,201.3289,9.4155,1.2999
000623.SZ,2016-05-31,227.0085,204.7987,9.5778,1.302
000623.SZ,2016-04-30,222.3574,200.6027,9.3816,1.2753
000623.SZ,2016-03-31,235.774,212.7066,9.0906,1.3567
000623.SZ,2016-02-29,199.7281,180.1874,7.9426,1.1932
000623.SZ,2016-01-31,210.998,190.3547,8.3908,1.2606
000630.SZ,2020-12-31,270.5319,270.5285,31.1073,1.4274
000630.SZ,2020-11-30,284.2164,284.2115,32.6808,1.4996
000630.SZ,2020-10-31,228.4258,228.4218,25.5613,1.2052
000630.SZ,2020-09-30,234.7417,234.7376,28.7571,1.2652
000630.SZ,2020-08-31,241.0576,241.0535,29.5308,1.2992
000630.SZ,2020-07-31,240.005,240.0008,39.4352,1.327
000630.SZ,2020-06-30,203.1621,203.1586,33.3816,1.1233
000630.SZ,2020-05-31,198.9515,198.9496,32.6897,1.0936
000630.SZ,2020-04-30,204.2147,204.2128,33.5545,1.1226
000630.SZ,2020-03-31,209.478,209.4761,28.2418,1.1538
000630.SZ,2020-02-29,216.8466,216.8446,29.2352,1.1944
000630.SZ,2020-01-31,232.6364,232.6342,31.364,1.2814
000630.SZ,2019-12-31,245.2682,222.7607,33.067,1.351
000630.SZ,2019-11-30,224.2152,203.6399,30.2286,1.235
000630.SZ,2019-10-31,228.4258,207.4641,30.7963,1.2582
000630.SZ,2019-09-30,228.4258,207.4641,32.1491,1.2739
000630.SZ,2019-08-31,235.7943,214.1565,33.1861,1.315
000630.SZ,2019-07-31,244.2156,221.805,31.0706,1.3753
000630.SZ,2019-06-30,258.9527,235.1898,32.9455,1.4583
000630.SZ,2019-05-31,253.6895,230.4095,32.2759,1.4287
000630.SZ,2019-04-30,263.1633,239.014,33.4812,1.4561
000630.SZ,2019-03-31,269.4793,244.7503,33.0348,1.5166
000630.SZ,2019-02-28,249.4788,226.5853,30.583,1.4041
000630.SZ,2019-01-31,208.4254,189.2991,25.5503,1.173
000630.SZ,2018-12-31,207.3727,188.343,25.4213,1.1671
000630.SZ,2018-11-30,215.7939,195.9915,26.4536,1.2145
000630.SZ,2018-10-31,220.0045,199.8157,26.9698,1.2382
000630.SZ,2018-09-30,230.5311,209.3762,31.8132,1.3166
000630.SZ,2018-08-31,224.2152,203.6399,30.9416,1.2805
000630.SZ,2018-07-31,231.5837,210.3323,38.1409,1.3345
000630.SZ,2018-06-30,232.6364,211.2885,38.3143,1.3406
000630.SZ,2018-05-31,265.2686,240.9263,43.6887,1.5103
000630.SZ,2018-04-30,270.5319,245.7066,44.5555,1.5403
000630.SZ,2018-03-31,276.8478,251.4429,57.6209,1.6212
000630.SZ,2018-02-28,292.6376,265.7838,60.9072,1.7137
000630.SZ,2018-01-31,306.3221,278.2125,63.7554,1.7938
000630.SZ,2017-12-31,307.3748,279.1654,63.9745,1.8
000630.SZ,2017-11-30,293.6903,266.7368,61.1263,1.7198
000630.SZ,2017-10-31,306.3221,278.2094,63.7554,1.7938
000630.SZ,2017-09-30,317.9013,288.7259,85.8271,1.874
000630.SZ,2017-08-31,328.4278,298.2863,88.6691,1.9361
000630.SZ,2017-07-31,340.007,308.8028,82.6136,2.0275
000630.SZ,2017-06-30,298.9535,271.517,72.6386,1.7827
000630.SZ,2017-05-31,283.1637,257.1772,68.802,1.6885
000630.SZ,2017-04-30,300.0062,272.474,72.8943,1.789
000630.SZ,2017-03-31,333.6911,303.0675,-44.3082,2.008
000630.SZ,2017-02-28,349.4809,317.4083,-46.4048,2.103
000630.SZ,2017-01-31,365.2707,331.749,-48.5014,2.198
000630.SZ,2016-12-31,294.4678,294.4619,-39.1,2.1084
000630.SZ,2016-11-30,300.2042,300.1982,-39.8617,2.1495
000630.SZ,2016-10-31,261.0056,261.0003,-34.6568,1.8688
000630.SZ,2016-09-30,246.6646,246.6597,-27.9003,1.7819
000630.SZ,2016-08-31,248.5767,248.5718,-28.1166,1.7957
000630.SZ,2016-07-31,245.7085,245.7036,-30.492,1.7877
000630.SZ,2016-06-30,242.8403,242.8355,-30.1361,1.7668
000630.SZ,2016-05-31,246.6646,246.6597,-30.6106,1.7946
000630.SZ,2016-04-30,262.9177,262.9124,-32.6276,1.9129
000630.SZ,2016-03-31,268.6541,268.6487,148.6273,1.8196
000630.SZ,2016-02-29,242.8403,242.8355,134.3464,1.6448
000630.SZ,2016-01-31,243.7964,243.7915,134.8754,1.6512
000625.SZ,2020-12-31,1036.5847,853.4608,33.5216,2.191
000625.SZ,2020-11-30,1194.1621,985.3025,38.6999,2.5294
000625.SZ,2020-10-31,778.5608,644.3863,25.3097,1.6827
000625.SZ,2020-09-30,558.7331,523.8564,29.3783,1.3821
000625.SZ,2020-08-31,489.8229,456.7654,25.6157,1.2051
000625.SZ,2020-07-31,466.4335,431.8012,658.7133,1.1898
000625.SZ,2020-06-30,462.5236,429.0708,654.548,1.1823
000625.SZ,2020-05-31,415.3052,384.6034,586.7131,1.0598
000625.SZ,2020-04-30,409.492,378.3624,577.1924,1.0426
000625.SZ,2020-03-31,443.7603,412.6881,-16.1623,1.1663
000625.SZ,2020-02-29,431.6333,396.6954,-15.536,1.1211
000625.SZ,2020-01-31,422.3037,385.3836,-15.0929,1.0891
000625.SZ,2019-12-31,429.2115,391.2345,-15.3221,1.1056
000625.SZ,2019-11-30,361.0915,332.3348,-13.0154,0.9392
000625.SZ,2019-10-31,305.5085,279.2861,-10.9378,0.7893
000625.SZ,2019-09-30,317.271,278.6813,-11.2302,0.8093
000625.SZ,2019-08-31,339.1852,300.8705,-12.1244,0.8738
000625.SZ,2019-07-31,335.2007,297.8618,-13.5487,0.856
000625.SZ,2019-06-30,282.8139,249.3464,-11.3419,0.7165
000625.SZ,2019-05-31,299.6899,263.2617,-11.9749,0.7565
000625.SZ,2019-04-30,365.3082,321.5553,-14.6265,0.9241
000625.SZ,2019-03-31,355.2387,311.401,15.9721,0.8481
000625.SZ,2019-02-28,367.1675,320.8032,16.4543,0.8737
000625.SZ,2019-01-31,324.0081,282.8183,14.506,0.7702
000625.SZ,2018-12-31,284.6358,247.8421,12.7121,0.675
000625.SZ,2018-11-30,269.5571,231.6703,11.8826,0.6309
000625.SZ,2018-10-31,291.5294,240.3203,12.3263,0.6545
000625.SZ,2018-09-30,334.1302,273.7921,8.4733,0.7389
000625.SZ,2018-08-31,326.6139,262.8856,8.1358,0.7095
000625.SZ,2018-07-31,368.8359,303.8792,6.3328,0.7924
000625.SZ,2018-06-30,411.3644,338.4793,7.0539,0.8827
000625.SZ,2018-05-31,458.8707,381.3533,7.9474,0.9945
000625.SZ,2018-04-30,457.7387,389.6273,8.1198,1.0161
000625.SZ,2018-03-31,496.4112,421.9709,7.5499,1.1321
000625.SZ,2018-02-28,531.2868,450.9296,6.8909,1.2427
000625.SZ,2018-01-31,565.4253,482.8971,7.3794,1.3308
000625.SZ,2017-12-31,556.3257,473.871,7.2414,1.3059
000625.SZ,2017-11-30,568.6945,494.1798,7.5518,1.3619
000625.SZ,2017-10-31,604.5961,507.3429,7.7529,1.3982
000625.SZ,2017-09-30,631.8911,532.9168,7.2283,1.5089
000625.SZ,2017-08-31,614.647,517.4972,7.0192,1.4653
000625.SZ,2017-07-31,638.6958,538.1821,6.8632,1.6024
000625.SZ,2017-06-30,643.1093,542.319,6.916,1.6148
000625.SZ,2017-05-31,630.6489,529.156,6.7481,1.4699
000625.SZ,2017-04-30,678.7099,575.0387,7.3333,1.5974
000625.SZ,2017-03-31,702.0081,593.467,6.9203,1.8471
000625.SZ,2017-02-28,721.4258,611.1432,7.1264,1.9021
000625.SZ,2017-01-31,703.2485,593.467,6.9203,1.8471
000625.SZ,2016-12-31,672.237,561.8756,6.5519,1.7488
000625.SZ,2016-11-30,733.415,616.7845,7.1922,1.9197
000625.SZ,2016-10-31,704.8546,531.1636,6.8765,1.8354
000625.SZ,2016-09-30,695.0149,537.5999,7.1439,2.011
000625.SZ,2016-08-31,678.5,528.4535,7.0224,1.9768
000625.SZ,2016-07-31,714.0756,553.5212,7.5205,2.2382
000625.SZ,2016-06-30,597.3723,463.0744,6.2916,1.8725
000625.SZ,2016-05-31,628.2079,491.1908,6.6736,1.8261
000625.SZ,2016-04-30,702.8998,542.3424,7.3686,2.0162
000625.SZ,2016-03-31,702.2985,534.2123,8.3098,2.3648
000625.SZ,2016-02-29,624.539,468.8331,7.2928,2.0754
000625.SZ,2016-01-31,670.3992,499.9984,7.7776,2.2133
000651.SZ,2020-12-31,3726.1437,3697.7615,22.8909,3.4238
000651.SZ,2020-11-30,4008.8831,3978.3472,24.6278,3.6836
000651.SZ,2020-10-31,3514.9916,3488.2177,21.5937,3.0631
000651.SZ,2020-09-30,3206.3846,3182.0793,18.5248,2.8222
000651.SZ,2020-08-31,3278.5733,3253.7209,18.9419,2.8857
000651.SZ,2020-07-31,3423.5524,3397.601,16.6331,3.2382
000651.SZ,2020-06-30,3403.099,3377.3025,16.5337,3.2188
000651.SZ,2020-05-31,3425.3572,3399.2789,16.6419,3.0328
000651.SZ,2020-04-30,3294.8158,3269.7313,16.0076,2.9172
000651.SZ,2020-03-31,3140.2115,3116.3041,11.5441,3.1155
000651.SZ,2020-02-29,3561.3127,3534.1993,13.0922,3.5333
000651.SZ,2020-01-31,3846.4583,3817.174,14.1404,3.8162
000651.SZ,2019-12-31,3945.1163,3915.0809,14.5031,3.9141
000651.SZ,2019-11-30,3471.6783,3445.2403,12.7627,3.4444
000651.SZ,2019-10-31,3531.234,3504.3425,12.9816,3.5035
000651.SZ,2019-09-30,3447.0138,3420.7637,12.6977,3.7289
000651.SZ,2019-08-31,3338.7306,3313.3051,12.2988,3.6117
000651.SZ,2019-07-31,3314.0661,3288.8285,12.6044,3.5448
000651.SZ,2019-06-30,3308.652,3283.8947,12.5838,3.539
000651.SZ,2019-05-31,3146.8288,3123.2824,11.9683,3.366
000651.SZ,2019-04-30,3343.5432,3318.5249,12.7165,3.5764
000651.SZ,2019-03-31,2840.0265,2818.7758,10.1215,3.4186
000651.SZ,2019-02-28,2695.0474,2674.8815,9.6048,3.2441
000651.SZ,2019-01-31,2511.5676,2492.7746,8.9509,2.8973
000651.SZ,2018-12-31,2147.0144,2130.6272,7.6517,2.4768
000651.SZ,2018-11-30,2216.7968,2199.8771,7.9004,2.5573
000651.SZ,2018-10-31,2289.5872,2272.1119,8.1598,2.6413
000651.SZ,2018-09-30,2418.3238,2399.8659,9.3896,3.0876
000651.SZ,2018-08-31,2343.1272,2325.2432,9.0977,2.9916
000651.SZ,2018-07-31,2657.1483,2636.8676,11.0859,3.7466
000651.SZ,2018-06-30,2836.4171,2814.6515,11.8339,3.9994
000651.SZ,2018-05-31,2857.4722,2835.545,11.9217,4.0291
000651.SZ,2018-04-30,2651.7342,2631.3857,11.0633,3.739
000651.SZ,2018-03-31,2821.3778,2799.7275,14.3562,4.8127
000651.SZ,2018-02-28,3109.5313,3085.6699,15.8225,5.3042
000651.SZ,2018-01-31,3365.1999,3339.3765,17.1234,5.7403
000651.SZ,2017-12-31,2628.8744,2609.105,13.3767,4.4843
000651.SZ,2017-11-30,2553.6778,2534.4738,12.9941,4.356
000651.SZ,2017-10-31,2559.6935,2540.4443,13.0247,4.3663
000651.SZ,2017-09-30,2279.962,2262.8164,12.3435,4.3462
000651.SZ,2017-08-31,2325.08,2307.5951,12.5877,4.4323
000651.SZ,2017-07-31,2360.5728,2342.821,14.5037,5.0184
000651.SZ,2017-06-30,2476.6764,2458.0515,15.217,4.28
000651.SZ,2017-05-31,2050.1611,2034.7813,12.5965,3.5429
000651.SZ,2017-04-30,1985.1912,1970.2988,12.1973,3.4306
000651.SZ,2017-03-31,1906.9867,1892.681,13.81,3.8335
000651.SZ,2017-02-28,1650.7166,1638.3333,11.9541,3.3184
000651.SZ,2017-01-31,1550.8554,1539.2213,11.2309,3.1176
000651.SZ,2016-12-31,1481.0729,1470.2956,10.7256,2.9773
000651.SZ,2016-11-30,1712.6786,1700.2159,12.4028,3.4429
000651.SZ,2016-10-31,1347.5237,1337.7181,9.7585,2.7089
000651.SZ,2016-09-30,1336.6954,1326.9686,10.1156,2.9762
000651.SZ,2016-08-31,1065.9875,1058.2306,8.067,2.3735
000651.SZ,2016-07-31,1065.9875,1058.2306,8.2527,2.5582
000651.SZ,2016-06-30,1156.2235,1147.8099,8.9512,2.2808
000651.SZ,2016-05-31,1156.2235,1147.8409,8.9512,2.2808
000651.SZ,2016-04-30,1156.2235,1147.8409,8.9512,2.2808
000651.SZ,2016-03-31,1156.2235,1147.8409,8.0966,2.5732
000651.SZ,2016-02-29,1156.2235,1147.8409,8.0966,2.5732
000651.SZ,2016-01-31,1126.7464,1118.5776,7.8902,2.5076
000629.SZ,2020-12-31,186.3975,161.9773,93.6156,1.9627
000629.SZ,2020-11-30,207.0129,179.8903,103.9694,2.1798
000629.SZ,2020-10-31,170.9359,148.5401,85.8503,1.7999
000629.SZ,2020-09-30,176.9488,153.7652,58.0651,1.8847
000629.SZ,2020-08-31,187.2565,162.7224,61.4475,1.9945
000629.SZ,2020-07-31,188.9744,164.2152,25.667,2.007
000629.SZ,2020-06-30,172.6539,150.033,23.4503,1.8337
000629.SZ,2020-05-31,166.6411,144.8094,22.6336,1.7698
000629.SZ,2020-04-30,171.7949,149.288,23.3336,1.8245
000629.SZ,2020-03-31,190.6924,105.8305,13.4372,2.0423
000629.SZ,2020-02-29,205.2949,113.9346,8.37,2.1721
000629.SZ,2020-01-31,225.0514,124.899,9.1755,2.3811
000629.SZ,2019-12-31,250.8206,139.2005,10.2261,2.6538
000629.SZ,2019-11-30,239.6539,133.0032,9.7708,2.5356
000629.SZ,2019-10-31,243.9488,135.3867,9.9459,2.5811
000629.SZ,2019-09-30,256.8334,142.5375,8.1801,2.8191
000629.SZ,2019-08-31,260.2693,144.4443,8.2896,2.8568
000629.SZ,2019-07-31,288.6155,160.1759,8.5495,3.2705
000629.SZ,2019-06-30,291.1924,161.606,8.6258,3.2997
000629.SZ,2019-05-31,285.1796,158.269,8.4477,3.2316
000629.SZ,2019-04-30,304.936,169.2334,9.0329,3.4554
000629.SZ,2019-03-31,305.795,169.7101,9.8957,4.1325
000629.SZ,2019-02-28,316.1027,175.4307,14.1077,4.9708
000629.SZ,2019-01-31,270.577,150.1649,12.0759,4.2549
000629.SZ,2018-12-31,257.6924,143.0142,11.5008,4.0523
000629.SZ,2018-11-30,297.2052,164.943,13.2643,4.6736
000629.SZ,2018-10-31,336.7181,186.8718,15.0277,5.295
000629.SZ,2018-09-30,380.5258,211.1843,23.8147,6.9695
000629.SZ,2018-08-31,260.2693,144.4443,16.2886,4.7669
000629.SZ,2018-07-31,263.7052,146.3514,,
000629.SZ,2018-06-30,263.7052,146.3514,,
000629.SZ,2018-05-31,263.7052,146.3514,,
000629.SZ,2018-04-30,263.7052,146.3514,,
000629.SZ,2018-03-31,263.7052,146.3514,,
000629.SZ,2018-02-28,263.7052,146.3514,,
000629.SZ,2018-01-31,263.7052,146.3514,,
000629.SZ,2017-12-31,263.7052,146.3514,,
000629.SZ,2017-11-30,263.7052,146.3514,,
000629.SZ,2017-10-31,263.7052,146.3514,,
000629.SZ,2017-09-30,263.7052,146.3514,,
000629.SZ,2017-08-31,263.7052,146.3514,,
000629.SZ,2017-07-31,263.7052,146.3514,,
000629.SZ,2017-06-30,263.7052,146.3514,,
000629.SZ,2017-05-31,263.7052,146.3514,,
000629.SZ,2017-04-30,263.7052,146.3514,-4.5423,7.2188
000629.SZ,2017-03-31,213.8847,118.7019,-8.7304,2.905
000629.SZ,2017-02-28,210.4488,116.7951,-8.5902,2.8584
000629.SZ,2017-01-31,196.7052,109.1677,-8.0292,2.6717
000629.SZ,2016-12-31,205.2949,113.9384,-8.3798,2.7884
000629.SZ,2016-11-30,230.2052,127.7635,-9.3966,3.1267
000629.SZ,2016-10-31,225.0514,124.9032,-9.1862,3.0567
000629.SZ,2016-09-30,217.3206,120.6126,-8.6469,2.8194
000629.SZ,2016-08-31,205.2949,113.9384,-8.1684,2.6634
000629.SZ,2016-07-31,205.2949,113.9384,-11.131,2.3895
000629.SZ,2016-06-30,205.2949,113.9384,-11.131,2.3895
000629.SZ,2016-05-31,205.2949,113.9384,-11.131,2.3895
000629.SZ,2016-04-30,255.9744,142.0654,-13.8788,2.9794
000629.SZ,2016-03-31,271.436,150.6466,-5.8083,2.8445
000629.SZ,2016-02-29,283.4616,157.3208,-6.0657,2.9705
000629.SZ,2016-01-31,231.0642,128.2403,-4.9444,2.4214
000686.SZ,2020-12-31,229.8325,229.8325,20.6777,1.4087
000686.SZ,2020-11-30,232.8751,232.8751,20.9514,1.4274
000686.SZ,2020-10-31,218.1302,218.1302,19.6248,1.337
000686.SZ,2020-09-30,231.2367,231.2367,21.3281,1.445
000686.SZ,2020-08-31,250.8966,250.8966,23.1414,1.5678
000686.SZ,2020-07-31,262.5988,262.5988,24.2337,1.641
000686.SZ,2020-06-30,197.7683,197.7683,25.5855,1.2612
000686.SZ,2020-05-31,187.2362,187.2362,24.2229,1.1764
000686.SZ,2020-04-30,190.7469,190.7469,24.6771,1.1985
000686.SZ,2020-03-31,194.0235,194.0235,19.2981,1.2474
000686.SZ,2020-02-29,211.1089,211.1089,20.9975,1.3572
000686.SZ,2020-01-31,201.9811,201.9811,20.0896,1.2985
000686.SZ,2019-12-31,217.6621,217.6621,24.2297,1.4042
000686.SZ,2019-11-30,183.2575,183.2575,20.3999,1.1822
000686.SZ,2019-10-31,191.9171,191.9171,21.3639,1.2381
000686.SZ,2019-09-30,190.2788,190.2788,29.6146,1.2508
000686.SZ,2019-08-31,190.7469,190.7469,29.6874,1.2539
000686.SZ,2019-07-31,207.8322,207.8322,28.2245,1.3673
000686.SZ,2019-06-30,206.1939,206.1939,28.002,1.3565
000686.SZ,2019-05-31,200.5768,200.5768,27.2392,1.2995
000686.SZ,2019-04-30,230.0665,230.0665,31.244,1.4906
000686.SZ,2019-03-31,238.2581,238.2581,80.225,1.5712
000686.SZ,2019-02-28,203.3854,203.3854,68.4828,1.3413
000686.SZ,2019-01-31,155.4061,155.4061,52.3275,1.0248
000686.SZ,2018-12-31,146.5124,146.5124,49.3329,0.9662
000686.SZ,2018-11-30,159.6189,159.6189,53.746,1.0526
000686.SZ,2018-10-31,148.1507,148.1507,49.8845,0.977
000686.SZ,2018-09-30,146.2783,146.2783,24.1952,0.9598
000686.SZ,2018-08-31,143.2357,143.2357,23.6919,0.9399
000686.SZ,2018-07-31,148.3847,148.3847,24.466,0.9661
000686.SZ,2018-06-30,150.023,150.023,24.7361,0.9768
000686.SZ,2018-05-31,167.5764,167.5764,27.6303,1.0747
000686.SZ,2018-04-30,179.5127,179.5127,29.5984,1.1513
000686.SZ,2018-03-31,183.9596,183.9596,27.5824,1.1739
000686.SZ,2018-02-28,188.8746,188.8746,23.7149,1.1961
000686.SZ,2018-01-31,206.896,206.896,25.9777,1.3102
000686.SZ,2017-12-31,205.2577,205.2577,25.772,1.2999
000686.SZ,2017-11-30,218.1302,218.1302,27.3883,1.3814
000686.SZ,2017-10-31,226.0878,226.0878,28.3874,1.4318
000686.SZ,2017-09-30,241.0667,241.0667,23.2291,1.5548
000686.SZ,2017-08-31,256.9817,229.5345,24.7627,1.6574
000686.SZ,2017-07-31,247.6199,221.1726,23.8624,1.597
000686.SZ,2017-06-30,235.2155,210.0931,21.23,1.4861
000686.SZ,2017-05-31,226.7899,202.5674,20.4695,1.4329
000686.SZ,2017-04-30,261.8967,233.9245,23.6382,1.6547
000686.SZ,2017-03-31,279.216,249.3941,21.475,1.7987
000686.SZ,2017-02-28,289.28,258.3831,22.2491,1.8635
000686.SZ,2017-01-31,284.5991,254.2022,21.889,1.8333
000686.SZ,2016-12-31,289.28,258.3831,18.5796,1.8646
000686.SZ,2016-11-30,324.8549,290.1584,20.8645,2.0939
000686.SZ,2016-10-31,304.727,272.1803,19.5717,1.9641
000686.SZ,2016-09-30,286.2374,255.6655,20.6105,1.9448
000686.SZ,2016-08-31,304.727,272.1803,21.9419,2.0705
000686.SZ,2016-07-31,283.1948,252.9479,20.3884,1.9241
000686.SZ,2016-06-30,302.1525,269.8808,12.175,2.079
000686.SZ,2016-05-31,291.3864,260.2646,11.7412,1.9424
000686.SZ,2016-04-30,287.1736,256.5017,11.5715,1.9143
000686.SZ,2016-03-31,276.939,247.4628,10.5355,2.4376
000686.SZ,2016-02-29,220.7683,197.2707,8.3986,1.9432
000686.SZ,2016-01-31,261.4774,233.6469,9.9473,2.3015
000725.SZ,2020-12-31,2057.6581,2012.2164,82.1284,2.4061
000725.SZ,2020-11-30,1856.3393,1831.7586,74.0525,2.1695
000725.SZ,2020-10-31,1624.8229,1601.519,64.7446,1.8968
000725.SZ,2020-09-30,1687.3979,1662.4648,123.3072,1.9533
000725.SZ,2020-08-31,1888.611,1862.2314,138.1242,2.188
000725.SZ,2020-07-31,1606.5102,1581.2038,113.3618,1.8556
000725.SZ,2020-06-30,1606.1661,1581.2038,113.3618,1.8556
000725.SZ,2020-05-31,1278.6799,1256.2268,90.0583,1.4742
000725.SZ,2020-04-30,1296.4921,1273.1571,91.272,1.494
000725.SZ,2020-03-31,1279.8123,1256.2268,67.6529,1.488
000725.SZ,2020-02-29,1685.583,1659.1675,89.3529,1.9653
000725.SZ,2020-01-31,1623.5945,1598.2185,86.0705,1.8931
000725.SZ,2019-12-31,1562.9236,1537.2694,82.7882,1.8209
000725.SZ,2019-11-30,1343.1585,1320.5302,71.1176,1.5642
000725.SZ,2019-10-31,1230.1991,1208.7931,65.0999,1.4318
000725.SZ,2019-09-30,1294.3228,1269.7406,61.3117,1.5082
000725.SZ,2019-08-31,1262.8676,1239.2668,59.8402,1.472
000725.SZ,2019-07-31,1396.6256,1371.3199,57.0993,1.6381
000725.SZ,2019-06-30,1186.9314,1164.7754,48.4992,1.3914
000725.SZ,2019-05-31,1186.7535,1164.7754,48.4992,1.3914
000725.SZ,2019-04-30,1241.6076,1218.951,50.7549,1.4386
000725.SZ,2019-03-31,1344.8794,1320.5302,39.5076,1.5807
000725.SZ,2019-02-28,1403.0084,1378.0918,31.6768,1.6503
000725.SZ,2019-01-31,883.434,866.8096,19.9245,1.038
000725.SZ,2018-12-31,909.1972,890.5114,20.4693,1.0664
000725.SZ,2018-11-30,961.5445,941.301,21.6367,1.1273
000725.SZ,2018-10-31,952.0709,931.1431,21.4032,1.1151
000725.SZ,2018-09-30,1091.1269,1066.5821,17.5657,1.2826
000725.SZ,2018-08-31,1179.6105,1154.6174,19.0156,1.3884
000725.SZ,2018-07-31,1300.052,1273.1265,18.24,1.5416
000725.SZ,2018-06-30,1221.9285,1198.6615,17.1728,1.4514
000725.SZ,2018-05-31,1421.7589,1395.0524,19.9864,1.6553
000725.SZ,2018-04-30,1488.4872,1462.7734,20.9566,1.7357
000725.SZ,2018-03-31,1834.8513,1801.3784,22.5282,2.2111
000725.SZ,2018-02-28,1950.3641,1916.504,23.968,2.3525
000725.SZ,2018-01-31,2095.2199,2058.7181,25.7466,2.527
000725.SZ,2017-12-31,1999.5169,1960.5227,24.5185,2.4065
000725.SZ,2017-11-30,1844.2701,1808.1505,22.6129,2.2195
000725.SZ,2017-10-31,2146.7164,2106.1228,26.3394,2.5852
000725.SZ,2017-09-30,1519.4491,1489.8618,22.8471,1.8953
000725.SZ,2017-08-31,1321.8796,1296.857,19.8873,1.6498
000725.SZ,2017-07-31,1376.7952,1340.9929,33.1612,1.7373
000725.SZ,2017-06-30,1448.4595,1412.2862,34.9242,1.806
000725.SZ,2017-05-31,1344.2816,1310.4386,32.4056,1.6757
000725.SZ,2017-04-30,1402.2999,1368.1523,33.8328,1.7495
000725.SZ,2017-03-31,1197.6886,826.5877,-561.2766,1.5676
000725.SZ,2017-02-28,1138.7339,785.7389,-533.5391,1.4901
000725.SZ,2017-01-31,1184.299,819.3791,-556.3818,1.5539
000725.SZ,2016-12-31,994.9767,687.2158,-466.6428,1.3033
000725.SZ,2016-11-30,1008.4878,696.8272,-473.1693,1.3215
000725.SZ,2016-10-31,860.713,593.5046,-403.0097,1.1256
000725.SZ,2016-09-30,825.4409,569.476,-100.2111,1.0876
000725.SZ,2016-08-31,849.762,586.296,-103.1709,1.1197
000725.SZ,2016-07-31,811.88,559.8646,106.8643,1.061
000725.SZ,2016-06-30,803.1716,555.0589,105.947,1.0518
000725.SZ,2016-05-31,823.471,569.4729,108.6988,1.0743
000725.SZ,2016-04-30,830.8444,574.2786,109.6161,1.0833
000725.SZ,2016-03-31,886.3837,612.724,33.2026,1.1542
000725.SZ,2016-02-29,821.0781,567.07,30.7287,1.0682
000725.SZ,2016-01-31,793.996,547.8473,29.6871,1.032
000709.SZ,2020-12-31,237.8568,237.8184,12.2837,0.4836
000709.SZ,2020-11-30,243.1661,243.1268,12.5579,0.4944
000709.SZ,2020-10-31,218.7433,218.708,11.2966,0.4447
000709.SZ,2020-09-30,225.1145,225.0781,10.8024,0.4608
000709.SZ,2020-08-31,235.7331,235.695,11.312,0.4825
000709.SZ,2020-07-31,238.9187,238.8801,9.8759,0.4922
000709.SZ,2020-06-30,216.6196,216.5846,8.9541,0.4463
000709.SZ,2020-05-31,213.434,213.3995,8.8225,0.4397
000709.SZ,2020-04-30,217.6815,217.6463,8.998,0.4485
000709.SZ,2020-03-31,226.1763,226.1398,11.0948,0.4742
000709.SZ,2020-02-29,238.9187,238.8801,11.7198,0.5009
000709.SZ,2020-01-31,255.9084,255.8671,12.5532,0.5365
000709.SZ,2019-12-31,273.9601,273.9158,13.4387,0.5743
000709.SZ,2019-11-30,267.5889,267.5457,13.1262,0.561
000709.SZ,2019-10-31,263.3415,263.2989,12.9178,0.5521
000709.SZ,2019-09-30,267.5889,267.5457,9.0013,0.5799
000709.SZ,2019-08-31,271.8364,271.7925,9.1442,0.5891
000709.SZ,2019-07-31,290.9499,290.9029,8.0304,0.5224
000709.SZ,2019-06-30,317.4964,317.4451,8.7631,0.6545
000709.SZ,2019-05-31,317.4964,317.4451,8.7631,0.6545
000709.SZ,2019-04-30,339.7955,339.7406,9.3786,0.7004
000709.SZ,2019-03-31,363.1564,363.0977,12.1332,0.7539
000709.SZ,2019-02-28,359.9708,359.9127,12.0268,0.7473
000709.SZ,2019-01-31,325.9913,325.9386,10.8915,0.6768
000709.SZ,2018-12-31,301.5685,301.5198,10.0755,0.6261
000709.SZ,2018-11-30,312.1871,312.1367,10.4303,0.556
000709.SZ,2018-10-31,336.6099,336.5556,11.2463,0.5995
000709.SZ,2018-09-30,346.1666,346.1108,14.4944,0.698
000709.SZ,2018-08-31,304.754,304.7049,12.7604,0.6145
000709.SZ,2018-07-31,311.1252,311.075,20.1945,0.6894
000709.SZ,2018-06-30,313.2489,313.1985,20.3323,0.6941
000709.SZ,2018-05-31,333.4243,333.3706,21.6419,0.7218
000709.SZ,2018-04-30,348.2903,348.2342,22.6068,0.754
000709.SZ,2018-03-31,372.7131,372.6531,20.0423,0.8126
000709.SZ,2018-02-28,421.5587,421.4908,14.9637,0.9121
000709.SZ,2018-01-31,428.9918,428.9227,15.2275,0.9282
000709.SZ,2017-12-31,414.1257,414.059,14.6999,0.896
000709.SZ,2017-11-30,440.6722,440.6013,15.6422,0.9535
000709.SZ,2017-10-31,444.9197,444.848,15.7929,0.9627
000709.SZ,2017-09-30,467.2187,467.1435,19.4896,1.0323
000709.SZ,2017-08-31,507.5695,507.4877,21.1728,1.1214
000709.SZ,2017-07-31,586.1472,586.0528,28.0731,1.3125
000709.SZ,2017-06-30,444.9197,444.848,21.3091,0.9962
000709.SZ,2017-05-31,471.4662,471.3903,22.5805,1.036
000709.SZ,2017-04-30,535.1778,535.0916,25.632,1.176
000709.SZ,2017-03-31,383.3317,383.27,38.3607,0.8655
000709.SZ,2017-02-28,415.1876,415.1207,41.5486,0.9374
000709.SZ,2017-01-31,405.6308,405.5655,40.5922,0.9158
000709.SZ,2016-12-31,354.6615,354.6044,35.4916,0.8007
000709.SZ,2016-11-30,341.9192,341.8641,34.2165,0.772
000709.SZ,2016-10-31,332.3624,332.3089,33.2601,0.7504
000709.SZ,2016-09-30,327.0531,327.0004,52.2899,0.7477
000709.SZ,2016-08-31,355.7234,355.6661,56.8737,0.8132
000709.SZ,2016-07-31,303.6922,303.6433,60.669,0.6991
000709.SZ,2016-06-30,294.1354,294.0881,58.7598,0.6722
000709.SZ,2016-05-31,296.2592,296.2114,59.1841,0.6771
000709.SZ,2016-04-30,339.7955,339.7407,67.8814,0.7766
000709.SZ,2016-03-31,323.8675,323.8154,45.9864,0.7438
000709.SZ,2016-02-29,319.6201,319.5686,45.3833,0.7341
000709.SZ,2016-01-31,314.3108,314.2602,44.6294,0.7219
000728.SZ,2020-12-31,390.9945,384.4995,30.1936,1.2788
000728.SZ,2020-11-30,387.9399,381.4957,29.9577,1.2688
000728.SZ,2020-10-31,365.2482,330.153,28.2054,1.1945
000728.SZ,2020-09-30,403.5171,353.2433,36.7032,1.6111
000728.SZ,2020-08-31,370.8723,324.6656,33.7339,1.4807
000728.SZ,2020-07-31,350.343,306.6941,31.8666,1.3988
000728.SZ,2020-06-30,282.6976,247.4765,36.4554,1.1393
000728.SZ,2020-05-31,267.553,234.2173,34.5024,1.0783
000728.SZ,2020-04-30,274.957,240.6988,35.4572,1.0861
000728.SZ,2020-03-31,280.3417,245.4126,30.6598,1.1288
000728.SZ,2020-02-29,303.5633,265.7409,33.1023,1.2228
000728.SZ,2020-01-31,292.4573,256.0187,31.8913,1.178
000728.SZ,2019-12-31,311.9769,273.1062,29.9412,1.2699
000728.SZ,2019-11-30,281.3514,246.2964,27.002,1.1453
000728.SZ,2019-10-31,284.3803,248.948,27.2926,1.142
000728.SZ,2019-09-30,287.4092,251.5995,32.9852,1.1948
000728.SZ,2019-08-31,285.3899,249.8318,32.7535,1.1865
000728.SZ,2019-07-31,306.9288,268.687,35.2254,1.2501
000728.SZ,2019-06-30,308.6115,270.1596,33.3366,1.2317
000728.SZ,2019-05-31,309.6211,271.0434,33.4457,1.2357
000728.SZ,2019-04-30,329.8138,288.7202,35.6269,1.3163
000728.SZ,2019-03-31,351.6892,307.87,52.4619,1.4275
000728.SZ,2019-02-28,324.7656,284.301,47.4786,1.3161
000728.SZ,2019-01-31,251.7354,220.3701,36.8021,1.0201
000728.SZ,2018-12-31,234.9082,205.6413,36.6184,0.943
000728.SZ,2018-11-30,267.553,234.2189,41.7072,1.0741
000728.SZ,2018-10-31,242.3122,212.1228,37.7726,0.9728
000728.SZ,2018-09-30,231.8793,202.9897,25.1574,0.9514
000728.SZ,2018-08-31,223.8022,195.919,24.2811,0.9183
000728.SZ,2018-07-31,236.9275,207.409,25.7051,0.9544
000728.SZ,2018-06-30,249.0431,218.0151,22.0733,0.9832
000728.SZ,2018-05-31,281.0148,246.0035,24.9071,1.1095
000728.SZ,2018-04-30,300.871,263.3858,26.667,1.1879
000728.SZ,2018-03-31,308.2749,269.8673,25.6096,1.215
000728.SZ,2018-02-28,321.4002,281.3573,26.2617,1.2663
000728.SZ,2018-01-31,367.1703,321.425,30.0016,1.4467
000728.SZ,2017-12-31,370.1992,324.0765,27.5811,1.477
000728.SZ,2017-11-30,410.248,359.1357,30.5649,1.6368
000728.SZ,2017-10-31,415.2962,363.5549,30.941,1.657
000728.SZ,2017-09-30,415.1125,415.1125,29.4707,2.0162
000728.SZ,2017-08-31,429.8433,429.8433,30.5165,2.0877
000728.SZ,2017-07-31,391.838,391.838,27.8183,1.9031
000728.SZ,2017-06-30,360.0195,360.0195,25.1169,1.767
000728.SZ,2017-05-31,355.8949,355.8949,24.8291,1.7468
000728.SZ,2017-04-30,413.6395,413.6395,28.8577,1.9731
000728.SZ,2017-03-31,403.0333,403.0333,28.6962,1.9426
000728.SZ,2017-02-28,396.3554,396.3554,28.2207,1.9104
000728.SZ,2017-01-31,365.3226,365.3226,26.0111,1.7608
000728.SZ,2016-12-31,390.8559,390.8559,26.0407,1.9217
000728.SZ,2016-11-30,451.1538,451.1538,30.0581,2.2181
000728.SZ,2016-10-31,439.9584,439.9584,29.3122,2.1631
000728.SZ,2016-09-30,401.6585,401.6585,28.5336,2.1354
000728.SZ,2016-08-31,414.4251,414.4251,29.4405,2.1693
000728.SZ,2016-07-31,355.1093,355.1093,25.2268,1.8122
000728.SZ,2016-06-30,328.3975,328.3975,14.3968,1.6634
000728.SZ,2016-05-31,336.2539,336.2539,14.7412,1.7032
000728.SZ,2016-04-30,328.7903,328.7903,14.414,1.6654
000728.SZ,2016-03-31,363.7513,363.7513,13.0647,1.8248
000728.SZ,2016-02-29,293.2401,293.2401,10.5319,1.4748
000728.SZ,2016-01-31,336.2539,336.2539,12.0768,1.6911
000712.SZ,2020-12-31,141.6576,120.6254,95.6899,4.0133
000712.SZ,2020-11-30,129.2928,114.8623,87.3375,3.6629
000712.SZ,2020-10-31,123.0208,109.2904,83.1007,3.4853
000712.SZ,2020-09-30,131.8912,117.1707,84.9484,3.7516
000712.SZ,2020-08-31,134.4,119.3995,86.5643,3.823
000712.SZ,2020-07-31,166.8352,148.2146,606.9085,4.8889
000712.SZ,2020-06-30,112,99.4996,407.4305,3.282
000712.SZ,2020-05-31,110.1184,97.828,400.5857,3.2269
000712.SZ,2020-04-30,110.0288,97.7484,400.2598,3.2243
000712.SZ,2020-03-31,113.792,101.0916,161.2299,3.4046
000712.SZ,2020-02-29,120.6912,107.2208,554.8762,3.5501
000712.SZ,2020-01-31,124.9024,110.962,574.2371,3.6739
000712.SZ,2019-12-31,136.192,120.9915,626.1409,4.006
000712.SZ,2019-11-30,118.9888,105.7084,547.0494,3.5
000712.SZ,2019-10-31,116.5696,103.5592,535.9271,3.4288
000712.SZ,2019-09-30,114.3296,101.5692,-208.8535,3.3946
000712.SZ,2019-08-31,105.6384,93.848,-192.9767,3.1365
000712.SZ,2019-07-31,111.6416,99.1812,-86.1026,3.3462
000712.SZ,2019-06-30,115.0464,102.206,-88.7285,3.4482
000712.SZ,2019-05-31,111.8208,99.3404,-86.2408,3.3516
000712.SZ,2019-04-30,123.648,109.8476,-95.3624,3.7061
000712.SZ,2019-03-31,128.2176,113.9071,-70.7724,3.7189
000712.SZ,2019-02-28,113.344,100.6936,-142.0059,3.1805
000712.SZ,2019-01-31,82.0736,72.9133,-102.828,2.303
000712.SZ,2018-12-31,81.3568,81.241,-101.9299,2.2829
000712.SZ,2018-11-30,90.496,90.3672,-113.3802,2.5394
000712.SZ,2018-10-31,87.808,87.683,-110.0125,2.4639
000712.SZ,2018-09-30,83.1488,83.0305,168.696,2.3785
000712.SZ,2018-08-31,71.8592,71.7569,145.7912,2.0555
000712.SZ,2018-07-31,84.4928,84.3726,53.2575,2.2592
000712.SZ,2018-06-30,89.4208,89.3021,56.3637,2.391
000712.SZ,2018-05-31,116.1216,115.9674,73.1937,3.1049
000712.SZ,2018-04-30,126.9632,126.7946,80.0274,3.3948
000712.SZ,2018-03-31,138.6112,138.4271,71.3449,3.7301
000712.SZ,2018-02-28,125.0816,124.9155,43.3482,3.3473
000712.SZ,2018-01-31,145.2416,145.0487,50.3348,3.8868
000712.SZ,2017-12-31,152.1408,152.015,52.7258,4.0715
000712.SZ,2017-11-30,150.4384,150.314,52.1358,4.0259
000712.SZ,2017-10-31,170.5984,170.4574,59.1225,4.5654
000712.SZ,2017-09-30,190.848,190.6902,64.0906,5.249
000712.SZ,2017-08-31,168.896,168.7564,56.7187,4.6453
000712.SZ,2017-07-31,173.9136,173.7698,47.8791,4.7858
000712.SZ,2017-06-30,146.6752,146.5539,40.3803,3.9391
000712.SZ,2017-05-31,137.8048,137.8048,37.9382,3.7009
000712.SZ,2017-04-30,204.736,204.736,56.3647,5.4984
000712.SZ,2017-03-31,210.3808,210.3808,57.5496,5.7508
000712.SZ,2017-02-28,195.1488,195.1488,44.3875,5.4653
000712.SZ,2017-01-31,207.424,207.424,47.1795,5.8091
000712.SZ,2016-12-31,210.0224,194.4817,47.7705,5.8818
000712.SZ,2016-11-30,226.24,209.4993,51.4593,6.336
000712.SZ,2016-10-31,180.6336,167.2675,41.0859,5.0588
000712.SZ,2016-09-30,173.2864,160.464,35.1708,5.026
000712.SZ,2016-08-31,186.1888,172.4117,37.7895,5.4002
000712.SZ,2016-07-31,171.6736,158.9705,21.7221,5.1104
000712.SZ,2016-06-30,186.0096,172.2457,23.536,5.5371
000712.SZ,2016-05-31,172.7488,163.2052,21.8581,5.0088
000712.SZ,2016-04-30,170.1504,160.7504,21.5294,4.9335
000712.SZ,2016-03-31,196.5824,185.7221,21.5263,5.8136
000712.SZ,2016-02-29,161.28,152.37,19.4555,5.0134
000712.SZ,2016-01-31,176.2432,166.5066,21.2606,5.4785
000729.SZ,2020-12-31,240.1396,240.1396,333.3858,1.7728
000729.SZ,2020-11-30,231.9658,231.9658,322.0382,1.7124
000729.SZ,2020-10-31,245.2129,245.2129,340.4292,1.8102
000729.SZ,2020-09-30,237.6029,237.6029,-1775.5874,1.782
000729.SZ,2020-08-31,225.4831,225.4831,-1685.0177,1.6911
000729.SZ,2020-07-31,215.9001,215.9001,-287.674,1.6843
000729.SZ,2020-06-30,193.0699,193.0699,-257.2542,1.4989
000729.SZ,2020-05-31,179.8228,179.8228,-239.6032,1.3961
000729.SZ,2020-04-30,167.9849,167.9849,-223.8299,1.3042
000729.SZ,2020-03-31,170.2398,170.2398,81.7487,1.2561
000729.SZ,2020-02-29,164.8846,164.8846,79.1771,1.2166
000729.SZ,2020-01-31,177.8498,177.8498,85.403,1.3123
000729.SZ,2019-12-31,183.7688,183.7688,88.2453,1.3559
000729.SZ,2019-11-30,172.4946,172.4946,82.8315,1.2728
000729.SZ,2019-10-31,169.3942,169.3942,81.3427,1.2499
000729.SZ,2019-09-30,163.7571,163.7571,88.2502,1.2197
000729.SZ,2019-08-31,178.6954,178.6954,96.3006,1.3775
000729.SZ,2019-07-31,175.595,175.595,95.1517,1.3079
000729.SZ,2019-06-30,187.151,187.151,101.4137,1.4358
000729.SZ,2019-05-31,193.3518,193.3518,104.7738,1.4834
000729.SZ,2019-04-30,208.0082,208.0082,112.7158,1.5959
000729.SZ,2019-03-31,180.6684,180.6684,111.5953,1.3479
000729.SZ,2019-02-28,180.3865,180.3865,111.4212,1.3458
000729.SZ,2019-01-31,167.7031,167.7031,103.5869,1.2512
000729.SZ,2018-12-31,158.9656,158.9656,98.1899,1.186
000729.SZ,2018-11-30,160.3749,160.3749,99.0604,1.1965
000729.SZ,2018-10-31,160.093,160.093,98.8863,1.1944
000729.SZ,2018-09-30,185.7417,185.7417,105.2957,1.3965
000729.SZ,2018-08-31,170.5216,170.5216,96.6675,1.2821
000729.SZ,2018-07-31,206.3171,206.3171,127.52,1.6059
000729.SZ,2018-06-30,189.6877,189.6877,117.2418,1.47
000729.SZ,2018-05-31,242.3944,242.3944,149.8186,1.8784
000729.SZ,2018-04-30,206.5989,206.5989,127.6942,1.601
000729.SZ,2018-03-31,215.0546,215.0546,70.6967,1.6171
000729.SZ,2018-02-28,202.3711,202.3711,66.5272,1.5217
000729.SZ,2018-01-31,211.1086,211.1086,69.3995,1.5874
000729.SZ,2017-12-31,189.9696,189.9696,62.4503,1.4285
000729.SZ,2017-11-30,167.4212,167.4212,55.0378,1.2589
000729.SZ,2017-10-31,178.4135,178.4135,58.6514,1.3416
000729.SZ,2017-09-30,181.5139,181.5139,51.5995,1.3772
000729.SZ,2017-08-31,185.178,185.178,52.6411,1.405
000729.SZ,2017-07-31,179.8228,179.8228,56.438,1.4112
000729.SZ,2017-06-30,189.4058,189.4058,59.4456,1.4747
000729.SZ,2017-05-31,183.2051,183.2051,57.4995,1.4264
000729.SZ,2017-04-30,196.4522,196.4522,61.6572,1.5296
000729.SZ,2017-03-31,211.3905,211.3905,60.6468,1.6139
000729.SZ,2017-02-28,211.3905,211.3905,60.6468,1.6139
000729.SZ,2017-01-31,200.9619,200.9619,57.6549,1.5343
000729.SZ,2016-12-31,195.8885,195.8885,56.1994,1.4956
000729.SZ,2016-11-30,212.7997,212.7997,61.0511,1.6247
000729.SZ,2016-10-31,214.7727,214.7727,61.6172,1.6397
000729.SZ,2016-09-30,220.4098,220.4098,49.8981,1.7044
000729.SZ,2016-08-31,210.5449,210.5449,47.6648,1.6808
000729.SZ,2016-07-31,209.1356,209.1356,35.946,1.6695
000729.SZ,2016-06-30,213.9271,213.9271,36.7695,1.6813
000729.SZ,2016-05-31,225.765,225.765,38.8042,1.7743
000729.SZ,2016-04-30,200.9619,200.9619,34.5411,1.5794
000729.SZ,2016-03-31,207.1626,207.1626,31.0299,1.6006
000729.SZ,2016-02-29,183.2051,183.2051,27.4414,1.4155
000729.SZ,2016-01-31,189.4058,189.4058,28.3702,1.4634
000738.SZ,2020-12-31,262.6958,262.6938,73.1966,4.3991
000738.SZ,2020-11-30,233.8256,233.8236,65.1523,3.9156
000738.SZ,2020-10-31,204.6117,204.6099,57.0122,3.4264
000738.SZ,2020-09-30,225.577,225.575,67.1375,3.8718
000738.SZ,2020-08-31,248.3753,248.3731,73.9228,4.2632
000738.SZ,2020-07-31,209.4234,209.4216,68.5535,3.6863
000738.SZ,2020-06-30,156.3802,156.3788,51.1901,2.7526
000738.SZ,2020-05-31,151.5685,151.5674,49.6151,2.6466
000738.SZ,2020-04-30,148.7044,148.7033,48.6775,2.5965
000738.SZ,2020-03-31,136.6751,136.6742,49.1073,2.4525
000738.SZ,2020-02-29,148.4752,148.4742,53.347,2.6642
000738.SZ,2020-01-31,147.7879,147.7868,53.1,2.6519
000738.SZ,2019-12-31,149.7355,149.7344,53.7998,2.6869
000738.SZ,2019-11-30,146.7568,146.7558,52.7296,2.6334
000738.SZ,2019-10-31,157.5258,157.5247,56.5989,2.8266
000738.SZ,2019-09-30,156.1511,156.15,57.5666,2.8409
000738.SZ,2019-08-31,171.3881,171.3869,63.1839,3.1181
000738.SZ,2019-07-31,171.6172,171.616,63.9297,3.1891
000738.SZ,2019-06-30,153.5161,153.515,57.1868,2.8527
000738.SZ,2019-05-31,160.7336,160.7325,59.8754,2.9616
000738.SZ,2019-04-30,162.4521,162.451,60.5156,2.9933
000738.SZ,2019-03-31,178.3765,178.3753,68.7865,3.3298
000738.SZ,2019-02-28,166.3473,166.3461,62.1644,3.1197
000738.SZ,2019-01-31,139.3101,139.3091,52.0605,2.6127
000738.SZ,2018-12-31,138.1645,138.1635,51.6324,2.5912
000738.SZ,2018-11-30,139.081,139.08,51.9749,2.6084
000738.SZ,2018-10-31,140.7994,140.7985,52.6171,2.6406
000738.SZ,2018-09-30,157.5258,157.5247,65.2222,2.9938
000738.SZ,2018-08-31,154.0889,154.0878,63.7991,2.9285
000738.SZ,2018-07-31,169.6696,169.6685,70.9326,3.2931
000738.SZ,2018-06-30,152.7141,152.7141,63.8441,2.9411
000738.SZ,2018-05-31,160.6191,160.6191,67.1489,3.0934
000738.SZ,2018-04-30,167.0347,167.0347,69.831,3.2169
000738.SZ,2018-03-31,192.1242,192.1242,88.2762,3.7441
000738.SZ,2018-02-28,174.0231,174.0231,74.5701,3.4106
000738.SZ,2018-01-31,157.4113,157.4113,67.4518,3.085
000738.SZ,2017-12-31,175.1687,175.1687,75.061,3.433
000738.SZ,2017-11-30,189.1456,189.1456,81.0502,3.7069
000738.SZ,2017-10-31,214.5788,214.5788,91.9485,4.2054
000738.SZ,2017-09-30,228.7848,228.7848,95.6778,4.5209
000738.SZ,2017-08-31,223.4003,223.4003,93.426,4.4145
000738.SZ,2017-07-31,216.4118,216.4118,101.4205,4.3712
000738.SZ,2017-06-30,224.2022,224.2022,105.0714,4.5285
000738.SZ,2017-05-31,215.4953,215.4953,100.9909,4.3527
000738.SZ,2017-04-30,266.3618,266.3618,124.8293,5.3553
000738.SZ,2017-03-31,281.5989,281.5989,134.8367,5.7061
000738.SZ,2017-02-28,288.931,288.931,142.6019,5.9137
000738.SZ,2017-01-31,292.4825,292.4825,144.3548,5.9863
000738.SZ,2016-12-31,283.4319,283.4319,139.8878,5.8011
000738.SZ,2016-11-30,300.1583,300.1583,148.1431,6.1434
000738.SZ,2016-10-31,313.1041,313.1041,154.5325,6.4084
000738.SZ,2016-09-30,302.9078,302.9078,142.2561,6.2604
000738.SZ,2016-08-31,347.817,347.817,163.347,7.1886
000738.SZ,2016-07-31,302.4496,302.4496,146.9113,6.3561
000738.SZ,2016-06-30,302.4496,302.4496,146.9113,6.3256
000738.SZ,2016-05-31,285.9523,285.9523,138.898,5.9806
000738.SZ,2016-04-30,306.9176,306.9176,149.0816,6.419
000738.SZ,2016-03-31,335.1004,335.1004,183.969,7.1241
000738.SZ,2016-02-29,360.0754,360.0754,197.6802,7.655
000738.SZ,2016-01-31,351.1394,351.1394,192.7744,7.465
000750.SZ,2020-12-31,319.0492,319.0489,38.7314,1.71
000750.SZ,2020-11-30,299.9934,299.9931,36.4181,1.6078
000750.SZ,2020-10-31,283.1153,283.1151,34.3692,1.5174
000750.SZ,2020-09-30,290.1932,290.193,41.2336,1.5803
000750.SZ,2020-08-31,303.8045,303.8043,43.1677,1.6544
000750.SZ,2020-07-31,306.5268,306.5265,56.9803,1.6923
000750.SZ,2020-06-30,236.2924,236.2922,43.9244,1.3045
000750.SZ,2020-05-31,227.5812,227.581,42.3051,1.2565
000750.SZ,2020-04-30,235.2035,235.2034,43.722,1.285
000750.SZ,2020-03-31,238.4702,238.4701,48.8952,1.3283
000750.SZ,2020-02-29,250.9926,250.9925,50.566,1.3981
000750.SZ,2020-01-31,253.1704,253.1703,51.0048,1.4102
000750.SZ,2019-12-31,225.1099,225.1098,42.6808,1.5986
000750.SZ,2019-11-30,195.1796,195.1794,37.006,1.3861
000750.SZ,2019-10-31,204.8753,204.8752,38.8443,1.4549
000750.SZ,2019-09-30,208.2478,208.2476,57.9192,1.4993
000750.SZ,2019-08-31,209.934,209.9338,58.3882,1.5115
000750.SZ,2019-07-31,216.6789,216.6787,118.1361,1.5758
000750.SZ,2019-06-30,212.0418,212.0416,115.6079,1.5421
000750.SZ,2019-05-31,205.7184,205.7183,112.1604,1.4961
000750.SZ,2019-04-30,225.5315,225.5313,122.9627,1.6402
000750.SZ,2019-03-31,259.6774,259.6772,355.0278,1.9132
000750.SZ,2019-02-28,237.335,237.3348,278.0506,1.747
000750.SZ,2019-01-31,191.8072,191.807,224.7123,1.4119
000750.SZ,2018-12-31,183.7976,183.7975,-320.2946,1.3512
000750.SZ,2018-11-30,177.8959,177.8957,-310.0099,1.3078
000750.SZ,2018-10-31,199.3951,199.395,-347.4756,1.4658
000750.SZ,2018-09-30,142.4853,142.4852,118.8104,1.0491
000750.SZ,2018-08-31,142.0638,142.0637,118.4589,1.046
000750.SZ,2018-07-31,149.2302,149.2301,50.3811,1.0949
000750.SZ,2018-06-30,150.4948,150.4947,50.808,1.1041
000750.SZ,2018-05-31,166.0924,166.0922,56.0738,1.1964
000750.SZ,2018-04-30,169.0432,169.0431,57.0701,1.2176
000750.SZ,2018-03-31,183.3761,183.3759,48.8692,1.3331
000750.SZ,2018-02-28,193.4934,193.4932,32.3558,1.3885
000750.SZ,2018-01-31,208.6693,208.6692,34.8935,1.4974
000750.SZ,2017-12-31,206.5616,206.5614,34.541,1.4823
000750.SZ,2017-11-30,220.4728,220.4727,36.8672,1.5822
000750.SZ,2017-10-31,231.0117,231.0115,38.6295,1.6578
000750.SZ,2017-09-30,247.8739,247.8737,29.8626,1.8083
000750.SZ,2017-08-31,262.2067,262.2065,31.5893,1.9128
000750.SZ,2017-07-31,241.129,241.1288,26.6509,1.7757
000750.SZ,2017-06-30,231.8548,231.8546,25.6259,1.7074
000750.SZ,2017-05-31,227.2177,227.2175,25.1134,1.6229
000750.SZ,2017-04-30,250.4032,250.403,27.676,1.7885
000750.SZ,2017-03-31,269.3731,269.3729,26.5259,1.958
000750.SZ,2017-02-28,285.8137,285.8135,28.1,2.0773
000750.SZ,2017-01-31,273.5887,273.5885,20.0975,1.9796
000750.SZ,2016-12-31,293.8233,293.823,21.5839,2.126
000750.SZ,2016-11-30,326.2829,326.2827,23.9684,2.3609
000750.SZ,2016-10-31,302.6759,302.6757,22.2342,2.1901
000750.SZ,2016-09-30,293.8233,293.823,23.796,2.2038
000750.SZ,2016-08-31,308.5777,308.5774,24.9909,2.3144
000750.SZ,2016-07-31,289.6077,289.6075,23.4546,2.1722
000750.SZ,2016-06-30,311.5286,256.1033,18.2486,2.3637
000750.SZ,2016-05-31,322.9105,265.4603,18.9154,2.45
000750.SZ,2016-04-30,312.7932,257.143,18.3227,2.3237
000750.SZ,2016-03-31,328.2502,269.8499,18.3081,2.4759
000750.SZ,2016-02-29,230.7307,189.6805,12.9067,1.741
000750.SZ,2016-01-31,242.8152,199.615,13.5827,1.8322
000768.SZ,2020-12-31,1015.539,1015.5367,149.0785,6.0749
000768.SZ,2020-11-30,862.4329,862.427,126.6029,5.159
000768.SZ,2020-10-31,670.289,670.2843,98.3967,4.0096
000768.SZ,2020-09-30,637.3421,637.3377,110.4209,3.8633
000768.SZ,2020-08-31,670.0121,670.0075,116.081,4.0613
000768.SZ,2020-07-31,656.1689,656.1643,114.4558,4.0295
000768.SZ,2020-06-30,491.1576,491.1542,85.6729,3.0162
000768.SZ,2020-05-31,476.207,476.2039,83.065,2.8659
000768.SZ,2020-04-30,487.8353,487.8322,85.0933,2.9359
000768.SZ,2020-03-31,439.1071,439.1043,77.1917,2.6534
000768.SZ,2020-02-29,470.9465,470.9435,70.4339,2.8801
000768.SZ,2020-01-31,460.7025,460.6996,68.9018,2.8174
000768.SZ,2019-12-31,453.5041,453.5012,67.8252,2.7734
000768.SZ,2019-11-30,440.2146,440.2119,65.8377,2.6921
000768.SZ,2019-10-31,415.5736,415.5711,62.1524,2.5414
000768.SZ,2019-09-30,430.5243,430.5217,69.4552,2.6583
000768.SZ,2019-08-31,444.9213,444.9185,71.7778,2.7472
000768.SZ,2019-07-31,455.719,455.7162,79.881,2.8484
000768.SZ,2019-06-30,436.0616,436.0589,76.4354,2.7256
000768.SZ,2019-05-31,434.6773,434.6746,76.1927,2.6707
000768.SZ,2019-04-30,440.7683,440.7656,77.2604,2.7081
000768.SZ,2019-03-31,472.054,472.0511,84.5917,2.9415
000768.SZ,2019-02-28,449.0742,449.0715,77.8701,2.8581
000768.SZ,2019-01-31,384.5648,384.5624,66.6841,2.4475
000768.SZ,2018-12-31,366.5686,366.5664,63.5635,2.333
000768.SZ,2018-11-30,415.0199,415.0173,71.9651,2.6413
000768.SZ,2018-10-31,409.7595,409.757,71.0529,2.6079
000768.SZ,2018-09-30,439.6608,439.6581,81.0813,2.8123
000768.SZ,2018-08-31,423.6027,423.6001,78.1199,2.7096
000768.SZ,2018-07-31,462.3637,462.3609,78.8736,2.9819
000768.SZ,2018-06-30,433.0161,433.0132,73.8673,2.7926
000768.SZ,2018-05-31,439.1071,439.1042,74.9063,2.7896
000768.SZ,2018-04-30,511.3687,511.3653,87.2333,3.2487
000768.SZ,2018-03-31,475.6532,475.65,100.9019,3.0267
000768.SZ,2018-02-28,409.4826,409.4799,97.0161,2.6592
000768.SZ,2018-01-31,434.6773,434.6744,102.9853,2.8228
000768.SZ,2017-12-31,467.6242,467.6208,110.7912,3.0368
000768.SZ,2017-11-30,480.0831,480.0796,113.743,3.1177
000768.SZ,2017-10-31,508.877,508.8733,120.5649,3.3047
000768.SZ,2017-09-30,532.4104,532.4066,125.4439,3.4703
000768.SZ,2017-08-31,524.9351,524.9314,123.6826,3.4215
000768.SZ,2017-07-31,503.6165,503.6129,130.8194,3.3256
000768.SZ,2017-06-30,510.5382,510.5345,132.6173,3.3713
000768.SZ,2017-05-31,477.5913,477.5875,124.059,3.1252
000768.SZ,2017-04-30,661.7062,661.7009,171.8847,4.33
000768.SZ,2017-03-31,682.1941,682.1887,165.1269,4.4403
000768.SZ,2017-02-28,643.1562,643.1511,100.4677,4.2635
000768.SZ,2017-01-31,653.1234,653.1182,102.0247,4.3295
000768.SZ,2016-12-31,588.6139,588.6102,91.9476,3.9019
000768.SZ,2016-11-30,615.7467,615.7427,96.1861,4.0818
000768.SZ,2016-10-31,618.2384,618.2345,96.5753,4.0983
000768.SZ,2016-09-30,579.7543,579.7506,98.8321,3.859
000768.SZ,2016-08-31,630.6973,630.6933,107.5164,4.1981
000768.SZ,2016-07-31,587.5065,563.1399,109.2967,3.9454
000768.SZ,2016-06-30,545.1462,522.5365,101.4162,3.661
000768.SZ,2016-05-31,480.9136,460.9681,89.4667,3.1706
000768.SZ,2016-04-30,483.1286,463.0911,89.8788,3.1853
000768.SZ,2016-03-31,535.7328,513.5136,133.9156,3.5121
000768.SZ,2016-02-29,447.413,428.8569,244.0258,3.0512
000768.SZ,2016-01-31,478.6987,458.845,261.0894,3.2646
000776.SZ,2020-12-31,1120.6407,963.6607,12.329,1.2903
000776.SZ,2020-11-30,1158.4053,1002.136,12.8213,1.3419
000776.SZ,2020-10-31,1059.0065,911.5709,11.6626,1.2206
000776.SZ,2020-09-30,1080.165,934.0642,13.1426,1.3174
000776.SZ,2020-08-31,1095.2891,957.1494,13.4674,1.35
000776.SZ,2020-07-31,1065.8943,923.4095,17.7703,1.2767
000776.SZ,2020-06-30,964.8265,835.804,16.0844,1.1556
000776.SZ,2020-05-31,903.6778,780.1626,15.0136,1.0787
000776.SZ,2020-04-30,943.0242,811.5349,15.6174,1.122
000776.SZ,2020-03-31,938.9739,809.7591,13.8291,1.1427
000776.SZ,2020-02-29,1000.8314,858.2973,19.0458,1.2292
000776.SZ,2020-01-31,1006.1561,876.6471,19.453,1.2555
000776.SZ,2019-12-31,1042.6254,897.9565,19.9259,1.286
000776.SZ,2019-11-30,917.7006,789.6335,17.5222,1.112
000776.SZ,2019-10-31,937.5676,812.1268,18.0213,1.1437
000776.SZ,2019-09-30,929.2744,803.2479,18.5275,1.1502
000776.SZ,2019-08-31,909.8319,786.0819,18.1316,1.1256
000776.SZ,2019-07-31,926.5882,793.777,17.9518,1.1511
000776.SZ,2019-06-30,952.3821,813.3106,18.3936,1.1794
000776.SZ,2019-05-31,901.4835,767.7321,17.3628,1.1133
000776.SZ,2019-04-30,1075.7879,921.0418,20.83,1.3356
000776.SZ,2019-03-31,1121.813,957.1494,28.658,1.4495
000776.SZ,2019-02-28,1168.1318,976.0912,19.8163,1.4632
000776.SZ,2019-01-31,914.0401,751.1581,15.2498,1.126
000776.SZ,2018-12-31,908.9224,750.5662,15.2377,1.1251
000776.SZ,2018-11-30,972.9862,797.9205,16.1991,1.1961
000776.SZ,2018-10-31,887.7692,734.5841,14.9133,1.1011
000776.SZ,2018-09-30,970.1704,819.8219,14.7579,1.3021
000776.SZ,2018-08-31,944.2624,798.5124,14.3743,1.2683
000776.SZ,2018-07-31,954.8824,792.5931,12.7827,1.1851
000776.SZ,2018-06-30,949.6293,785.49,12.6681,1.1745
000776.SZ,2018-05-31,1030.0731,845.8668,13.6418,1.2648
000776.SZ,2018-04-30,1116.2399,924.5933,14.9115,1.3825
000776.SZ,2018-03-31,1172.6749,975.4992,14.6119,1.4801
000776.SZ,2018-02-28,1190.7009,983.1943,14.7313,1.4916
000776.SZ,2018-01-31,1353.168,1112.2349,16.6647,1.6874
000776.SZ,2017-12-31,1210.9624,987.3378,15.4792,1.5205
000776.SZ,2017-11-30,1277.8488,1052.45,16.5,1.6208
000776.SZ,2017-10-31,1290.2652,1049.4904,16.4536,1.6162
000776.SZ,2017-09-30,1369.0035,1123.4815,17.4253,1.7908
000776.SZ,2017-08-31,1366.1866,1126.4412,17.4712,1.7955
000776.SZ,2017-07-31,1281.7526,1050.6742,16.1752,1.6613
000776.SZ,2017-06-30,1252.675,1021.0778,15.7196,1.6145
000776.SZ,2017-05-31,1227.7773,985.562,15.1728,1.5583
000776.SZ,2017-04-30,1233.008,990.2975,15.2457,1.5658
000776.SZ,2017-03-31,1257.5713,1011.6069,16.2195,1.6585
000776.SZ,2017-02-28,1298.3856,1040.6114,14.8864,1.758
000776.SZ,2017-01-31,1287.4424,1036.4679,14.8272,1.751
000776.SZ,2016-12-31,1244.2964,997.9925,14.2768,1.686
000776.SZ,2016-11-30,1431.636,1157.2215,16.5546,1.955
000776.SZ,2016-10-31,1286.1627,1029.9567,14.734,1.74
000776.SZ,2016-09-30,1209.2801,968.988,14.1359,1.6951
000776.SZ,2016-08-31,1245.4587,997.4006,14.5504,1.7448
000776.SZ,2016-07-31,1209.3834,961.8849,9.9159,1.5945
000776.SZ,2016-06-30,1248.0607,992.0732,10.2271,1.6446
000776.SZ,2016-05-31,1233.1333,973.7234,10.0379,1.6142
000776.SZ,2016-04-30,1186.625,935.84,9.6474,1.5514
000776.SZ,2016-03-31,1257.9952,989.7055,9.6526,1.6438
000776.SZ,2016-02-29,963.1148,757.6693,7.8873,1.3303
000776.SZ,2016-01-31,1038.9428,816.2703,8.4973,1.4332
000783.SZ,2020-12-31,464.4884,464.4884,21.7582,1.6582
000783.SZ,2020-11-30,488.8156,488.8156,22.8979,1.7451
000783.SZ,2020-10-31,416.378,416.378,19.5046,1.4865
000783.SZ,2020-09-30,443.473,443.473,29.1626,1.6388
000783.SZ,2020-08-31,471.6723,471.6723,31.0171,1.743
000783.SZ,2020-07-31,477.7548,477.7548,36.0049,1.7348
000783.SZ,2020-06-30,372.693,372.693,28.0871,1.3533
000783.SZ,2020-05-31,345.598,345.5917,26.0452,1.2595
000783.SZ,2020-04-30,352.2335,352.2271,26.5453,1.2837
000783.SZ,2020-03-31,353.3394,353.333,30.7579,1.3153
000783.SZ,2020-02-29,372.6926,372.6858,32.4426,1.3873
000783.SZ,2020-01-31,380.434,380.427,33.1165,1.4161
000783.SZ,2019-12-31,394.8108,394.8036,34.368,1.4696
000783.SZ,2019-11-30,345.0447,345.04,30.0359,1.2844
000783.SZ,2019-10-31,376.5632,376.5581,32.7796,1.4017
000783.SZ,2019-09-30,387.0694,387.0641,40.0662,1.417
000783.SZ,2019-08-31,384.3044,384.2991,39.78,1.4069
000783.SZ,2019-07-31,411.3992,411.3936,58.7534,1.5717
000783.SZ,2019-06-30,431.8586,431.8527,61.6751,1.6429
000783.SZ,2019-05-31,395.3625,395.3571,56.4631,1.504
000783.SZ,2019-04-30,435.7282,435.7222,62.2279,1.6576
000783.SZ,2019-03-31,416.3748,416.3691,160.7081,1.5687
000783.SZ,2019-02-28,388.7224,388.7171,150.0369,1.4645
000783.SZ,2019-01-31,294.1683,294.1643,113.5414,1.1083
000783.SZ,2018-12-31,284.7682,284.7643,45.1791,1.0878
000783.SZ,2018-11-30,312.4151,312.4108,49.5654,1.1524
000783.SZ,2018-10-31,284.7678,284.7639,45.1791,1.0504
000783.SZ,2018-09-30,282.003,281.9992,30.3895,1.0881
000783.SZ,2018-08-31,279.2381,279.2343,30.0915,1.0774
000783.SZ,2018-07-31,295.8265,295.8225,31.8791,1.1415
000783.SZ,2018-06-30,300.2501,300.246,20.9226,1.119
000783.SZ,2018-05-31,350.5683,350.5635,24.429,1.3065
000783.SZ,2018-04-30,373.792,373.7869,26.0473,1.393
000783.SZ,2018-03-31,400.3335,400.328,25.4629,1.5091
000783.SZ,2018-02-28,413.0512,413.0456,26.2718,1.5571
000783.SZ,2018-01-31,442.3574,442.3514,28.1358,1.6676
000783.SZ,2017-12-31,435.1691,435.1632,22.3344,1.6407
000783.SZ,2017-11-30,493.2285,493.2218,25.3142,1.8596
000783.SZ,2017-10-31,497.6521,497.6453,25.5412,1.8762
000783.SZ,2017-09-30,538.5702,538.5628,25.8096,2.0761
000783.SZ,2017-08-31,557.3703,557.3627,26.7106,2.1486
000783.SZ,2017-07-31,525.2994,450.5273,24.5872,2.0795
000783.SZ,2017-06-30,523.6406,449.1045,24.5096,2.0729
000783.SZ,2017-05-31,518.6641,444.8364,24.2766,1.9879
000783.SZ,2017-04-30,531.9348,456.2181,24.8978,2.0388
000783.SZ,2017-03-31,541.3349,464.2802,24.5328,2.1217
000783.SZ,2017-02-28,571.747,490.3634,25.8647,2.2405
000783.SZ,2017-01-31,552.9468,474.2392,25.0142,2.1668
000783.SZ,2016-12-31,565.6645,485.1467,27.5155,2.2469
000783.SZ,2016-11-30,667.9597,572.881,32.4915,2.6533
000783.SZ,2016-10-31,604.9238,518.8177,29.4252,2.4029
000783.SZ,2016-09-30,587.2295,503.6421,27.1897,2.4169
000783.SZ,2016-08-31,618.1945,530.1994,28.6235,2.5443
000783.SZ,2016-07-31,571.747,490.3634,22.7194,3.0596
000783.SZ,2016-06-30,550.1263,550.1146,17.0673,3.5774
000783.SZ,2016-05-31,477.5665,477.5564,14.8162,3.1056
000783.SZ,2016-04-30,444.3692,444.3598,13.7863,2.9317
000783.SZ,2016-03-31,487.5257,487.5153,13.9558,2.899
000783.SZ,2016-02-29,395.0476,395.0392,11.3194,2.3495
000783.SZ,2016-01-31,444.8435,444.834,12.7462,2.6457
000792.SZ,2020-12-31,480.2663,479.9181,,
000792.SZ,2020-11-30,480.2663,479.9181,,
000792.SZ,2020-10-31,480.2663,479.9181,,
000792.SZ,2020-09-30,480.2663,479.9181,,
000792.SZ,2020-08-31,480.2663,479.9181,,
000792.SZ,2020-07-31,480.2663,479.9181,,
000792.SZ,2020-06-30,480.2663,479.9181,,
000792.SZ,2020-05-31,480.2663,479.9181,,
000792.SZ,2020-04-30,480.2663,479.9181,-1.0716,-4.3517
000792.SZ,2020-03-31,484.0693,480.8447,-17.6863,3.3103
000792.SZ,2020-02-29,266.3503,262.8904,-9.7316,1.8214
000792.SZ,2020-01-31,236.2605,233.1915,-8.6322,1.6156
000792.SZ,2019-12-31,245.176,241.9912,-8.9579,1.6766
000792.SZ,2019-11-30,239.6038,236.4914,-8.7543,1.6385
000792.SZ,2019-10-31,237.3749,234.2915,-8.6729,1.6233
000792.SZ,2019-09-30,213.4145,210.6423,-7.9303,1.4515
000792.SZ,2019-08-31,192.5189,190.0181,-7.1538,1.3094
000792.SZ,2019-07-31,177.474,175.1686,-5.1623,1.1854
000792.SZ,2019-06-30,171.6232,169.3938,-4.9921,1.1463
000792.SZ,2019-05-31,209.7926,207.0675,-6.1024,1.4013
000792.SZ,2019-04-30,196.9766,194.4179,-5.7296,1.3157
000792.SZ,2019-03-31,188.0611,185.6182,-4.1668,1.0794
000792.SZ,2019-02-28,201.9916,199.3677,-4.4754,1.1593
000792.SZ,2019-01-31,164.658,162.5191,-3.6482,0.945
000792.SZ,2018-12-31,194.4691,191.943,-4.3088,1.1162
000792.SZ,2018-11-30,231.8027,228.7917,-5.1359,1.3304
000792.SZ,2018-10-31,211.7429,208.9924,-4.6915,1.2153
000792.SZ,2018-09-30,252.977,249.6909,-5.253,1.4476
000792.SZ,2018-08-31,235.146,232.0916,-4.8827,1.3456
000792.SZ,2018-07-31,247.6835,244.4661,-5.9424,1.2409
000792.SZ,2018-06-30,301.455,297.5383,-7.2324,1.5103
000792.SZ,2018-05-31,342.4105,337.9617,-8.215,1.7155
000792.SZ,2018-04-30,339.6244,335.2118,-8.1482,1.7015
000792.SZ,2018-03-31,359.6843,355.011,-8.6478,1.918
000792.SZ,2018-02-28,360.7987,356.111,-46.3618,1.5327
000792.SZ,2018-01-31,362.1918,357.4859,-46.5408,1.5386
000792.SZ,2017-12-31,387.5452,382.5102,-49.7987,1.6463
000792.SZ,2017-11-30,382.2516,377.2854,-49.1185,1.6238
000792.SZ,2017-10-31,429.8938,424.3086,-55.2404,1.8262
000792.SZ,2017-09-30,527.1283,520.2799,-103.2387,2.353
000792.SZ,2017-08-31,324.3009,320.0876,-63.5147,1.4476
000792.SZ,2017-07-31,322.9079,318.7127,-481.5297,1.3333
000792.SZ,2017-06-30,291.1465,287.3639,-434.1661,1.2021
000792.SZ,2017-05-31,263.007,259.59,-392.2037,1.1549
000792.SZ,2017-04-30,298.2974,294.422,-444.8299,1.3098
000792.SZ,2017-03-31,341.5747,337.137,100.0908,1.4824
000792.SZ,2017-02-28,345.4752,340.9868,124.7803,1.5011
000792.SZ,2017-01-31,344.918,340.4368,124.579,1.4987
000792.SZ,2016-12-31,354.205,298.7083,127.9333,1.539
000792.SZ,2016-11-30,377.4224,318.288,136.3191,1.6399
000792.SZ,2016-10-31,351.7904,296.672,127.0612,1.5286
000792.SZ,2016-09-30,346.5897,292.2861,65.7259,1.5007
000792.SZ,2016-08-31,376.8652,317.8181,71.4672,1.6318
000792.SZ,2016-07-31,371.1073,312.9623,53.8369,1.6117
000792.SZ,2016-06-30,391.9101,330.5057,56.8548,1.6978
000792.SZ,2016-05-31,343.6178,289.7799,49.849,1.4886
000792.SZ,2016-04-30,326.5298,275.3692,47.37,1.4146
000792.SZ,2016-03-31,357.3626,301.3711,29.9856,1.5573
000792.SZ,2016-02-29,302.198,254.8497,25.3569,1.3169
000792.SZ,2016-01-31,345.4752,291.3463,28.9882,1.5055
000778.SZ,2020-12-31,146.8644,142.9644,8.9829,0.6695
000778.SZ,2020-11-30,153.2498,149.1806,9.3735,0.6986
000778.SZ,2020-10-31,144.869,141.0223,8.8609,0.6604
000778.SZ,2020-09-30,143.2726,139.4683,9.2518,0.6708
000778.SZ,2020-08-31,155.2452,151.123,10.0249,0.7269
000778.SZ,2020-07-31,148.4607,144.5187,9.6567,0.6951
000778.SZ,2020-06-30,136.8872,133.2524,8.9039,0.6346
000778.SZ,2020-05-31,131.699,128.2017,8.5664,0.6106
000778.SZ,2020-04-30,138.0845,134.4175,8.9818,0.6402
000778.SZ,2020-03-31,137.2863,133.6405,8.5954,0.6516
000778.SZ,2020-02-29,142.0753,138.3024,8.8952,0.6743
000778.SZ,2020-01-31,153.2498,150.5661,9.5948,0.7274
000778.SZ,2019-12-31,166.4197,163.5054,10.4194,0.7899
000778.SZ,2019-11-30,158.837,156.0704,9.9446,0.7539
000778.SZ,2019-10-31,154.4471,151.7454,9.6698,0.733
000778.SZ,2019-09-30,155.6443,152.9217,8.7149,0.7535
000778.SZ,2019-08-31,157.2407,154.4901,8.8042,0.7612
000778.SZ,2019-07-31,166.8188,163.9007,8.1665,0.8203
000778.SZ,2019-06-30,177.1951,174.0955,8.6745,0.8384
000778.SZ,2019-05-31,175.9978,172.9192,8.6159,0.8327
000778.SZ,2019-04-30,191.9613,188.6035,9.3974,0.9083
000778.SZ,2019-03-31,204.3331,200.7588,9.7512,1.0055
000778.SZ,2019-02-28,196.3513,192.9166,9.3702,0.9662
000778.SZ,2019-01-31,171.6078,168.606,8.1894,0.8445
000778.SZ,2018-12-31,172.0069,168.9972,8.2085,0.8464
000778.SZ,2018-11-30,176.3969,173.3104,8.418,0.8681
000778.SZ,2018-10-31,182.7823,179.5841,8.7227,0.8995
000778.SZ,2018-09-30,193.5577,190.1709,11.2128,0.9825
000778.SZ,2018-08-31,195.9522,192.5235,11.3516,0.9946
000778.SZ,2018-07-31,185.975,182.7209,14.9976,0.944
000778.SZ,2018-06-30,170.8097,167.8206,13.7746,0.8605
000778.SZ,2018-05-31,184.3787,181.1522,14.8688,0.9289
000778.SZ,2018-04-30,183.1814,179.9759,14.7723,0.9229
000778.SZ,2018-03-31,196.7504,179.6002,19.2629,0.9972
000778.SZ,2018-02-28,207.1267,189.072,20.2788,1.0498
000778.SZ,2018-01-31,212.7139,194.1722,20.8258,1.0782
000778.SZ,2017-12-31,208.3239,190.1649,20.396,1.0559
000778.SZ,2017-11-30,221.4938,202.1868,21.6854,1.1227
000778.SZ,2017-10-31,237.4574,216.7588,23.2483,1.2036
000778.SZ,2017-09-30,252.2236,230.2379,33.5113,1.2945
000778.SZ,2017-08-31,273.3753,249.5459,36.3216,1.4031
000778.SZ,2017-07-31,266.9899,243.7171,42.2649,1.3959
000778.SZ,2017-06-30,267.389,244.0814,42.328,1.3893
000778.SZ,2017-05-31,280.1598,255.7329,44.3497,1.4556
000778.SZ,2017-04-30,280.5589,256.0972,44.4129,1.4644
000778.SZ,2017-03-31,198.1959,198.1748,37.1592,1.1583
000778.SZ,2017-02-28,206.2112,206.1892,38.6619,1.2052
000778.SZ,2017-01-31,184.7157,184.696,34.6318,1.0795
000778.SZ,2016-12-31,188.359,188.3414,35.3149,1.1008
000778.SZ,2016-11-30,188.7233,188.7057,35.3832,1.103
000778.SZ,2016-10-31,181.0724,181.0555,33.9487,1.0583
000778.SZ,2016-09-30,172.6928,172.6766,39.3119,1.0118
000778.SZ,2016-08-31,179.6151,179.5983,40.8877,1.0524
000778.SZ,2016-07-31,171.5998,171.5837,28.956,1.0145
000778.SZ,2016-06-30,169.0495,169.0337,28.5257,0.993
000778.SZ,2016-05-31,183.987,183.9682,31.0463,1.0807
000778.SZ,2016-04-30,185.4443,185.4254,31.2922,1.0893
000778.SZ,2016-03-31,196.7386,196.7184,42.9801,1.1775
000778.SZ,2016-02-29,175.2431,175.2251,38.2841,1.0488
000778.SZ,2016-01-31,171.5998,171.5822,37.4882,1.027
000793.SZ,2020-12-31,50.9298,50.0057,-51.5725,1.026
000793.SZ,2020-11-30,57.7204,56.6731,-58.4488,1.1628
000793.SZ,2020-10-31,56.7218,55.1715,-57.4376,1.1427
000793.SZ,2020-09-30,65.3099,63.525,-61.0194,1.2892
000793.SZ,2020-08-31,66.708,64.8848,-62.3257,1.3168
000793.SZ,2020-07-31,75.2962,73.2383,3301.3408,1.4501
000793.SZ,2020-06-30,82.2865,80.0376,3607.8315,1.5847
000793.SZ,2020-05-31,63.113,61.388,2767.1716,1.2155
000793.SZ,2020-04-30,59.9174,58.2798,2627.0618,1.1539
000793.SZ,2020-03-31,63.9119,62.1651,-1.2883,1.3076
000793.SZ,2020-02-29,60.7163,59.0568,-1.2239,1.2423
000793.SZ,2020-01-31,66.9077,65.0791,-1.3487,1.3689
000793.SZ,2019-12-31,67.3072,65.4676,-1.3568,1.3771
000793.SZ,2019-11-30,57.9201,56.2304,-1.1675,1.1851
000793.SZ,2019-10-31,60.7163,58.945,-1.2239,1.2423
000793.SZ,2019-09-30,57.7204,56.0365,-1.1493,1.1812
000793.SZ,2019-08-31,62.7135,60.8839,-1.2487,1.2834
000793.SZ,2019-07-31,62.5138,60.69,-1.255,1.3048
000793.SZ,2019-06-30,67.1074,65.1497,-1.3472,1.4007
000793.SZ,2019-05-31,70.303,68.2521,-1.4114,1.4674
000793.SZ,2019-04-30,80.6887,78.3347,-1.6199,1.6841
000793.SZ,2019-03-31,93.8705,91.132,-70.8485,0.9616
000793.SZ,2019-02-28,76.894,74.6507,-58.0354,0.7877
000793.SZ,2019-01-31,52.927,51.3829,-39.9465,0.5422
000793.SZ,2018-12-31,59.3182,57.0355,-44.7702,0.6077
000793.SZ,2018-11-30,68.7052,65.9646,-51.855,0.7038
000793.SZ,2018-10-31,55.2357,53.0069,-41.689,0.5658
000793.SZ,2018-09-30,70.4456,67.6029,-12991.0332,0.7169
000793.SZ,2018-08-31,65.4423,62.8016,-15997.5723,0.6638
000793.SZ,2018-07-31,80.6522,77.3977,29.5148,0.8191
000793.SZ,2018-06-30,168.1088,161.3252,61.5196,1.7021
000793.SZ,2018-05-31,168.1088,161.3252,61.5196,1.7021
000793.SZ,2018-04-30,168.1088,158.9044,61.5196,1.7021
000793.SZ,2018-03-31,168.1088,158.9044,27.539,1.7074
000793.SZ,2018-02-28,168.1088,158.9044,27.539,1.7074
000793.SZ,2018-01-31,168.1088,158.9044,27.539,1.7074
000793.SZ,2017-12-31,200.3296,187.4645,32.8173,2.0346
000793.SZ,2017-11-30,208.735,192.0721,34.1943,2.12
000793.SZ,2017-10-31,205.1327,188.7574,33.6042,2.0834
000793.SZ,2017-09-30,201.7305,185.6267,22.1736,2.0662
000793.SZ,2017-08-31,216.8668,197.965,24.2156,2.2212
000793.SZ,2017-07-31,211.0165,192.6246,29.7771,2.2156
000793.SZ,2017-06-30,204.1574,186.3634,28.8092,2.1435
000793.SZ,2017-05-31,209.2009,190.9672,29.5209,2.1965
000793.SZ,2017-04-30,220.9016,201.6481,31.172,2.3193
000793.SZ,2017-03-31,218.8842,198.2835,21.7141,2.3614
000793.SZ,2017-02-28,228.5676,207.0555,22.6747,2.4659
000793.SZ,2017-01-31,216.2616,195.9077,21.454,2.3331
000793.SZ,2016-12-31,227.7606,206.3245,22.5947,2.4572
000793.SZ,2016-11-30,226.1467,204.8625,22.4346,2.4398
000793.SZ,2016-10-31,228.1641,206.69,22.3832,2.4615
000793.SZ,2016-09-30,213.4373,193.3492,28.2758,2.3656
000793.SZ,2016-08-31,240.47,217.8377,31.857,2.6652
000793.SZ,2016-07-31,195.281,176.9018,25.8704,2.1643
000793.SZ,2016-06-30,199.3158,180.5568,21.3895,2.2309
000793.SZ,2016-05-31,204.0973,181.836,22.1722,2.2844
000793.SZ,2016-04-30,187.6874,167.216,20.3895,2.1008
000793.SZ,2016-03-31,187.2772,166.8505,22.6584,2.1225
000793.SZ,2016-02-29,163.0727,139.3445,23.7035,1.9672
000793.SZ,2016-01-31,176.4057,150.7375,25.6415,2.128
000825.SZ,2020-12-31,205.6345,204.365,15.3129,0.6383
000825.SZ,2020-11-30,213.6093,213.6066,15.9067,0.663
000825.SZ,2020-10-31,199.3687,199.3662,14.8463,0.6188
000825.SZ,2020-09-30,209.0523,209.0497,13.5452,0.6545
000825.SZ,2020-08-31,208.4827,208.48,13.5083,0.6527
000825.SZ,2020-07-31,202.2168,202.2143,10.5125,0.6424
000825.SZ,2020-06-30,189.1154,189.113,9.8314,0.6008
000825.SZ,2020-05-31,187.4066,187.4003,9.7426,0.5954
000825.SZ,2020-04-30,186.8369,186.8307,9.713,0.583
000825.SZ,2020-03-31,184.5584,184.5523,6.68,0.5825
000825.SZ,2020-02-29,200.5079,200.5013,7.2573,0.6329
000825.SZ,2020-01-31,219.3055,219.2982,7.9377,0.6922
000825.SZ,2019-12-31,232.9765,232.9688,8.4325,0.7354
000825.SZ,2019-11-30,223.8625,223.8551,8.1026,0.7066
000825.SZ,2019-10-31,214.1789,214.1718,7.7521,0.676
000825.SZ,2019-09-30,218.7359,218.7286,6.6143,0.7051
000825.SZ,2019-08-31,213.6093,213.6022,6.4593,0.6885
000825.SZ,2019-07-31,228.9892,228.9815,5.9305,0.7583
000825.SZ,2019-06-30,231.8373,231.8302,6.0043,0.7678
000825.SZ,2019-05-31,240.3817,240.3743,6.2256,0.7813
000825.SZ,2019-04-30,259.1793,259.1714,6.7124,0.8424
000825.SZ,2019-03-31,291.6479,291.639,4.4697,0.9861
000825.SZ,2019-02-28,292.2175,292.2086,4.4785,0.988
000825.SZ,2019-01-31,252.9134,252.9057,3.8761,0.8552
000825.SZ,2018-12-31,235.8247,235.8175,3.6142,0.7974
000825.SZ,2018-11-30,261.4578,261.4498,4.007,0.884
000825.SZ,2018-10-31,281.9643,281.9557,4.3213,0.9534
000825.SZ,2018-09-30,324.1165,324.1066,4.8248,1.1443
000825.SZ,2018-08-31,328.1039,328.0939,4.8842,1.1584
000825.SZ,2018-07-31,328.1039,328.0939,5.6954,1.2163
000825.SZ,2018-06-30,341.7749,124.7737,5.9327,1.2052
000825.SZ,2018-05-31,341.7749,124.7737,5.9327,1.2052
000825.SZ,2018-04-30,341.7749,124.7737,5.9327,1.2052
000825.SZ,2018-03-31,326.9646,119.3669,13.2853,1.335
000825.SZ,2018-02-28,407.2817,148.6887,16.5487,1.6629
000825.SZ,2018-01-31,361.7117,132.0522,14.6971,1.4769
000825.SZ,2017-12-31,282.5339,282.5253,11.48,1.1536
000825.SZ,2017-11-30,298.4834,298.4743,12.128,1.2187
000825.SZ,2017-10-31,291.0783,291.0694,11.8271,1.1885
000825.SZ,2017-09-30,287.6605,287.6517,18.1595,1.2478
000825.SZ,2017-08-31,312.724,312.7145,19.7417,1.3566
000825.SZ,2017-07-31,281.9643,281.9557,14.019,1.2448
000825.SZ,2017-06-30,247.7868,247.7792,12.3197,1.0939
000825.SZ,2017-05-31,230.1284,230.1214,11.4418,1.0109
000825.SZ,2017-04-30,250.6349,250.6273,12.4613,1.101
000825.SZ,2017-03-31,287.0909,287.0821,-13.6541,1.2972
000825.SZ,2017-02-28,288.2301,288.2213,-13.7083,1.3024
000825.SZ,2017-01-31,293.9264,293.9174,-13.9792,1.3281
000825.SZ,2016-12-31,224.4322,224.4253,-10.6741,1.0141
000825.SZ,2016-11-30,239.2424,239.2351,-11.3785,1.081
000825.SZ,2016-10-31,225.5714,225.5645,-10.7283,1.0193
000825.SZ,2016-09-30,201.0775,201.0714,-5.7885,0.9314
000825.SZ,2016-08-31,208.4827,208.4763,-6.0016,0.9657
000825.SZ,2016-07-31,195.3813,195.3753,-4.5723,0.9422
000825.SZ,2016-06-30,180.0014,179.9959,-4.2123,0.868
000825.SZ,2016-05-31,181.1407,181.1352,-4.239,0.8735
000825.SZ,2016-04-30,193.6724,193.6665,-4.5323,0.9339
000825.SZ,2016-03-31,193.6724,193.6665,-22.0952,0.7993
000825.SZ,2016-02-29,181.1407,181.1352,-20.6655,0.7476
000825.SZ,2016-01-31,195.3813,195.3753,-22.2901,0.8064
000826.SZ,2020-12-31,96.7071,96.4148,64.8249,0.7053
000826.SZ,2020-11-30,106.292,105.9707,71.2499,0.7752
000826.SZ,2020-10-31,104.7184,104.4019,70.1951,0.7638
000826.SZ,2020-09-30,111.5851,111.2479,57.4565,0.8166
000826.SZ,2020-08-31,127.6076,127.2219,65.7066,0.9339
000826.SZ,2020-07-31,117.3075,97.6509,43.5682,0.864
000826.SZ,2020-06-30,106.1489,88.3622,39.4239,0.7818
000826.SZ,2020-05-31,104.5753,87.0522,38.8395,0.7702
000826.SZ,2020-04-30,115.7338,96.341,42.9838,0.8524
000826.SZ,2020-03-31,115.5908,96.2219,49.2735,0.8724
000826.SZ,2020-02-29,141.1981,117.5384,60.1892,1.0656
000826.SZ,2020-01-31,125.7479,104.677,53.6032,0.949
000826.SZ,2019-12-31,131.3271,109.3214,55.9815,0.9911
000826.SZ,2019-11-30,122.4575,101.8976,52.2006,0.9242
000826.SZ,2019-10-31,124.0312,103.207,52.8714,0.9361
000826.SZ,2019-09-30,135.0466,112.373,35.3048,0.9201
000826.SZ,2019-08-31,134.1883,111.6588,35.0804,0.9143
000826.SZ,2019-07-31,149.6385,124.515,28.4537,1.0308
000826.SZ,2019-06-30,168.6652,139.7889,32.0716,1.291
000826.SZ,2019-05-31,140.1967,116.1943,26.6584,1.0731
000826.SZ,2019-04-30,160.7971,133.2678,30.5755,1.2308
000826.SZ,2019-03-31,221.5967,183.6581,17.4707,1.6804
000826.SZ,2019-02-28,168.8083,139.9074,13.3089,1.2801
000826.SZ,2019-01-31,131.6132,109.0804,10.3764,0.998
000826.SZ,2018-12-31,148.6371,123.397,11.7186,1.1271
000826.SZ,2018-11-30,155.2178,128.8602,12.2374,1.0224
000826.SZ,2018-10-31,155.9331,129.454,12.2938,1.0271
000826.SZ,2018-09-30,193.1281,160.333,14.145,1.2928
000826.SZ,2018-08-31,195.5601,162.352,14.3232,1.3091
000826.SZ,2018-07-31,247.7762,205.7012,18.4641,1.6935
000826.SZ,2018-06-30,250.0652,207.6015,18.6346,1.7091
000826.SZ,2018-05-31,288.1186,239.193,21.4703,1.9692
000826.SZ,2018-04-30,299.6041,248.722,22.3262,2.2965
000826.SZ,2018-03-31,290.714,241.3418,24.3052,2.3398
000826.SZ,2018-02-28,298.5822,247.8737,24.9631,2.4032
000826.SZ,2018-01-31,310.0269,257.3747,25.9199,2.4953
000826.SZ,2017-12-31,337.4122,279.5725,28.2094,2.7157
000826.SZ,2017-11-30,354.8857,294.0507,29.6703,2.8563
000826.SZ,2017-10-31,383.0886,317.419,32.0282,3.0833
000826.SZ,2017-09-30,367.3522,304.3801,32.3558,2.6093
000826.SZ,2017-08-31,346.3023,286.9386,30.5017,2.4598
000826.SZ,2017-07-31,278.4156,275.9362,25.3958,3.012
000826.SZ,2017-06-30,300.0293,297.3575,27.3673,3.2458
000826.SZ,2017-05-31,287.8983,285.4625,26.2608,3.1145
000826.SZ,2017-04-30,315.9192,313.2464,28.8167,3.3556
000826.SZ,2017-03-31,293.0241,290.545,28.4478,3.9552
000826.SZ,2017-02-28,295.587,293.0862,28.6966,3.9898
000826.SZ,2017-01-31,291.4009,288.9355,28.2902,3.9333
000826.SZ,2016-12-31,281.7473,279.3636,27.353,3.803
000826.SZ,2016-11-30,283.7977,281.3966,27.552,3.8307
000826.SZ,2016-10-31,297.1247,294.6109,28.8459,4.0106
000826.SZ,2016-09-30,283.5414,281.1425,28.632,3.9778
000826.SZ,2016-08-31,290.8883,288.4273,29.3739,4.0809
000826.SZ,2016-07-31,260.5608,258.3563,27.0267,3.6237
000826.SZ,2016-06-30,260.9879,258.7798,27.071,3.6296
000826.SZ,2016-05-31,257.4853,255.3069,26.7077,3.5182
000826.SZ,2016-04-30,264.8814,263.3835,27.4749,3.8099
000826.SZ,2016-03-31,275.5478,273.9895,30.3305,4.7562
000826.SZ,2016-02-29,236.5224,235.1849,26.0348,4.0826
000826.SZ,2016-01-31,237.9615,236.6158,26.1933,4.1074
000800.SZ,2020-12-31,538.409,89.2955,18.1268,2.1925
000800.SZ,2020-11-30,591.4202,98.0874,19.9116,2.4084
000800.SZ,2020-10-31,570.2157,94.5707,19.1977,2.3221
000800.SZ,2020-09-30,556.8477,92.3536,25.3927,2.3168
000800.SZ,2020-08-31,650.4239,107.8733,29.6598,2.7061
000800.SZ,2020-07-31,622.3049,103.2097,316.33,1.49
000800.SZ,2020-06-30,495.0782,82.1091,251.6581,1.1854
000800.SZ,2020-05-31,464.1934,76.9868,235.9587,1.1114
000800.SZ,2020-04-30,459.5837,76.2223,233.6155,1.6432
000800.SZ,2020-03-31,141.918,123.105,268.9369,1.7635
000800.SZ,2020-02-29,146.475,127.0579,-73.8323,1.8937
000800.SZ,2020-01-31,157.542,136.6578,-79.4107,2.0367
000800.SZ,2019-12-31,162.2618,140.7519,-81.7897,2.0978
000800.SZ,2019-11-30,171.0503,148.3754,-86.2197,2.2114
000800.SZ,2019-10-31,134.5943,116.7521,-67.8437,1.7401
000800.SZ,2019-09-30,135.0825,117.1756,102.2656,1.6863
000800.SZ,2019-08-31,148.2653,128.6108,177.0322,1.8378
000800.SZ,2019-07-31,146.9633,127.4814,103.98,1.8217
000800.SZ,2019-06-30,160.146,138.9166,113.3071,1.9732
000800.SZ,2019-05-31,151.683,131.5755,107.3193,1.8689
000800.SZ,2019-04-30,170.7248,148.093,120.7918,2.1035
000800.SZ,2019-03-31,137.361,119.152,88.6072,1.701
000800.SZ,2019-02-28,136.71,118.5873,109.2561,1.6944
000800.SZ,2019-01-31,109.0425,94.5875,87.1448,1.3515
000800.SZ,2018-12-31,107.7405,93.4581,86.1043,1.3353
000800.SZ,2018-11-30,118.3193,102.6345,94.5586,1.4664
000800.SZ,2018-10-31,105.9503,91.9052,84.6735,1.3131
000800.SZ,2018-09-30,107.2523,93.0346,116.9696,1.3391
000800.SZ,2018-08-31,110.67,95.9993,120.697,1.3818
000800.SZ,2018-07-31,121.8998,105.7404,70.9834,1.5276
000800.SZ,2018-06-30,121.737,105.5992,70.8886,1.5194
000800.SZ,2018-05-31,144.6848,125.5049,84.2513,1.8058
000800.SZ,2018-04-30,152.0085,131.8578,88.516,1.8972
000800.SZ,2018-03-31,166.005,143.9989,59.0268,2.0812
000800.SZ,2018-02-28,172.1895,149.3636,327.1219,2.1551
000800.SZ,2018-01-31,199.5315,173.081,379.0657,2.4973
000800.SZ,2017-12-31,175.119,151.9047,332.6873,2.1918
000800.SZ,2017-11-30,172.515,149.6459,327.7403,2.1592
000800.SZ,2017-10-31,196.1138,170.1164,372.5727,2.4545
000800.SZ,2017-09-30,223.944,194.2574,157.493,2.811
000800.SZ,2017-08-31,166.005,143.9989,116.7463,2.0838
000800.SZ,2017-07-31,160.146,138.9166,-43.3468,2.0389
000800.SZ,2017-06-30,165.5168,143.5754,-44.8005,2.1073
000800.SZ,2017-05-31,156.7283,135.9519,-42.4217,1.9954
000800.SZ,2017-04-30,175.77,152.4694,-47.5757,2.2379
000800.SZ,2017-03-31,191.394,166.0223,-27.9471,2.4143
000800.SZ,2017-02-28,189.9293,164.7517,-27.7332,2.3958
000800.SZ,2017-01-31,178.2113,154.5871,-26.0221,2.248
000800.SZ,2016-12-31,176.9093,153.4577,-25.832,2.2316
000800.SZ,2016-11-30,193.347,167.7164,-28.2322,2.4389
000800.SZ,2016-10-31,185.0468,160.5164,-27.0202,2.3342
000800.SZ,2016-09-30,170.3993,147.8107,-18.1796,2.1807
000800.SZ,2016-08-31,169.26,146.8224,-18.058,2.1661
000800.SZ,2016-07-31,172.0268,149.2224,-33.8727,2.094
000800.SZ,2016-06-30,177.072,153.5988,-34.8661,2.1372
000800.SZ,2016-05-31,215.9693,187.3398,-42.5251,2.6067
000800.SZ,2016-04-30,204.9023,177.7398,-40.346,2.4731
000800.SZ,2016-03-31,229.3148,198.9161,-309.8942,2.6185
000800.SZ,2016-02-29,198.2295,171.9516,-267.8858,2.2636
000800.SZ,2016-01-31,203.763,176.7516,-275.3637,2.3267
000858.SZ,2020-12-31,11328.473,11078.0022,58.3819,14.1083
000858.SZ,2020-11-30,9859.2843,9641.3603,50.8104,12.2786
000858.SZ,2020-10-31,9484.7092,9275.0645,48.88,11.8121
000858.SZ,2020-09-30,8578.3537,8388.7426,45.3355,11.1979
000858.SZ,2020-08-31,9315.8592,9109.9467,49.2332,12.1607
000858.SZ,2020-07-31,8442.4974,8255.8892,45.3134,11.4934
000858.SZ,2020-06-30,6642.2076,6495.392,35.6507,9.0425
000858.SZ,2020-05-31,5752.5431,5625.3133,30.8756,7.0157
000858.SZ,2020-04-30,5270.0592,5153.5006,28.286,6.4273
000858.SZ,2020-03-31,4471.6124,4372.7132,27.2106,6.4403
000858.SZ,2020-02-29,4681.2193,4577.6841,28.486,6.7422
000858.SZ,2020-01-31,4897.0367,4788.7283,29.7993,7.053
000858.SZ,2019-12-31,5162.9268,5048.7377,31.4173,7.4359
000858.SZ,2019-11-30,4950.991,4841.5058,30.1277,7.1307
000858.SZ,2019-10-31,5126.8279,5013.4542,31.1977,7.3839
000858.SZ,2019-09-30,5038.3272,4926.9107,32.277,7.608
000858.SZ,2019-08-31,5492.4753,5371.0158,35.1865,8.2938
000858.SZ,2019-07-31,4685.489,4581.8751,31.4708,7.3946
000858.SZ,2019-06-30,4578.3566,4477.1088,30.7513,7.2255
000858.SZ,2019-05-31,3930.1281,3843.2155,26.3973,5.6175
000858.SZ,2019-04-30,3973.214,3885.3486,26.6867,5.6791
000858.SZ,2019-03-31,3687.5276,3605.98,27.5513,5.8083
000858.SZ,2019-02-28,2775.3497,2713.9744,22.7425,4.6568
000858.SZ,2019-01-31,2340.6096,2288.8484,19.18,3.9274
000858.SZ,2018-12-31,1974.9622,1931.2882,16.1837,3.3138
000858.SZ,2018-11-30,2033.5744,1988.6044,16.664,3.4122
000858.SZ,2018-10-31,1868.9943,1827.6637,15.3154,3.136
000858.SZ,2018-09-30,2637.5526,2579.2263,22.3285,4.61
000858.SZ,2018-08-31,2402.7154,2349.5822,20.3405,4.1996
000858.SZ,2018-07-31,2800.5802,2738.6487,25.3409,5.0853
000858.SZ,2018-06-30,2950.0221,2884.7859,26.6931,4.9071
000858.SZ,2018-05-31,3065.694,2997.8999,27.7398,5.0995
000858.SZ,2018-04-30,2638.7171,2580.3651,23.8763,4.3892
000858.SZ,2018-03-31,2519.0035,2518.8736,29.1282,4.9758
000858.SZ,2018-02-28,2819.6441,2819.4986,32.6046,5.5697
000858.SZ,2018-01-31,3203.0367,3202.8715,37.038,6.327
000858.SZ,2017-12-31,3032.2182,3032.0458,35.0627,5.9896
000858.SZ,2017-11-30,2490.1542,2490.0126,28.7946,4.9188
000858.SZ,2017-10-31,2528.873,2528.7293,29.2423,4.9953
000858.SZ,2017-09-30,2174.3297,2174.2061,27.6308,4.471
000858.SZ,2017-08-31,2106.3819,2106.2622,26.7673,4.3313
000858.SZ,2017-07-31,2116.631,2116.5107,28.3179,4.4793
000858.SZ,2017-06-30,2112.8351,2112.715,28.2671,4.4713
000858.SZ,2017-05-31,1817.5089,1817.4079,24.316,3.8463
000858.SZ,2017-04-30,1727.1649,1727.0689,23.1073,3.4087
000858.SZ,2017-03-31,1632.2657,1632.175,24.0586,3.4672
000858.SZ,2017-02-28,1501.6844,1501.601,22.4991,3.3081
000858.SZ,2017-01-31,1404.5077,1404.4297,21.0432,3.0941
000858.SZ,2016-12-31,1308.8493,1308.7766,19.61,2.8833
000858.SZ,2016-11-30,1363.8908,1363.8151,20.4346,3.0046
000858.SZ,2016-10-31,1327.8292,1327.7554,19.8943,2.9252
000858.SZ,2016-09-30,1266.3345,1266.2642,18.7178,2.8664
000858.SZ,2016-08-31,1325.172,1325.0984,19.5875,2.9996
000858.SZ,2016-07-31,1373.0012,1372.9249,19.961,3.1786
000858.SZ,2016-06-30,1234.828,1234.7594,17.9522,2.6709
000858.SZ,2016-05-31,1139.9288,1139.8433,16.5725,2.4657
000858.SZ,2016-04-30,1078.0545,1077.9737,15.673,2.3318
000858.SZ,2016-03-31,1067.0462,1066.9662,17.277,2.4627
000858.SZ,2016-02-29,852.5741,852.5102,14.8775,2.0418
000858.SZ,2016-01-31,898.1257,898.0584,15.6723,2.1509
000831.SZ,2020-12-31,133.6952,133.6952,84.0833,5.7658
000831.SZ,2020-11-30,142.9155,142.9148,89.8822,6.1635
000831.SZ,2020-10-31,116.0392,116.0385,72.9791,5.0044
000831.SZ,2020-09-30,122.513,122.5124,62.3096,5.1442
000831.SZ,2020-08-31,140.0709,140.0702,71.2395,5.8814
000831.SZ,2020-07-31,145.9563,145.9555,170.7172,6.5308
000831.SZ,2020-06-30,112.0175,112.0169,131.0209,5.0122
000831.SZ,2020-05-31,124.3767,124.3767,145.4767,5.5652
000831.SZ,2020-04-30,98.2851,98.2851,114.9588,4.3977
000831.SZ,2020-03-31,97.9908,97.9908,117.5887,4.4802
000831.SZ,2020-02-29,100.9335,100.9335,121.1199,4.6147
000831.SZ,2020-01-31,112.1156,112.1156,134.5384,5.126
000831.SZ,2019-12-31,127.1232,127.1232,152.5475,5.8121
000831.SZ,2019-11-30,112.9003,112.9003,135.48,5.1618
000831.SZ,2019-10-31,109.0749,109.0749,130.8895,4.9869
000831.SZ,2019-09-30,127.6137,127.6137,155.2776,5.8735
000831.SZ,2019-08-31,143.9945,143.9945,175.2094,6.6275
000831.SZ,2019-07-31,127.5156,127.5156,146.6512,5.9693
000831.SZ,2019-06-30,159.1983,159.1983,183.0884,7.4524
000831.SZ,2019-05-31,160.8658,160.8658,185.0062,7.5305
000831.SZ,2019-04-30,108.9768,108.9768,125.3304,5.1015
000831.SZ,2019-03-31,128.8888,128.8888,175.3301,6.1326
000831.SZ,2019-02-28,97.108,97.108,132.098,4.6205
000831.SZ,2019-01-31,82.1985,82.1985,111.8163,3.9111
000831.SZ,2018-12-31,82.1004,82.1004,111.6829,3.9064
000831.SZ,2018-11-30,90.5361,90.5361,123.158,4.3078
000831.SZ,2018-10-31,96.8137,96.8137,131.6977,4.6065
000831.SZ,2018-09-30,95.1462,95.1462,131.9953,4.5511
000831.SZ,2018-08-31,95.5386,95.5386,132.5396,4.5698
000831.SZ,2018-07-31,105.2494,105.2494,213.1872,5.132
000831.SZ,2018-06-30,114.1755,114.1755,231.2674,5.5673
000831.SZ,2018-05-31,105.6417,105.6417,213.982,5.1512
000831.SZ,2018-04-30,113.0965,113.0965,229.0819,5.5147
000831.SZ,2018-03-31,115.4506,115.4506,117.0374,5.6959
000831.SZ,2018-02-28,105.1513,105.1513,106.5965,5.1878
000831.SZ,2018-01-31,111.9194,111.9194,113.4577,5.5217
000831.SZ,2017-12-31,121.4341,121.4328,123.1031,5.9911
000831.SZ,2017-11-30,120.4532,120.4519,122.1087,5.9427
000831.SZ,2017-10-31,128.2022,128.2009,129.9642,6.325
000831.SZ,2017-09-30,145.0735,145.072,178.9178,7.1934
000831.SZ,2017-08-31,147.82,147.8184,182.305,7.3296
000831.SZ,2017-07-31,168.5167,168.515,397.5518,8.4284
000831.SZ,2017-06-30,107.7997,107.7986,254.3129,5.3916
000831.SZ,2017-05-31,105.2494,105.2486,248.2964,5.2641
000831.SZ,2017-04-30,119.0799,119.079,280.9243,5.9558
000831.SZ,2017-03-31,129.085,129.084,-35.0145,6.2997
000831.SZ,2017-02-28,123.6901,123.6891,-33.5511,6.0364
000831.SZ,2017-01-31,117.4124,117.4115,-31.8483,5.73
000831.SZ,2016-12-31,119.0799,119.079,-32.3006,5.8114
000831.SZ,2016-11-30,116.2353,116.2344,-31.529,5.6726
000831.SZ,2016-10-31,115.9411,115.9402,-31.4492,5.6582
000831.SZ,2016-09-30,110.35,110.3491,-25.3473,5.361
000831.SZ,2016-08-31,117.0201,117.0191,-26.8794,5.685
000831.SZ,2016-07-31,115.843,115.8421,-27.8305,5.5729
000831.SZ,2016-06-30,129.2812,129.2802,-31.0589,6.2194
000831.SZ,2016-05-31,157.1384,157.1372,-37.7514,7.5595
000831.SZ,2016-04-30,141.6404,141.6393,-34.0281,6.8139
000831.SZ,2016-03-31,171.9498,171.9485,-138.2813,7.1132
000831.SZ,2016-02-29,155.1766,155.1754,-124.7923,6.4193
000831.SZ,2016-01-31,144.6811,109.9838,-116.3519,5.9851
000883.SZ,2020-12-31,252.489,252.3892,10.2231,0.8691
000883.SZ,2020-11-30,265.5039,265.3826,10.7501,0.9139
000883.SZ,2020-10-31,257.695,257.5772,10.4339,0.8871
000883.SZ,2020-09-30,241.4264,241.316,13.899,0.8668
000883.SZ,2020-08-31,253.7905,253.6745,14.6108,0.9112
000883.SZ,2020-07-31,245.3308,245.2187,15.818,0.9043
000883.SZ,2020-06-30,229.0622,228.9575,14.7691,0.8246
000883.SZ,2020-05-31,230.3637,230.2594,14.853,0.8293
000883.SZ,2020-04-30,242.0771,241.9675,15.6083,0.8714
000883.SZ,2020-03-31,230.3637,230.2594,14.5273,0.844
000883.SZ,2020-02-29,238.8234,238.7152,15.0608,0.875
000883.SZ,2020-01-31,249.2353,249.1224,15.7174,0.9131
000883.SZ,2019-12-31,271.3606,271.2377,17.1127,0.9942
000883.SZ,2019-11-30,268.7577,268.6356,16.9485,0.9846
000883.SZ,2019-10-31,264.8532,264.7329,16.7023,0.9703
000883.SZ,2019-09-30,264.8532,264.7329,18.7733,1.0182
000883.SZ,2019-08-31,262.2502,262.1311,18.5887,1.0082
000883.SZ,2019-07-31,273.3129,273.1887,18.2423,1.0507
000883.SZ,2019-06-30,282.4233,282.2966,18.8504,1.0575
000883.SZ,2019-05-31,265.5039,265.3848,17.7211,0.9941
000883.SZ,2019-04-30,260.9487,260.8316,17.4171,0.9771
000883.SZ,2019-03-31,272.6621,272.5398,15.5406,1.0394
000883.SZ,2019-02-28,266.1547,266.0352,15.1697,1.0146
000883.SZ,2019-01-31,241.4264,241.318,12.8671,0.9208
000883.SZ,2018-12-31,238.8234,196.1919,12.7284,0.9109
000883.SZ,2018-11-30,234.9189,192.9844,12.5203,0.896
000883.SZ,2018-10-31,236.8712,194.5882,12.6243,0.9034
000883.SZ,2018-09-30,262.2502,215.4369,11.6952,1.0183
000883.SZ,2018-08-31,264.2024,217.0407,11.7823,1.0258
000883.SZ,2018-07-31,279.8203,229.8707,11.4416,1.1022
000883.SZ,2018-06-30,267.4562,219.7136,10.9361,1.0272
000883.SZ,2018-05-31,281.1218,230.9398,11.4949,1.0797
000883.SZ,2018-04-30,277.8681,228.2669,11.3618,1.0672
000883.SZ,2018-03-31,282.4233,232.009,13.3458,1.1127
000883.SZ,2018-02-28,296.089,243.2352,13.9915,1.1666
000883.SZ,2018-01-31,304.5486,250.1848,14.3913,1.1999
000883.SZ,2017-12-31,301.2949,247.51,14.2375,1.1871
000883.SZ,2017-11-30,302.5964,248.5791,14.299,1.1922
000883.SZ,2017-10-31,320.8173,263.5474,15.1601,1.264
000883.SZ,2017-09-30,324.071,266.2202,16.5284,1.3155
000883.SZ,2017-08-31,328.6262,269.9623,16.7607,1.334
000883.SZ,2017-07-31,324.7217,266.7548,16.6339,1.3726
000883.SZ,2017-06-30,326.674,268.3586,16.7339,1.3471
000883.SZ,2017-05-31,315.6113,259.2705,16.1672,1.3015
000883.SZ,2017-04-30,314.9606,258.7359,16.1339,1.2988
000883.SZ,2017-03-31,319.5158,262.478,19.678,1.3877
000883.SZ,2017-02-28,314.3098,258.2013,19.3574,1.3651
000883.SZ,2017-01-31,301.9457,248.0443,18.5959,1.3114
000883.SZ,2016-12-31,298.0412,244.8464,18.3554,1.2944
000883.SZ,2016-11-30,321.468,264.092,19.7982,1.3962
000883.SZ,2016-10-31,308.4531,253.4,18.9967,1.3397
000883.SZ,2016-09-30,300.6442,246.9848,20.2473,1.3403
000883.SZ,2016-08-31,311.0561,255.5384,20.9485,1.3867
000883.SZ,2016-07-31,305.1994,250.727,20.4987,1.3806
000883.SZ,2016-06-30,301.2949,247.5194,20.2364,1.363
000883.SZ,2016-05-31,307.8024,252.8691,20.6735,1.3924
000883.SZ,2016-04-30,289.5815,237.9001,19.4497,1.31
000883.SZ,2016-03-31,306.5009,251.7999,18.4184,1.4083
000883.SZ,2016-02-29,270.0592,221.8619,16.2285,1.2409
000883.SZ,2016-01-31,279.1696,229.3464,16.776,1.2828
000876.SZ,2020-12-31,1009.2994,968.7271,14.3041,2.7863
000876.SZ,2020-11-30,1169.9859,1123.0333,16.5838,3.2304
000876.SZ,2020-10-31,1210.9827,1162.3849,17.1649,3.438
000876.SZ,2020-09-30,1198.8417,1197.8344,17.9441,3.8786
000876.SZ,2020-08-31,1635.5224,1634.229,24.6165,5.3208
000876.SZ,2020-07-31,1371.0481,1369.1301,22.8414,4.9163
000876.SZ,2020-06-30,1256.3725,1254.6149,20.9309,4.5051
000876.SZ,2020-05-31,1181.3274,1180.1278,19.6807,4.2645
000876.SZ,2020-04-30,1387.0689,1385.6604,23.1083,5.0072
000876.SZ,2020-03-31,1325.0935,1323.7479,39.8464,5.5044
000876.SZ,2020-02-29,1020.2756,1019.2396,30.6804,4.2382
000876.SZ,2020-01-31,764.7851,761.5094,22.9976,3.1769
000876.SZ,2019-12-31,841.095,837.4925,25.2923,3.4939
000876.SZ,2019-11-30,867.2343,863.8451,26.0783,3.6025
000876.SZ,2019-10-31,930.0529,926.4182,27.9673,3.8634
000876.SZ,2019-09-30,723.8898,721.0608,29.9071,3.2065
000876.SZ,2019-08-31,822.5445,819.33,33.983,3.6435
000876.SZ,2019-07-31,815.7989,812.6107,46.1599,3.7555
000876.SZ,2019-06-30,732.3218,730.0871,41.4366,3.3712
000876.SZ,2019-05-31,868.4991,865.8489,49.1418,3.9754
000876.SZ,2019-04-30,729.7922,727.5652,41.2934,3.3405
000876.SZ,2019-03-31,560.73,559.0189,31.306,2.6271
000876.SZ,2019-02-28,446.8976,442.595,24.9506,2.0938
000876.SZ,2019-01-31,335.1732,331.9463,18.713,1.5703
000876.SZ,2018-12-31,306.9259,303.9709,17.1359,1.438
000876.SZ,2018-11-30,297.6507,294.785,16.6181,1.3945
000876.SZ,2018-10-31,250.8529,248.4378,14.0053,1.1753
000876.SZ,2018-09-30,258.4417,255.9535,12.955,1.2465
000876.SZ,2018-08-31,255.4905,253.0307,12.807,1.2322
000876.SZ,2018-07-31,274.8842,272.2377,12.2455,1.279
000876.SZ,2018-06-30,267.2954,264.8244,11.9074,1.2437
000876.SZ,2018-05-31,300.6019,297.823,13.3912,1.3987
000876.SZ,2018-04-30,302.7099,299.1124,13.4851,1.4085
000876.SZ,2018-03-31,306.9259,303.2783,13.3727,1.4894
000876.SZ,2018-02-28,319.1523,315.3594,13.9054,1.5488
000876.SZ,2018-01-31,350.7724,346.6038,15.2831,1.7022
000876.SZ,2017-12-31,314.0931,310.3604,13.685,1.5242
000876.SZ,2017-11-30,320.8387,317.0258,13.9789,1.5569
000876.SZ,2017-10-31,311.9851,308.2774,13.5931,1.514
000876.SZ,2017-09-30,310.7203,307.0276,14.3223,1.5639
000876.SZ,2017-08-31,318.3091,260.9818,14.6721,1.6021
000876.SZ,2017-07-31,350.3508,287.2528,14.3089,1.6273
000876.SZ,2017-06-30,346.5564,284.1418,14.1539,1.6097
000876.SZ,2017-05-31,337.2812,276.537,13.7751,1.5666
000876.SZ,2017-04-30,344.4484,282.4134,14.0678,1.5999
000876.SZ,2017-03-31,339.3892,278.2653,13.3123,1.6784
000876.SZ,2017-02-28,344.4484,282.4134,13.5107,1.7034
000876.SZ,2017-01-31,338.9676,277.9197,13.2958,1.6763
000876.SZ,2016-12-31,335.5429,278.2539,13.1614,1.6594
000876.SZ,2016-11-30,355.5504,294.8454,13.9462,1.7583
000876.SZ,2016-10-31,338.4606,280.6735,13.2759,1.6738
000876.SZ,2016-09-30,335.9597,278.5995,13.5271,1.719
000876.SZ,2016-08-31,349.2981,289.6605,14.0641,1.7873
000876.SZ,2016-07-31,350.1317,290.3518,14.8655,1.8686
000876.SZ,2016-06-30,346.7971,287.5866,14.7239,1.8509
000876.SZ,2016-05-31,358.6766,297.4418,15.2283,1.8039
000876.SZ,2016-04-30,347.2139,287.9361,14.7416,1.7462
000876.SZ,2016-03-31,335.1261,277.9119,15.0826,1.7819
000876.SZ,2016-02-29,395.7739,328.2057,17.8121,2.1044
000876.SZ,2016-01-31,395.7739,328.2057,17.8121,2.1044
000895.SZ,2020-12-31,1626.312,630.6132,25.2815,7.2454
000895.SZ,2020-11-30,1597.9018,619.5969,24.8398,7.1189
000895.SZ,2020-10-31,1732.3306,671.7226,26.9296,7.0239
000895.SZ,2020-09-30,1756.8961,711.0855,28.8161,11.1206
000895.SZ,2020-08-31,2107.7442,560.081,34.5706,13.3414
000895.SZ,2020-07-31,1813.3239,481.8461,32.2485,12.3882
000895.SZ,2020-06-30,1529.8572,406.5218,27.2072,10.4517
000895.SZ,2020-05-31,1313.108,348.9261,23.3525,7.3126
000895.SZ,2020-04-30,1341.3219,356.4232,23.8543,7.4697
000895.SZ,2020-03-31,1304.4779,346.6328,23.9899,7.9118
000895.SZ,2020-02-29,1128.5559,299.8859,21.6808,7.4297
000895.SZ,2020-01-31,971.222,258.0783,18.6582,6.3939
000895.SZ,2019-12-31,963.5876,256.0496,18.5116,6.3437
000895.SZ,2019-11-30,1028.6456,273.5037,19.7614,6.772
000895.SZ,2019-10-31,990.8057,263.4426,19.0345,6.5229
000895.SZ,2019-09-30,819.8627,217.991,16.6951,5.881
000895.SZ,2019-08-31,737.7812,737.6611,15.0237,5.4446
000895.SZ,2019-07-31,792.2239,792.0949,15.4433,6.3624
000895.SZ,2019-06-30,821.2601,821.1263,16.0093,6.5956
000895.SZ,2019-05-31,827.1993,827.0645,16.1251,6.6433
000895.SZ,2019-04-30,918.2671,918.1175,17.9003,7.3747
000895.SZ,2019-03-31,852.9358,852.7969,17.3555,6.5741
000895.SZ,2019-02-28,796.8433,796.7135,16.5302,6.8075
000895.SZ,2019-01-31,824.8896,824.7552,17.112,7.0471
000895.SZ,2018-12-31,778.3658,778.2397,16.1469,6.6496
000895.SZ,2018-11-30,755.5988,755.4764,15.6746,5.1489
000895.SZ,2018-10-31,743.7204,743.5999,15.4282,5.0679
000895.SZ,2018-09-30,862.8345,862.6947,17.9736,6.4393
000895.SZ,2018-08-31,768.7971,768.6725,16.0147,5.7375
000895.SZ,2018-07-31,832.4786,832.3437,18.4807,6.9018
000895.SZ,2018-06-30,871.4133,871.2721,19.3451,7.2246
000895.SZ,2018-05-31,966.7706,966.6139,21.462,8.0152
000895.SZ,2018-04-30,825.2195,825.0858,18.3196,6.8416
000895.SZ,2018-03-31,844.6869,844.55,19.5561,5.7788
000895.SZ,2018-02-28,894.5103,894.3653,20.9045,6.6591
000895.SZ,2018-01-31,920.2468,920.0977,21.506,6.8507
000895.SZ,2017-12-31,874.3829,874.2413,20.4342,6.5093
000895.SZ,2017-11-30,826.5394,826.4054,19.3161,6.1531
000895.SZ,2017-10-31,868.1138,867.9731,20.2876,6.4626
000895.SZ,2017-09-30,821.59,821.4569,19.7609,6.7438
000895.SZ,2017-08-31,740.4209,740.3009,17.8086,6.0776
000895.SZ,2017-07-31,699.1764,699.0631,16.6094,6.2796
000895.SZ,2017-06-30,783.6451,783.5181,18.616,7.0383
000895.SZ,2017-05-31,716.3341,716.218,17.017,6.4337
000895.SZ,2017-04-30,716.994,716.8778,17.0326,4.7504
000895.SZ,2017-03-31,744.0504,743.9298,16.8908,5.2388
000895.SZ,2017-02-28,708.4152,708.3004,16.0517,5.4247
000895.SZ,2017-01-31,706.1055,705.991,15.9994,5.407
000895.SZ,2016-12-31,690.5975,690.4856,15.648,5.2883
000895.SZ,2016-11-30,746.3601,746.2391,16.9115,5.7153
000895.SZ,2016-10-31,755.5988,755.4764,17.1208,5.786
000895.SZ,2016-09-30,778.3658,428.7365,17.6003,6.538
000895.SZ,2016-08-31,795.179,437.8237,17.9733,5.3441
000895.SZ,2016-07-31,810.363,446.184,18.3802,5.883
000895.SZ,2016-06-30,689.2212,379.4836,15.6325,5.0035
000895.SZ,2016-05-31,708.0361,389.8349,16.0593,5.1401
000895.SZ,2016-04-30,679.6487,374.2051,15.4154,4.934
000895.SZ,2016-03-31,696.8132,383.6557,16.3743,4.1496
000895.SZ,2016-02-29,574.6811,316.4114,14.3791,3.6769
000895.SZ,2016-01-31,581.943,320.4097,14.5608,3.7234
000898.SZ,2020-12-31,280.5499,243.0086,20.5698,0.5402
000898.SZ,2020-11-30,290.8936,251.0023,21.2464,0.558
000898.SZ,2020-10-31,238.8214,211.0338,17.8632,0.4691
000898.SZ,2020-09-30,232.7123,207.0369,28.2594,0.4676
000898.SZ,2020-08-31,243.0195,215.0306,29.3505,0.4857
000898.SZ,2020-07-31,242.6365,215.0306,15.2227,0.4878
000898.SZ,2020-06-30,220.2147,195.8457,13.8645,0.4443
000898.SZ,2020-05-31,220.9265,196.6451,13.9211,0.4416
000898.SZ,2020-04-30,237.4037,210.2344,14.8832,0.4721
000898.SZ,2020-03-31,241.3412,215.0306,14.1579,0.4858
000898.SZ,2020-02-29,261.601,228.6199,9.542,0.5167
000898.SZ,2020-01-31,275.0982,242.2092,10.1092,0.5474
000898.SZ,2019-12-31,308.7568,267.789,11.1769,0.6052
000898.SZ,2019-11-30,289.4493,251.8013,10.5096,0.569
000898.SZ,2019-10-31,272.4235,239.0114,9.9758,0.5401
000898.SZ,2019-09-30,283.4198,247.0051,4.9442,0.5615
000898.SZ,2019-08-31,284.0857,249.4032,4.9922,0.5669
000898.SZ,2019-07-31,317.0377,279.7793,4.8559,0.6479
000898.SZ,2019-06-30,347.1653,302.9608,5.2583,0.7015
000898.SZ,2019-05-31,356.7892,312.9837,5.6768,0.7344
000898.SZ,2019-04-30,378.6738,329.586,5.7204,0.74
000898.SZ,2019-03-31,403.9551,350.4926,5.1859,0.7936
000898.SZ,2019-02-28,402.6943,348.6479,4.471,0.8064
000898.SZ,2019-01-31,374.1229,319.7476,4.1004,0.7395
000898.SZ,2018-12-31,366.8185,315.4434,4.0452,0.7296
000898.SZ,2018-11-30,400.9551,339.4245,4.3527,0.785
000898.SZ,2018-10-31,423.3926,359.1013,4.605,0.8305
000898.SZ,2018-09-30,444.4306,377.5483,6.101,0.86
000898.SZ,2018-08-31,449.8181,376.9334,6.0911,0.8586
000898.SZ,2018-07-31,488.5997,410.1379,7.8773,0.9672
000898.SZ,2018-06-30,407.3127,342.4989,6.5782,0.8077
000898.SZ,2018-05-31,441.6918,372.6289,7.1569,0.8501
000898.SZ,2018-04-30,460.892,386.1567,7.4167,0.881
000898.SZ,2018-03-31,433.1429,367.7097,7.7188,0.8658
000898.SZ,2018-02-28,521.8341,445.8019,13.3671,1.0994
000898.SZ,2018-01-31,512.1212,437.1933,13.1089,1.0782
000898.SZ,2017-12-31,455.3576,390.4612,11.7077,0.9629
000898.SZ,2017-11-30,494.4704,423.6657,12.7033,1.0448
000898.SZ,2017-10-31,446.8291,383.6973,11.5049,0.9462
000898.SZ,2017-09-30,466.3245,402.7591,15.0965,1.0249
000898.SZ,2017-08-31,512.6411,450.7213,16.8943,1.147
000898.SZ,2017-07-31,445.4686,386.1569,13.7681,0.9991
000898.SZ,2017-06-30,402.8808,348.0331,12.4088,0.9004
000898.SZ,2017-05-31,370.0919,320.3626,11.4222,0.8201
000898.SZ,2017-04-30,378.0466,327.7414,11.6853,0.839
000898.SZ,2017-03-31,392.7324,339.4245,24.713,0.8898
000898.SZ,2017-02-28,428.7818,370.7844,-15.9919,0.9859
000898.SZ,2017-01-31,429.4236,372.0142,-16.0449,0.9891
000898.SZ,2016-12-31,354.685,309.9084,-13.3664,0.824
000898.SZ,2016-11-30,362.592,320.3617,-13.8172,0.8518
000898.SZ,2016-10-31,316.2442,278.5486,-12.0138,0.7406
000898.SZ,2016-09-30,312.8982,277.9337,-7.3519,0.7504
000898.SZ,2016-08-31,313.6159,277.9337,-7.3519,0.7504
000898.SZ,2016-07-31,287.3974,252.108,-5.6749,0.6953
000898.SZ,2016-06-30,267.523,235.5058,-5.3012,0.6495
000898.SZ,2016-05-31,267.1151,237.9645,-5.3566,0.6563
000898.SZ,2016-04-30,288.4512,255.1815,-5.7441,0.7038
000898.SZ,2016-03-31,282.2205,249.6475,-6.3952,0.6788
000898.SZ,2016-02-29,266.3284,237.3496,-31.6267,0.5945
000898.SZ,2016-01-31,282.0819,251.4922,-33.5112,0.6299
000917.SZ,2020-12-31,68.7515,62.8135,-7.9346,0.6539
000917.SZ,2020-11-30,80.5172,73.5674,-9.2925,0.7658
000917.SZ,2020-10-31,72.8624,66.5733,-8.409,0.693
000917.SZ,2020-09-30,86.3292,78.8777,-51.6057,0.8022
000917.SZ,2020-08-31,94.4093,86.2604,-56.4358,0.8773
000917.SZ,2020-07-31,102.0641,93.2545,-259.2955,0.9375
000917.SZ,2020-06-30,89.5896,81.8567,-227.6039,0.8213
000917.SZ,2020-05-31,91.5741,83.6328,-232.6457,0.8395
000917.SZ,2020-04-30,89.5896,81.8204,-227.6039,0.8213
000917.SZ,2020-03-31,86.1874,78.7132,29.6004,0.824
000917.SZ,2020-02-29,88.5973,80.9141,30.4281,0.8471
000917.SZ,2020-01-31,90.4401,82.5971,31.061,0.8647
000917.SZ,2019-12-31,95.5433,87.2578,32.8136,0.9135
000917.SZ,2019-11-30,84.6281,77.29,29.0649,0.8091
000917.SZ,2019-10-31,92.1412,84.1516,31.6452,0.8809
000917.SZ,2019-09-30,83.6358,76.3838,62.3765,0.8205
000917.SZ,2019-08-31,87.8885,80.2677,65.5482,0.8622
000917.SZ,2019-07-31,90.0148,82.2096,59.9397,0.8916
000917.SZ,2019-06-30,99.6542,91.0101,66.3585,0.9846
000917.SZ,2019-05-31,107.7343,98.3893,71.7389,1.0644
000917.SZ,2019-04-30,111.7034,102.0142,74.3819,1.1037
000917.SZ,2019-03-31,128.1471,117.0315,-18.0613,1.3032
000917.SZ,2019-02-28,108.0178,98.6483,-15.2242,1.0985
000917.SZ,2019-01-31,81.0842,74.0509,-11.4282,0.8246
000917.SZ,2018-12-31,98.0949,89.5891,-13.8257,0.9976
000917.SZ,2018-11-30,87.1797,79.6204,-12.2873,0.8866
000917.SZ,2018-10-31,59.1121,53.9865,-8.3314,0.6011
000917.SZ,2018-09-30,74.9887,68.4865,-12.0632,0.7541
000917.SZ,2018-08-31,71.5866,65.3793,-11.516,0.7198
000917.SZ,2018-07-31,81.793,74.7007,-13.2055,0.8236
000917.SZ,2018-06-30,81.6512,74.5652,-13.1826,0.8221
000917.SZ,2018-05-31,93.417,85.3098,-15.0822,0.9406
000917.SZ,2018-04-30,92.9917,84.9214,-15.0135,0.9363
000917.SZ,2018-03-31,110.9947,101.362,48.498,1.0324
000917.SZ,2018-02-28,104.1904,95.1483,45.5249,0.9691
000917.SZ,2018-01-31,110.9947,101.362,48.498,1.0324
000917.SZ,2017-12-31,128.4306,117.293,56.1164,1.1946
000917.SZ,2017-11-30,132.9668,121.4358,58.0985,1.2368
000917.SZ,2017-10-31,143.7402,131.2749,62.8058,1.337
000917.SZ,2017-09-30,149.5522,136.5829,46.7231,1.3664
000917.SZ,2017-08-31,152.2456,114.0676,47.5646,1.391
000917.SZ,2017-07-31,148.8434,111.5186,48.5973,1.3534
000917.SZ,2017-06-30,160.1839,120.0153,52.3,1.4509
000917.SZ,2017-05-31,155.6477,116.6062,50.8189,1.4098
000917.SZ,2017-04-30,176.344,132.1113,57.5762,1.5973
000917.SZ,2017-03-31,188.8185,141.4568,74.8367,1.7571
000917.SZ,2017-02-28,207.9555,155.7936,82.4215,1.9351
000917.SZ,2017-01-31,190.8031,142.9435,75.6233,1.7755
000917.SZ,2016-12-31,203.9864,152.8354,80.8484,1.8982
000917.SZ,2016-11-30,220.997,165.5805,87.5904,2.0565
000917.SZ,2016-10-31,227.8013,170.6786,90.2873,2.1198
000917.SZ,2016-09-30,220.997,165.5805,59.9217,2.0458
000917.SZ,2016-08-31,244.1032,182.8927,66.1867,2.2597
000917.SZ,2016-07-31,248.0724,185.8665,64.4589,2.3492
000917.SZ,2016-06-30,234.3221,175.5642,60.8861,2.219
000917.SZ,2016-05-31,255.0184,191.0461,66.2638,2.415
000917.SZ,2016-04-30,255.0184,191.0461,66.2638,2.415
000917.SZ,2016-03-31,231.7705,173.63,66.0994,2.2134
000917.SZ,2016-02-29,197.6074,148.0368,56.3563,1.8872
000917.SZ,2016-01-31,227.9431,170.7627,65.0078,2.1769
000937.SZ,2020-12-31,146.9955,120.9146,14.8503,0.7167
000937.SZ,2020-11-30,139.9285,115.1014,14.1363,0.6822
000937.SZ,2020-10-31,125.0876,102.8936,12.637,0.6099
000937.SZ,2020-09-30,134.9815,111.0321,12.772,0.6479
000937.SZ,2020-08-31,132.1547,108.7068,12.5046,0.6343
000937.SZ,2020-07-31,124.0275,102.0217,13.515,0.5965
000937.SZ,2020-06-30,106.7131,87.7793,11.6283,0.5132
000937.SZ,2020-05-31,105.2997,86.6167,11.4743,0.5064
000937.SZ,2020-04-30,106.7131,87.7793,11.6283,0.5132
000937.SZ,2020-03-31,106.7131,87.7793,14.1359,0.51
000937.SZ,2020-02-29,113.4269,93.3019,15.0253,0.5421
000937.SZ,2020-01-31,121.554,99.987,16.1019,0.581
000937.SZ,2019-12-31,129.3278,106.3816,17.1316,0.6181
000937.SZ,2019-11-30,124.0275,102.0217,16.4295,0.5928
000937.SZ,2019-10-31,125.0876,102.8936,16.57,0.5979
000937.SZ,2019-09-30,123.6741,101.731,17.0767,0.6078
000937.SZ,2019-08-31,125.0876,102.8936,17.2718,0.6148
000937.SZ,2019-07-31,132.508,108.9975,16.1791,0.6613
000937.SZ,2019-06-30,136.3949,112.1948,16.6536,0.6807
000937.SZ,2019-05-31,137.1016,112.7761,16.7399,0.6842
000937.SZ,2019-04-30,151.2358,124.4025,18.4657,0.7417
000937.SZ,2019-03-31,153.3559,126.1464,17.5862,0.7707
000937.SZ,2019-02-28,148.0556,121.7865,13.8152,0.7356
000937.SZ,2019-01-31,130.7412,107.5442,12.1995,0.6495
000937.SZ,2018-12-31,133.2147,109.5788,12.4303,0.6618
000937.SZ,2018-11-30,136.3949,112.1948,12.7271,0.6776
000937.SZ,2018-10-31,142.0486,116.8453,13.2546,0.7057
000937.SZ,2018-09-30,144.1687,118.5893,13.1187,0.7276
000937.SZ,2018-08-31,145.5821,119.7519,13.2473,0.7347
000937.SZ,2018-07-31,150.5291,123.8212,14.1122,0.7765
000937.SZ,2018-06-30,145.2288,119.4613,13.6153,0.7491
000937.SZ,2018-05-31,157.5962,129.6344,14.7748,0.7984
000937.SZ,2018-04-30,167.4901,137.7728,15.7023,0.8485
000937.SZ,2018-03-31,180.9176,148.8179,18.0154,0.9333
000937.SZ,2018-02-28,198.5853,163.3509,19.7747,1.0245
000937.SZ,2018-01-31,209.186,172.0707,20.8303,1.0791
000937.SZ,2017-12-31,205.6524,169.1641,20.4785,1.0609
000937.SZ,2017-11-30,210.246,172.9427,20.9359,1.0846
000937.SZ,2017-10-31,216.6064,178.1746,21.5693,1.1174
000937.SZ,2017-09-30,241.6946,198.8114,30.0107,1.2746
000937.SZ,2017-08-31,249.4684,205.2059,30.9759,1.3156
000937.SZ,2017-07-31,252.2952,207.5312,48.0821,1.3553
000937.SZ,2017-06-30,216.2531,177.8839,41.2132,1.1617
000937.SZ,2017-05-31,208.1259,171.1987,39.6644,1.0972
000937.SZ,2017-04-30,238.1611,195.9048,45.3885,1.2556
000937.SZ,2017-03-31,236.7476,194.7422,54.8993,1.276
000937.SZ,2017-02-28,252.2952,207.5312,58.5047,1.3598
000937.SZ,2017-01-31,271.7298,223.5175,63.0113,1.4646
000937.SZ,2016-12-31,238.1611,195.9048,55.2271,1.2836
000937.SZ,2016-11-30,283.7438,233.4,65.7972,1.5293
000937.SZ,2016-10-31,235.6876,193.8702,54.6535,1.2703
000937.SZ,2016-09-30,220.4933,181.3718,62.1831,1.1999
000937.SZ,2016-08-31,226.8537,186.6037,63.9768,1.2345
000937.SZ,2016-07-31,225.4403,185.4411,64.2269,1.2232
000937.SZ,2016-06-30,187.9847,154.6311,53.556,1.02
000937.SZ,2016-05-31,187.9847,154.6311,53.556,1.02
000937.SZ,2016-04-30,222.6135,183.1158,63.4216,1.2067
000937.SZ,2016-03-31,186.2179,151.2061,-1264.8601,1.0292
000937.SZ,2016-02-29,189.0448,153.5014,-1284.061,1.0448
000937.SZ,2016-01-31,169.2569,137.434,-1149.6547,0.9354
000963.SZ,2020-12-31,464.7494,464.7367,15.5358,3.2656
000963.SZ,2020-11-30,483.9973,483.9903,16.1792,3.4009
000963.SZ,2020-10-31,488.0219,488.0148,16.3138,3.4292
000963.SZ,2020-09-30,432.203,432.1967,14.6608,3.1805
000963.SZ,2020-08-31,489.2467,489.2397,16.5958,3.6002
000963.SZ,2020-07-31,486.4471,486.44,15.9326,3.7442
000963.SZ,2020-06-30,442.7018,442.6954,14.4998,3.4075
000963.SZ,2020-05-31,396.3319,396.3261,12.9811,2.9397
000963.SZ,2020-04-30,349.087,349.082,11.4337,2.5893
000963.SZ,2020-03-31,305.3418,305.3374,11.4306,2.6184
000963.SZ,2020-02-29,337.7132,337.7084,12.6425,2.8959
000963.SZ,2020-01-31,364.8353,364.83,13.6578,3.1285
000963.SZ,2019-12-31,426.6036,426.5974,15.9701,3.6582
000963.SZ,2019-11-30,430.4531,430.4469,16.1142,3.6912
000963.SZ,2019-10-31,456.7003,456.6937,17.0968,3.9163
000963.SZ,2019-09-30,458.4501,458.4435,17.8377,4.1517
000963.SZ,2019-08-31,500.6205,500.6133,19.4785,4.5336
000963.SZ,2019-07-31,481.7226,481.7156,19.1519,4.6651
000963.SZ,2019-06-30,454.2506,454.2506,18.0597,4.3991
000963.SZ,2019-05-31,426.6619,426.6619,16.9628,3.9479
000963.SZ,2019-04-30,508.9029,508.9029,20.2325,4.7089
000963.SZ,2019-03-31,475.8024,475.8024,22.6634,5.0072
000963.SZ,2019-02-28,462.2414,462.2414,22.0175,4.8645
000963.SZ,2019-01-31,386.8537,345.4683,18.4266,4.0711
000963.SZ,2018-12-31,385.833,344.5568,18.378,4.0604
000963.SZ,2018-11-30,497.675,444.434,23.7053,5.2374
000963.SZ,2018-10-31,519.9851,464.3574,24.7679,5.4722
000963.SZ,2018-09-30,612.1417,546.6552,30.1332,6.8116
000963.SZ,2018-08-31,655.8869,585.7206,32.2866,7.2984
000963.SZ,2018-07-31,675.1349,602.9093,35.633,8.083
000963.SZ,2018-06-30,703.5693,628.3018,37.1337,8.4234
000963.SZ,2018-05-31,753.0014,672.4457,39.7427,8.3182
000963.SZ,2018-04-30,665.8997,594.6622,35.1456,7.356
000963.SZ,2018-03-31,636.7363,568.6186,35.7816,7.5863
000963.SZ,2018-02-28,546.135,487.7098,31.3792,6.7332
000963.SZ,2018-01-31,548.2737,489.6197,31.502,6.7596
000963.SZ,2017-12-31,523.7763,467.743,30.0945,6.4576
000963.SZ,2017-11-30,485.2805,433.3655,27.8827,5.983
000963.SZ,2017-10-31,513.3747,458.4542,29.4969,6.3293
000963.SZ,2017-09-30,477.0175,425.9865,28.6507,6.2243
000963.SZ,2017-08-31,459.2278,410.0999,27.5822,5.9922
000963.SZ,2017-07-31,452.423,404.023,29.0804,6.3131
000963.SZ,2017-06-30,483.1419,431.4556,31.0549,6.7418
000963.SZ,2017-05-31,442.313,394.9946,28.4305,6.1721
000963.SZ,2017-04-30,432.5918,386.3134,27.8057,5.5301
000963.SZ,2017-03-31,450.3329,402.1566,31.1306,6.1871
000963.SZ,2017-02-28,377.8617,337.4382,27.686,5.3771
000963.SZ,2017-01-31,371.1054,331.4048,27.191,5.281
000963.SZ,2016-12-31,350.3022,312.827,25.6668,4.9849
000963.SZ,2016-11-30,354.7739,316.8204,25.9944,5.0485
000963.SZ,2016-10-31,357.7388,319.4682,26.2116,5.0907
000963.SZ,2016-09-30,333.922,298.1992,26.6411,5.0176
000963.SZ,2016-08-31,328.867,293.685,26.2378,4.9416
000963.SZ,2016-07-31,343.1571,306.4464,28.8909,5.4758
000963.SZ,2016-06-30,327.6032,292.5564,27.5814,5.2276
000963.SZ,2016-05-31,319.4375,285.2642,26.8939,4.6468
000963.SZ,2016-04-30,333.922,298.1992,28.1134,4.8575
000963.SZ,2016-03-31,339.9977,303.625,30.9959,5.2799
000963.SZ,2016-02-29,327.263,292.2526,28.8202,5.0821
000963.SZ,2016-01-31,294.9004,294.9004,25.9702,10.525
000983.SZ,2020-12-31,231.046,231.0443,15.3452,1.0411
000983.SZ,2020-11-30,224.9011,224.901,14.9371,1.0135
000983.SZ,2020-10-31,189.6707,189.6706,12.5972,0.8547
000983.SZ,2020-09-30,178.2004,178.2002,11.6761,0.8287
000983.SZ,2020-08-31,172.8748,172.8747,11.3271,0.8039
000983.SZ,2020-07-31,172.4652,172.465,10.4535,0.8276
000983.SZ,2020-06-30,153.621,153.6209,9.3113,0.7372
000983.SZ,2020-05-31,150.6274,150.6272,9.1299,0.712
000983.SZ,2020-04-30,149.0518,149.0516,9.0344,0.7046
000983.SZ,2020-03-31,152.8332,152.8331,7.3269,0.7225
000983.SZ,2020-02-29,159.4507,159.4506,7.6441,0.7538
000983.SZ,2020-01-31,175.837,175.8368,8.4297,0.8312
000983.SZ,2019-12-31,193.1686,193.1684,9.2605,0.9131
000983.SZ,2019-11-30,182.1394,182.1392,8.7318,0.861
000983.SZ,2019-10-31,178.673,178.6729,8.5656,0.8446
000983.SZ,2019-09-30,185.2906,185.2904,9.4754,0.9045
000983.SZ,2019-08-31,185.2906,185.2904,9.4754,0.9045
000983.SZ,2019-07-31,193.4837,193.4835,10.2726,0.984
000983.SZ,2019-06-30,190.9627,190.9626,10.1388,0.9712
000983.SZ,2019-05-31,194.1139,194.1138,10.3061,0.9419
000983.SZ,2019-04-30,216.8026,216.8024,11.5107,1.052
000983.SZ,2019-03-31,196.3198,196.3196,11.4254,0.9945
000983.SZ,2019-02-28,196.95,196.9499,11.4621,0.9977
000983.SZ,2019-01-31,172.0555,172.0554,10.0133,0.8716
000983.SZ,2018-12-31,173.0009,173.0008,10.0683,0.8764
000983.SZ,2018-11-30,191.593,191.5928,11.1503,0.9706
000983.SZ,2018-10-31,204.1978,204.1976,11.8839,1.0344
000983.SZ,2018-09-30,209.5548,209.5546,11.8582,1.0918
000983.SZ,2018-08-31,207.349,207.3488,11.7334,1.0803
000983.SZ,2018-07-31,216.1723,216.1722,12.2327,1.1263
000983.SZ,2018-06-30,236.6551,236.6549,14.6303,1.273
000983.SZ,2018-05-31,242.3273,242.3271,14.9809,1.3035
000983.SZ,2018-04-30,244.8482,244.8481,15.1368,1.317
000983.SZ,2018-03-31,247.0541,247.0539,15.3964,1.3594
000983.SZ,2018-02-28,291.1709,291.1707,18.1458,1.6022
000983.SZ,2018-01-31,334.9726,334.9723,20.8755,1.8432
000983.SZ,2017-12-31,319.5317,319.5314,19.9132,1.7582
000983.SZ,2017-11-30,309.763,309.7627,19.3045,1.7045
000983.SZ,2017-10-31,305.6664,305.6662,19.0492,1.6819
000983.SZ,2017-09-30,324.8887,324.8885,26.1553,1.8461
000983.SZ,2017-08-31,345.6866,345.6864,27.8297,1.9643
000983.SZ,2017-07-31,340.0145,340.0142,39.9838,1.9994
000983.SZ,2017-06-30,276.3602,276.36,32.4984,1.6251
000983.SZ,2017-05-31,242.9575,242.9573,28.5704,1.4257
000983.SZ,2017-04-30,277.6207,277.6205,32.6466,1.6292
000983.SZ,2017-03-31,304.0908,304.0906,70.0547,1.851
000983.SZ,2017-02-28,296.843,296.8428,709.6011,1.7868
000983.SZ,2017-01-31,281.087,281.0868,671.9365,1.692
000983.SZ,2016-12-31,266.5915,266.5913,637.2851,1.6047
000983.SZ,2016-11-30,323.6282,323.628,773.6309,1.9481
000983.SZ,2016-10-31,314.1746,314.1744,751.0322,1.8912
000983.SZ,2016-09-30,301.885,301.8847,633.463,1.8373
000983.SZ,2016-08-31,314.8049,314.8046,660.5737,1.9159
000983.SZ,2016-07-31,286.129,286.1287,600.4013,1.7414
000983.SZ,2016-06-30,256.8228,256.8226,244.9685,1.5808
000983.SZ,2016-05-31,232.8737,232.8711,222.1248,1.4334
000983.SZ,2016-04-30,269.7427,269.7397,257.2921,1.6603
000983.SZ,2016-03-31,237.2854,237.2827,101.9329,1.4294
000983.SZ,2016-02-29,251.7809,251.7781,108.1599,1.5167
000983.SZ,2016-01-31,224.9957,224.9932,96.6535,1.3554
000999.SZ,2020-12-31,244.1377,244.0118,14.2996,1.7812
000999.SZ,2020-11-30,265.2819,265.1451,15.5381,1.9355
000999.SZ,2020-10-31,265.0861,264.9494,15.5266,1.9341
000999.SZ,2020-09-30,250.4026,250.2735,17.2573,1.8966
000999.SZ,2020-08-31,278.9865,278.8427,19.2273,2.1131
000999.SZ,2020-07-31,296.6067,296.4538,20.0551,2.3398
000999.SZ,2020-06-30,285.7409,285.5936,19.3204,2.1817
000999.SZ,2020-05-31,264.9882,264.8516,17.9172,2.0232
000999.SZ,2020-04-30,284.3705,284.2238,19.2277,2.1712
000999.SZ,2020-03-31,272.6237,272.4831,12.9053,2.1699
000999.SZ,2020-02-29,321.0792,320.9137,14.0269,2.585
000999.SZ,2020-01-31,350.0546,349.8742,15.2928,2.8183
000999.SZ,2019-12-31,310.1155,309.9556,13.548,2.4967
000999.SZ,2019-11-30,287.6987,287.5504,12.5687,2.3163
000999.SZ,2019-10-31,288.5797,288.4309,12.6071,2.3234
000999.SZ,2019-09-30,285.1536,285.0066,12.2494,2.3434
000999.SZ,2019-08-31,289.0692,288.9201,12.4176,2.3756
000999.SZ,2019-07-31,286.8177,286.6698,13.1809,2.3913
000999.SZ,2019-06-30,287.2093,287.0612,13.1989,2.3945
000999.SZ,2019-05-31,269.687,269.5479,12.3937,2.2484
000999.SZ,2019-04-30,288.7755,288.6266,13.2709,2.4076
000999.SZ,2019-03-31,282.3148,282.1692,19.7136,2.6073
000999.SZ,2019-02-28,246.0955,245.9686,16.9135,2.3427
000999.SZ,2019-01-31,216.1411,216.0297,14.8548,2.0576
000999.SZ,2018-12-31,243.3545,243.2291,16.7251,2.3166
000999.SZ,2018-11-30,240.1242,240.0004,16.5031,2.2859
000999.SZ,2018-10-31,235.0339,234.9127,16.1532,2.2374
000999.SZ,2018-09-30,249.3258,249.1973,17.9768,2.4396
000999.SZ,2018-08-31,257.6465,257.5136,18.5767,2.521
000999.SZ,2018-07-31,248.1512,248.0232,18.3828,2.5291
000999.SZ,2018-06-30,272.4279,272.2874,20.1812,2.7765
000999.SZ,2018-05-31,287.8945,287.7461,21.327,2.8054
000999.SZ,2018-04-30,252.5562,252.426,18.7091,2.461
000999.SZ,2018-03-31,269.687,269.5479,20.7183,2.7411
000999.SZ,2018-02-28,247.9554,247.8275,19.2563,2.6109
000999.SZ,2018-01-31,260.6811,260.5467,20.2446,2.7449
000999.SZ,2017-12-31,266.2608,266.1235,20.6779,2.8036
000999.SZ,2017-11-30,255.0035,254.872,19.8037,2.6851
000999.SZ,2017-10-31,276.0498,275.9075,21.4381,2.9067
000999.SZ,2017-09-30,273.4068,273.2658,20.9836,2.9464
000999.SZ,2017-08-31,278.2034,278.0599,21.3517,2.9981
000999.SZ,2017-07-31,279.9654,279.8211,22.2165,3.1695
000999.SZ,2017-06-30,310.8008,310.6405,24.6635,3.4573
000999.SZ,2017-05-31,290.3417,290.192,23.0399,3.2297
000999.SZ,2017-04-30,272.9173,272.7766,21.6572,3.0359
000999.SZ,2017-03-31,264.303,264.1667,22.065,3.0679
000999.SZ,2017-02-28,254.2203,254.0893,19.7063,3.0665
000999.SZ,2017-01-31,246.1934,246.0664,19.0841,2.9697
000999.SZ,2016-12-31,242.082,241.9572,18.7654,2.9201
000999.SZ,2016-11-30,257.4507,257.1462,19.9567,3.1055
000999.SZ,2016-10-31,263.1283,262.8171,20.3968,3.174
000999.SZ,2016-09-30,250.0111,249.7154,19.8694,3.1001
000999.SZ,2016-08-31,252.5562,252.2575,20.0716,3.1317
000999.SZ,2016-07-31,262.7368,262.426,21.4902,3.3958
000999.SZ,2016-06-30,237.0896,236.8092,19.3924,3.0072
000999.SZ,2016-05-31,223.6787,223.4141,18.2955,2.8371
000999.SZ,2016-04-30,210.953,210.7035,17.2546,2.6757
000999.SZ,2016-03-31,226.909,226.6407,18.164,2.9968
000999.SZ,2016-02-29,196.0737,195.8418,18.232,2.7274
000999.SZ,2016-01-31,203.7091,203.4682,18.942,2.8336
001979.SZ,2020-12-31,1052.9989,1052.7893,8.0185,1.4786
001979.SZ,2020-11-30,1161.5474,1161.3225,8.8451,1.631
001979.SZ,2020-10-31,1114.0079,1113.7922,8.4831,1.5643
001979.SZ,2020-09-30,1200.2311,1199.9987,9.9618,1.8811
001979.SZ,2020-08-31,1323.027,1322.7708,10.981,2.0735
001979.SZ,2020-07-31,1351.5474,1351.2856,9.6916,1.5182
001979.SZ,2020-06-30,1302.429,1302.1768,9.3394,1.7038
001979.SZ,2020-05-31,1269.9475,1269.8775,9.1065,1.6613
001979.SZ,2020-04-30,1356.3007,1356.2261,9.7257,1.7742
001979.SZ,2020-03-31,1305.5979,1305.526,10.8195,1.9984
001979.SZ,2020-02-29,1372.6705,1372.5948,11.3841,2.1027
001979.SZ,2020-01-31,1435.2085,1435.1294,11.9027,2.1985
001979.SZ,2019-12-31,1572.9505,1572.8639,13.0451,2.4095
001979.SZ,2019-11-30,1433.2397,1433.1622,11.8896,2.1961
001979.SZ,2019-10-31,1481.5155,1481.4355,12.2868,2.2707
001979.SZ,2019-09-30,1502.8836,1502.8023,11.5414,2.5472
001979.SZ,2019-08-31,1563.0306,1562.9461,12.0033,2.6491
001979.SZ,2019-07-31,1632.6745,1632.5862,13.5061,2.5196
001979.SZ,2019-06-30,1653.8325,503.9166,13.6811,2.3325
001979.SZ,2019-05-31,1718.366,523.3244,14.2149,2.4246
001979.SZ,2019-04-30,1740.518,530.0708,14.3982,2.4558
001979.SZ,2019-03-31,1821.1662,553.4979,11.9499,2.6427
001979.SZ,2019-02-28,1675.7259,509.2949,9.988,2.7031
001979.SZ,2019-01-31,1523.1187,462.8506,9.0784,2.4571
001979.SZ,2018-12-31,1371.3601,329.5891,8.1739,2.2123
001979.SZ,2018-11-30,1489.1311,357.8938,8.8758,2.223
001979.SZ,2018-10-31,1485.9694,357.134,8.857,2.2183
001979.SZ,2018-09-30,1477.2749,355.0443,9.3082,2.2464
001979.SZ,2018-08-31,1422.7367,341.9368,8.9646,2.1634
001979.SZ,2018-07-31,1503.3584,361.3132,9.4691,2.1585
001979.SZ,2018-06-30,1505.7297,361.8833,9.484,2.1619
001979.SZ,2018-05-31,1674.8772,402.5358,10.5494,2.4048
001979.SZ,2018-04-30,1700.1703,408.6147,10.7087,2.2806
001979.SZ,2018-03-31,1723.0922,414.1237,14.1002,2.5203
001979.SZ,2018-02-28,1728.6251,415.4534,14.1522,2.5291
001979.SZ,2018-01-31,2037.6751,489.7298,16.6824,2.9812
001979.SZ,2017-12-31,1546.0405,371.5715,20.1076,2.7632
001979.SZ,2017-11-30,1542.8789,370.8117,20.0665,2.7575
001979.SZ,2017-10-31,1436.1736,345.1664,18.6787,2.5668
001979.SZ,2017-09-30,1444.8681,347.256,15.6743,2.5862
001979.SZ,2017-08-31,1499.4064,360.3636,16.2659,2.6839
001979.SZ,2017-07-31,1534.9748,368.912,14.08,2.811
001979.SZ,2017-06-30,1688.3142,405.7652,15.4866,2.8831
001979.SZ,2017-05-31,1585.561,381.0255,14.5441,2.7076
001979.SZ,2017-04-30,1511.2625,363.1709,13.8625,2.5808
001979.SZ,2017-03-31,1391.1203,334.2996,14.5189,2.4652
001979.SZ,2017-02-28,1353.9711,325.3723,15.8349,2.6935
001979.SZ,2017-01-31,1315.241,316.0651,15.382,2.6164
001979.SZ,2016-12-31,1295.4808,311.3192,15.1509,2.5771
001979.SZ,2016-11-30,1525.4899,366.5931,17.8409,3.0347
001979.SZ,2016-10-31,1333.4204,320.4365,15.5946,2.6526
001979.SZ,2016-09-30,1263.074,303.5315,18.3457,2.6061
001979.SZ,2016-08-31,1298.6424,312.079,18.8623,2.6795
001979.SZ,2016-07-31,1211.6974,291.1851,23.6526,2.6713
001979.SZ,2016-06-30,1126.3332,270.6711,21.9862,2.4831
001979.SZ,2016-05-31,1120.8003,269.3414,21.8782,2.3638
001979.SZ,2016-04-30,1123.1716,269.9113,21.9245,2.3688
001979.SZ,2016-03-31,1189.566,285.8666,24.5255,2.5512
001979.SZ,2016-02-29,1101.0401,264.5928,32.4222,1.4581
001979.SZ,2016-01-31,1139.7702,273.9001,33.5627,1.5094
002007.SZ,2020-12-31,770.6125,661.8859,60.0248,11.0707
002007.SZ,2020-11-30,785.2074,674.4232,61.1616,11.2804
002007.SZ,2020-10-31,934.0758,802.2878,72.7573,13.419
002007.SZ,2020-09-30,1039.7066,893.0153,80.7093,15.983
002007.SZ,2020-08-31,1050.8352,902.5738,81.5732,16.154
002007.SZ,2020-07-31,1184.5613,1017.4326,93.1823,18.9897
002007.SZ,2020-06-30,914.1902,785.2079,71.9139,14.6553
002007.SZ,2020-05-31,751.2742,645.2796,59.0982,12.0436
002007.SZ,2020-04-30,709.1313,609.0826,55.7831,11.3681
002007.SZ,2020-03-31,672.3459,577.7499,52.3859,10.2756
002007.SZ,2020-02-29,582.2695,500.3469,45.3676,8.8989
002007.SZ,2020-01-31,506.364,434.3832,37.6832,8.1372
002007.SZ,2019-12-31,493.1752,423.0693,36.7017,7.9252
002007.SZ,2019-11-30,469.4635,402.7283,34.9371,7.5442
002007.SZ,2019-10-31,505.8028,433.9018,37.6414,8.1282
002007.SZ,2019-09-30,481.2492,412.8386,40.3197,8.3473
002007.SZ,2019-08-31,457.3972,392.3772,38.3213,7.9336
002007.SZ,2019-07-31,420.6371,360.8426,35.2978,7.6241
002007.SZ,2019-06-30,427.7927,366.981,35.8983,7.7538
002007.SZ,2019-05-31,394.4467,338.4738,33.1,6.6953
002007.SZ,2019-04-30,399.03,342.4067,33.4846,6.7731
002007.SZ,2019-03-31,420.9177,361.1885,36.9384,7.4747
002007.SZ,2019-02-28,362.0828,310.7024,31.7236,6.8951
002007.SZ,2019-01-31,312.6025,269.7379,32.5183,6.0732
002007.SZ,2018-12-31,305.0688,263.2361,31.7346,5.9268
002007.SZ,2018-11-30,351.3871,303.203,36.5528,6.8267
002007.SZ,2018-10-31,317.3459,273.8297,33.0117,6.1653
002007.SZ,2018-09-30,352.5032,304.166,41.8347,7.2822
002007.SZ,2018-08-31,316.8809,273.4284,37.6071,6.5463
002007.SZ,2018-07-31,311.7654,269.0144,40.341,6.7848
002007.SZ,2018-06-30,299.1162,258.1294,38.7042,6.5096
002007.SZ,2018-05-31,335.6686,289.6732,43.4339,6.8869
002007.SZ,2018-04-30,265.8191,229.3949,34.3957,5.4538
002007.SZ,2018-03-31,279.6774,241.3542,34.0728,5.993
002007.SZ,2018-02-28,249.8216,215.5894,30.4355,5.3533
002007.SZ,2018-01-31,251.3097,216.8736,31.7269,5.6285
002007.SZ,2017-12-31,250.0076,215.953,31.5625,5.5993
002007.SZ,2017-11-30,269.2604,232.5833,33.9931,6.0305
002007.SZ,2017-10-31,266.6561,230.3338,33.6644,5.9722
002007.SZ,2017-09-30,253.0769,218.6042,31.5905,5.9171
002007.SZ,2017-08-31,262.3777,226.6382,32.7515,6.1346
002007.SZ,2017-07-31,264.6099,228.5663,31.3799,6.452
002007.SZ,2017-06-30,339.482,293.2397,40.2589,8.2776
002007.SZ,2017-05-31,329.251,284.3728,39.0456,7.3604
002007.SZ,2017-04-30,340.5051,294.0929,40.3803,7.612
002007.SZ,2017-03-31,332.9714,287.5861,42.6715,7.8942
002007.SZ,2017-02-28,341.1562,294.6553,43.7279,8.0885
002007.SZ,2017-01-31,319.7641,276.1791,43.3901,7.9053
002007.SZ,2016-12-31,332.5063,287.9212,45.1191,8.2203
002007.SZ,2016-11-30,331.1112,286.7131,44.9298,8.1859
002007.SZ,2016-10-31,337.4358,292.1897,45.788,8.3422
002007.SZ,2016-09-30,349.527,302.6595,50.6914,9.0931
002007.SZ,2016-08-31,365.5245,315.1996,53.0115,9.5093
002007.SZ,2016-07-31,357.2467,308.0615,56.5314,9.8635
002007.SZ,2016-06-30,292.0475,251.8389,46.2141,8.0634
002007.SZ,2016-05-31,288.5597,248.7797,45.6622,7.4865
002007.SZ,2016-04-30,271.9925,234.4964,43.0406,7.0567
002007.SZ,2016-03-31,258.0412,222.4684,43.8012,7.0543
002007.SZ,2016-02-29,234.8471,202.4718,39.7928,6.4183
002007.SZ,2016-01-31,254.2046,219.1607,44.1903,7.2125
002008.SZ,2020-12-31,456.1733,424.9039,42.9427,4.9699
002008.SZ,2020-11-30,421.92,392.8101,39.7182,4.5968
002008.SZ,2020-10-31,428.9627,399.3669,40.3812,4.6735
002008.SZ,2020-09-30,351.0665,326.8451,39.6195,4.3015
002008.SZ,2020-08-31,396.5236,369.1659,44.7496,4.8585
002008.SZ,2020-07-31,426.4016,396.9825,48.1536,5.2246
002008.SZ,2020-06-30,383.612,357.1451,65.1524,4.5822
002008.SZ,2020-05-31,324.6027,302.2431,55.1304,3.8773
002008.SZ,2020-04-30,323.3222,301.0508,54.9129,3.862
002008.SZ,2020-03-31,300.8071,280.0866,45.7292,3.689
002008.SZ,2020-02-29,406.4467,378.3842,61.7888,4.9846
002008.SZ,2020-01-31,463.7483,431.7295,70.0379,5.6746
002008.SZ,2019-12-31,426.8277,397.3581,64.4619,5.2228
002008.SZ,2019-11-30,373.3675,347.5893,56.3881,4.5687
002008.SZ,2019-10-31,405.4863,377.4905,61.2388,4.9617
002008.SZ,2019-09-30,379.3431,353.1523,35.1399,4.7763
002008.SZ,2019-08-31,330.7914,307.9527,30.6424,4.165
002008.SZ,2019-07-31,312.1176,290.5683,28.9126,3.6778
002008.SZ,2019-06-30,366.8583,341.5295,24.2183,4.7265
002008.SZ,2019-05-31,353.5196,329.1117,23.3377,4.5546
002008.SZ,2019-04-30,417.2235,388.4173,27.5432,5.2335
002008.SZ,2019-03-31,450.3024,419.2123,26.1602,5.7939
002008.SZ,2019-02-28,424.3726,395.0729,24.6538,5.4603
002008.SZ,2019-01-31,336.873,313.5886,18.5138,4.1126
002008.SZ,2018-12-31,323.9614,301.5694,17.8042,3.9549
002008.SZ,2018-11-30,358.7478,333.9514,19.7159,4.1014
002008.SZ,2018-10-31,334.6321,311.5026,18.3906,3.8257
002008.SZ,2018-09-30,452.1155,420.8569,25.55,5.5008
002008.SZ,2018-08-31,466.0941,433.869,26.34,5.6708
002008.SZ,2018-07-31,514.2187,478.6663,29.0596,6.2564
002008.SZ,2018-06-30,567.572,528.1238,30.2201,7.4281
002008.SZ,2018-05-31,586.8859,546.0953,31.2485,7.6809
002008.SZ,2018-04-30,498.3195,463.6845,26.5328,6.3446
002008.SZ,2018-03-31,583.6847,543.1166,34.8455,8.3531
002008.SZ,2018-02-28,607.3735,565.159,36.2597,8.6921
002008.SZ,2018-01-31,526.49,489.8971,31.431,7.5346
002008.SZ,2017-12-31,527.1302,490.1386,32.47,7.6453
002008.SZ,2017-11-30,517.6334,481.3082,31.885,7.5075
002008.SZ,2017-10-31,510.484,474.6606,31.4447,7.4038
002008.SZ,2017-09-30,465.2404,432.592,36.6688,7.625
002008.SZ,2017-08-31,418.1829,388.8367,32.9599,6.8538
002008.SZ,2017-07-31,382.0094,355.2017,30.1088,6.2609
002008.SZ,2017-06-30,369.6314,343.6923,46.7571,6.9295
002008.SZ,2017-05-31,332.9244,309.4026,42.1138,6.0013
002008.SZ,2017-04-30,313.8239,291.6516,39.6976,5.657
002008.SZ,2017-03-31,280.318,260.513,36.5884,5.2617
002008.SZ,2017-02-28,256.6292,238.4978,33.4964,4.817
002008.SZ,2017-01-31,239.1293,222.2344,31.0993,4.6181
002008.SZ,2016-12-31,240.996,223.798,31.363,4.6573
002008.SZ,2016-11-30,246.7543,229.1454,32.1123,4.7686
002008.SZ,2016-10-31,240.5694,223.4019,31.3074,4.649
002008.SZ,2016-09-30,227.5599,211.3208,27.4176,4.6269
002008.SZ,2016-08-31,242.0623,224.7883,29.1649,4.9218
002008.SZ,2016-07-31,242.9154,225.5805,29.2638,4.9384
002008.SZ,2016-06-30,243.5552,226.1746,30.9712,5.2513
002008.SZ,2016-05-31,245.2288,227.7269,31.1881,5.2881
002008.SZ,2016-04-30,231.2968,214.8367,29.4162,4.7836
002008.SZ,2016-03-31,236.6139,219.7755,31.512,4.9535
002008.SZ,2016-02-29,193.6512,179.8702,25.7903,4.0541
002008.SZ,2016-01-31,216.7277,201.3045,27.2369,4.7447
002024.SZ,2020-12-31,717.8041,585.0875,-47.4348,0.8303
002024.SZ,2020-11-30,851.8686,694.3335,-56.2942,0.9854
002024.SZ,2020-10-31,902.1428,735.3105,-59.6165,1.0435
002024.SZ,2020-09-30,847.2136,690.5393,11.2409,0.9732
002024.SZ,2020-08-31,917.0389,765.7225,12.1673,1.0535
002024.SZ,2020-07-31,959.8651,801.4821,12.7256,1.1051
002024.SZ,2020-06-30,816.4905,681.7651,8.9174,0.9351
002024.SZ,2020-05-31,816.4905,681.8841,8.9174,0.9351
002024.SZ,2020-04-30,783.9053,654.6709,8.5615,0.8978
002024.SZ,2020-03-31,840.6966,702.0996,7.6314,0.9475
002024.SZ,2020-02-29,863.9717,721.5376,4.5224,0.95
002024.SZ,2020-01-31,931.004,777.5189,4.8733,1.0237
002024.SZ,2019-12-31,941.245,786.0716,4.9269,1.035
002024.SZ,2019-11-30,917.0389,765.8561,4.8002,1.0084
002024.SZ,2019-10-31,982.2092,820.2825,5.1414,1.08
002024.SZ,2019-09-30,964.5201,805.5096,10.1916,1.1869
002024.SZ,2019-08-31,999.8983,835.0553,10.5654,1.2304
002024.SZ,2019-07-31,998.9673,834.2778,10.5559,1.2259
002024.SZ,2019-06-30,1068.7926,884.2032,8.0046,1.3388
002024.SZ,2019-05-31,1009.2083,632.6417,7.5584,1.2468
002024.SZ,2019-04-30,1174.927,736.5257,8.7995,1.4516
002024.SZ,2019-03-31,1168.41,732.4404,8.7669,1.444
002024.SZ,2019-02-28,1139.5489,714.3482,8.5551,1.4156
002024.SZ,2019-01-31,969.1751,607.5462,10.025,1.1855
002024.SZ,2018-12-31,917.0389,575.9047,9.4857,1.1218
002024.SZ,2018-11-30,995.2432,625.0174,10.2947,1.2174
002024.SZ,2018-10-31,1059.4825,665.36,10.9591,1.296
002024.SZ,2018-09-30,1254.9933,788.1417,12.6459,1.5889
002024.SZ,2018-08-31,1152.5829,723.8275,11.6139,1.4592
002024.SZ,2018-07-31,1229.8562,772.3555,12.4,1.557
002024.SZ,2018-06-30,1310.8536,710.9084,30.8763,1.6604
002024.SZ,2018-05-31,1514.7435,821.4829,35.6788,1.9186
002024.SZ,2018-04-30,1208.4431,655.3687,28.4641,1.5307
002024.SZ,2018-03-31,1309.9226,710.4035,31.096,1.659
002024.SZ,2018-02-28,1163.755,631.1331,27.6425,1.4693
002024.SZ,2018-01-31,1227.9942,665.9717,73.1056,1.5336
002024.SZ,2017-12-31,1144.2039,612.8488,68.1173,1.429
002024.SZ,2017-11-30,1109.7567,594.3985,66.0666,1.386
002024.SZ,2017-10-31,1344.3697,720.0599,80.0337,1.679
002024.SZ,2017-09-30,1219.6152,653.24,109.1768,1.629
002024.SZ,2017-08-31,1108.8257,593.8998,99.2592,1.481
002024.SZ,2017-07-31,1107.8947,593.4012,99.1565,1.4798
002024.SZ,2017-06-30,1047.3795,560.9885,97.0889,1.5182
002024.SZ,2017-05-31,989.6572,533.3937,91.7382,1.4211
002024.SZ,2017-04-30,942.176,507.8029,87.3369,1.3529
002024.SZ,2017-03-31,1005.4843,541.924,142.7405,1.5302
002024.SZ,2017-02-28,1054.8275,568.5184,150.2188,1.6941
002024.SZ,2017-01-31,1030.6214,555.4721,199.7971,1.6049
002024.SZ,2016-12-31,1065.9995,574.5398,206.6555,1.66
002024.SZ,2016-11-30,1086.4816,585.579,210.6262,1.6919
002024.SZ,2016-10-31,1042.7244,561.9953,202.1434,1.6237
002024.SZ,2016-09-30,1009.2083,543.9311,250.4202,1.705
002024.SZ,2016-08-31,1033.4144,556.9774,256.4265,1.7459
002024.SZ,2016-07-31,983.1402,529.8812,245.8883,1.6817
002024.SZ,2016-06-30,1011.0703,544.9347,111.3135,1.7236
002024.SZ,2016-05-31,1025.9664,552.9632,89.5743,2.751
002024.SZ,2016-04-30,819.5178,556.9774,90.2246,2.7281
002024.SZ,2016-03-31,845.3584,574.5398,96.8888,2.7733
002024.SZ,2016-02-29,758.9768,515.8314,87.0307,2.4864
002024.SZ,2016-01-31,785.5558,533.8955,40.0546,2.6629
002065.SZ,2020-12-31,258.585,233.0494,58.0621,2.5917
002065.SZ,2020-11-30,286.9359,258.5857,64.4279,2.8759
002065.SZ,2020-10-31,284.4435,256.3396,63.8683,2.8509
002065.SZ,2020-09-30,317.4677,286.1008,53.0721,3.2004
002065.SZ,2020-08-31,363.2652,327.3734,60.7282,3.6621
002065.SZ,2020-07-31,379.4658,341.9733,64.6033,3.9831
002065.SZ,2020-06-30,390.0584,351.5193,66.4067,4.0284
002065.SZ,2020-05-31,336.1605,302.9409,57.2307,3.4718
002065.SZ,2020-04-30,424.0172,382.1155,72.1881,4.3792
002065.SZ,2020-03-31,402.5203,362.743,62.2419,4.235
002065.SZ,2020-02-29,459.5337,414.1222,71.0579,4.8349
002065.SZ,2020-01-31,433.6751,390.8191,47.8921,4.5123
002065.SZ,2019-12-31,321.5178,289.7452,35.5062,3.3453
002065.SZ,2019-11-30,285.6897,257.4511,31.5496,2.9726
002065.SZ,2019-10-31,222.4454,200.4581,24.5653,2.3145
002065.SZ,2019-09-30,209.9835,189.2279,24.4296,2.2716
002065.SZ,2019-08-31,213.4105,192.3162,24.8283,2.3087
002065.SZ,2019-07-31,210.2951,189.5087,25.4388,2.3319
002065.SZ,2019-06-30,217.7722,196.2518,26.3433,2.3342
002065.SZ,2019-05-31,222.757,200.744,26.9463,2.3876
002065.SZ,2019-04-30,245.1885,220.9588,29.6598,2.628
002065.SZ,2019-03-31,275.7202,248.4733,34.3829,3.0062
002065.SZ,2019-02-28,254.8465,229.6623,31.7799,2.7786
002065.SZ,2019-01-31,200.9486,181.0907,48.0956,2.1763
002065.SZ,2018-12-31,216.526,195.1366,51.824,2.345
002065.SZ,2018-11-30,221.5108,199.6289,53.017,2.399
002065.SZ,2018-10-31,222.757,199.1181,53.3153,2.4125
002065.SZ,2018-09-30,280.3934,250.6381,72.8534,3.1454
002065.SZ,2018-08-31,268.243,239.7771,69.6964,3.0091
002065.SZ,2018-07-31,286.0346,253.9486,86.2651,3.2086
002065.SZ,2018-06-30,270.0217,240.1118,81.4358,2.9905
002065.SZ,2018-05-31,323.3981,287.5758,97.5336,3.5816
002065.SZ,2018-04-30,269.7078,239.8326,81.3411,2.987
002065.SZ,2018-03-31,260.6024,231.7358,37.63,2.9207
002065.SZ,2018-02-28,255.8927,227.5478,36.9499,2.8679
002065.SZ,2018-01-31,246.7873,219.451,21.126,2.7029
002065.SZ,2017-12-31,257.4626,229.1931,22.0399,2.8199
002065.SZ,2017-11-30,297.6519,264.9696,25.4802,3.26
002065.SZ,2017-10-31,316.1766,281.4603,27.066,3.4629
002065.SZ,2017-09-30,352.9121,314.1622,29.7554,3.991
002065.SZ,2017-08-31,313.9788,279.5038,26.4727,3.5507
002065.SZ,2017-07-31,321.5142,286.2119,26.9559,3.636
002065.SZ,2017-06-30,342.0799,298.1817,28.6801,3.8297
002065.SZ,2017-05-31,329.8347,287.508,27.6535,3.6926
002065.SZ,2017-04-30,331.8755,289.2869,27.8246,3.7155
002065.SZ,2017-03-31,334.0734,291.2027,27.492,3.6713
002065.SZ,2017-02-28,331.2476,288.7395,27.2595,3.6402
002065.SZ,2017-01-31,328.2648,286.1395,28.0092,3.8533
002065.SZ,2016-12-31,365.7853,318.8451,31.2107,4.2937
002065.SZ,2016-11-30,364.8433,318.024,31.1303,4.2827
002065.SZ,2016-10-31,337.2132,293.9396,28.7728,3.9583
002065.SZ,2016-09-30,323.3981,281.8974,30.5406,3.7146
002065.SZ,2016-08-31,314.1357,273.8236,29.6659,3.6082
002065.SZ,2016-07-31,312.5659,272.4552,27.2055,3.5901
002065.SZ,2016-06-30,392.705,338.5285,34.1807,4.6984
002065.SZ,2016-05-31,392.705,338.5225,34.1807,4.6984
002065.SZ,2016-04-30,392.705,338.5225,34.1807,4.6984
002065.SZ,2016-03-31,392.705,338.5225,35.5605,4.6408
002065.SZ,2016-02-29,392.705,338.5225,35.5605,4.6408
002065.SZ,2016-01-31,392.705,338.5225,36.1485,5.1936
002038.SZ,2020-12-31,103.7624,86.0192,36.157,2.1124
002038.SZ,2020-11-30,119.1726,98.8031,41.5268,2.4261
002038.SZ,2020-10-31,114.4468,94.8851,39.8801,2.3299
002038.SZ,2020-09-30,119.789,99.3142,36.6653,2.4974
002038.SZ,2020-08-31,128.727,106.7244,39.4011,2.6837
002038.SZ,2020-07-31,143.6235,119.0748,41.2937,2.9943
002038.SZ,2020-06-30,131.6035,109.1093,37.8378,2.6758
002038.SZ,2020-05-31,115.5769,95.822,33.2299,2.3499
002038.SZ,2020-04-30,114.4468,94.8851,32.905,2.327
002038.SZ,2020-03-31,122.7683,101.7843,24.1139,2.5551
002038.SZ,2020-02-29,132.6309,109.9611,26.051,2.7603
002038.SZ,2020-01-31,145.8837,120.9487,26.889,3.0477
002038.SZ,2019-12-31,135.0965,112.0053,24.9008,2.8223
002038.SZ,2019-11-30,128.4188,128.4188,23.6699,2.6828
002038.SZ,2019-10-31,132.6309,132.6309,24.4463,2.7708
002038.SZ,2019-09-30,128.2133,128.2133,22.1774,2.7559
002038.SZ,2019-08-31,136.2266,136.2266,23.5635,2.9281
002038.SZ,2019-07-31,144.1372,144.1372,24.4448,3.0981
002038.SZ,2019-06-30,161.3624,161.3624,27.3661,3.4203
002038.SZ,2019-05-31,158.0749,131.0752,26.8085,3.3506
002038.SZ,2019-04-30,171.5675,142.2631,29.0968,3.6366
002038.SZ,2019-03-31,189.0324,156.745,32.2213,4.1963
002038.SZ,2019-02-28,186.0188,154.2462,31.7076,4.1294
002038.SZ,2019-01-31,165.4718,137.2087,24.5181,3.7099
002038.SZ,2018-12-31,169.9237,140.6633,25.1777,3.8097
002038.SZ,2018-11-30,204.0317,168.898,30.2315,4.5745
002038.SZ,2018-10-31,186.4983,154.3838,27.6336,4.1814
002038.SZ,2018-09-30,220.2638,182.335,33.8353,5.1514
002038.SZ,2018-08-31,237.3179,196.4523,36.455,5.5502
002038.SZ,2018-07-31,238.8931,197.7563,40.5704,5.8161
002038.SZ,2018-06-30,260.1935,215.4452,44.1877,6.3347
002038.SZ,2018-05-31,323.1358,267.5626,54.877,7.8671
002038.SZ,2018-04-30,287.795,238.2997,48.8752,6.4674
002038.SZ,2018-03-31,262.1797,217.0898,49.1364,6.1391
002038.SZ,2018-02-28,205.5385,170.1898,38.2824,4.8091
002038.SZ,2018-01-31,219.7159,181.929,45.2354,5.3104
002038.SZ,2017-12-31,212.1135,175.4132,43.6702,5.1267
002038.SZ,2017-11-30,260.8099,215.6841,53.6958,6.3036
002038.SZ,2017-10-31,227.7977,188.3837,46.8992,5.5058
002038.SZ,2017-09-30,186.0188,153.8335,43.1279,4.6571
002038.SZ,2017-08-31,179.9232,148.7925,41.7146,4.5045
002038.SZ,2017-07-31,183.0053,151.3413,42.5481,4.7061
002038.SZ,2017-06-30,199.6484,165.1048,46.4176,4.9594
002038.SZ,2017-05-31,175.4714,145.2644,40.7965,4.3588
002038.SZ,2017-04-30,173.3482,143.5068,40.3029,4.3061
002038.SZ,2017-03-31,176.7042,146.285,38.7004,4.5271
002038.SZ,2017-02-28,191.9775,158.9291,42.0454,4.9183
002038.SZ,2017-01-31,179.1014,148.2695,43.043,4.7082
002038.SZ,2016-12-31,182.9368,151.4447,43.9648,4.809
002038.SZ,2016-11-30,203.6208,168.568,48.9357,5.3527
002038.SZ,2016-10-31,205.333,169.9855,49.3472,5.3977
002038.SZ,2016-09-30,226.0855,187.1655,50.297,6.1309
002038.SZ,2016-08-31,220.7433,182.7429,49.1085,5.9861
002038.SZ,2016-07-31,219.031,181.3254,40.1851,6.1081
002038.SZ,2016-06-30,206.7028,171.1195,37.9233,5.5522
002038.SZ,2016-05-31,195.4705,161.8209,35.8625,5.2505
002038.SZ,2016-04-30,193.8267,160.4602,35.5609,5.2064
002038.SZ,2016-03-31,162.8007,134.7752,26.6502,4.5413
002038.SZ,2016-02-29,146.1577,120.9972,23.9258,4.0771
002038.SZ,2016-01-31,173.8276,143.9038,25.5569,4.9955
002081.SZ,2020-12-31,251.9674,244.6217,10.8951,1.5342
002081.SZ,2020-11-30,284.9727,276.6648,12.3223,1.7351
002081.SZ,2020-10-31,264.5792,256.8658,11.4405,1.611
002081.SZ,2020-09-30,259.4808,251.9161,11.5438,1.6494
002081.SZ,2020-08-31,282.021,273.7992,12.5465,1.7927
002081.SZ,2020-07-31,240.6973,233.6802,11.5537,1.6038
002081.SZ,2020-06-30,210.9945,204.7632,10.1279,1.4055
002081.SZ,2020-05-31,212.6052,205.6202,10.2052,1.4162
002081.SZ,2020-04-30,216.3633,209.2549,10.3856,1.3915
002081.SZ,2020-03-31,220.39,213.1492,9.2879,1.5138
002081.SZ,2020-02-29,232.7382,225.0918,9.8083,1.5987
002081.SZ,2020-01-31,233.0067,225.3515,10.178,1.6005
002081.SZ,2019-12-31,236.0592,228.9393,10.3113,1.6251
002081.SZ,2019-11-30,215.4509,207.8764,9.4111,1.4832
002081.SZ,2019-10-31,213.8451,206.327,9.341,1.4721
002081.SZ,2019-09-30,242.7503,234.216,10.825,1.7525
002081.SZ,2019-08-31,258.2734,249.1934,11.5172,1.8645
002081.SZ,2019-07-31,295.2079,284.8293,13.596,2.2182
002081.SZ,2019-06-30,275.9377,265.6023,12.7085,2.0734
002081.SZ,2019-05-31,258.2734,248.5996,11.8949,1.9407
002081.SZ,2019-04-30,285.8404,275.1341,13.1646,2.0648
002081.SZ,2019-03-31,315.2809,303.4719,14.7719,2.458
002081.SZ,2019-02-28,289.8551,278.9983,13.5806,2.2598
002081.SZ,2019-01-31,226.1565,217.6857,10.948,1.7632
002081.SZ,2018-12-31,214.108,208.2463,10.3648,1.6866
002081.SZ,2018-11-30,228.6462,222.3865,11.0685,1.8011
002081.SZ,2018-10-31,211.9934,206.1896,10.2624,1.6699
002081.SZ,2018-09-30,237.6335,231.1277,11.8194,1.9679
002081.SZ,2018-08-31,247.9424,241.1544,12.3321,2.0533
002081.SZ,2018-07-31,282.834,275.0908,14.1884,2.4339
002081.SZ,2018-06-30,266.9742,258.4873,13.3928,2.2974
002081.SZ,2018-05-31,325.6556,315.3033,16.3366,2.7099
002081.SZ,2018-04-30,321.955,311.7203,16.151,2.6791
002081.SZ,2018-03-31,343.1015,332.1945,17.6655,2.9869
002081.SZ,2018-02-28,374.2925,362.394,19.2715,3.2585
002081.SZ,2018-01-31,421.3434,407.9492,23.9828,3.8344
002081.SZ,2017-12-31,404.9549,389.7951,23.0499,3.6853
002081.SZ,2017-11-30,372.1779,358.2451,21.1843,3.387
002081.SZ,2017-10-31,362.1333,348.5766,20.6125,3.2956
002081.SZ,2017-09-30,291.8213,280.8968,17.2496,2.7903
002081.SZ,2017-08-31,297.9009,286.7488,17.609,2.8484
002081.SZ,2017-07-31,291.0283,280.1334,17.1418,2.898
002081.SZ,2017-06-30,290.2353,279.3701,17.0951,2.8901
002081.SZ,2017-05-31,267.2385,255.8885,15.7406,2.5601
002081.SZ,2017-04-30,290.764,278.4148,17.1262,2.7854
002081.SZ,2017-03-31,292.8786,280.4396,17.3365,2.9312
002081.SZ,2017-02-28,285.7417,273.6058,16.914,2.8598
002081.SZ,2017-01-31,264.8595,253.6106,16.2401,2.7448
002081.SZ,2016-12-31,258.7799,246.5574,15.8674,2.6818
002081.SZ,2016-11-30,300.0155,285.8454,18.3958,3.1092
002081.SZ,2016-10-31,294.2003,280.3048,18.0392,3.0489
002081.SZ,2016-09-30,318.2544,303.2228,19.4439,3.4714
002081.SZ,2016-08-31,306.0951,291.6379,18.701,3.3387
002081.SZ,2016-07-31,260.8946,248.5722,16.0093,2.9879
002081.SZ,2016-06-30,264.8595,252.3499,16.2526,3.0333
002081.SZ,2016-05-31,267.1504,254.5326,16.3932,2.9409
002081.SZ,2016-04-30,269.6175,256.6648,16.5446,2.968
002081.SZ,2016-03-31,300.9847,286.5251,18.6827,3.4857
002081.SZ,2016-02-29,214.9891,204.6608,13.3448,2.4898
002081.SZ,2016-01-31,217.8086,207.3449,11.4857,2.6069
002129.SZ,2020-12-31,773.3963,684.2254,73.7921,4.0794
002129.SZ,2020-11-30,676.6459,598.6355,64.5609,3.569
002129.SZ,2020-10-31,707.8851,626.2731,67.5415,3.7338
002129.SZ,2020-09-30,671.7932,594.3423,67.8686,3.5916
002129.SZ,2020-08-31,657.2352,581.4626,66.3979,3.5138
002129.SZ,2020-07-31,677.6286,652.8374,69.9781,4.7486
002129.SZ,2020-06-30,625.5461,602.6604,64.5995,4.3836
002129.SZ,2020-05-31,488.795,470.9123,50.4774,3.5973
002129.SZ,2020-04-30,478.2114,460.7159,49.3844,3.5194
002129.SZ,2020-03-31,397.9989,383.438,44.0429,2.9853
002129.SZ,2020-02-29,489.6305,471.7173,54.232,3.4739
002129.SZ,2020-01-31,436.7125,420.7353,48.077,3.3268
002129.SZ,2019-12-31,328.927,316.8931,36.211,2.5057
002129.SZ,2019-11-30,281.5793,271.2777,30.9986,2.145
002129.SZ,2019-10-31,320.293,308.575,35.2605,2.44
002129.SZ,2019-09-30,337.2824,324.9429,43.0012,2.6086
002129.SZ,2019-08-31,302.7465,291.6705,38.5981,2.3414
002129.SZ,2019-07-31,283.5289,269.1833,40.7995,2.1111
002129.SZ,2019-06-30,271.8313,258.0775,39.1162,2.1324
002129.SZ,2019-05-31,282.4149,268.1256,40.6392,2.2154
002129.SZ,2019-04-30,282.9719,268.6544,40.7193,2.2198
002129.SZ,2019-03-31,276.2875,262.3083,43.6986,2.2
002129.SZ,2019-02-28,269.6031,255.9621,44.8711,2.0264
002129.SZ,2019-01-31,234.2317,222.3803,42.033,1.8961
002129.SZ,2018-12-31,201.3668,191.1783,36.1354,1.6301
002129.SZ,2018-11-30,183.5418,174.2552,32.9367,1.399
002129.SZ,2018-10-31,158.7539,150.7215,28.4885,1.2101
002129.SZ,2018-09-30,211.9504,201.2264,34.7154,1.7253
002129.SZ,2018-08-31,207.2156,196.7312,33.9399,1.6867
002129.SZ,2018-07-31,222.9091,222.9091,36.8519,1.8774
002129.SZ,2018-06-30,207.0437,207.0437,34.229,1.7438
002129.SZ,2018-05-31,249.3515,249.3515,41.2235,2.2343
002129.SZ,2018-04-30,300.6497,300.6497,49.7042,2.694
002129.SZ,2018-03-31,273.9429,273.9429,48.9225,2.4893
002129.SZ,2018-02-28,240.6255,240.6255,42.9725,2.1866
002129.SZ,2018-01-31,250.6736,250.6736,49.6958,2.2945
002129.SZ,2017-12-31,303.8228,303.8228,60.2326,2.781
002129.SZ,2017-11-30,263.6304,263.6304,52.2645,2.4131
002129.SZ,2017-10-31,217.8851,217.8851,43.1955,1.9944
002129.SZ,2017-09-30,217.8851,217.8851,51.2399,2.0276
002129.SZ,2017-08-31,217.8851,217.8851,51.2399,2.0276
002129.SZ,2017-07-31,217.8851,217.8851,54.0284,2.0456
002129.SZ,2017-06-30,218.6784,218.6784,54.2251,2.053
002129.SZ,2017-05-31,218.6784,218.6784,54.2251,2.053
002129.SZ,2017-04-30,218.6784,218.6784,54.2251,2.053
002129.SZ,2017-03-31,218.6784,218.6784,54.1864,2.0739
002129.SZ,2017-02-28,218.6784,218.6784,54.1864,2.0739
002129.SZ,2017-01-31,218.6784,218.6784,54.3357,2.0838
002129.SZ,2016-12-31,218.6784,218.6784,54.3357,2.0838
002129.SZ,2016-11-30,218.6784,189.9007,54.3357,2.0838
002129.SZ,2016-10-31,218.6784,189.9007,54.3357,2.0838
002129.SZ,2016-09-30,218.6784,189.9007,60.8199,2.1032
002129.SZ,2016-08-31,218.6784,189.9007,60.8199,2.1032
002129.SZ,2016-07-31,218.6784,189.9007,80.5696,2.1332
002129.SZ,2016-06-30,219.2072,190.36,80.7645,2.1274
002129.SZ,2016-05-31,219.2072,190.36,80.7645,2.1274
002129.SZ,2016-04-30,219.2072,190.36,80.7645,2.1274
002129.SZ,2016-03-31,231.3707,200.9228,114.4372,2.2682
002129.SZ,2016-02-29,201.7552,175.2047,99.7893,1.9778
002129.SZ,2016-01-31,215.7697,187.3748,118.6319,2.1269
002142.SZ,2020-12-31,2123.233,2095.0462,14.8757,2.113
002142.SZ,2020-11-30,2216.958,2187.527,15.5324,2.2063
002142.SZ,2020-10-31,2041.5239,1909.9511,14.3033,2.0317
002142.SZ,2020-09-30,1891.3235,1769.4309,12.8542,1.9088
002142.SZ,2020-08-31,2132.8458,1995.3874,14.4957,2.1526
002142.SZ,2020-07-31,1740.5223,1628.3486,12.1477,1.7566
002142.SZ,2020-06-30,1578.3059,1476.5867,11.0155,1.5916
002142.SZ,2020-05-31,1538.653,1439.5182,10.7388,1.5516
002142.SZ,2020-04-30,1565.0882,1464.2502,10.2329,1.6083
002142.SZ,2020-03-31,1297.8928,1296.1847,9.464,1.8361
002142.SZ,2020-02-29,1416.0877,1414.3877,10.3259,2.0033
002142.SZ,2020-01-31,1515.7091,1513.8896,11.6823,1.836
002142.SZ,2019-12-31,1584.3748,1582.4727,12.2115,1.9191
002142.SZ,2019-11-30,1496.01,1494.214,11.5304,1.8121
002142.SZ,2019-10-31,1520.2118,1518.3868,11.717,1.8414
002142.SZ,2019-09-30,1418.9019,1273.2543,11.5094,1.7936
002142.SZ,2019-08-31,1285.5105,1153.5553,10.4274,1.625
002142.SZ,2019-07-31,1267.1305,1130.8423,10.2784,1.6994
002142.SZ,2019-06-30,1262.5609,1122.5174,10.743,1.804
002142.SZ,2019-05-31,1208.3917,1074.3566,10.2821,1.7266
002142.SZ,2019-04-30,1192.7659,1060.4641,10.1491,1.7043
002142.SZ,2019-03-31,1106.2972,983.5442,9.8897,1.7113
002142.SZ,2019-02-28,1005.2512,893.7101,8.9867,1.6804
002142.SZ,2019-01-31,908.8929,808.0436,8.3465,1.4814
002142.SZ,2018-12-31,844.8274,751.0867,7.7582,1.377
002142.SZ,2018-11-30,880.7664,783.038,8.0882,1.4356
002142.SZ,2018-10-31,917.2263,815.4523,8.423,1.495
002142.SZ,2018-09-30,900.3858,797.6742,8.7677,1.514
002142.SZ,2018-08-31,850.7024,753.6584,8.2839,1.4305
002142.SZ,2018-07-31,883.6557,782.8525,8.605,1.5384
002142.SZ,2018-06-30,825.8594,731.5962,8.4304,1.5382
002142.SZ,2018-05-31,862.8684,764.381,8.8081,1.6071
002142.SZ,2018-04-30,918.1285,813.3337,9.3722,1.71
002142.SZ,2018-03-31,964.7701,854.5507,10.3366,1.9154
002142.SZ,2018-02-28,1028.1417,910.6825,11.015,1.9662
002142.SZ,2018-01-31,1016.4813,900.3542,11.5053,2.0796
002142.SZ,2017-12-31,902.9193,801.2213,10.2199,1.8473
002142.SZ,2017-11-30,931.8168,826.8639,10.547,1.9064
002142.SZ,2017-10-31,869.4591,771.5297,9.8412,1.7708
002142.SZ,2017-09-30,800.0038,709.8973,9.482,1.6989
002142.SZ,2017-08-31,806.5944,715.7457,9.5601,1.7129
002142.SZ,2017-07-31,801.5247,711.247,9.8475,1.7022
002142.SZ,2017-06-30,752.6603,666.6152,9.2471,1.6087
002142.SZ,2017-05-31,719.512,636.9792,8.8399,1.5379
002142.SZ,2017-04-30,686.7537,607.9785,8.4374,1.4679
002142.SZ,2017-03-31,718.3421,635.9435,9.1977,1.4287
002142.SZ,2017-02-28,734.3312,650.0986,9.4024,1.4605
002142.SZ,2017-01-31,692.2134,612.812,8.8632,1.3768
002142.SZ,2016-12-31,648.9257,574.4896,8.5755,1.4283
002142.SZ,2016-11-30,683.6339,605.2166,9.0342,1.5047
002142.SZ,2016-10-31,654.7754,579.6683,8.6528,1.4411
002142.SZ,2016-09-30,610.3178,540.3103,8.5581,1.4367
002142.SZ,2016-08-31,651.2656,576.5611,9.1323,1.5331
002142.SZ,2016-07-31,601.3482,532.3696,8.8137,1.4156
002142.SZ,2016-06-30,576.3896,510.2739,8.4479,1.3592
002142.SZ,2016-05-31,581.0693,514.0888,8.5164,1.3702
002142.SZ,2016-04-30,546.7511,483.7265,8.0135,1.2893
002142.SZ,2016-03-31,525.3023,464.7501,8.026,1.3075
002142.SZ,2016-02-29,466.0254,412.3061,7.1203,1.1599
002142.SZ,2016-01-31,473.045,418.5166,7.4336,1.2323
002153.SZ,2020-12-31,333.0088,195.1512,247.9267,3.8342
002153.SZ,2020-11-30,357.4144,162.8613,266.0968,4.1152
002153.SZ,2020-10-31,394.4622,179.7427,293.679,4.5418
002153.SZ,2020-09-30,410.095,186.8661,188.4904,4.7498
002153.SZ,2020-08-31,352.2748,160.5194,161.9147,4.0801
002153.SZ,2020-07-31,393.4985,179.3036,118.1677,4.5929
002153.SZ,2020-06-30,417.9115,190.4277,125.4989,4.8778
002153.SZ,2020-05-31,317.5655,144.5962,95.365,3.6882
002153.SZ,2020-04-30,327.9407,149.3203,98.4807,3.8087
002153.SZ,2020-03-31,309.7574,141.0409,80.85,3.4395
002153.SZ,2020-02-29,415.1134,189.0124,108.3491,4.6094
002153.SZ,2020-01-31,401.7433,182.9246,85.4773,4.6839
002153.SZ,2019-12-31,417.1456,189.9377,88.7544,4.8634
002153.SZ,2019-11-30,385.4099,175.2486,82.132,4.5005
002153.SZ,2019-10-31,388.2933,176.5596,82.7464,4.5342
002153.SZ,2019-09-30,421.2918,191.5643,90.0558,5.0198
002153.SZ,2019-08-31,363.0905,165.0998,77.6146,4.3263
002153.SZ,2019-07-31,382.313,173.8404,81.4132,4.6327
002153.SZ,2019-06-30,386.3788,175.6351,82.3001,4.6832
002153.SZ,2019-05-31,356.0578,161.8522,75.8416,4.2606
002153.SZ,2019-04-30,332.4402,151.104,70.811,3.9788
002153.SZ,2019-03-31,348.3439,158.2146,80.1467,4.1601
002153.SZ,2019-02-28,341.9425,155.3071,78.6739,4.0836
002153.SZ,2019-01-31,296.3858,134.6157,64.9135,3.5564
002153.SZ,2018-12-31,276.9384,125.7648,60.6607,3.3234
002153.SZ,2018-11-30,306.1684,139.0389,67.0632,3.6742
002153.SZ,2018-10-31,310.9689,141.2189,68.1147,3.7318
002153.SZ,2018-09-30,360.1479,163.5524,81.7404,4.4598
002153.SZ,2018-08-31,381.9104,173.4353,86.6797,4.7293
002153.SZ,2018-07-31,348.5199,158.2718,82.3611,6.6827
002153.SZ,2018-06-30,309.3687,140.4923,73.109,5.932
002153.SZ,2018-05-31,318.7565,144.7555,75.3275,5.9895
002153.SZ,2018-04-30,265.5237,120.5811,62.7477,4.9892
002153.SZ,2018-03-31,286.2194,129.9796,66.2481,5.4457
002153.SZ,2018-02-28,302.968,137.5855,70.1247,5.7643
002153.SZ,2018-01-31,270.1109,122.6643,67.0847,5.2225
002153.SZ,2017-12-31,284.4059,129.1578,70.635,5.4989
002153.SZ,2017-11-30,302.968,137.5875,75.2451,5.8578
002153.SZ,2017-10-31,254.9625,115.7867,63.3225,4.9297
002153.SZ,2017-09-30,250.9087,113.9457,63.4252,4.9433
002153.SZ,2017-08-31,245.2547,111.3781,61.9959,4.8319
002153.SZ,2017-07-31,237.2538,107.7446,60.2652,4.7484
002153.SZ,2017-06-30,242.4811,110.1184,61.593,4.853
002153.SZ,2017-05-31,219.9718,99.8963,55.8753,4.3652
002153.SZ,2017-04-30,226.6926,102.9484,57.5825,4.4986
002153.SZ,2017-03-31,230.3197,104.5956,59.402,4.6286
002153.SZ,2017-02-28,252.7223,114.7693,65.6294,5.1138
002153.SZ,2017-01-31,238.6406,108.3744,61.5935,4.7758
002153.SZ,2016-12-31,259.9764,119.2085,67.1003,5.2028
002153.SZ,2016-11-30,273.6313,125.4697,70.6246,5.4761
002153.SZ,2016-10-31,265.7371,121.8499,68.1173,5.4853
002153.SZ,2016-09-30,260.5098,119.453,71.7105,5.4939
002153.SZ,2016-08-31,265.2037,121.6053,73.0025,5.5929
002153.SZ,2016-07-31,260.7232,119.5509,71.6646,5.6653
002153.SZ,2016-06-30,281.4189,129.0406,77.3532,6.115
002153.SZ,2016-05-31,284.8326,130.6059,78.2915,6.1892
002153.SZ,2016-04-30,289.7398,132.856,79.6404,6.2379
002153.SZ,2016-03-31,322.0635,147.6776,89.2153,6.9606
002153.SZ,2016-02-29,252.7934,115.9148,65.9109,5.432
002153.SZ,2016-01-31,284.797,130.5896,73.4477,6.395
002146.SZ,2020-12-31,283.9351,254.2279,3.2873,0.6623
002146.SZ,2020-11-30,317.8508,284.6209,3.6799,0.7414
002146.SZ,2020-10-31,305.6759,273.7189,3.539,0.713
002146.SZ,2020-09-30,331.7649,297.0804,3.6372,0.8055
002146.SZ,2020-08-31,358.2887,320.8312,3.9279,0.8699
002146.SZ,2020-07-31,357.4191,320.0525,3.8764,0.9034
002146.SZ,2020-06-30,352.2013,315.3802,3.8198,0.8456
002146.SZ,2020-05-31,338.722,303.3089,3.6736,0.8132
002146.SZ,2020-04-30,352.2013,315.379,3.8198,0.8456
002146.SZ,2020-03-31,336.9827,301.7515,3.7023,0.8245
002146.SZ,2020-02-29,372.2028,333.2894,4.0892,0.9107
002146.SZ,2020-01-31,393.9436,352.7573,4.5211,1.074
002146.SZ,2019-12-31,427.4245,382.7377,4.9054,1.1653
002146.SZ,2019-11-30,375.2465,336.0149,4.3065,1.023
002146.SZ,2019-10-31,378.2903,338.7404,4.3415,1.0313
002146.SZ,2019-09-30,360.028,322.3874,4.3575,1.0977
002146.SZ,2019-08-31,352.6361,315.7684,4.2681,1.0751
002146.SZ,2019-07-31,380.4643,340.6872,4.9118,1.1694
002146.SZ,2019-06-30,408.2926,365.4281,5.2711,1.1838
002146.SZ,2019-05-31,409.1622,366.2065,5.2823,1.1863
002146.SZ,2019-04-30,450.035,402.7882,5.81,1.3048
002146.SZ,2019-03-31,489.1684,437.8133,6.3849,1.4396
002146.SZ,2019-02-28,415.2496,371.6548,5.4201,1.222
002146.SZ,2019-01-31,399.1614,357.2556,5.2101,1.1747
002146.SZ,2018-12-31,345.679,309.5378,5.1525,1.1638
002146.SZ,2018-11-30,364.3761,326.2801,5.4312,1.2268
002146.SZ,2018-10-31,345.2442,309.1484,5.146,1.1623
002146.SZ,2018-09-30,346.9835,310.7059,5.4876,1.2295
002146.SZ,2018-08-31,353.0709,316.1568,5.5839,1.2511
002146.SZ,2018-07-31,356.9843,319.661,6.0471,1.269
002146.SZ,2018-06-30,379.5947,339.8093,6.4301,1.3494
002146.SZ,2018-05-31,403.0748,360.8285,6.8279,1.4328
002146.SZ,2018-04-30,444.3823,397.8066,7.5276,1.5797
002146.SZ,2018-03-31,435.686,390.0217,7.5531,1.5738
002146.SZ,2018-02-28,476.5588,426.6106,8.2617,1.7214
002146.SZ,2018-01-31,598.3073,535.5987,10.3723,2.1612
002146.SZ,2017-12-31,414.38,370.7502,8.6976,1.6786
002146.SZ,2017-11-30,379.5947,339.6274,7.9675,1.5376
002146.SZ,2017-10-31,413.0756,369.5831,8.6703,1.6733
002146.SZ,2017-09-30,415.6845,371.9173,9.1766,1.7606
002146.SZ,2017-08-31,443.5127,396.8155,9.791,1.8784
002146.SZ,2017-07-31,458.7313,410.4317,10.7325,2.0493
002146.SZ,2017-06-30,429.1638,383.9774,10.0407,1.9173
002146.SZ,2017-05-31,450.9046,403.2933,10.5493,1.8691
002146.SZ,2017-04-30,510.9093,456.962,11.9532,2.1179
002146.SZ,2017-03-31,379.1599,339.1242,9.2337,1.605
002146.SZ,2017-02-28,370.4636,331.3461,9.0219,1.5682
002146.SZ,2017-01-31,353.0709,315.7899,12.0614,1.6277
002146.SZ,2016-12-31,341.3309,264.1493,11.6603,1.5736
002146.SZ,2016-11-30,385.2473,298.0141,13.1606,1.776
002146.SZ,2016-10-31,355.6798,275.1417,12.1505,1.6397
002146.SZ,2016-09-30,340.0264,263.0328,12.6258,1.633
002146.SZ,2016-08-31,343.5049,265.7237,12.755,1.6497
002146.SZ,2016-07-31,303.5018,234.7786,12.3257,1.5281
002146.SZ,2016-06-30,292.1966,226.0333,11.8666,1.4712
002146.SZ,2016-05-31,296.11,228.9608,12.0255,1.4135
002146.SZ,2016-04-30,301.3278,232.9954,12.2374,1.4384
002146.SZ,2016-03-31,315.6767,244.0904,13.0075,1.5862
002146.SZ,2016-02-29,305.2411,236.0213,12.5775,1.5337
002146.SZ,2016-01-31,293.5011,226.9436,10.3042,1.9645
002202.SZ,2020-12-31,593.2747,483.5714,22.3972,1.9935
002202.SZ,2020-11-30,513.3203,424.5248,19.6624,1.7501
002202.SZ,2020-10-31,468.1106,392.9654,18.2007,1.62
002202.SZ,2020-09-30,399.0393,347.1534,18.7909,1.4714
002202.SZ,2020-08-31,422.5772,370.5684,20.0583,1.5707
002202.SZ,2020-07-31,503.0746,441.1529,19.097,1.8626
002202.SZ,2020-06-30,391.0331,338.3303,14.6459,1.4285
002202.SZ,2020-05-31,376.8715,321.1448,13.9261,1.3583
002202.SZ,2020-04-30,398.1606,338.0828,14.6606,1.4299
002202.SZ,2020-03-31,375.6019,321.8223,16.8055,1.4422
002202.SZ,2020-02-29,416.9041,356.3758,18.6098,1.5971
002202.SZ,2020-01-31,462.6437,398.7209,20.8211,1.7868
002202.SZ,2019-12-31,475.1657,404.8185,21.1395,1.8142
002202.SZ,2019-11-30,460.5352,392.5472,20.5027,1.7595
002202.SZ,2019-10-31,499.089,425.7392,22.2363,1.9083
002202.SZ,2019-09-30,496.8803,424.0458,18.4241,1.999
002202.SZ,2019-08-31,511.4663,438.6096,19.0569,2.0676
002202.SZ,2019-07-31,472.7614,405.0789,15.7642,1.7032
002202.SZ,2019-06-30,487.1339,422.6176,16.3837,1.7701
002202.SZ,2019-05-31,450.6117,388.6178,15.0656,1.6277
002202.SZ,2019-04-30,455.7971,393.0378,15.237,1.6958
002202.SZ,2019-03-31,577.1751,494.6972,16.0861,2.2529
002202.SZ,2019-02-28,451.4937,394.5096,15.2791,2.0933
002202.SZ,2019-01-31,425.6029,366.8197,14.3815,2.0509
002202.SZ,2018-12-31,329.8527,285.1952,11.1806,1.5945
002202.SZ,2018-11-30,364.877,314.5997,12.3334,1.7589
002202.SZ,2018-10-31,289.1505,250.9375,9.8376,1.4029
002202.SZ,2018-09-30,397.1347,342.8623,12.3736,1.9166
002202.SZ,2018-08-31,401.1561,347.43,12.5384,1.9421
002202.SZ,2018-07-31,461.5189,390.9871,15.9208,2.1692
002202.SZ,2018-06-30,419.6767,354.5231,14.4361,1.9669
002202.SZ,2018-05-31,535.8016,452.6901,18.4334,2.5115
002202.SZ,2018-04-30,579.6867,483.5426,19.6897,2.6827
002202.SZ,2018-03-31,592.3005,508.2246,21.0951,2.8404
002202.SZ,2018-02-28,578.2725,495.6031,20.5713,2.9652
002202.SZ,2018-01-31,598.804,508.505,20.4133,3.1951
002202.SZ,2017-12-31,619.9704,528.7009,21.224,3.322
002202.SZ,2017-11-30,517.1196,443.1552,17.7899,2.7845
002202.SZ,2017-10-31,473.1588,403.8882,16.2135,2.5378
002202.SZ,2017-09-30,433.4497,366.3042,17.2925,2.4328
002202.SZ,2017-08-31,395.5522,336.2931,15.8758,2.2334
002202.SZ,2017-07-31,390.2568,328.5901,14.8101,2.0676
002202.SZ,2017-06-30,395.307,333.7681,15.0435,2.1002
002202.SZ,2017-05-31,391.7168,327.7271,14.7712,2.0622
002202.SZ,2017-04-30,385.7795,323.8435,14.5961,2.0377
002202.SZ,2017-03-31,410.9609,346.4975,14.6297,2.1993
002202.SZ,2017-02-28,433.2465,363.7576,15.3585,2.3088
002202.SZ,2017-01-31,430.756,360.0899,15.8401,2.3871
002202.SZ,2016-12-31,441.0889,369.1516,16.2388,2.4472
002202.SZ,2016-11-30,475.5141,406.4767,17.8807,2.6946
002202.SZ,2016-10-31,394.1528,335.2785,14.7487,2.2226
002202.SZ,2016-09-30,400.3803,338.2991,14.0443,2.3843
002202.SZ,2016-08-31,413.6195,352.323,14.6264,2.4831
002202.SZ,2016-07-31,392.9521,335.7101,14.3257,2.4855
002202.SZ,2016-06-30,383.4465,326.4327,13.9298,2.4168
002202.SZ,2016-05-31,388.6295,325.7647,13.9022,2.412
002202.SZ,2016-04-30,405.9102,340.2192,14.519,2.519
002202.SZ,2016-03-31,413.3179,354.2422,15.7633,2.6798
002202.SZ,2016-02-29,358.4455,311.9575,13.8817,2.3599
002202.SZ,2016-01-31,400.4279,345.6126,15.9784,2.7337
002230.SZ,2020-12-31,909.2503,828.2207,90.9386,7.2638
002230.SZ,2020-11-30,840.027,773.7602,84.0152,6.9848
002230.SZ,2020-10-31,836.0709,770.1161,83.6196,6.9519
002230.SZ,2020-09-30,753.211,693.7928,84.8294,6.4267
002230.SZ,2020-08-31,828.3783,763.0304,93.295,7.068
002230.SZ,2020-07-31,804.8611,740.3438,137.384,7.2666
002230.SZ,2020-06-30,822.6638,716.2951,140.4228,7.4273
002230.SZ,2020-05-31,702.4447,614.4391,119.9022,6.2134
002230.SZ,2020-04-30,731.6858,631.0023,124.8935,6.4721
002230.SZ,2020-03-31,757.629,643.4433,96.0863,6.511
002230.SZ,2020-02-29,848.4301,714.1891,107.6021,7.2914
002230.SZ,2020-01-31,773.6786,651.265,111.0733,6.9034
002230.SZ,2019-12-31,758.0687,638.1249,108.8323,6.7641
002230.SZ,2019-11-30,724.6503,607.7354,104.0346,6.4659
002230.SZ,2019-10-31,727.5085,610.1324,104.4449,6.4914
002230.SZ,2019-09-30,701.089,587.453,116.6702,6.1316
002230.SZ,2019-08-31,723.9745,606.6291,120.4786,6.3317
002230.SZ,2019-07-31,722.8743,604.7507,128.6353,6.5522
002230.SZ,2019-06-30,695.5571,614.6155,123.7742,8.5129
002230.SZ,2019-05-31,608.5079,537.6961,108.2838,7.4475
002230.SZ,2019-04-30,676.0966,588.5418,120.3112,8.2747
002230.SZ,2019-03-31,759.3793,661.0394,143.6441,9.5534
002230.SZ,2019-02-28,747.2426,650.4744,141.3483,9.4007
002230.SZ,2019-01-31,571.0516,497.1262,117.7036,7.4464
002230.SZ,2018-12-31,515.5995,449.0085,106.274,6.7233
002230.SZ,2018-11-30,515.181,447.5041,106.1877,6.7179
002230.SZ,2018-10-31,472.2841,410.2424,97.3459,6.1585
002230.SZ,2018-09-30,597.836,519.3011,130.5333,7.7174
002230.SZ,2018-08-31,653.9158,568.014,142.7779,8.4413
002230.SZ,2018-07-31,654.1071,570.1242,147.7589,8.5174
002230.SZ,2018-06-30,667.8515,582.1041,150.8636,8.6963
002230.SZ,2018-05-31,754.0662,657.2495,170.339,9.819
002230.SZ,2018-04-30,732.9525,631.8942,165.5696,9.3684
002230.SZ,2018-03-31,844.7423,728.2706,194.3384,10.9455
002230.SZ,2018-02-28,766.42,660.7472,179.0904,9.8778
002230.SZ,2018-01-31,763.226,657.9936,203.7584,9.2396
002230.SZ,2017-12-31,821.2734,699.5794,219.2553,9.9423
002230.SZ,2017-11-30,914.5936,775.5898,244.1689,11.0721
002230.SZ,2017-10-31,744.3398,631.2119,198.7163,9.011
002230.SZ,2017-09-30,745.0341,631.8007,221.989,9.1161
002230.SZ,2017-08-31,791.6942,671.3692,235.8917,9.687
002230.SZ,2017-07-31,658.5185,558.4341,135.0132,8.7505
002230.SZ,2017-06-30,554.0888,469.876,113.6024,7.3629
002230.SZ,2017-05-31,414.1084,351.4884,84.9029,5.5028
002230.SZ,2017-04-30,420.4974,368.8316,86.2128,6.3009
002230.SZ,2017-03-31,465.598,408.3908,96.1125,6.8408
002230.SZ,2017-02-28,404.6432,357.8946,84.2209,5.6999
002230.SZ,2017-01-31,355.5756,314.4958,73.8779,5.4921
002230.SZ,2016-12-31,355.4911,314.3502,74.0419,5.5043
002230.SZ,2016-11-30,387.9722,345.484,80.007,5.9549
002230.SZ,2016-10-31,388.0137,348.9761,80.8157,6.0151
002230.SZ,2016-09-30,367.9529,330.9337,68.3548,5.7441
002230.SZ,2016-08-31,393.0612,353.5158,73.0192,6.1361
002230.SZ,2016-07-31,375.194,317.1638,87.2549,5.9723
002230.SZ,2016-06-30,425.0042,359.2701,98.8387,6.7652
002230.SZ,2016-05-31,375.0403,331.8317,87.3452,5.9785
002230.SZ,2016-04-30,359.5375,318.115,83.7346,5.7314
002230.SZ,2016-03-31,360.8294,254.8902,84.8422,5.7569
002230.SZ,2016-02-29,325.6452,229.9014,77.5938,5.1939
002230.SZ,2016-01-31,325.5166,229.8105,80.302,5.3575
002195.SZ,2020-12-31,129.3816,127.5555,38.5495,1.2502
002195.SZ,2020-11-30,145.4111,143.3576,43.3256,1.4051
002195.SZ,2020-10-31,154.5709,152.388,46.0548,1.4936
002195.SZ,2020-09-30,162.5857,160.2896,50.4267,1.5813
002195.SZ,2020-08-31,172.8904,170.4488,53.6228,1.6815
002195.SZ,2020-07-31,176.8978,174.3996,42.1213,1.7588
002195.SZ,2020-06-30,160.8682,158.5964,38.3045,1.5995
002195.SZ,2020-05-31,163.1582,160.854,39.1591,1.6031
002195.SZ,2020-04-30,171.9587,167.0269,40.9453,1.6762
002195.SZ,2020-03-31,160.4179,155.8171,21.1841,1.5795
002195.SZ,2020-02-29,182.3455,177.1158,24.0798,1.7954
002195.SZ,2020-01-31,182.3455,177.1158,17.9086,1.8247
002195.SZ,2019-12-31,186.3848,181.0393,18.3053,1.8652
002195.SZ,2019-11-30,174.2669,168.703,17.1152,1.7439
002195.SZ,2019-10-31,188.1159,182.0978,18.4753,1.8825
002195.SZ,2019-09-30,191.0012,184.8907,13.6501,1.9308
002195.SZ,2019-08-31,189.27,183.0807,13.5264,1.9133
002195.SZ,2019-07-31,212.3517,205.4077,13.3381,2.2072
002195.SZ,2019-06-30,224.4696,217.1293,14.0993,2.3331
002195.SZ,2019-05-31,225.4906,218.1168,14.1634,2.3117
002195.SZ,2019-04-30,248.3617,239.9334,15.6,2.5431
002195.SZ,2019-03-31,269.2437,260.1067,19.7224,2.8909
002195.SZ,2019-02-28,217.7053,210.3173,15.9472,2.3375
002195.SZ,2019-01-31,155.9481,150.6558,11.8461,1.7924
002195.SZ,2018-12-31,163.9454,159.7453,12.4536,1.8843
002195.SZ,2018-11-30,171.4984,164.1634,13.0274,1.9712
002195.SZ,2018-10-31,176.3857,167.9299,13.3986,2.0273
002195.SZ,2018-09-30,191.0475,181.8888,17.2312,2.3256
002195.SZ,2018-08-31,198.7187,189.5027,17.9231,2.4238
002195.SZ,2018-07-31,199.1622,189.9257,18.0326,2.4305
002195.SZ,2018-06-30,189.8473,181.0428,19.8878,2.4448
002195.SZ,2018-05-31,202.8906,186.2032,21.2542,2.5742
002195.SZ,2018-04-30,251.0515,230.4029,26.2993,3.1852
002195.SZ,2018-03-31,195.7177,179.6202,21.008,2.565
002195.SZ,2018-02-28,206.6478,189.6514,22.1812,2.7082
002195.SZ,2018-01-31,207.0151,188.4459,21.1104,2.6307
002195.SZ,2017-12-31,199.4997,181.8211,20.344,2.5352
002195.SZ,2017-11-30,197.4175,185.9089,20.1317,2.6893
002195.SZ,2017-10-31,223.0818,203.4628,22.7488,3.0462
002195.SZ,2017-09-30,234.2523,133.888,27.3691,3.3265
002195.SZ,2017-08-31,266.4497,151.8934,31.131,3.7837
002195.SZ,2017-07-31,257.9075,147.0239,30.2513,3.6642
002195.SZ,2017-06-30,234.9094,133.9135,31.2824,3.5903
002195.SZ,2017-05-31,196.7982,110.0733,26.2072,3.0078
002195.SZ,2017-04-30,193.8413,108.4194,25.8134,2.9626
002195.SZ,2017-03-31,223.7969,121.1315,35.2455,3.3707
002195.SZ,2017-02-28,225.7295,122.1775,35.5533,3.3998
002195.SZ,2017-01-31,190.9424,86.8492,38.8156,2.9439
002195.SZ,2016-12-31,218.7721,99.5152,44.4729,3.373
002195.SZ,2016-11-30,235.1993,106.9876,47.8123,3.6262
002195.SZ,2016-10-31,227.9185,97.7871,46.3323,3.5851
002195.SZ,2016-09-30,216.6468,92.951,46.4629,3.4812
002195.SZ,2016-08-31,222.1871,95.3281,47.6511,3.5702
002195.SZ,2016-07-31,225.0528,96.5576,48.7395,3.6168
002195.SZ,2016-06-30,234.7962,100.738,52.441,3.8563
002195.SZ,2016-05-31,247.7874,106.0209,55.3425,4.0068
002195.SZ,2016-04-30,229.1603,108.1566,51.1823,3.7056
002195.SZ,2016-03-31,257.0531,121.3212,61.0988,4.2209
002195.SZ,2016-02-29,224.9573,106.1729,53.4699,3.6939
002195.SZ,2016-01-31,233.0768,110.0051,57.149,4.9279
002292.SZ,2020-12-31,82.651,49.581,-184.6558,2.136
002292.SZ,2020-11-30,107.2156,64.3169,-239.5371,2.7708
002292.SZ,2020-10-31,87.1296,52.2676,-194.6618,2.2517
002292.SZ,2020-09-30,92.1511,55.28,-226.5424,2.3257
002292.SZ,2020-08-31,119.43,71.6441,-293.6043,3.0141
002292.SZ,2020-07-31,130.9659,78.5643,602.9993,3.2562
002292.SZ,2020-06-30,114.2728,68.5504,526.1403,2.8412
002292.SZ,2020-05-31,89.7082,53.7701,413.0389,2.2304
002292.SZ,2020-04-30,86.4511,51.8178,398.042,2.1495
002292.SZ,2020-03-31,98.3941,58.9763,84.6235,2.4778
002292.SZ,2020-02-29,103.0084,61.7421,88.592,2.594
002292.SZ,2020-01-31,119.9729,71.9104,103.1823,3.0212
002292.SZ,2019-12-31,134.7659,80.7772,-8.5064,3.3411
002292.SZ,2019-11-30,112.5085,67.4392,-7.1015,2.7893
002292.SZ,2019-10-31,96.2226,57.6772,-6.0736,2.3855
002292.SZ,2019-09-30,83.0582,49.7862,-5.1197,2.0609
002292.SZ,2019-08-31,84.2796,50.5184,-5.195,2.0912
002292.SZ,2019-07-31,83.3296,49.9489,-5.1515,2.1131
002292.SZ,2019-06-30,86.9939,52.1423,-5.3781,2.2061
002292.SZ,2019-05-31,88.0797,52.7931,-5.4452,2.2336
002292.SZ,2019-04-30,98.6655,59.138,-6.0996,2.502
002292.SZ,2019-03-31,113.0514,67.7606,-7.0105,2.8778
002292.SZ,2019-02-28,92.5583,55.4775,-5.7397,2.3561
002292.SZ,2019-01-31,69.0794,41.4048,-4.2838,1.7584
002292.SZ,2018-12-31,76.8152,43.2022,-50.304,1.3645
002292.SZ,2018-11-30,90.1154,50.6824,-59.0139,1.6007
002292.SZ,2018-10-31,73.9652,41.5992,-48.4376,1.3138
002292.SZ,2018-09-30,86.3153,48.5452,148.8838,1.5438
002292.SZ,2018-08-31,87.6725,49.3085,151.2248,1.568
002292.SZ,2018-07-31,113.3228,63.7346,124.7089,2.0755
002292.SZ,2018-06-30,121.1943,68.1604,133.3713,2.2196
002292.SZ,2018-05-31,161.9091,91.0587,178.1769,2.9653
002292.SZ,2018-04-30,163.2663,91.8219,179.6704,2.9902
002292.SZ,2018-03-31,169.7807,95.4857,206.115,3.1149
002292.SZ,2018-02-28,157.1591,88.3872,190.7923,2.8833
002292.SZ,2018-01-31,167.3378,94.1118,44.5053,3.07
002292.SZ,2017-12-31,186.7623,108.6284,49.6715,3.733
002292.SZ,2017-11-30,188.2,109.4646,50.0539,3.7618
002292.SZ,2017-10-31,195.1268,113.4935,51.8961,3.9002
002292.SZ,2017-09-30,193.9505,112.8094,56.8641,4.0093
002292.SZ,2017-08-31,200.4995,116.5342,58.7841,4.1382
002292.SZ,2017-07-31,187.9437,109.2366,40.5249,3.9298
002292.SZ,2017-06-30,221.0334,128.4689,47.6597,4.6217
002292.SZ,2017-05-31,195.6603,112.7009,42.1887,4.0469
002292.SZ,2017-04-30,222.7336,128.2952,48.0263,4.6069
002292.SZ,2017-03-31,262.6242,151.2723,52.6888,5.4769
002292.SZ,2017-02-28,287.6049,148.1533,57.4023,5.9836
002292.SZ,2017-01-31,281.7194,145.1215,51.6089,5.9891
002292.SZ,2016-12-31,296.891,152.9368,54.3882,6.3117
002292.SZ,2016-11-30,352.3455,181.503,64.547,7.4906
002292.SZ,2016-10-31,362.4162,186.6907,66.3919,7.7047
002292.SZ,2016-09-30,365.9475,188.5098,69.5271,8.0588
002292.SZ,2016-08-31,379.0685,195.1548,72.02,8.3325
002292.SZ,2016-07-31,374.8799,192.9984,71.1506,8.2628
002292.SZ,2016-06-30,392.027,201.8262,80.0756,8.8258
002292.SZ,2016-05-31,412.1797,208.5604,84.1919,9.1863
002292.SZ,2016-04-30,441.8828,223.59,90.2591,9.8483
002292.SZ,2016-03-31,532.6931,269.5395,108.9263,12.5451
002292.SZ,2016-02-29,433.8628,224.9142,87.964,14.1828
002292.SZ,2016-01-31,389.482,203.8346,74.9392,13.3799
002294.SZ,2020-12-31,296.3363,296.2473,111.5128,5.1193
002294.SZ,2020-11-30,284.8302,284.7888,107.183,4.9205
002294.SZ,2020-10-31,322.3821,322.3353,121.314,5.5692
002294.SZ,2020-09-30,360.6663,360.6139,129.1517,6.2898
002294.SZ,2020-08-31,394.4526,394.3953,141.2503,6.8791
002294.SZ,2020-07-31,364.0136,363.9607,66.951,6.076
002294.SZ,2020-06-30,310.2483,310.2033,57.0622,5.1786
002294.SZ,2020-05-31,208.471,208.4418,38.3429,3.4797
002294.SZ,2020-04-30,195.8142,195.7867,36.015,3.0093
002294.SZ,2020-03-31,185.5632,185.5372,26.1705,2.8681
002294.SZ,2020-02-29,193.8268,193.7996,27.336,2.9958
002294.SZ,2020-01-31,194.1406,194.1133,18.9376,2.9666
002294.SZ,2019-12-31,208.5756,208.5463,20.3457,3.1871
002294.SZ,2019-11-30,194.1406,194.1133,18.9376,2.9666
002294.SZ,2019-10-31,195.9188,195.8913,19.1111,2.9937
002294.SZ,2019-09-30,195.605,195.5776,15.0338,3.0293
002294.SZ,2019-08-31,230.8557,230.8234,17.7432,3.5752
002294.SZ,2019-07-31,234.6214,234.5885,17.1948,3.8177
002294.SZ,2019-06-30,234.0984,234.0655,17.1565,3.8092
002294.SZ,2019-05-31,233.3662,233.3334,17.1028,3.7973
002294.SZ,2019-04-30,251.6714,251.6362,18.4443,4.0951
002294.SZ,2019-03-31,284.4118,284.3719,19.504,4.2699
002294.SZ,2019-02-28,254.9141,254.8783,17.4996,3.8266
002294.SZ,2019-01-31,207.425,207.3959,13.7563,3.2561
002294.SZ,2018-12-31,218.5127,218.5127,14.4917,3.4301
002294.SZ,2018-11-30,265.1651,265.1651,17.5856,4.1624
002294.SZ,2018-10-31,257.8429,257.8429,17.1,4.0475
002294.SZ,2018-09-30,295.6041,295.6041,19.5613,4.9233
002294.SZ,2018-08-31,306.3781,306.3781,20.2743,5.1027
002294.SZ,2018-07-31,353.4488,353.4488,23.7089,6.2799
002294.SZ,2018-06-30,388.8041,388.8041,26.0805,6.9081
002294.SZ,2018-05-31,447.5902,447.5902,30.0238,7.9526
002294.SZ,2018-04-30,424.8917,424.8917,28.5012,6.5721
002294.SZ,2018-03-31,452.9249,452.9249,31.1956,7.4827
002294.SZ,2018-02-28,409.8291,409.8291,28.2254,6.7474
002294.SZ,2018-01-31,407.3186,407.3186,28.0739,7.1253
002294.SZ,2017-12-31,472.6946,472.6946,32.5798,8.2689
002294.SZ,2017-11-30,375.4151,375.4151,25.875,6.5672
002294.SZ,2017-10-31,369.0344,369.0344,25.4352,6.4556
002294.SZ,2017-09-30,323.3235,323.3235,22.5709,6.0378
002294.SZ,2017-08-31,324.4742,324.4742,22.6512,6.0593
002294.SZ,2017-07-31,336.3987,336.3987,23.7737,5.8647
002294.SZ,2017-06-30,373.0093,373.0093,26.361,6.5029
002294.SZ,2017-05-31,330.5411,330.5411,23.3597,5.7626
002294.SZ,2017-04-30,310.4575,144.9268,21.9404,5.4124
002294.SZ,2017-03-31,298.6376,139.409,21.386,5.5713
002294.SZ,2017-02-28,295.6041,137.9929,21.1955,5.5165
002294.SZ,2017-01-31,300.4158,140.2391,21.5405,5.6063
002294.SZ,2016-12-31,305.8551,143.1641,22.1701,6.1155
002294.SZ,2016-11-30,314.8508,147.3748,22.8221,6.2953
002294.SZ,2016-10-31,315.8968,138.6724,22.898,6.3163
002294.SZ,2016-09-30,290.374,127.4684,21.6505,6.2364
002294.SZ,2016-08-31,302.4032,132.7489,22.5474,6.4948
002294.SZ,2016-07-31,299.7882,131.601,22.8814,6.9411
002294.SZ,2016-06-30,284.5164,124.897,21.7158,6.5875
002294.SZ,2016-05-31,276.1482,121.2235,21.0771,6.3938
002294.SZ,2016-04-30,292.8845,128.5704,22.3545,5.9209
002294.SZ,2016-03-31,295.9179,129.902,23.3757,6.4477
002294.SZ,2016-02-29,272.6964,119.7082,21.5487,5.9423
002294.SZ,2016-01-31,252.1945,110.7083,20.7258,5.9341
002252.SZ,2020-12-31,498.8183,367.9487,45.4492,1.9317
002252.SZ,2020-11-30,568.9225,419.6604,51.8367,2.2032
002252.SZ,2020-10-31,574.3151,423.6382,52.328,2.2241
002252.SZ,2020-09-30,554.0928,408.7214,62.1441,2.1842
002252.SZ,2020-08-31,605.9968,447.0079,67.9653,2.3888
002252.SZ,2020-07-31,696.3234,513.6365,99.5124,2.7799
002252.SZ,2020-06-30,570.2707,420.6549,81.498,2.2767
002252.SZ,2020-05-31,553.4187,408.2331,79.0897,2.2094
002252.SZ,2020-04-30,570.9447,421.1613,81.5944,2.2794
002252.SZ,2020-03-31,524.4333,386.8518,84.5383,2.1219
002252.SZ,2020-02-29,453.1881,452.9846,73.0536,3.9497
002252.SZ,2020-01-31,398.4672,398.2883,104.7579,3.4742
002252.SZ,2019-12-31,369.117,368.9512,97.0416,3.2183
002252.SZ,2019-11-30,356.6804,356.5203,93.772,3.1098
002252.SZ,2019-10-31,369.6144,369.4485,97.1724,3.2226
002252.SZ,2019-09-30,388.0205,387.8463,-150.2305,3.4391
002252.SZ,2019-08-31,410.4063,410.222,-158.8976,3.6375
002252.SZ,2019-07-31,350.7109,350.5534,-57.4694,3.1606
002252.SZ,2019-06-30,345.7362,345.5949,-56.6543,3.1158
002252.SZ,2019-05-31,352.7007,352.5566,-57.7955,3.1785
002252.SZ,2019-04-30,419.3606,419.1893,-68.7188,3.7792
002252.SZ,2019-03-31,478.0612,477.8658,-32.5505,4.3685
002252.SZ,2019-02-28,484.5282,484.3302,-32.9908,4.4276
002252.SZ,2019-01-31,289.523,289.4047,-20.7227,2.6038
002252.SZ,2018-12-31,398.4672,398.3044,-28.5204,3.5836
002252.SZ,2018-11-30,971.0462,970.6494,-69.5028,8.7331
002252.SZ,2018-10-31,971.0462,970.6494,-69.5028,8.7331
002252.SZ,2018-09-30,971.0462,970.6494,-134.8419,8.3937
002252.SZ,2018-08-31,971.0462,970.6494,-134.8419,8.3937
002252.SZ,2018-07-31,971.0462,970.6494,-133.3513,8.3995
002252.SZ,2018-06-30,971.0462,970.6674,-1282.4265,8.2807
002252.SZ,2018-05-31,972.0412,971.6619,-1283.7404,8.2298
002252.SZ,2018-04-30,972.0412,971.6619,-1283.7404,8.2298
002252.SZ,2018-03-31,972.0412,971.6619,114.3026,7.7244
002252.SZ,2018-02-28,972.0412,971.6619,114.3026,7.7244
002252.SZ,2018-01-31,981.6222,981.2933,74.3744,7.8243
002252.SZ,2017-12-31,986.5924,986.2619,74.751,7.8639
002252.SZ,2017-11-30,982.6162,870.0105,74.4497,7.8322
002252.SZ,2017-10-31,1002.0002,887.1731,75.9184,7.9867
002252.SZ,2017-09-30,1034.3067,915.7774,61.807,8.4002
002252.SZ,2017-08-31,1005.9764,890.6936,60.114,8.1701
002252.SZ,2017-07-31,1005.9764,890.6936,60.2485,8.1726
002252.SZ,2017-06-30,1005.9764,890.6936,66.0496,8.5075
002252.SZ,2017-05-31,1007.4674,875.9372,66.1475,8.414
002252.SZ,2017-04-30,1007.4674,875.9372,66.1475,8.414
002252.SZ,2017-03-31,1021.8811,888.4691,63.3468,8.7267
002252.SZ,2017-02-28,1039.774,904.0259,64.456,8.8795
002252.SZ,2017-01-31,1109.3573,821.5735,73.555,9.426
002252.SZ,2016-12-31,1146.5929,849.0411,76.0239,9.7424
002252.SZ,2016-11-30,1062.1751,785.7203,70.4266,9.0251
002252.SZ,2016-10-31,1078.5621,797.8422,71.5132,9.1644
002252.SZ,2016-09-30,1104.8806,817.3107,87.7291,9.8829
002252.SZ,2016-08-31,1153.1588,853.0234,91.5624,10.3147
002252.SZ,2016-07-31,1040.6017,769.7618,82.2171,9.3027
002252.SZ,2016-06-30,1039.4982,768.9455,75.5409,9.5902
002252.SZ,2016-05-31,1035.0841,765.7304,75.2201,9.5495
002252.SZ,2016-04-30,1031.7736,753.641,74.9795,9.3994
002252.SZ,2016-03-31,1053.016,769.1572,73.0037,9.8796
002252.SZ,2016-02-29,1061.2923,775.2024,73.5775,10.2504
002252.SZ,2016-01-31,1037.8429,758.0742,76.3456,10.0239
002241.SZ,2020-12-31,1222.3936,1040.8065,52.8736,6.7206
002241.SZ,2020-11-30,1232.166,1048.0427,53.2969,7.0476
002241.SZ,2020-10-31,1471.9792,1252.0204,63.6699,8.4192
002241.SZ,2020-09-30,1311.9955,1115.9432,85.3345,8.1152
002241.SZ,2020-08-31,1333.4132,1136.3793,86.7275,8.2477
002241.SZ,2020-07-31,1385.6594,1180.9053,101.0367,8.8818
002241.SZ,2020-06-30,952.7625,811.9761,69.4716,6.107
002241.SZ,2020-05-31,689.2601,577.9186,50.2581,4.418
002241.SZ,2020-04-30,627.9276,526.4937,45.786,3.9447
002241.SZ,2020-03-31,532.5216,446.4993,40.7534,3.3035
002241.SZ,2020-02-29,722.6846,605.9439,55.3064,4.4832
002241.SZ,2020-01-31,766.169,642.4039,76.8847,4.8164
002241.SZ,2019-12-31,646.4247,542.0028,64.8684,4.0637
002241.SZ,2019-11-30,629.2257,536.2588,63.1425,3.9556
002241.SZ,2019-10-31,602.9403,513.857,60.5047,3.7903
002241.SZ,2019-09-30,570.4893,486.2192,60.2659,3.6989
002241.SZ,2019-08-31,427.0557,363.973,45.1137,2.7689
002241.SZ,2019-07-31,378.7036,322.7633,42.6881,2.5072
002241.SZ,2019-06-30,288.4897,245.8754,32.519,1.91
002241.SZ,2019-05-31,256.6877,218.771,28.9342,1.6642
002241.SZ,2019-04-30,345.9281,294.8292,38.9936,2.2428
002241.SZ,2019-03-31,340.7359,290.404,37.4056,2.2545
002241.SZ,2019-02-28,288.1652,241.9358,31.6345,1.9067
002241.SZ,2019-01-31,215.1504,180.6345,13.3627,1.396
002241.SZ,2018-12-31,223.2632,187.4439,13.8665,1.4486
002241.SZ,2018-11-30,233.323,195.8898,14.4913,1.5139
002241.SZ,2018-10-31,235.9191,198.0693,14.6526,1.5307
002241.SZ,2018-09-30,269.3436,226.1314,14.4397,1.7956
002241.SZ,2018-08-31,288.1652,241.9334,15.4487,1.9211
002241.SZ,2018-07-31,312.179,262.0945,15.4245,2.1185
002241.SZ,2018-06-30,330.6761,277.5137,16.3384,2.244
002241.SZ,2018-05-31,366.3722,307.471,18.1021,2.4862
002241.SZ,2018-04-30,367.0213,308.0156,18.1342,2.437
002241.SZ,2018-03-31,435.4929,365.4792,20.3575,2.9238
002241.SZ,2018-02-28,504.9382,423.7598,23.5351,3.3665
002241.SZ,2018-01-31,454.3146,381.2749,22.7112,3.1889
002241.SZ,2017-12-31,563.0255,471.9307,28.1457,3.9519
002241.SZ,2017-11-30,614.2982,514.9077,30.7089,4.3118
002241.SZ,2017-10-31,718.466,602.2217,35.9162,5.043
002241.SZ,2017-09-30,656.809,550.5405,34.6403,4.7975
002241.SZ,2017-08-31,700.9425,587.5334,36.9679,5.1199
002241.SZ,2017-07-31,624.0335,523.0679,35.5918,5.6773
002241.SZ,2017-06-30,625.656,524.4279,33.6341,5.365
002241.SZ,2017-05-31,519.9713,430.7252,29.6566,4.7305
002241.SZ,2017-04-30,531.2883,440.0998,30.3021,4.8335
002241.SZ,2017-03-31,520.5824,431.2313,31.4738,4.7928
002241.SZ,2017-02-28,454.5862,376.37,27.4619,4.1783
002241.SZ,2017-01-31,423.1301,350.3262,29.5196,4.109
002241.SZ,2016-12-31,404.9589,335.2815,28.2471,3.9359
002241.SZ,2016-11-30,432.2186,357.6248,30.1537,4.2015
002241.SZ,2016-10-31,469.0129,388.069,32.7206,4.5592
002241.SZ,2016-09-30,461.5319,381.8791,38.2341,4.7436
002241.SZ,2016-08-31,443.4818,368.4045,36.7417,4.7588
002241.SZ,2016-07-31,389.4396,323.5111,33.0391,4.1117
002241.SZ,2016-06-30,437.8333,363.7122,37.1438,4.6225
002241.SZ,2016-05-31,414.0089,343.9195,35.1234,4.3017
002241.SZ,2016-04-30,437.6709,363.5756,37.1309,4.5476
002241.SZ,2016-03-31,390.8048,324.6437,31.2334,4.1549
002241.SZ,2016-02-29,361.0077,290.4094,28.1345,4.0071
002241.SZ,2016-01-31,417.9447,336.2118,29.0486,4.8435
002236.SZ,2020-12-31,595.8208,369.6123,14.406,3.2175
002236.SZ,2020-11-30,625.9987,388.0361,15.1357,3.3789
002236.SZ,2020-10-31,678.6314,419.8535,16.4082,3.6659
002236.SZ,2020-09-30,615.6716,380.6721,18.5542,3.6228
002236.SZ,2020-08-31,686.5489,424.4958,20.6902,4.0399
002236.SZ,2020-07-31,639.3975,395.3419,19.2644,3.7622
002236.SZ,2020-06-30,576.9293,356.7176,18.0872,3.6999
002236.SZ,2020-05-31,446.8875,278.4181,14.0103,2.866
002236.SZ,2020-04-30,506.6527,315.6528,15.8839,3.1684
002236.SZ,2020-03-31,486.3922,293.2657,15.3786,3.1357
002236.SZ,2020-02-29,582.9487,351.4835,18.4316,3.7582
002236.SZ,2020-01-31,605.2078,364.9045,21.2869,4.2556
002236.SZ,2019-12-31,597.9887,360.5517,21.033,4.2048
002236.SZ,2019-11-30,507.7897,307.2307,17.8604,3.5936
002236.SZ,2019-10-31,483.2095,292.3589,16.9959,3.4197
002236.SZ,2019-09-30,517.6817,313.2157,19.2705,3.8184
002236.SZ,2019-08-31,481.411,291.2707,17.9204,3.5508
002236.SZ,2019-07-31,484.1088,292.9029,18.0208,3.5707
002236.SZ,2019-06-30,435.2483,266.3417,17.0669,3.4291
002236.SZ,2019-05-31,375.2967,229.6555,14.7161,2.9568
002236.SZ,2019-04-30,495.1998,303.0279,19.4177,3.9014
002236.SZ,2019-03-31,492.2023,301.1936,19.459,3.9004
002236.SZ,2019-02-28,474.5236,289.3976,18.7446,3.7599
002236.SZ,2019-01-31,370.5061,225.9605,14.8326,3.0232
002236.SZ,2018-12-31,343.5275,210.2118,13.7526,2.803
002236.SZ,2018-11-30,399.8828,244.6968,16.0087,3.2629
002236.SZ,2018-10-31,333.6468,211.2579,13.357,2.9145
002236.SZ,2018-09-30,428.1463,271.0929,17.2804,3.9006
002236.SZ,2018-08-31,450.7566,285.4093,18.193,4.1066
002236.SZ,2018-07-31,544.6763,344.8772,21.9837,4.9623
002236.SZ,2018-06-30,653.6695,383.7765,27.3798,6.4162
002236.SZ,2018-05-31,702.9484,412.7087,29.444,6.8999
002236.SZ,2018-04-30,652.2201,382.9256,27.3191,6.0573
002236.SZ,2018-03-31,742.6613,436.0246,31.221,7.0956
002236.SZ,2018-02-28,837.7405,491.8466,35.2254,8.0028
002236.SZ,2018-01-31,761.5032,447.0869,32.0198,7.2745
002236.SZ,2017-12-31,669.3228,392.9667,30.4219,7.0228
002236.SZ,2017-11-30,705.5572,414.2404,32.0688,7.403
002236.SZ,2017-10-31,804.4048,472.2749,36.5616,8.4402
002236.SZ,2017-09-30,697.7306,409.6453,33.2497,7.697
002236.SZ,2017-08-31,714.125,419.1758,34.0309,7.8732
002236.SZ,2017-07-31,698.1783,409.8154,33.271,7.6974
002236.SZ,2017-06-30,661.3557,388.2014,34.867,8.0265
002236.SZ,2017-05-31,542.1899,322.46,28.5845,6.3566
002236.SZ,2017-04-30,533.4917,314.4021,28.1259,6.2546
002236.SZ,2017-03-31,463.036,272.8805,25.2996,5.6198
002236.SZ,2017-02-28,444.1898,261.7739,24.2699,5.3911
002236.SZ,2017-01-31,397.2194,234.0929,21.7035,4.821
002236.SZ,2016-12-31,396.6395,233.7511,23.6001,5.3038
002236.SZ,2016-11-30,414.9058,244.516,24.6869,5.5481
002236.SZ,2016-10-31,423.8939,249.813,25.2217,5.6683
002236.SZ,2016-09-30,449.6987,265.0205,27.7895,6.3254
002236.SZ,2016-08-31,439.022,258.6983,27.1297,6.1728
002236.SZ,2016-07-31,431.4826,254.2556,26.6638,6.0668
002236.SZ,2016-06-30,379.8671,223.8406,25.5952,5.7539
002236.SZ,2016-05-31,385.3766,227.0872,25.9664,5.8373
002236.SZ,2016-04-30,402.1952,236.9977,27.0996,6.0921
002236.SZ,2016-03-31,418.0278,240.5983,30.4618,6.4386
002236.SZ,2016-02-29,358.4089,204.1649,26.1174,5.5204
002236.SZ,2016-01-31,343.7942,195.8397,29.1532,5.8712
002375.SZ,2020-12-31,99.6957,99.0257,26.699,1.2138
002375.SZ,2020-11-30,112.8277,112.0695,30.2158,1.3737
002375.SZ,2020-10-31,120.1977,119.3899,32.1895,1.4634
002375.SZ,2020-09-30,133.1957,132.3005,36.898,1.6464
002375.SZ,2020-08-31,188.8055,187.5367,52.303,2.3338
002375.SZ,2020-07-31,205.6895,204.3072,51.7598,2.5637
002375.SZ,2020-06-30,136.9476,136.0273,34.4616,1.6978
002375.SZ,2020-05-31,129.5777,128.7069,32.607,1.6064
002375.SZ,2020-04-30,115.7757,114.9976,29.1339,1.4353
002375.SZ,2020-03-31,92.8618,92.2377,21.6739,1.1442
002375.SZ,2020-02-29,67.5358,67.082,15.7628,0.8322
002375.SZ,2020-01-31,72.0918,71.6073,20.3244,0.9106
002375.SZ,2019-12-31,77.7198,77.1975,21.9111,0.9817
002375.SZ,2019-11-30,74.9058,67.8235,21.1178,0.9461
002375.SZ,2019-10-31,71.1538,64.4263,20.06,0.8987
002375.SZ,2019-09-30,71.9578,65.1543,20.3378,0.9218
002375.SZ,2019-08-31,71.8238,65.0329,20.2999,0.9201
002375.SZ,2019-07-31,71.9578,65.1543,19.4765,0.9355
002375.SZ,2019-06-30,79.1938,73.4453,21.4351,1.0222
002375.SZ,2019-05-31,73.2978,67.9773,19.8392,0.9461
002375.SZ,2019-04-30,80.6678,74.8123,21.834,1.0413
002375.SZ,2019-03-31,89.5118,83.0143,24.2263,1.1357
002375.SZ,2019-02-28,82.8118,76.8006,22.413,1.0507
002375.SZ,2019-01-31,72.0918,66.8588,19.5945,0.929
002375.SZ,2018-12-31,67.5358,62.6335,18.3562,0.8703
002375.SZ,2018-11-30,70.8858,65.7404,19.2667,0.9135
002375.SZ,2018-10-31,67.1338,62.2607,18.2469,0.8651
002375.SZ,2018-09-30,73.2978,67.9773,19.2109,0.9582
002375.SZ,2018-08-31,70.0818,64.9947,18.368,0.9161
002375.SZ,2018-07-31,76.3798,70.8355,20.8486,1.0169
002375.SZ,2018-06-30,71.5558,66.8751,19.5319,0.9459
002375.SZ,2018-05-31,85.8938,80.2752,23.4456,1.1354
002375.SZ,2018-04-30,86.5638,80.9014,23.6285,1.1443
002375.SZ,2018-03-31,91.2538,85.2846,25.3255,1.2192
002375.SZ,2018-02-28,89.9138,84.0322,24.9537,1.2013
002375.SZ,2018-01-31,100.7677,94.1762,28.4919,1.3582
002375.SZ,2017-12-31,100.7677,88.065,28.4919,1.3582
002375.SZ,2017-11-30,110.9517,96.9652,31.3714,1.4955
002375.SZ,2017-10-31,116.4457,101.7666,32.9248,1.5696
002375.SZ,2017-09-30,124.3517,108.676,36.8123,1.7029
002375.SZ,2017-08-31,119.7957,104.6943,35.4636,1.6405
002375.SZ,2017-07-31,114.8377,100.3613,39.815,1.5835
002375.SZ,2017-06-30,119.3937,104.343,41.3946,1.6463
002375.SZ,2017-05-31,119.7957,104.8952,41.5339,1.6519
002375.SZ,2017-04-30,135.0716,118.2711,46.8302,1.8625
002375.SZ,2017-03-31,149.6776,131.0603,47.6727,2.0867
002375.SZ,2017-02-28,145.6576,127.5403,46.3924,2.0307
002375.SZ,2017-01-31,138.4216,121.2044,55.8378,1.9425
002375.SZ,2016-12-31,141.7716,115.7774,57.1891,1.9895
002375.SZ,2016-11-30,154.6356,126.2828,62.3783,2.17
002375.SZ,2016-10-31,153.0276,124.9696,61.7297,2.1474
002375.SZ,2016-09-30,159.5936,130.3317,64.3418,2.2741
002375.SZ,2016-08-31,154.3676,126.0639,62.2349,2.1996
002375.SZ,2016-07-31,145.6576,118.9509,30.5389,2.0646
002375.SZ,2016-06-30,151.3438,127.7847,31.7311,2.1452
002375.SZ,2016-05-31,154.1564,130.1594,32.3208,2.1851
002375.SZ,2016-04-30,152.8171,129.0286,32.04,2.1661
002375.SZ,2016-03-31,181.3447,153.1155,31.2453,2.6063
002375.SZ,2016-02-29,141.031,119.0772,24.2994,2.0269
002375.SZ,2016-01-31,139.2899,117.6071,15.5672,2.0021
002385.SZ,2020-12-31,405.2688,280.9057,23.9248,3.8416
002385.SZ,2020-11-30,345.6952,237.7268,20.4079,3.2769
002385.SZ,2020-10-31,347.7928,239.1693,20.5317,3.2967
002385.SZ,2020-09-30,375.482,258.2105,27.3527,3.7678
002385.SZ,2020-08-31,477.009,328.0283,34.7486,4.7866
002385.SZ,2020-07-31,453.0956,300.6262,44.5258,4.7229
002385.SZ,2020-06-30,382.1945,253.5838,37.5583,3.9839
002385.SZ,2020-05-31,346.5342,229.9234,34.054,3.6122
002385.SZ,2020-04-30,380.0969,252.192,37.3522,3.6067
002385.SZ,2020-03-31,362.896,240.7793,70.841,3.6039
002385.SZ,2020-02-29,287.3801,190.675,78.0144,2.9705
002385.SZ,2020-01-31,245.4268,162.8392,66.6254,2.5369
002385.SZ,2019-12-31,208.9274,138.6221,56.717,2.1596
002385.SZ,2019-11-30,184.1459,118.5245,49.9897,1.824
002385.SZ,2019-10-31,205.3609,132.1794,55.7488,2.0341
002385.SZ,2019-09-30,193.9048,124.8058,44.4184,1.9581
002385.SZ,2019-08-31,236.3348,152.1156,54.138,2.3866
002385.SZ,2019-07-31,229.1217,147.4729,79.7795,2.3464
002385.SZ,2019-06-30,224.4544,141.5295,78.1543,2.2986
002385.SZ,2019-05-31,263.9142,166.4109,91.8941,2.7027
002385.SZ,2019-04-30,323.7404,204.1343,112.7254,3.3154
002385.SZ,2019-03-31,226.1516,142.5997,43.1499,2.3857
002385.SZ,2019-02-28,166.7497,105.1439,31.8159,1.759
002385.SZ,2019-01-31,133.23,84.0081,15.3791,1.4054
002385.SZ,2018-12-31,135.7758,73.102,15.6729,1.3529
002385.SZ,2018-11-30,143.4132,77.214,16.5545,1.429
002385.SZ,2018-10-31,142.5646,76.3747,16.4566,1.4205
002385.SZ,2018-09-30,156.1422,83.6485,18.4884,1.5712
002385.SZ,2018-08-31,145.1104,77.7385,17.1822,1.4601
002385.SZ,2018-07-31,176.0842,94.3319,14.0436,1.7465
002385.SZ,2018-06-30,175.2356,93.55,13.9759,1.7381
002385.SZ,2018-05-31,232.0918,123.9028,18.5104,2.302
002385.SZ,2018-04-30,237.1834,126.621,18.9165,2.2759
002385.SZ,2018-03-31,243.9721,130.2452,19.2831,2.388
002385.SZ,2018-02-28,267.7329,142.93,21.3494,2.6426
002385.SZ,2018-01-31,285.5535,152.4435,25.3367,2.7892
002385.SZ,2017-12-31,257.1254,137.462,22.8143,2.5115
002385.SZ,2017-11-30,260.8026,146.7382,23.1406,2.688
002385.SZ,2017-10-31,255.0616,143.5081,22.6312,2.6288
002385.SZ,2017-09-30,252.6012,142.1238,24.3044,2.6934
002385.SZ,2017-08-31,256.2918,144.2003,24.6595,2.7328
002385.SZ,2017-07-31,250.961,141.2009,26.7726,2.7746
002385.SZ,2017-06-30,257.9321,145.1231,27.5163,2.8517
002385.SZ,2017-05-31,256.2918,149.7587,27.3413,2.8335
002385.SZ,2017-04-30,262.8529,153.5925,28.0413,2.8291
002385.SZ,2017-03-31,267.7737,156.4679,30.3364,2.8946
002385.SZ,2017-02-28,271.4643,158.6244,30.7956,2.9324
002385.SZ,2017-01-31,266.1334,155.5094,29.3562,2.9698
002385.SZ,2016-12-31,291.1475,169.1362,32.1154,3.249
002385.SZ,2016-11-30,308.3703,179.1415,34.0152,3.4412
002385.SZ,2016-10-31,300.9891,174.8535,33.201,3.3588
002385.SZ,2016-09-30,299.7589,174.1389,34.56,3.4108
002385.SZ,2016-08-31,326.0032,189.3849,37.5857,3.7094
002385.SZ,2016-07-31,324.3629,188.4321,43.7522,3.7985
002385.SZ,2016-06-30,330.5139,192.0054,44.5819,3.8705
002385.SZ,2016-05-31,339.9455,197.4844,45.8541,3.981
002385.SZ,2016-04-30,285.1332,158.6812,38.4606,3.2557
002385.SZ,2016-03-31,322.586,179.5243,45.394,3.7411
002385.SZ,2016-02-29,284.0397,158.0727,39.9698,3.2941
002385.SZ,2016-01-31,266.2701,148.1836,35.448,3.206
002353.SZ,2020-12-31,335.2489,211.6683,21.3472,3.1884
002353.SZ,2020-11-30,354.3102,223.0738,22.561,3.3697
002353.SZ,2020-10-31,256.0344,161.1993,16.3032,2.435
002353.SZ,2020-09-30,285.2489,179.5928,18.4087,2.8088
002353.SZ,2020-08-31,328.065,206.5498,21.1718,3.2304
002353.SZ,2020-07-31,300.1914,189.0006,20.3738,3.0503
002353.SZ,2020-06-30,296.9347,186.9502,20.1528,3.0172
002353.SZ,2020-05-31,244.0612,153.661,16.5643,2.4799
002353.SZ,2020-04-30,238.6972,150.2838,16.2002,2.4254
002353.SZ,2020-03-31,211.7815,133.3377,15.4956,2.1667
002353.SZ,2020-02-29,331.4175,233.3143,24.2491,3.3907
002353.SZ,2020-01-31,354.2144,249.3631,30.6035,3.817
002353.SZ,2019-12-31,354.0228,249.2282,30.587,3.815
002353.SZ,2019-11-30,303.7355,211.198,26.2422,3.2731
002353.SZ,2019-10-31,293.5822,204.1381,25.365,3.1636
002353.SZ,2019-09-30,258.7164,179.8946,27.8227,2.9187
002353.SZ,2019-08-31,248.2758,172.6349,26.6999,2.8009
002353.SZ,2019-07-31,255.9386,177.9631,36.9908,3.0428
002353.SZ,2019-06-30,221.2643,155.6849,31.9793,2.6305
002353.SZ,2019-05-31,211.7815,149.0127,30.6087,2.4838
002353.SZ,2019-04-30,217.9118,153.326,31.4947,2.5557
002353.SZ,2019-03-31,227.8735,160.3352,37.2167,2.7098
002353.SZ,2019-02-28,191.8582,134.9943,31.3346,2.2815
002353.SZ,2019-01-31,163.5057,115.0451,42.8289,1.9936
002353.SZ,2018-12-31,143.6781,100.9515,37.6352,1.7518
002353.SZ,2018-11-30,165.2298,116.0942,43.2805,2.0146
002353.SZ,2018-10-31,194.9233,136.9576,51.0584,2.3766
002353.SZ,2018-09-30,208.6206,146.5816,93.6849,2.6146
002353.SZ,2018-08-31,174.8084,122.8243,78.5009,2.1909
002353.SZ,2018-07-31,178.6398,125.5164,228.5582,2.2833
002353.SZ,2018-06-30,155.6513,108.5005,199.1459,1.9895
002353.SZ,2018-05-31,179.1187,124.8591,229.171,2.2894
002353.SZ,2018-04-30,152.3946,106.2304,194.9791,1.9197
002353.SZ,2018-03-31,143.5823,100.0876,200.5711,1.8049
002353.SZ,2018-02-28,138.2183,96.3485,193.0781,1.7375
002353.SZ,2018-01-31,141.2835,98.4851,218.7683,1.7888
002353.SZ,2017-12-31,125.6704,87.5042,194.5926,1.5912
002353.SZ,2017-11-30,135.1532,94.107,209.276,1.7112
002353.SZ,2017-10-31,146.2643,101.8437,226.4808,1.8519
002353.SZ,2017-09-30,148.5632,103.4444,339.0348,1.8914
002353.SZ,2017-08-31,144.7317,100.7765,330.2911,1.8426
002353.SZ,2017-07-31,143.7739,100.1096,167.0549,1.8309
002353.SZ,2017-06-30,151.5325,105.5119,176.0699,1.9297
002353.SZ,2017-05-31,155.6513,109.4201,180.8556,1.9749
002353.SZ,2017-04-30,166.0919,116.7597,192.9868,2.1074
002353.SZ,2017-03-31,198.5631,139.5864,164.5449,2.5279
002353.SZ,2017-02-28,223.9463,157.4303,180.4259,2.8488
002353.SZ,2017-01-31,197.1264,138.5764,157.7423,2.5167
002353.SZ,2016-12-31,194.4444,136.7855,155.5961,2.4824
002353.SZ,2016-11-30,183.429,129.0366,146.7816,2.3418
002353.SZ,2016-10-31,173.7547,122.231,139.0401,2.2183
002353.SZ,2016-09-30,174.3294,122.6353,115.6371,2.2246
002353.SZ,2016-08-31,166.2835,116.9752,110.3,2.1219
002353.SZ,2016-07-31,164.0804,115.4254,111.8814,2.1052
002353.SZ,2016-06-30,184.6742,129.9126,125.9237,2.3694
002353.SZ,2016-05-31,183.5248,127.281,125.14,2.3546
002353.SZ,2016-04-30,179.5018,124.4909,122.3968,2.2946
002353.SZ,2016-03-31,168.4865,116.8514,114.9469,2.1613
002353.SZ,2016-02-29,143.7739,99.7123,98.0871,1.8443
002353.SZ,2016-01-31,151.3409,104.9603,52.8144,1.946
002399.SZ,2020-12-31,236.7006,214.7681,23.0396,2.2458
002399.SZ,2020-11-30,256.5505,233.3514,25.0331,2.4402
002399.SZ,2020-10-31,272.6245,248.1931,26.6253,2.5954
002399.SZ,2020-09-30,310.4618,283.1148,30.4454,2.9728
002399.SZ,2020-08-31,336.5419,304.9408,32.7925,3.2019
002399.SZ,2020-07-31,338.1694,306.3127,44.6212,3.3049
002399.SZ,2020-06-30,312.2993,312.2993,38.6693,4.0771
002399.SZ,2020-05-31,264.6562,264.6562,32.7701,3.4551
002399.SZ,2020-04-30,275.6316,275.6316,34.1291,3.5984
002399.SZ,2020-03-31,256.9236,256.9236,23.8,3.496
002399.SZ,2020-02-29,317.787,317.787,29.4381,4.3242
002399.SZ,2020-01-31,284.362,284.362,33.9905,4.1606
002399.SZ,2019-12-31,243.3291,243.3291,29.0857,3.5603
002399.SZ,2019-11-30,215.267,215.267,25.7314,3.1497
002399.SZ,2019-10-31,208.2827,208.2827,24.8965,3.0475
002399.SZ,2019-09-30,231.9795,231.9795,24.5871,3.5317
002399.SZ,2019-08-31,259.2932,259.2932,27.482,3.9475
002399.SZ,2019-07-31,251.5606,251.5606,23.266,3.8766
002399.SZ,2019-06-30,261.7876,261.7876,24.2118,3.9581
002399.SZ,2019-05-31,255.5516,255.5516,23.6351,3.8638
002399.SZ,2019-04-30,295.2126,295.2126,27.3032,4.4635
002399.SZ,2019-03-31,323.15,323.15,52.0086,5.31
002399.SZ,2019-02-28,290.0991,290.0991,46.6893,4.7669
002399.SZ,2019-01-31,251.81,251.81,47.5426,4.3147
002399.SZ,2018-12-31,287.48,287.48,54.2773,4.9259
002399.SZ,2018-11-30,252.4336,252.4336,47.6604,4.3254
002399.SZ,2018-10-31,223.8727,223.8727,42.268,3.836
002399.SZ,2018-09-30,239.4627,239.4627,69.8192,3.1601
002399.SZ,2018-08-31,214.1445,214.1445,62.4373,2.826
002399.SZ,2018-07-31,232.8526,232.8526,67.8919,3.1315
002399.SZ,2018-06-30,276.1305,276.1305,148.9379,3.6857
002399.SZ,2018-05-31,301.8228,301.8228,162.7957,4.0287
002399.SZ,2018-04-30,221.2536,221.2536,119.3387,2.9532
002399.SZ,2018-03-31,212.5232,212.5232,113.0592,2.7351
002399.SZ,2018-02-28,217.1378,217.1378,115.5141,2.7944
002399.SZ,2018-01-31,197.9309,197.9309,135.8933,2.6271
002399.SZ,2017-12-31,190.5724,190.5724,130.8412,2.5294
002399.SZ,2017-11-30,212.0243,212.0243,145.5694,2.8141
002399.SZ,2017-10-31,201.7972,201.7972,138.5478,2.6784
002399.SZ,2017-09-30,214.394,214.394,149.5607,2.8511
002399.SZ,2017-08-31,252.3089,252.3089,176.01,3.3554
002399.SZ,2017-07-31,252.3089,252.3089,176.01,3.3562
002399.SZ,2017-06-30,252.3089,252.3089,133.5449,3.2823
002399.SZ,2017-05-31,255.4269,255.4269,135.1952,3.1934
002399.SZ,2017-04-30,255.4269,255.4269,135.1952,3.1934
002399.SZ,2017-03-31,260.0416,260.0416,64.1955,3.2579
002399.SZ,2017-02-28,249.6898,249.6898,61.64,3.1283
002399.SZ,2017-01-31,230.4829,230.4829,49.5019,2.8858
002399.SZ,2016-12-31,227.2402,227.2402,48.8054,2.8452
002399.SZ,2016-11-30,231.4806,231.4806,49.7162,2.8983
002399.SZ,2016-10-31,229.8593,229.8593,49.368,2.878
002399.SZ,2016-09-30,219.6322,219.6322,38.8255,2.7971
002399.SZ,2016-08-31,219.6322,219.6322,38.8255,2.7971
002399.SZ,2016-07-31,214.6434,214.6434,37.9436,2.7328
002399.SZ,2016-06-30,217.7614,217.7614,36.8871,3.004
002399.SZ,2016-05-31,216.6233,216.6233,36.6944,2.8072
002399.SZ,2016-04-30,229.9528,229.9528,38.9523,2.9799
002399.SZ,2016-03-31,244.221,244.221,40.1816,2.792
002399.SZ,2016-02-29,208.5321,208.5321,34.3097,2.384
002399.SZ,2016-01-31,211.3328,211.3328,39.7114,2.5471
002304.SZ,2020-12-31,3556.341,2944.0184,47.915,9.3133
002304.SZ,2020-11-30,2682.4386,2220.5825,36.1408,7.0247
002304.SZ,2020-10-31,2532.644,2098.9678,34.1226,6.6325
002304.SZ,2020-09-30,1883.5843,1561.0496,26.1537,5.1264
002304.SZ,2020-08-31,2126.2094,1762.1288,29.5226,5.7868
002304.SZ,2020-07-31,2035.1873,1686.6929,27.6361,5.7324
002304.SZ,2020-06-30,1584.4472,1313.1351,21.5155,4.4628
002304.SZ,2020-05-31,1590.023,1317.7561,21.5912,3.9745
002304.SZ,2020-04-30,1483.479,1229.4561,20.1444,3.7081
002304.SZ,2020-03-31,1263.9108,1047.4856,17.2157,3.4658
002304.SZ,2020-02-29,1467.5049,1216.2174,19.9888,4.024
002304.SZ,2020-01-31,1614.8883,1338.3636,19.6392,4.4518
002304.SZ,2019-12-31,1665.2217,1380.0782,20.2514,4.5906
002304.SZ,2019-11-30,1479.7115,1226.3338,17.9953,4.0792
002304.SZ,2019-10-31,1518.8932,1258.8062,18.4718,4.1872
002304.SZ,2019-09-30,1567.2675,1298.8972,18.0313,4.5152
002304.SZ,2019-08-31,1687.5252,1398.5625,19.4149,4.8617
002304.SZ,2019-07-31,1755.7917,1455.1395,20.2728,5.3202
002304.SZ,2019-06-30,1831.8946,1517.6594,21.1515,5.5507
002304.SZ,2019-05-31,1723.3915,1427.7684,19.8987,4.5562
002304.SZ,2019-04-30,1773.1221,1468.9684,20.4729,4.6877
002304.SZ,2019-03-31,1965.4137,1628.2752,24.2493,5.8435
002304.SZ,2019-02-28,1673.5102,1386.4435,20.6478,4.9756
002304.SZ,2019-01-31,1424.1037,1179.8191,17.6158,4.3673
002304.SZ,2018-12-31,1427.419,1178.3659,17.6568,4.3775
002304.SZ,2018-11-30,1509.7006,1246.2911,18.6746,4.6298
002304.SZ,2018-10-31,1332.0267,1099.6174,16.4768,4.0849
002304.SZ,2018-09-30,1928.9446,1592.3863,24.9737,6.3076
002304.SZ,2018-08-31,1738.0093,1434.765,22.5017,5.6833
002304.SZ,2018-07-31,1934.2191,1596.7405,26.2824,6.6411
002304.SZ,2018-06-30,1983.1962,1634.7273,26.9479,6.8093
002304.SZ,2018-05-31,2165.2404,1784.7844,29.4216,6.5678
002304.SZ,2018-04-30,1690.2377,1393.2448,22.9672,5.1269
002304.SZ,2018-03-31,1627.3963,1341.4453,24.6639,5.5192
002304.SZ,2018-02-28,1778.0951,1465.6647,26.9478,6.0303
002304.SZ,2018-01-31,1958.3309,1614.2311,29.8087,6.8787
002304.SZ,2017-12-31,1733.0362,1425.7884,26.3793,6.0873
002304.SZ,2017-11-30,1566.8154,1289.0367,23.8492,5.5035
002304.SZ,2017-10-31,1661.3036,1366.7732,25.2875,5.8354
002304.SZ,2017-09-30,1529.5928,1258.4133,24.2345,5.7082
002304.SZ,2017-08-31,1346.4938,1107.7756,21.3336,5.0249
002304.SZ,2017-07-31,1347.2473,1108.3955,22.035,5.2563
002304.SZ,2017-06-30,1308.2163,1076.2843,21.3966,5.104
002304.SZ,2017-05-31,1314.0935,1081.9044,21.4928,4.5635
002304.SZ,2017-04-30,1205.5904,992.5728,19.7181,4.1867
002304.SZ,2017-03-31,1316.8061,1084.1376,22.6535,5.0572
002304.SZ,2017-02-28,1221.2631,1005.4763,21.0098,4.6902
002304.SZ,2017-01-31,1058.207,871.2308,18.4255,4.222
002304.SZ,2016-12-31,1063.9335,869.9979,18.5252,4.2449
002304.SZ,2016-11-30,1062.4265,868.7656,18.4989,4.2389
002304.SZ,2016-10-31,1049.6171,858.2911,18.2759,4.1878
002304.SZ,2016-09-30,1011.0382,826.7444,18.041,4.2753
002304.SZ,2016-08-31,1059.2619,866.1778,18.9015,4.4792
002304.SZ,2016-07-31,1077.6471,881.2117,19.2641,4.7514
002304.SZ,2016-06-30,1083.8258,886.2641,19.3746,4.7787
002304.SZ,2016-05-31,1029.7249,843.0132,18.4075,4.0551
002304.SZ,2016-04-30,1018.8746,834.1303,18.2135,4.0124
002304.SZ,2016-03-31,1006.668,824.1371,18.7331,4.3872
002304.SZ,2016-02-29,863.6548,707.0553,16.0718,3.7639
002304.SZ,2016-01-31,886.2596,725.5614,17.7752,4.0224
002410.SZ,2020-12-31,933.6317,774.7039,304.9414,16.1512
002410.SZ,2020-11-30,794.8842,625.2584,259.7649,13.7585
002410.SZ,2020-10-31,840.5906,641.5664,274.7015,14.5496
002410.SZ,2020-09-30,864.0423,659.4656,313.5641,14.2351
002410.SZ,2020-08-31,825.3114,629.9049,299.5085,13.597
002410.SZ,2020-07-31,906.445,691.8287,389.5672,15.2565
002410.SZ,2020-06-30,825.5863,630.0293,354.781,13.8894
002410.SZ,2020-05-31,648.4474,512.6854,278.5868,19.7632
002410.SZ,2020-04-30,593.9527,469.5555,255.2659,17.5054
002410.SZ,2020-03-31,482.3746,381.3463,205.2029,14.755
002410.SZ,2020-02-29,504.5652,398.7068,215.6201,15.4294
002410.SZ,2020-01-31,451.4115,356.7048,147.785,14.4668
002410.SZ,2019-12-31,383.4741,303.0207,125.5434,12.2895
002410.SZ,2019-11-30,372.3177,293.4724,121.9965,11.9423
002410.SZ,2019-10-31,359.6891,283.5182,117.8585,11.5373
002410.SZ,2019-09-30,400.1682,315.4251,104.8908,13.1354
002410.SZ,2019-08-31,406.6852,320.8466,106.599,13.4321
002410.SZ,2019-07-31,395.1944,311.7811,103.587,13.0526
002410.SZ,2019-06-30,370.5229,291.5411,84.6371,12.2818
002410.SZ,2019-05-31,326.4748,256.8824,74.5754,10.8217
002410.SZ,2019-04-30,315.4345,248.1956,72.0535,9.7291
002410.SZ,2019-03-31,335.8251,264.2396,76.4843,10.5193
002410.SZ,2019-02-28,300.0008,236.0517,68.3524,9.3977
002410.SZ,2019-01-31,274.2027,215.7529,57.3321,8.6062
002410.SZ,2018-12-31,234.4355,184.4625,49.0173,7.358
002410.SZ,2018-11-30,257.8677,202.8999,53.9166,8.0935
002410.SZ,2018-10-31,270.4378,214.001,56.5449,8.7569
002410.SZ,2018-09-30,299.7651,237.2081,62.8057,10.2552
002410.SZ,2018-08-31,333.5699,263.9582,69.8884,11.4117
002410.SZ,2018-07-31,307.8245,243.5856,64.5103,10.5314
002410.SZ,2018-06-30,310.3991,240.5188,65.4707,10.9097
002410.SZ,2018-05-31,301.1084,233.3197,63.5111,10.5832
002410.SZ,2018-04-30,282.7508,219.095,59.6391,9.048
002410.SZ,2018-03-31,283.9821,220.0491,60.1346,9.2091
002410.SZ,2018-02-28,242.4538,187.87,51.3207,7.862
002410.SZ,2018-01-31,213.6862,165.5789,44.4207,7.3607
002410.SZ,2017-12-31,219.3949,169.8766,45.6074,7.5574
002410.SZ,2017-11-30,220.7382,170.9167,45.8866,7.6036
002410.SZ,2017-10-31,221.9695,171.8701,46.1426,7.6461
002410.SZ,2017-09-30,228.9095,177.2437,49.9725,8.279
002410.SZ,2017-08-31,209.4326,162.1628,45.7206,7.5746
002410.SZ,2017-07-31,192.978,149.4221,42.1284,6.9795
002410.SZ,2017-06-30,210.44,162.9429,48.3762,7.8603
002410.SZ,2017-05-31,193.5377,149.897,44.4906,7.229
002410.SZ,2017-04-30,177.6427,137.5862,40.8367,5.8958
002410.SZ,2017-03-31,166.8969,129.2634,39.4466,5.6384
002410.SZ,2017-02-28,167.9043,130.0437,39.6203,5.7091
002410.SZ,2017-01-31,156.151,120.9406,43.9181,5.7028
002410.SZ,2016-12-31,163.4268,126.4571,45.9645,5.9685
002410.SZ,2016-11-30,176.0756,136.2446,49.522,6.4305
002410.SZ,2016-10-31,176.4114,136.5044,49.6164,6.4427
002410.SZ,2016-09-30,175.6279,135.8981,59.8138,6.7199
002410.SZ,2016-08-31,189.7318,146.8115,64.6172,7.2595
002410.SZ,2016-07-31,170.3669,131.8272,58.1391,6.52
002410.SZ,2016-06-30,160.0688,123.8587,74.9461,6.3192
002410.SZ,2016-05-31,144.9574,112.1657,68.4181,5.2444
002410.SZ,2016-04-30,148.0445,113.8132,69.3162,5.3132
002410.SZ,2016-03-31,152.7837,117.4148,63.1415,5.578
002410.SZ,2016-02-29,132.4728,101.8058,54.842,4.838
002410.SZ,2016-01-31,127.5078,97.9902,44.4152,4.8424
002415.SZ,2020-12-31,4532.4917,3927.0746,35.3377,9.4847
002415.SZ,2020-11-30,4267.8664,3697.1655,33.2746,8.9284
002415.SZ,2020-10-31,4195.9098,3634.831,32.7136,8.7779
002415.SZ,2020-09-30,3561.3836,3085.1539,27.776,8.1847
002415.SZ,2020-08-31,3496.903,3029.2957,27.2731,8.0365
002415.SZ,2020-07-31,3456.7195,2994.4855,26.9597,7.9441
002415.SZ,2020-06-30,2836.2107,2456.9515,22.9194,7.1172
002415.SZ,2020-05-31,2567.0744,2222.3978,20.7445,6.4418
002415.SZ,2020-04-30,2996.0104,2593.7413,24.2107,6.4581
002415.SZ,2020-03-31,2607.258,2257.186,21.0296,5.8106
002415.SZ,2020-02-29,3270.7537,2831.5953,26.3812,7.2893
002415.SZ,2020-01-31,3364.2039,2912.498,28.0715,8.3191
002415.SZ,2019-12-31,3059.5565,2641.5643,25.5295,7.5658
002415.SZ,2019-11-30,2935.2679,2536.0455,24.4924,7.2584
002415.SZ,2019-10-31,3023.111,2611.9412,25.2254,7.4757
002415.SZ,2019-09-30,3018.4385,2607.9042,26.426,8.2719
002415.SZ,2019-08-31,2890.3881,2496.4829,25.3049,7.9156
002415.SZ,2019-07-31,2885.7141,2492.4459,25.264,7.9028
002415.SZ,2019-06-30,2578.1663,2226.8111,23.2833,7.6702
002415.SZ,2019-05-31,2322.1589,2005.7566,20.9713,6.9082
002415.SZ,2019-04-30,3055.0787,2638.8134,27.5903,7.7889
002415.SZ,2019-03-31,3278.507,2831.7989,28.9212,9.2754
002415.SZ,2019-02-28,3225.2207,2785.7731,28.4512,9.1247
002415.SZ,2019-01-31,2807.3443,2424.8338,26.3505,7.9424
002415.SZ,2018-12-31,2376.9449,2036.86,22.3107,7.1405
002415.SZ,2018-11-30,2507.0494,2148.3497,23.5319,7.5313
002415.SZ,2018-10-31,2232.9995,1913.5098,20.9596,6.7081
002415.SZ,2018-09-30,2651.9175,2272.4906,25.8303,8.8357
002415.SZ,2018-08-31,2901.9766,2486.7721,28.2659,9.6689
002415.SZ,2018-07-31,3190.7901,2734.2632,31.079,10.6312
002415.SZ,2018-06-30,3426.0855,2935.8934,35.1538,12.4058
002415.SZ,2018-05-31,3612.4764,3095.6161,37.0662,13.0807
002415.SZ,2018-04-30,3552.4991,3044.2202,36.4508,11.0222
002415.SZ,2018-03-31,3810.8627,3265.618,40.5426,12.5558
002415.SZ,2018-02-28,3928.7279,3138.1762,41.7965,12.9454
002415.SZ,2018-01-31,3682.3172,2941.3491,42.2036,13.6761
002415.SZ,2017-12-31,3599.2574,2830.4839,41.2517,13.3677
002415.SZ,2017-11-30,3415.603,2686.0566,39.1468,12.6856
002415.SZ,2017-10-31,3625.0982,2850.8053,41.5478,13.4636
002415.SZ,2017-09-30,2953.2368,2322.4483,36.4284,12.2827
002415.SZ,2017-08-31,2967.0801,2333.3348,36.5992,12.3403
002415.SZ,2017-07-31,2768.6595,2177.2953,34.1516,11.515
002415.SZ,2017-06-30,2980.9234,2344.2213,38.4166,14.4832
002415.SZ,2017-05-31,2445.6493,1923.2787,31.5183,11.8825
002415.SZ,2017-04-30,2249.9973,1769.4164,28.9968,9.2694
002415.SZ,2017-03-31,1963.4558,1543.4628,26.4835,8.0865
002415.SZ,2017-02-28,1722.1784,1353.7959,23.2291,7.0928
002415.SZ,2017-01-31,1608.3103,1255.8578,23.1444,7.4866
002415.SZ,2016-12-31,1453.0545,1122.4165,20.9102,6.7639
002415.SZ,2016-11-30,1525.6767,1178.5137,21.9553,7.1019
002415.SZ,2016-10-31,1497.7151,1156.8364,21.5529,6.9713
002415.SZ,2016-09-30,1493.4429,1153.5366,23.8212,7.816
002415.SZ,2016-08-31,1530.6721,1180.3812,24.4151,8.0109
002415.SZ,2016-07-31,1577.6664,1216.621,25.1647,8.2568
002415.SZ,2016-06-30,1309.7378,1010.0072,21.9459,7.4513
002415.SZ,2016-05-31,1288.3767,996.672,21.588,7.3298
002415.SZ,2016-04-30,1239.7549,961.512,20.7733,6.0697
002415.SZ,2016-03-31,1253.9956,972.4966,21.4627,6.5219
002415.SZ,2016-02-29,1128.6774,875.3101,19.3178,5.8701
002415.SZ,2016-01-31,1080.259,837.7607,18.8671,6.3214
002450.SZ,2020-12-31,124.6397,114.1657,,
002450.SZ,2020-11-30,124.6397,114.1657,,
002450.SZ,2020-10-31,124.6397,114.1657,,
002450.SZ,2020-09-30,124.6397,114.1657,,
002450.SZ,2020-08-31,124.6397,114.1657,,
002450.SZ,2020-07-31,124.6397,114.1657,,
002450.SZ,2020-06-30,124.6397,114.1657,-1.848,1.0327
002450.SZ,2020-05-31,124.6397,114.1255,-2.1794,1.0327
002450.SZ,2020-04-30,124.6397,114.1255,-2.1454,1.0327
002450.SZ,2020-03-31,124.6397,114.1255,-2.1454,1.0142
002450.SZ,2020-02-29,124.6397,114.1255,-2.1454,1.0142
002450.SZ,2020-01-31,124.6397,114.1255,-4.3143,0.7257
002450.SZ,2019-12-31,124.6397,114.1255,-4.3143,0.7257
002450.SZ,2019-11-30,124.6397,113.7155,-4.3143,0.7257
002450.SZ,2019-10-31,124.6397,113.7155,-4.3143,0.7257
002450.SZ,2019-09-30,124.6397,113.7155,-6.5553,0.713
002450.SZ,2019-08-31,124.6397,113.7155,-6.5553,0.713
002450.SZ,2019-07-31,124.6397,113.7155,-16.8309,0.6989
002450.SZ,2019-06-30,114.3711,104.4507,-15.4443,0.6413
002450.SZ,2019-05-31,101.9779,93.1325,-13.7707,0.5718
002450.SZ,2019-04-30,177.045,161.6883,-23.9075,0.9927
002450.SZ,2019-03-31,209.9754,191.7623,52.2825,1.1493
002450.SZ,2019-02-28,220.9522,201.787,55.0157,1.2094
002450.SZ,2019-01-31,149.0719,136.1416,5.3308,0.7451
002450.SZ,2018-12-31,270.5248,247.0597,9.6739,1.3522
002450.SZ,2018-11-30,334.9692,273.6321,11.9784,1.6743
002450.SZ,2018-10-31,602.3071,492.0171,21.5383,3.0106
002450.SZ,2018-09-30,602.3071,492.0171,22.0409,3.1201
002450.SZ,2018-08-31,604.7858,494.0419,22.1316,3.0932
002450.SZ,2018-07-31,604.7858,494.0419,22.8378,3.2229
002450.SZ,2018-06-30,604.3926,493.6488,22.823,3.2208
002450.SZ,2018-05-31,671.626,548.5629,25.3618,3.5791
002450.SZ,2018-04-30,729.659,595.9624,27.5533,3.8884
002450.SZ,2018-03-31,699.9348,571.6846,27.9025,3.8762
002450.SZ,2018-02-28,699.9348,571.6846,27.9025,3.8762
002450.SZ,2018-01-31,707.7197,578.0431,29.1395,4.073
002450.SZ,2017-12-31,785.2587,641.3176,32.3448,4.521
002450.SZ,2017-11-30,833.7184,680.8944,34.3409,4.8
002450.SZ,2017-10-31,860.6011,702.8494,35.4482,4.9548
002450.SZ,2017-09-30,750.1951,612.673,32.3395,4.4995
002450.SZ,2017-08-31,685.6325,559.8462,29.5563,4.1172
002450.SZ,2017-07-31,697.6488,569.6579,33.094,4.3734
002450.SZ,2017-06-30,795.8992,649.8833,37.7547,4.9894
002450.SZ,2017-05-31,708.3972,578.2667,33.6473,4.4466
002450.SZ,2017-04-30,702.7498,573.6567,33.379,4.3561
002450.SZ,2017-03-31,674.8657,550.8948,34.0751,4.3196
002450.SZ,2017-02-28,640.1211,522.5043,32.3286,4.0982
002450.SZ,2017-01-31,633.4164,517.0316,35.204,4.2168
002450.SZ,2016-12-31,673.4975,549.5914,37.479,4.4893
002450.SZ,2016-11-30,633.6727,517.0934,35.2628,4.2238
002450.SZ,2016-10-31,620.6327,506.4524,34.5372,4.1369
002450.SZ,2016-09-30,584.0205,519.9693,35.3584,5.817
002450.SZ,2016-08-31,582.2143,518.234,35.3193,5.8106
002450.SZ,2016-07-31,578.9905,515.3644,38.1593,6.1058
002450.SZ,2016-06-30,551.2661,490.6866,36.3321,5.8134
002450.SZ,2016-05-31,531.3136,472.8538,35.0608,5.5256
002450.SZ,2016-04-30,546.4874,486.2728,36.0621,5.6834
002450.SZ,2016-03-31,530.7218,472.2443,37.4441,5.7886
002450.SZ,2016-02-29,481.0119,428.0117,33.9369,5.2464
002450.SZ,2016-01-31,481.0119,428.0117,36.2732,8.1666
002422.SZ,2020-12-31,279.6814,212.9531,53.2677,2.1371
002422.SZ,2020-11-30,296.5141,222.2337,56.4736,2.2657
002422.SZ,2020-10-31,336.6536,252.3178,64.1185,2.5724
002422.SZ,2020-09-30,319.677,239.5941,77.5102,2.4831
002422.SZ,2020-08-31,355.932,266.7667,86.3008,2.7648
002422.SZ,2020-07-31,323.2738,242.2898,51.802,2.5825
002422.SZ,2020-06-30,302.3551,226.439,48.4499,2.4138
002422.SZ,2020-05-31,295.1561,216.9087,47.2964,2.3563
002422.SZ,2020-04-30,280.0384,205.7988,44.8739,2.133
002422.SZ,2020-03-31,297.8917,218.9191,31.8481,2.2596
002422.SZ,2020-02-29,330.4309,237.1711,35.3269,2.5064
002422.SZ,2020-01-31,359.9465,258.3563,32.6087,2.6863
002422.SZ,2019-12-31,338.2057,242.7516,30.6391,2.5241
002422.SZ,2019-11-30,334.3183,239.9649,30.287,2.4951
002422.SZ,2019-10-31,344.1089,246.9923,31.1739,2.5681
002422.SZ,2019-09-30,372.3287,267.2477,31.8997,2.8304
002422.SZ,2019-08-31,398.8207,285.9828,34.1694,3.0318
002422.SZ,2019-07-31,451.8049,323.9762,38.7671,3.5612
002422.SZ,2019-06-30,428.0484,306.9434,36.7287,3.3739
002422.SZ,2019-05-31,434.2395,311.3829,37.2599,3.3437
002422.SZ,2019-04-30,413.2186,296.3093,35.4562,3.1818
002422.SZ,2019-03-31,416.8191,297.9994,34.3642,3.2915
002422.SZ,2019-02-28,343.1018,245.2962,28.2867,2.7132
002422.SZ,2019-01-31,308.115,220.2892,22.2393,2.4365
002422.SZ,2018-12-31,297.3281,212.5498,21.4607,2.3511
002422.SZ,2018-11-30,348.0107,248.7811,25.1189,2.7518
002422.SZ,2018-10-31,338.3637,241.8848,24.4226,2.6755
002422.SZ,2018-09-30,384.0068,274.5135,30.3223,3.1119
002422.SZ,2018-08-31,405.216,289.8298,31.9971,3.2835
002422.SZ,2018-07-31,423.648,303.0132,33.4525,3.4329
002422.SZ,2018-06-30,462.24,331.2925,49.2219,3.814
002422.SZ,2018-05-31,470.16,336.9688,50.0653,3.8793
002422.SZ,2018-04-30,476.64,340.4399,50.7553,3.9328
002422.SZ,2018-03-31,457.92,327.0692,61.0113,3.8794
002422.SZ,2018-02-28,369.936,264.2266,49.2887,3.134
002422.SZ,2018-01-31,358.416,255.9985,82.6554,3.0078
002422.SZ,2017-12-31,358.56,256.1492,82.6886,3.009
002422.SZ,2017-11-30,302.544,216.1323,69.7706,2.5389
002422.SZ,2017-10-31,304.128,217.2639,70.1359,2.5522
002422.SZ,2017-09-30,262.368,187.4312,57.6985,2.2554
002422.SZ,2017-08-31,250.992,179.3044,55.1967,2.1576
002422.SZ,2017-07-31,236.592,169.0173,41.5748,2.0439
002422.SZ,2017-06-30,237.888,169.9431,41.8025,2.055
002422.SZ,2017-05-31,217.44,148.4971,38.2094,1.8465
002422.SZ,2017-04-30,231.552,158.1347,40.6892,1.9663
002422.SZ,2017-03-31,228.96,156.3645,39.1626,2.0208
002422.SZ,2017-02-28,242.496,165.6087,40.2727,2.137
002422.SZ,2017-01-31,241.632,165.0187,38.224,2.1051
002422.SZ,2016-12-31,232.128,158.5281,36.7205,2.0223
002422.SZ,2016-11-30,249.12,160.0425,39.4085,2.1801
002422.SZ,2016-10-31,246.24,158.1923,38.9529,2.1549
002422.SZ,2016-09-30,234,150.3289,37.6154,2.0777
002422.SZ,2016-08-31,224.064,143.9457,36.0182,1.9895
002422.SZ,2016-07-31,223.2,143.3906,34.467,2.0184
002422.SZ,2016-06-30,221.904,142.5581,34.2668,2.0067
002422.SZ,2016-05-31,212.688,107.9657,32.8437,1.8893
002422.SZ,2016-04-30,225.504,114.4714,34.8228,2.0032
002422.SZ,2016-03-31,210.528,106.8692,32.6263,1.9035
002422.SZ,2016-02-29,197.28,100.1442,30.3748,1.783
002422.SZ,2016-01-31,205.344,104.2377,28.2547,1.8807
002456.SZ,2020-12-31,355.1666,351.6501,33.2513,3.5243
002456.SZ,2020-11-30,413.6425,409.6148,38.7259,4.1045
002456.SZ,2020-10-31,416.3372,412.2833,38.9782,4.1224
002456.SZ,2020-09-30,388.3119,384.5309,39.1899,3.9326
002456.SZ,2020-08-31,509.5752,504.6135,51.4283,5.1607
002456.SZ,2020-07-31,524.1268,519.0234,57.7712,5.308
002456.SZ,2020-06-30,495.5626,490.7373,54.6227,5.2165
002456.SZ,2020-05-31,382.114,378.2961,42.118,4.0223
002456.SZ,2020-04-30,412.3558,405.4211,45.4513,4.2944
002456.SZ,2020-03-31,370.0351,363.8121,71.1573,4.1267
002456.SZ,2020-02-29,501.8804,493.4401,96.511,5.5971
002456.SZ,2020-01-31,486.1458,477.9701,-28.349,5.5623
002456.SZ,2019-12-31,423.2073,416.09,-24.6789,4.8422
002456.SZ,2019-11-30,342.6351,336.9722,-19.9804,3.9203
002456.SZ,2019-10-31,303.2985,298.2858,-17.6865,3.4702
002456.SZ,2019-09-30,322.8312,317.4956,-26.0006,3.7369
002456.SZ,2019-08-31,244.158,240.1227,-19.6643,2.8262
002456.SZ,2019-07-31,230.0511,226.249,-18.5282,2.6629
002456.SZ,2019-06-30,212.6888,209.1612,-19.8597,2.549
002456.SZ,2019-05-31,221.37,217.6984,-20.6703,2.653
002456.SZ,2019-04-30,327.4431,322.0122,-30.5748,3.9243
002456.SZ,2019-03-31,385.2271,378.8379,-74.2237,4.4846
002456.SZ,2019-02-28,375.4608,369.2364,20.4114,3.4169
002456.SZ,2019-01-31,271.558,267.0561,14.7629,2.4713
002456.SZ,2018-12-31,249.3125,245.1794,21.1814,2.3823
002456.SZ,2018-11-30,311.4462,306.6285,26.4603,2.9758
002456.SZ,2018-10-31,355.3959,349.8984,30.1942,3.3958
002456.SZ,2018-09-30,365.9764,360.3152,38.6832,3.7575
002456.SZ,2018-08-31,463.6425,454.211,49.0064,4.7602
002456.SZ,2018-07-31,452.2267,442.7827,48.7657,4.8075
002456.SZ,2018-06-30,437.8401,428.5908,47.2143,4.6545
002456.SZ,2018-05-31,496.7436,486.25,53.5661,5.2807
002456.SZ,2018-04-30,450.598,441.0792,48.5901,4.7902
002456.SZ,2018-03-31,549.9468,538.3292,66.8611,6.0395
002456.SZ,2018-02-28,586.0489,573.6687,71.2503,6.436
002456.SZ,2018-01-31,484.5286,474.293,41.2731,5.4032
002456.SZ,2017-12-31,559.045,547.1982,47.6206,6.2341
002456.SZ,2017-11-30,593.5271,580.8676,50.5578,6.6187
002456.SZ,2017-10-31,639.6843,604.763,54.4896,7.1334
002456.SZ,2017-09-30,575.4496,544.2452,59.2446,6.7155
002456.SZ,2017-08-31,578.7084,544.3594,59.5801,6.7535
002456.SZ,2017-07-31,514.6187,484.0737,65.5817,6.3371
002456.SZ,2017-06-30,493.4365,464.1487,62.8823,6.0763
002456.SZ,2017-05-31,424.187,401.4308,54.0573,5.1478
002456.SZ,2017-04-30,421.4714,398.8608,53.7112,5.1148
002456.SZ,2017-03-31,411.2605,389.1977,55.8547,4.9132
002456.SZ,2017-02-28,363.5734,344.0688,49.3782,4.3435
002456.SZ,2017-01-31,356.0781,336.9757,50.8602,4.3615
002456.SZ,2016-12-31,372.3721,352.3913,53.1876,4.5611
002456.SZ,2016-11-30,399.6706,378.4176,57.0868,4.9007
002456.SZ,2016-10-31,409.8852,401.4454,58.5457,6.0139
002456.SZ,2016-09-30,381.6498,373.7915,65.8889,5.8313
002456.SZ,2016-08-31,374.1122,373.1746,64.5876,5.9632
002456.SZ,2016-07-31,323.303,256.787,61.819,5.1534
002456.SZ,2016-06-30,304.0305,241.4796,58.1339,4.9504
002456.SZ,2016-05-31,300.7326,238.8602,57.5033,4.8967
002456.SZ,2016-04-30,263.3214,209.1459,50.3499,4.2876
002456.SZ,2016-03-31,273.5244,217.2498,56.9666,4.6677
002456.SZ,2016-02-29,204.0612,162.0778,42.4996,3.4823
002456.SZ,2016-01-31,226.3224,179.7591,45.0382,3.7258
002465.SZ,2020-12-31,249.5718,244.0266,46.2957,2.5904
002465.SZ,2020-11-30,283.6776,277.3736,52.6223,2.9444
002465.SZ,2020-10-31,257.8678,252.1373,47.8346,2.6765
002465.SZ,2020-09-30,269.6205,263.6288,52.8455,2.8329
002465.SZ,2020-08-31,304.6481,297.878,59.7109,3.2009
002465.SZ,2020-07-31,331.8406,324.4662,63.8284,3.5493
002465.SZ,2020-06-30,298.1957,282.7987,57.3569,3.1894
002465.SZ,2020-05-31,275.7169,254.447,53.0332,2.949
002465.SZ,2020-04-30,279.1748,257.6382,53.6983,2.9002
002465.SZ,2020-03-31,260.0406,239.9801,50.0587,2.7103
002465.SZ,2020-02-29,276.4084,255.0853,53.2327,2.8089
002465.SZ,2020-01-31,274.7947,253.596,56.6012,3.2518
002465.SZ,2019-12-31,249.6667,230.4065,51.4254,2.9545
002465.SZ,2019-11-30,236.7569,220.7575,48.7663,2.8017
002465.SZ,2019-10-31,221.7722,206.7855,45.6798,2.6244
002465.SZ,2019-09-30,225.9218,210.6546,48.5072,2.7039
002465.SZ,2019-08-31,228.6882,213.2341,49.1012,2.737
002465.SZ,2019-07-31,220.6196,205.7107,50.7651,2.6974
002465.SZ,2019-06-30,219.928,200.5654,50.606,2.689
002465.SZ,2019-05-31,221.6973,200.6353,51.0131,2.7106
002465.SZ,2019-04-30,214.0843,193.7456,49.2613,2.5318
002465.SZ,2019-03-31,225.6191,204.1845,52.5292,2.6783
002465.SZ,2019-02-28,225.6191,204.1845,52.5292,2.6783
002465.SZ,2019-01-31,176.2505,159.5061,47.4363,2.1363
002465.SZ,2018-12-31,179.9416,161.4996,48.4297,2.181
002465.SZ,2018-11-30,174.8663,156.9445,47.0637,2.1195
002465.SZ,2018-10-31,170.4831,153.0105,45.884,2.0664
002465.SZ,2018-09-30,203.011,182.2047,59.3094,2.4801
002465.SZ,2018-08-31,185.7089,166.6759,54.2546,2.2687
002465.SZ,2018-07-31,206.4714,173.8952,68.4753,2.5224
002465.SZ,2018-06-30,185.2839,150.6871,61.4486,2.319
002465.SZ,2018-05-31,222.8944,181.2749,73.9219,2.7898
002465.SZ,2018-04-30,252.4291,205.2948,83.717,3.0881
002465.SZ,2018-03-31,243.4303,197.9762,83.0015,2.9878
002465.SZ,2018-02-28,233.2777,189.7194,79.372,2.8703
002465.SZ,2018-01-31,219.2026,178.2724,47.991,2.7363
002465.SZ,2017-12-31,221.2793,177.7901,48.4456,2.7622
002465.SZ,2017-11-30,215.0493,172.7845,47.0817,2.6844
002465.SZ,2017-10-31,251.9676,202.4471,55.1644,3.1453
002465.SZ,2017-09-30,267.4272,214.8683,56.4643,3.3547
002465.SZ,2017-08-31,260.2742,209.1212,54.954,3.265
002465.SZ,2017-07-31,264.6583,212.6436,50.7297,3.9716
002465.SZ,2017-06-30,247.8143,199.1101,47.501,3.7188
002465.SZ,2017-05-31,230.4537,197.9546,44.1733,3.4583
002465.SZ,2017-04-30,239.2513,205.5115,45.8596,3.4783
002465.SZ,2017-03-31,251.9112,216.3861,47.5169,3.7708
002465.SZ,2017-02-28,256.4173,220.2568,48.194,3.8366
002465.SZ,2017-01-31,251.2675,215.8332,41.6053,3.9247
002465.SZ,2016-12-31,249.9801,214.322,41.3921,3.9046
002465.SZ,2016-11-30,258.5631,221.6807,42.8133,4.0386
002465.SZ,2016-10-31,269.2918,230.8791,44.5898,4.2062
002465.SZ,2016-09-30,266.9315,228.8554,44.0841,4.2062
002465.SZ,2016-08-31,266.9315,228.8554,44.0841,4.2062
002465.SZ,2016-07-31,266.9315,228.8554,45.7675,4.3139
002465.SZ,2016-06-30,266.9315,228.8554,45.7675,4.3139
002465.SZ,2016-05-31,249.9801,214.0033,42.8611,4.04
002465.SZ,2016-04-30,252.3404,216.0239,43.2658,3.8765
002465.SZ,2016-03-31,277.4457,237.5161,48.0968,4.2816
002465.SZ,2016-02-29,240.3242,205.7371,41.6616,3.7088
002465.SZ,2016-01-31,358.126,306.585,72.8759,5.8425
002475.SZ,2020-12-31,3938.4083,3932.2307,60.3826,17.1307
002475.SZ,2020-11-30,3616.6393,3612.0944,55.59,14.5019
002475.SZ,2020-10-31,3838.4375,3833.6138,58.9992,15.3913
002475.SZ,2020-09-30,3997.2646,3992.2413,69.3886,17.5235
002475.SZ,2020-08-31,3841.1291,3836.2931,66.8016,16.8702
002475.SZ,2020-07-31,4091.8501,4086.6985,80.5527,19.4841
002475.SZ,2020-06-30,3586.2178,3581.7028,70.5988,17.0764
002475.SZ,2020-05-31,2390.4564,2389.9228,47.0589,11.0436
002475.SZ,2020-04-30,2541.4043,2540.837,50.0304,11.741
002475.SZ,2020-03-31,2047.3281,2046.8706,43.2361,9.9609
002475.SZ,2020-02-29,2564.5253,2563.9521,54.1584,12.4772
002475.SZ,2020-01-31,2422.3497,2421.8083,61.093,13.1922
002475.SZ,2019-12-31,1958.2672,1957.8295,49.3886,10.6648
002475.SZ,2019-11-30,1820.2653,1818.4406,46.0464,9.9431
002475.SZ,2019-10-31,1701.5175,1699.8118,43.0425,9.2944
002475.SZ,2019-09-30,1431.3929,1429.958,42.1203,8.644
002475.SZ,2019-08-31,1309.4356,1308.123,38.5316,7.9075
002475.SZ,2019-07-31,1155.3844,1154.2262,38.4395,7.2669
002475.SZ,2019-06-30,1020.0135,1018.991,33.9357,6.3335
002475.SZ,2019-05-31,882.9967,882.1116,29.3772,5.4828
002475.SZ,2019-04-30,1073.5035,1072.4274,35.7153,6.6657
002475.SZ,2019-03-31,1020.4249,1019.4021,37.419,6.5826
002475.SZ,2019-02-28,862.8351,861.9702,31.6401,5.566
002475.SZ,2019-01-31,673.5628,672.8876,29.732,4.6825
002475.SZ,2018-12-31,578.5151,577.9352,25.5365,4.0217
002475.SZ,2018-11-30,620.8957,620.2733,27.4072,4.3163
002475.SZ,2018-10-31,683.0264,682.3417,30.1498,4.7483
002475.SZ,2018-09-30,634.4739,633.8379,34.5857,4.6894
002475.SZ,2018-08-31,765.3187,764.5516,41.7182,5.6565
002475.SZ,2018-07-31,744.5356,741.9438,43.2308,5.484
002475.SZ,2018-06-30,715.1857,712.6961,41.5266,5.3417
002475.SZ,2018-05-31,737.3964,734.8295,42.8163,5.5076
002475.SZ,2018-04-30,663.7837,661.4731,38.542,4.9577
002475.SZ,2018-03-31,767.2223,764.5516,45.2001,6.0224
002475.SZ,2018-02-28,777.0584,774.3535,45.7796,6.0996
002475.SZ,2018-01-31,690.1193,687.717,44.2948,5.6882
002475.SZ,2017-12-31,743.7423,741.1534,47.7366,6.1302
002475.SZ,2017-11-30,746.9153,744.3153,47.9402,6.1563
002475.SZ,2017-10-31,782.4525,779.7288,50.2212,6.4492
002475.SZ,2017-09-30,655.534,580.7055,45.603,5.505
002475.SZ,2017-08-31,665.6875,589.7,46.3094,5.5902
002475.SZ,2017-07-31,667.1825,589.7,53.0145,5.6632
002475.SZ,2017-06-30,619.9051,547.9132,49.2579,5.3572
002475.SZ,2017-05-31,589.8003,521.3045,46.8657,5.0971
002475.SZ,2017-04-30,575.1719,508.375,45.7033,4.9706
002475.SZ,2017-03-31,536.3748,474.0836,45.8078,4.8007
002475.SZ,2017-02-28,465.1409,411.1223,39.7242,4.1632
002475.SZ,2017-01-31,431.2199,381.1407,38.9681,4.0287
002475.SZ,2016-12-31,439.9122,388.8235,39.7535,4.11
002475.SZ,2016-11-30,433.552,382.3601,39.1788,4.0505
002475.SZ,2016-10-31,474.8931,418.8199,42.9147,4.4368
002475.SZ,2016-09-30,381.3415,378.0597,34.731,6.5365
002475.SZ,2016-08-31,374.7406,371.5157,34.1298,6.4233
002475.SZ,2016-07-31,350.0345,347.0222,31.1087,6.2231
002475.SZ,2016-06-30,370.6412,367.4023,32.9401,6.5894
002475.SZ,2016-05-31,358.5066,355.3737,31.8617,6.248
002475.SZ,2016-04-30,354.8599,351.7588,31.5376,6.1844
002475.SZ,2016-03-31,367.8119,364.5977,34.1374,6.4874
002475.SZ,2016-02-29,348.0695,345.0278,32.305,6.1392
002475.SZ,2016-01-31,349.327,346.2743,40.9959,6.6016
002470.SZ,2020-12-31,42.0612,37.0739,-2.8397,0.4456
002470.SZ,2020-11-30,45.0186,38.8608,-3.0393,0.477
002470.SZ,2020-10-31,44.3614,38.2935,-2.995,0.47
002470.SZ,2020-09-30,50.2762,43.3993,-4.6514,0.514
002470.SZ,2020-08-31,54.5481,47.0869,-5.0466,0.5576
002470.SZ,2020-07-31,51.262,44.2503,-5.5047,0.5221
002470.SZ,2020-06-30,74.5928,64.3899,-8.0101,0.7598
002470.SZ,2020-05-31,76.893,66.3754,-60.526,0.7264
002470.SZ,2020-04-30,88.0655,76.0197,-69.3204,0.832
002470.SZ,2020-03-31,95.2948,82.2602,40.3504,0.893
002470.SZ,2020-02-29,81.8221,70.6303,34.6457,0.7667
002470.SZ,2020-01-31,84.1223,72.6159,-176.712,0.7686
002470.SZ,2019-12-31,87.4083,75.4524,-183.6148,0.7987
002470.SZ,2019-11-30,81.8221,70.6303,-171.88,0.7476
002470.SZ,2019-10-31,95.6234,82.5438,-200.8719,0.8737
002470.SZ,2019-09-30,98.9094,81.3836,757.4887,0.9079
002470.SZ,2019-08-31,104.4957,85.98,800.2704,0.9592
002470.SZ,2019-07-31,105.8101,87.0615,63.9914,0.989
002470.SZ,2019-06-30,119.7787,98.9219,72.3381,1.118
002470.SZ,2019-05-31,135.2446,111.6948,81.6784,1.2623
002470.SZ,2019-04-30,190.8561,157.6228,115.2639,1.7814
002470.SZ,2019-03-31,244.1642,201.6485,57.9359,2.3353
002470.SZ,2019-02-28,254.6942,210.3449,60.4345,2.436
002470.SZ,2019-01-31,223.1042,184.2556,29.2712,2.0418
002470.SZ,2018-12-31,207.9674,172.2692,27.2853,1.9032
002470.SZ,2018-11-30,198.0955,164.0918,25.9901,1.8129
002470.SZ,2018-10-31,186.2492,154.279,24.4359,1.7045
002470.SZ,2018-09-30,213.4699,184.2626,28.1369,2.1362
002470.SZ,2018-08-31,210.312,181.5368,27.7207,2.1046
002470.SZ,2018-07-31,221.996,191.6222,26.7376,2.2916
002470.SZ,2018-06-30,217.2593,177.9015,26.1671,2.2427
002470.SZ,2018-05-31,262.4163,214.8782,31.6059,2.64
002470.SZ,2018-04-30,273.4688,223.9284,32.9371,2.7512
002470.SZ,2018-03-31,273.153,223.6698,37.6839,2.9091
002470.SZ,2018-02-28,267.7847,219.274,36.9433,2.852
002470.SZ,2018-01-31,288.9422,236.5987,36.2363,3.0024
002470.SZ,2017-12-31,288.9422,236.6576,36.2363,3.0024
002470.SZ,2017-11-30,288.9422,236.6576,36.2363,3.0024
002470.SZ,2017-10-31,288.9422,236.6576,36.2363,3.0024
002470.SZ,2017-09-30,253.5773,207.5783,24.5474,2.6779
002470.SZ,2017-08-31,257.3574,210.6727,24.9133,2.7178
002470.SZ,2017-07-31,256.7274,210.1569,24.9832,2.9641
002470.SZ,2017-06-30,237.1972,194.1695,23.0826,2.6425
002470.SZ,2017-05-31,217.6646,187.877,21.1818,2.4249
002470.SZ,2017-04-30,233.4146,201.4716,22.7145,2.6004
002470.SZ,2017-03-31,227.1569,196.033,22.5614,2.5345
002470.SZ,2017-02-28,242.5734,209.3372,24.0925,2.7066
002470.SZ,2017-01-31,235.0225,202.8209,20.5627,2.5856
002470.SZ,2016-12-31,248.0431,214.0145,21.7463,2.7345
002470.SZ,2016-11-30,245.8452,212.1182,21.5536,2.7102
002470.SZ,2016-10-31,237.6818,205.0747,20.8379,2.6202
002470.SZ,2016-09-30,247.7291,213.7436,19.9031,2.8465
002470.SZ,2016-08-31,262.8001,226.747,21.1139,3.0197
002470.SZ,2016-07-31,270.0216,232.9778,22.7711,3.2483
002470.SZ,2016-06-30,252.7528,218.0781,21.3148,3.0406
002470.SZ,2016-05-31,239.203,206.3806,20.1763,2.8782
002470.SZ,2016-04-30,249.8761,215.5892,21.0765,2.9509
002470.SZ,2016-03-31,244.6965,211.1203,22.0041,3.0386
002470.SZ,2016-02-29,217.5838,187.7061,19.5238,2.7029
002470.SZ,2016-01-31,234.0437,201.9058,20.2872,2.9351
002500.SZ,2020-12-31,321.2846,321.2846,44.7027,1.9088
002500.SZ,2020-11-30,288.2587,288.2587,40.1075,1.7126
002500.SZ,2020-10-31,269.5918,269.5918,37.5103,1.6017
002500.SZ,2020-09-30,285.3868,285.3868,48.5893,1.3989
002500.SZ,2020-08-31,295.0792,295.0792,50.2395,1.4465
002500.SZ,2020-07-31,296.8741,296.8741,62.9836,1.8128
002500.SZ,2020-06-30,234.7711,234.7711,39.2486,1.466
002500.SZ,2020-05-31,196.0307,196.0307,41.5891,1.5534
002500.SZ,2020-04-30,200.2737,200.2737,42.4893,1.5522
002500.SZ,2020-03-31,198.5765,198.5765,38.8987,1.569
002500.SZ,2020-02-29,222.3378,222.3378,43.5532,1.7568
002500.SZ,2020-01-31,224.035,224.035,36.4998,1.7679
002500.SZ,2019-12-31,234.5013,234.5013,38.205,1.8505
002500.SZ,2019-11-30,210.4572,210.4572,34.2877,1.6608
002500.SZ,2019-10-31,220.3577,220.3577,35.9007,1.7389
002500.SZ,2019-09-30,222.0549,222.0549,41.1446,1.7909
002500.SZ,2019-08-31,214.7002,214.7002,39.7818,1.7316
002500.SZ,2019-07-31,236.7643,236.7643,43.8701,1.9036
002500.SZ,2019-06-30,229.1267,229.1267,58.4208,1.8214
002500.SZ,2019-05-31,226.298,226.298,57.6995,1.799
002500.SZ,2019-04-30,245.8162,245.8162,62.6761,1.9541
002500.SZ,2019-03-31,271.2747,271.2747,123.4428,2.182
002500.SZ,2019-02-28,230.824,230.824,105.0358,1.8566
002500.SZ,2019-01-31,170.5721,170.5721,117.0492,1.3772
002500.SZ,2018-12-31,167.4605,167.4605,114.914,1.3521
002500.SZ,2018-11-30,182.7356,182.7356,125.396,1.4754
002500.SZ,2018-10-31,167.1777,167.1777,114.7199,1.3498
002500.SZ,2018-09-30,176.5124,176.5124,62.6395,1.4291
002500.SZ,2018-08-31,179.3412,179.3412,63.6434,1.452
002500.SZ,2018-07-31,189.5246,189.5246,67.2572,1.5345
002500.SZ,2018-06-30,190.6561,190.6561,53.5103,1.5502
002500.SZ,2018-05-31,204.7997,204.7997,57.4799,1.6314
002500.SZ,2018-04-30,231.3897,231.3897,64.9427,1.8432
002500.SZ,2018-03-31,218.9433,218.9433,52.148,1.7542
002500.SZ,2018-02-28,222.0549,222.0549,52.8891,1.7792
002500.SZ,2018-01-31,267.3145,267.3145,51.1283,2.1488
002500.SZ,2017-12-31,260.8085,260.8085,49.8839,2.0965
002500.SZ,2017-11-30,282.5896,282.5896,54.05,2.2716
002500.SZ,2017-10-31,283.4383,283.4383,54.2123,2.2785
002500.SZ,2017-09-30,319.6459,319.6459,61.0342,2.6056
002500.SZ,2017-08-31,345.6702,345.6702,66.0034,2.8178
002500.SZ,2017-07-31,326.7178,326.7178,62.3846,2.6633
002500.SZ,2017-06-30,270.9919,270.9919,48.647,2.2203
002500.SZ,2017-05-31,262.2228,262.2228,47.0728,2.1046
002500.SZ,2017-04-30,291.6416,291.6416,52.3539,2.3407
002500.SZ,2017-03-31,312.2913,312.2913,67.474,2.5445
002500.SZ,2017-02-28,325.5863,325.5863,70.3465,2.6528
002500.SZ,2017-01-31,310.3111,310.3111,59.5207,2.5625
002500.SZ,2016-12-31,340.0128,302.7508,65.2177,2.8078
002500.SZ,2016-11-30,399.6989,355.8959,76.6661,3.3007
002500.SZ,2016-10-31,391.2127,344.1554,75.0383,3.2306
002500.SZ,2016-09-30,395.7386,348.1369,94.9608,3.31
002500.SZ,2016-08-31,416.9541,366.8004,100.0516,3.4874
002500.SZ,2016-07-31,400.8304,352.6162,96.1826,3.3915
002500.SZ,2016-06-30,468.4369,412.0906,46.3283,3.7824
002500.SZ,2016-05-31,417.8027,367.547,41.3206,3.3736
002500.SZ,2016-04-30,342.5586,301.3537,33.879,2.766
002500.SZ,2016-03-31,335.4868,295.1325,23.4127,2.6667
002500.SZ,2016-02-29,263.9201,232.1742,18.4183,2.0978
002500.SZ,2016-01-31,297.0161,261.2893,20.3916,3.5498
002594.SZ,2020-12-31,5087.781,2226.6643,153.4802,9.3045
002594.SZ,2020-11-30,4535.3921,1972.2667,135.9836,8.2438
002594.SZ,2020-10-31,4120.3768,1830.8913,126.2361,7.6529
002594.SZ,2020-09-30,3083.6882,1331.724,174.0208,5.731
002594.SZ,2020-08-31,2164.8391,973.8174,127.252,4.1908
002594.SZ,2020-07-31,2158.8914,978.2855,238.3539,4.4525
002594.SZ,2020-06-30,1802.0614,822.5893,200.4194,3.7439
002594.SZ,2020-05-31,1407.0645,655.4075,160.2517,2.9935
002594.SZ,2020-04-30,1494.4849,684.519,167.3697,3.1265
002594.SZ,2020-03-31,1425.9361,684.6331,57.864,3.1207
002594.SZ,2020-02-29,1577.4761,746.2809,63.0743,3.4017
002594.SZ,2020-01-31,1417.9706,683.0349,57.7289,3.1134
002594.SZ,2019-12-31,1182.7548,544.2131,45.9959,2.4806
002594.SZ,2019-11-30,1091.9799,494.9331,41.8662,2.2579
002594.SZ,2019-10-31,1080.8066,488.7735,41.3452,2.2298
002594.SZ,2019-09-30,1207.5714,556.4147,35.4341,2.5448
002594.SZ,2019-08-31,1232.1735,564.0572,35.9208,2.5797
002594.SZ,2019-07-31,1411.3449,638.2002,44.5338,2.7279
002594.SZ,2019-06-30,1299.1312,579.3309,40.3709,2.6299
002594.SZ,2019-05-31,1244.0628,551.1182,38.4049,2.5018
002594.SZ,2019-04-30,1450.8275,649.9197,45.2899,2.9503
002594.SZ,2019-03-31,1341.0973,610.9702,52.4886,2.8445
002594.SZ,2019-02-28,1379.8357,622.6208,53.2883,2.6832
002594.SZ,2019-01-31,1201.7404,530.2157,45.1949,2.5036
002594.SZ,2018-12-31,1325.1635,582.3178,49.654,2.7506
002594.SZ,2018-11-30,1509.4012,650.8257,55.4957,2.8544
002594.SZ,2018-10-31,1260.9949,534.248,45.5551,2.3431
002594.SZ,2018-09-30,1342.7498,560.6236,47.4558,2.4703
002594.SZ,2018-08-31,1177.2629,507.6441,42.9712,2.2369
002594.SZ,2018-07-31,1118.7165,482.2961,32.3416,2.2533
002594.SZ,2018-06-30,1231.3246,542.7572,36.5069,2.5435
002594.SZ,2018-05-31,1308.1796,582.2573,39.1637,2.7286
002594.SZ,2018-04-30,1367.8997,602.8611,40.5496,2.8252
002594.SZ,2018-03-31,1470.7378,640.8815,37.7709,3.0053
002594.SZ,2018-02-28,1687.5489,722.9553,42.7069,3.3911
002594.SZ,2018-01-31,1688.8151,717.6051,41.1493,3.4254
002594.SZ,2017-12-31,1700.3175,740.4856,42.4614,3.5346
002594.SZ,2017-11-30,1664.0491,708.2708,40.6141,3.3809
002594.SZ,2017-10-31,1674.6726,717.1498,41.1232,3.4232
002594.SZ,2017-09-30,1801.6311,777.4814,41.2662,3.8161
002594.SZ,2017-08-31,1238.887,551.9777,29.2972,2.7093
002594.SZ,2017-07-31,1272.3644,557.7831,27.8078,2.7731
002594.SZ,2017-06-30,1286.0612,424.5316,28.347,2.6205
002594.SZ,2017-05-31,1278.9918,423.6817,28.2902,2.6153
002594.SZ,2017-04-30,1312.2928,440.9349,29.4423,2.7218
002594.SZ,2017-03-31,1220.7845,408.1283,25.9306,2.5559
002594.SZ,2017-02-28,1278.5623,425.8915,27.1048,2.6676
002594.SZ,2017-01-31,1232.1248,413.7377,29.3416,2.6794
002594.SZ,2016-12-31,1235.1171,417.5049,29.9443,2.7344
002594.SZ,2016-11-30,1382.6331,464.9868,33.3498,2.9851
002594.SZ,2016-10-31,1425.2965,471.9621,33.8501,3.0298
002594.SZ,2016-09-30,1408.91,467.1718,32.8513,3.0826
002594.SZ,2016-08-31,1487.7564,492.0473,34.6006,3.2467
002594.SZ,2016-07-31,1462.1341,498.7704,45.5688,3.2911
002594.SZ,2016-06-30,1315.6158,461.1325,42.514,4.5637
002594.SZ,2016-05-31,1281.7811,451.9869,41.6708,4.4732
002594.SZ,2016-04-30,1342.6564,481.5399,44.3954,4.7656
002594.SZ,2016-03-31,1257.3027,444.5042,51.5731,4.5089
002594.SZ,2016-02-29,1085.7976,381.7702,44.2027,3.833
002594.SZ,2016-01-31,1013.7202,359.7,58.7409,4.0665
002673.SZ,2020-12-31,355.0866,355.0866,35.0214,1.9326
002673.SZ,2020-11-30,336.1766,336.1766,33.1564,1.8297
002673.SZ,2020-10-31,318.6674,318.6674,31.4295,1.7344
002673.SZ,2020-09-30,332.6748,332.6748,42.3425,1.8394
002673.SZ,2020-08-31,341.7796,341.7796,43.5013,1.8898
002673.SZ,2020-07-31,347.3825,347.3825,123.2749,1.9635
002673.SZ,2020-06-30,285.7501,285.7501,101.4035,1.6152
002673.SZ,2020-05-31,278.7464,278.7464,98.9181,1.5562
002673.SZ,2020-04-30,278.3963,278.3963,98.7939,1.5542
002673.SZ,2020-03-31,289.6021,289.6021,46.5871,1.632
002673.SZ,2020-02-29,331.6242,331.6242,53.3471,1.8688
002673.SZ,2020-01-31,323.9202,323.9202,85.4919,1.835
002673.SZ,2019-12-31,343.1803,343.1803,90.5752,1.9441
002673.SZ,2019-11-30,308.8623,308.8622,81.5177,1.7497
002673.SZ,2019-10-31,309.9128,309.9127,81.7949,1.7557
002673.SZ,2019-09-30,312.0139,312.0138,75.7613,1.7768
002673.SZ,2019-08-31,313.0645,313.0644,76.0164,1.7827
002673.SZ,2019-07-31,338.2777,338.2776,54.5508,1.9104
002673.SZ,2019-06-30,352.9854,352.9854,56.9226,1.9708
002673.SZ,2019-05-31,343.1803,343.1803,55.3414,1.9161
002673.SZ,2019-04-30,372.2456,372.2456,60.0285,2.0783
002673.SZ,2019-03-31,403.7621,403.7621,201.8216,2.3261
002673.SZ,2019-02-28,358.5884,358.5884,179.2414,2.0658
002673.SZ,2019-01-31,269.2915,269.2915,69.7191,1.5346
002673.SZ,2018-12-31,268.5911,268.5911,69.5378,1.5306
002673.SZ,2018-11-30,297.3062,297.3062,76.9721,1.6943
002673.SZ,2018-10-31,292.7538,292.7538,75.7935,1.6683
002673.SZ,2018-09-30,283.2988,283.2988,50.0716,1.6186
002673.SZ,2018-08-31,276.6453,276.6453,48.8956,1.5806
002673.SZ,2018-07-31,261.9376,261.9376,35.7453,1.5041
002673.SZ,2018-06-30,264.3889,264.3889,36.0798,1.5182
002673.SZ,2018-05-31,298.3567,298.3567,40.7152,1.6894
002673.SZ,2018-04-30,323.2198,323.2198,44.1081,1.8302
002673.SZ,2018-03-31,338.9781,338.9781,46.03,1.9293
002673.SZ,2018-02-28,349.4836,349.4836,47.4565,1.989
002673.SZ,2018-01-31,438.0802,438.0802,48.7096,2.4969
002673.SZ,2017-12-31,431.4267,431.4267,47.9698,2.459
002673.SZ,2017-11-30,460.8421,460.8421,51.2405,2.6267
002673.SZ,2017-10-31,495.5103,495.5103,55.0952,2.8243
002673.SZ,2017-09-30,545.9368,545.9368,56.0928,3.1627
002673.SZ,2017-08-31,565.8973,565.8973,58.1437,3.2783
002673.SZ,2017-07-31,531.5793,531.5793,51.6107,3.1156
002673.SZ,2017-06-30,497.9616,497.9616,48.3468,2.9186
002673.SZ,2017-05-31,478.0011,478.0011,46.4089,2.7397
002673.SZ,2017-04-30,493.059,493.059,47.8708,2.8261
002673.SZ,2017-03-31,511.0301,511.0301,46.0247,4.1259
002673.SZ,2017-02-28,551.5659,551.5659,49.6755,4.4532
002673.SZ,2017-01-31,522.7715,522.7715,47.0822,4.2207
002673.SZ,2016-12-31,580.6398,580.6398,49.2057,4.7229
002673.SZ,2016-11-30,691.9035,691.9035,58.6346,5.6279
002673.SZ,2016-10-31,676.8074,676.8074,57.3553,5.5051
002673.SZ,2016-09-30,662.8296,662.8296,63.5238,5.5559
002673.SZ,2016-08-31,723.773,723.773,69.3645,6.0667
002673.SZ,2016-07-31,681.8394,681.8394,65.3457,5.7152
002673.SZ,2016-06-30,722.9343,722.9343,41.7778,6.2373
002673.SZ,2016-05-31,672.3345,672.3345,38.8537,5.5085
002673.SZ,2016-04-30,660.034,660.034,38.1429,5.4077
002673.SZ,2016-03-31,755.3629,755.3629,38.0592,6.2213
002673.SZ,2016-02-29,537.3085,461.28,27.0725,4.4254
002673.SZ,2016-01-31,675.1301,579.6,34.0167,5.5605
002739.SZ,2020-12-31,403.3151,352.8562,-5.3255,2.7448
002739.SZ,2020-11-30,435.1079,373.3484,-5.7453,2.9611
002739.SZ,2020-10-31,319.6623,300.1619,-4.2209,2.7095
002739.SZ,2020-09-30,369.9602,347.3916,-5.4251,3.0196
002739.SZ,2020-08-31,385.1328,361.6385,-5.6476,3.1435
002739.SZ,2020-07-31,360.6073,338.6092,-6.266,2.7968
002739.SZ,2020-06-30,317.376,298.0151,-5.5148,2.4615
002739.SZ,2020-05-31,335.6662,315.1896,-5.8327,2.6033
002739.SZ,2020-04-30,347.0975,294.1206,-6.0313,2.692
002739.SZ,2020-03-31,327.3525,277.3892,-6.9343,2.3371
002739.SZ,2020-02-29,336.7054,285.3146,-7.1324,2.4039
002739.SZ,2020-01-31,359.3603,304.5117,41.9821,1.8412
002739.SZ,2019-12-31,377.2347,319.658,44.0703,1.9328
002739.SZ,2019-11-30,296.3839,251.1473,34.6249,1.5186
002739.SZ,2019-10-31,310.9329,263.4757,36.3246,1.5931
002739.SZ,2019-09-30,361.8544,306.6251,39.3889,1.8804
002739.SZ,2019-08-31,327.3525,277.3892,35.6333,1.7011
002739.SZ,2019-07-31,339.6152,287.7803,28.7702,1.446
002739.SZ,2019-06-30,383.2622,324.7655,32.4677,1.6318
002739.SZ,2019-05-31,393.0308,333.0432,33.2952,1.6734
002739.SZ,2019-04-30,391.3925,391.3389,33.1564,3.0192
002739.SZ,2019-03-31,379.0624,379.0621,29.3272,3.0131
002739.SZ,2019-02-28,413.0583,413.0579,31.9574,3.2833
002739.SZ,2019-01-31,317.4119,317.4116,20.888,2.512
002739.SZ,2018-12-31,384.5229,373.355,25.3044,3.0431
002739.SZ,2018-11-30,379.9431,368.9083,25.003,3.0069
002739.SZ,2018-10-31,608.7545,591.0741,40.0604,4.8177
002739.SZ,2018-09-30,608.7545,591.0741,39.8233,4.9873
002739.SZ,2018-08-31,608.7545,591.0741,39.8233,4.9873
002739.SZ,2018-07-31,611.1031,593.3545,38.6195,5.0642
002739.SZ,2018-06-30,611.1031,593.3545,38.6195,5.0642
002739.SZ,2018-05-31,611.1031,593.3545,38.6195,5.0642
002739.SZ,2018-04-30,611.1031,593.3545,38.6195,5.0642
002739.SZ,2018-03-31,611.1031,593.3545,40.5737,5.2397
002739.SZ,2018-02-28,611.1031,593.3545,40.5737,5.2397
002739.SZ,2018-01-31,611.1031,593.3545,41.1678,5.3075
002739.SZ,2017-12-31,611.1031,220.0497,41.1678,5.3075
002739.SZ,2017-11-30,611.1031,220.0497,41.1678,5.3075
002739.SZ,2017-10-31,611.1031,220.0497,41.1678,5.3075
002739.SZ,2017-09-30,611.1031,220.0497,42.1743,5.4853
002739.SZ,2017-08-31,611.1031,220.0497,42.1743,5.4853
002739.SZ,2017-07-31,611.1031,220.0497,44.3813,5.6805
002739.SZ,2017-06-30,598.5381,215.5252,43.4688,5.5637
002739.SZ,2017-05-31,650.5594,234.258,47.2468,5.9181
002739.SZ,2017-04-30,619.0883,222.9256,44.9612,5.6318
002739.SZ,2017-03-31,663.7115,238.9939,48.5721,6.39
002739.SZ,2017-02-28,652.3209,234.8922,47.8138,6.2817
002739.SZ,2017-01-31,680.8562,245.1675,48.8484,6.6803
002739.SZ,2016-12-31,634.9413,219.5242,45.5542,6.2298
002739.SZ,2016-11-30,781.8456,270.3148,56.0939,7.6711
002739.SZ,2016-10-31,780.6713,269.9088,56.0097,7.6596
002739.SZ,2016-09-30,790.0657,273.1568,58.0034,8.0783
002739.SZ,2016-08-31,845.4924,292.32,62.0726,8.645
002739.SZ,2016-07-31,837.8595,289.681,63.9029,8.873
002739.SZ,2016-06-30,938.2617,324.394,71.5605,9.9362
002739.SZ,2016-05-31,942.9589,326.018,71.9187,9.7436
002739.SZ,2016-04-30,942.9589,326.018,71.9187,9.7436
002739.SZ,2016-03-31,942.9589,326.018,79.5191,10.3514
002739.SZ,2016-02-29,942.9589,326.018,79.528,10.7877
002739.SZ,2016-01-31,909.4915,314.447,85.5491,10.4048
002736.SZ,2020-12-31,1311.1354,1311.1354,19.7174,1.8905
002736.SZ,2020-11-30,1320.7478,1320.7478,19.862,1.9044
002736.SZ,2020-10-31,1283.2593,1283.2593,19.2982,1.8504
002736.SZ,2020-09-30,1292.8718,1292.8718,24.5892,1.9313
002736.SZ,2020-08-31,1346.7014,1346.7014,25.613,2.0117
002736.SZ,2020-07-31,1082.4,1082.4,24.328,1.9409
002736.SZ,2020-06-30,926.6,926.6,20.8262,1.6615
002736.SZ,2020-05-31,875.76,875.76,19.6836,1.5704
002736.SZ,2020-04-30,876.58,876.58,19.702,1.5718
002736.SZ,2020-03-31,910.2,910.2,18.537,1.7774
002736.SZ,2020-02-29,965.14,965.14,19.6018,1.716
002736.SZ,2020-01-31,1008.6,1008.6,19.2972,2.0211
002736.SZ,2019-12-31,1029.1,1029.1,19.6894,2.0622
002736.SZ,2019-11-30,931.52,931.52,17.8225,1.8666
002736.SZ,2019-10-31,1002.86,1002.86,19.1874,2.0096
002736.SZ,2019-09-30,1006.96,1006.96,20.7039,2.0612
002736.SZ,2019-08-31,1059.44,1059.44,21.7829,2.1686
002736.SZ,2019-07-31,1117.66,1117.66,24.4623,2.0804
002736.SZ,2019-06-30,1079.12,1079.12,23.6188,2.0087
002736.SZ,2019-05-31,978.26,978.26,21.4113,1.9769
002736.SZ,2019-04-30,1011.88,1011.88,22.1471,2.0448
002736.SZ,2019-03-31,1110.28,1110.28,32.4326,2.1163
002736.SZ,2019-02-28,933.16,933.16,27.2588,1.7787
002736.SZ,2019-01-31,685.52,685.52,21.7893,1.4598
002736.SZ,2018-12-31,686.34,686.34,21.8153,1.4616
002736.SZ,2018-11-30,735.54,735.54,23.3792,1.4135
002736.SZ,2018-10-31,687.16,687.16,21.8414,1.3205
002736.SZ,2018-09-30,692.08,692.08,18.6085,1.3495
002736.SZ,2018-08-31,688.8,688.8,18.5203,1.3431
002736.SZ,2018-07-31,742.1,742.1,19.9535,1.447
002736.SZ,2018-06-30,746.2,746.2,17.4625,1.4438
002736.SZ,2018-05-31,820.82,820.82,19.2087,1.5512
002736.SZ,2018-04-30,881.5,881.5,20.6287,1.6659
002736.SZ,2018-03-31,891.34,891.34,19.4838,1.7115
002736.SZ,2018-02-28,890.52,890.52,19.4659,1.7099
002736.SZ,2018-01-31,961.86,961.86,22.8401,1.8885
002736.SZ,2017-12-31,889.7,889.7,21.1266,1.7468
002736.SZ,2017-11-30,1015.16,1015.16,24.1057,1.9932
002736.SZ,2017-10-31,1070.1,1070.1,25.4103,2.101
002736.SZ,2017-09-30,1122.58,1122.58,25.6707,2.2865
002736.SZ,2017-08-31,1172.6,1172.6,26.8146,2.3884
002736.SZ,2017-07-31,1167.68,1167.68,26.8288,2.6629
002736.SZ,2017-06-30,1086.5,1086.5,22.8528,2.2627
002736.SZ,2017-05-31,1094.7,1094.7,23.0253,2.4636
002736.SZ,2017-04-30,1129.96,1129.96,23.7669,2.543
002736.SZ,2017-03-31,1195.56,1195.56,26.2424,2.7603
002736.SZ,2017-02-28,1250.5,1250.5,27.4483,2.8871
002736.SZ,2017-01-31,1241.48,1241.48,18.8923,2.9239
002736.SZ,2016-12-31,1275.1,1275.1,19.4039,3.0031
002736.SZ,2016-11-30,1449.76,1449.76,22.0618,3.4144
002736.SZ,2016-10-31,1404.66,1404.66,21.3755,3.3082
002736.SZ,2016-09-30,1351.36,1351.36,18.9702,3.3167
002736.SZ,2016-08-31,1455.5,1455.5,20.4321,3.5723
002736.SZ,2016-07-31,1312,1312,18.4176,3.2374
002736.SZ,2016-06-30,1414.5,1414.5,12.2612,3.1628
002736.SZ,2016-05-31,1282.48,1282.48,11.1168,2.8871
002736.SZ,2016-04-30,1257.06,1257.06,10.8964,2.8299
002736.SZ,2016-03-31,1346.44,1346.44,9.4787,2.9896
002736.SZ,2016-02-29,1107,1107,7.7931,2.458
002736.SZ,2016-01-31,1196.38,1196.38,8.4223,2.6564
300002.SZ,2020-12-31,100.2118,100.2118,-10.3212,2.6879
300002.SZ,2020-11-30,117.8616,117.8616,-12.139,3.1613
300002.SZ,2020-10-31,109.0367,109.0367,-11.2301,2.9246
300002.SZ,2020-09-30,108.8406,108.8406,-9.3068,3.0128
300002.SZ,2020-08-31,129.236,129.236,-11.0507,3.5774
300002.SZ,2020-07-31,133.1581,133.1581,-9.8345,3.7607
300002.SZ,2020-06-30,121.3916,121.3916,-8.9655,3.4284
300002.SZ,2020-05-31,111.1939,111.1939,-8.2123,3.1404
300002.SZ,2020-04-30,102.5651,102.5651,-7.575,2.8967
300002.SZ,2020-03-31,71.5799,71.5799,-4.9296,1.8732
300002.SZ,2020-02-29,66.481,66.481,-4.5785,1.7398
300002.SZ,2020-01-31,64.5199,64.5199,-102.7113,1.3094
300002.SZ,2019-12-31,63.9316,63.9316,-101.7747,1.2975
300002.SZ,2019-11-30,61.9705,61.9705,-98.6527,1.2577
300002.SZ,2019-10-31,63.9316,63.9316,-101.7747,1.2975
300002.SZ,2019-09-30,69.2265,69.2265,-5375.8379,1.3869
300002.SZ,2019-08-31,70.011,70.011,-5436.7539,1.4026
300002.SZ,2019-07-31,73.3448,73.3448,353.5135,1.4391
300002.SZ,2019-06-30,78.0515,78.0515,376.1989,1.5315
300002.SZ,2019-05-31,79.4242,79.4242,382.8154,1.5584
300002.SZ,2019-04-30,87.4647,87.4647,421.5695,1.7162
300002.SZ,2019-03-31,105.1145,105.1145,124.3981,2.0056
300002.SZ,2019-02-28,84.9153,84.9153,100.4932,1.6202
300002.SZ,2019-01-31,59.6172,59.6172,2209.0283,1.1915
300002.SZ,2018-12-31,64.716,64.716,2397.9583,1.2934
300002.SZ,2018-11-30,69.4227,69.4227,2572.3552,1.3874
300002.SZ,2018-10-31,66.0888,66.0888,2448.824,1.3208
300002.SZ,2018-09-30,74.3254,74.3254,-234.3318,1.485
300002.SZ,2018-08-31,74.9137,74.9137,-236.1866,1.4967
300002.SZ,2018-07-31,80.6009,80.6009,147.5814,1.5857
300002.SZ,2018-06-30,81.7775,81.7775,149.7359,1.6045
300002.SZ,2018-05-31,120.0188,120.0188,219.7563,2.3548
300002.SZ,2018-04-30,130.0204,130.0204,238.0693,2.5511
300002.SZ,2018-03-31,137.8648,137.8648,100.923,2.6672
300002.SZ,2018-02-28,129.8243,129.8243,95.037,2.5116
300002.SZ,2018-01-31,120.6072,120.6072,100.1796,2.4293
300002.SZ,2017-12-31,120.0188,120.0188,99.6909,2.4174
300002.SZ,2017-11-30,125.706,125.706,104.4149,2.532
300002.SZ,2017-10-31,134.1387,134.1387,111.4193,2.7018
300002.SZ,2017-09-30,148.2586,148.2586,53.3226,2.9548
300002.SZ,2017-08-31,149.043,149.043,53.6047,2.9704
300002.SZ,2017-07-31,138.0609,138.0609,27.0138,2.7515
300002.SZ,2017-06-30,163.5551,163.5551,32.0022,3.2376
300002.SZ,2017-05-31,166.8889,166.8889,32.6545,3.3036
300002.SZ,2017-04-30,165.1239,165.1239,32.3092,3.2687
300002.SZ,2017-03-31,185.7154,185.7154,34.6622,3.6584
300002.SZ,2017-02-28,182.7738,182.7738,34.1132,3.6004
300002.SZ,2017-01-31,180.8127,180.8127,34.6041,3.6427
300002.SZ,2016-12-31,181.2049,181.2049,34.6792,3.6506
300002.SZ,2016-11-30,203.3652,203.3652,38.9202,4.0971
300002.SZ,2016-10-31,208.8563,208.8563,39.9711,4.2077
300002.SZ,2016-09-30,209.0524,209.0524,43.1116,4.3114
300002.SZ,2016-08-31,207.6796,207.6796,42.8285,4.2831
300002.SZ,2016-07-31,189.8337,189.8337,58.0619,3.9011
300002.SZ,2016-06-30,208.6602,208.6602,63.8201,4.2033
300002.SZ,2016-05-31,174.7761,174.7761,53.4565,3.5208
300002.SZ,2016-04-30,170.0582,170.0582,52.0134,3.4197
300002.SZ,2016-03-31,175.8163,175.8163,50.1752,3.6822
300002.SZ,2016-02-29,149.9817,149.9817,42.8024,3.1411
300002.SZ,2016-01-31,172.628,172.628,39.4041,3.7286
300003.SZ,2020-12-31,490.4851,415.0478,23.5114,4.8792
300003.SZ,2020-11-30,521.7044,441.7481,25.0079,5.1898
300003.SZ,2020-10-31,555.2696,470.1691,26.6169,5.5236
300003.SZ,2020-09-30,608.3243,515.0926,35.5688,6.7135
300003.SZ,2020-08-31,699.4556,596.1476,40.8972,7.7192
300003.SZ,2020-07-31,763.9728,649.6835,50.0509,10.1
300003.SZ,2020-06-30,650.6596,553.3219,42.6273,8.602
300003.SZ,2020-05-31,622.3314,529.2767,40.7714,7.9687
300003.SZ,2020-04-30,678.9879,577.4617,44.4832,8.6941
300003.SZ,2020-03-31,645.3147,548.8234,37.4029,8.624
300003.SZ,2020-02-29,611.107,519.7307,35.4784,8.112
300003.SZ,2020-01-31,568.5254,483.5162,33.6916,7.6189
300003.SZ,2019-12-31,589.3708,501.2446,34.927,7.8982
300003.SZ,2019-11-30,574.9394,487.8184,34.0717,7.7048
300003.SZ,2019-10-31,538.0592,456.5267,31.8862,7.2106
300003.SZ,2019-09-30,446.4822,378.8264,28.5423,6.3219
300003.SZ,2019-08-31,479.621,407.9052,30.6607,6.7911
300003.SZ,2019-07-31,441.4936,375.4789,29.4666,6.7342
300003.SZ,2019-06-30,410.1365,348.8182,27.3737,6.2559
300003.SZ,2019-05-31,409.4238,348.2121,27.3262,5.9788
300003.SZ,2019-04-30,474.6323,403.6714,31.6784,6.9311
300003.SZ,2019-03-31,472.138,401.55,38.7413,7.4217
300003.SZ,2019-02-28,460.2009,391.3976,37.2809,7.1994
300003.SZ,2019-01-31,362.3882,308.2086,27.7846,5.3376
300003.SZ,2018-12-31,370.762,292.8219,28.4266,5.4609
300003.SZ,2018-11-30,557.6574,440.429,42.756,8.2136
300003.SZ,2018-10-31,510.6217,403.281,39.1498,7.5209
300003.SZ,2018-09-30,540.7317,427.0613,44.5583,8.5611
300003.SZ,2018-08-31,560.3298,442.5397,46.1733,8.8714
300003.SZ,2018-07-31,614.8484,485.5976,63.3668,10.3347
300003.SZ,2018-06-30,653.5103,517.7736,67.3514,10.9845
300003.SZ,2018-05-31,709.0979,561.8154,73.0803,11.4822
300003.SZ,2018-04-30,657.4299,520.8791,67.7553,10.6455
300003.SZ,2018-03-31,600.7734,475.9903,66.8205,9.3438
300003.SZ,2018-02-28,492.9834,390.5887,54.8661,7.6701
300003.SZ,2018-01-31,465.0114,368.4267,53.2053,7.5573
300003.SZ,2017-12-31,430.4473,341.058,49.2506,6.9955
300003.SZ,2017-11-30,387.6877,307.1781,44.3582,6.3006
300003.SZ,2017-10-31,421.3609,333.8585,48.211,6.8479
300003.SZ,2017-09-30,382.8772,303.3666,48.0317,6.5521
300003.SZ,2017-08-31,399.8029,316.7774,50.155,6.8418
300003.SZ,2017-07-31,367.3768,291.0851,50.0264,6.5801
300003.SZ,2017-06-30,393.9235,312.1189,53.6413,7.0555
300003.SZ,2017-05-31,351.1638,278.6728,47.8186,6.0989
300003.SZ,2017-04-30,325.3298,258.1718,44.3008,5.6503
300003.SZ,2017-03-31,308.7605,245.0228,45.4557,5.5789
300003.SZ,2017-02-28,303.0592,240.4984,44.3572,5.4718
300003.SZ,2017-01-31,303.5937,240.9226,46.7943,6.4397
300003.SZ,2016-12-31,312.6222,246.011,48.1859,6.6312
300003.SZ,2016-11-30,326.5707,256.9875,50.3359,6.9271
300003.SZ,2016-10-31,323.4323,254.5178,49.8522,6.8605
300003.SZ,2016-09-30,322.7349,253.9689,52.8807,7.2572
300003.SZ,2016-08-31,330.2322,259.8688,54.1091,7.4258
300003.SZ,2016-07-31,322.3861,253.6945,56.628,7.5579
300003.SZ,2016-06-30,318.0272,250.2644,55.8623,7.4557
300003.SZ,2016-05-31,314.7144,247.6845,55.2804,7.1444
300003.SZ,2016-04-30,305.9966,240.8235,53.7491,6.9465
300003.SZ,2016-03-31,323.3451,254.477,62.0754,6.7267
300003.SZ,2016-02-29,267.8996,210.8406,51.3768,5.5629
300003.SZ,2016-01-31,267.0278,210.1545,51.3165,7.7437
300015.SZ,2020-12-31,3086.6049,2558.6381,182.2005,32.4905
300015.SZ,2020-11-30,2522.369,2090.9133,148.894,26.5512
300015.SZ,2020-10-31,2566.0571,2127.1284,151.4729,27.011
300015.SZ,2020-09-30,2119.2846,1756.7771,155.8259,23.714
300015.SZ,2020-08-31,2141.9529,1775.568,157.4927,23.9677
300015.SZ,2020-07-31,1867.1368,1547.6862,160.992,21.8335
300015.SZ,2020-06-30,1749.7987,1484.4503,150.8746,28.1551
300015.SZ,2020-05-31,1577.0337,1299.2035,135.9781,25.3752
300015.SZ,2020-04-30,1375.1184,1116.6263,118.5682,20.587
300015.SZ,2020-03-31,1219.9181,990.6002,88.3086,18.4904
300015.SZ,2020-02-29,1239.1245,1006.1963,89.6989,18.7815
300015.SZ,2020-01-31,1239.1245,1006.1963,92.1289,19.224
300015.SZ,2019-12-31,1225.4941,995.1281,91.1155,19.0126
300015.SZ,2019-11-30,1236.6462,1003.0808,91.9447,19.1856
300015.SZ,2019-10-31,1225.4941,994.0349,91.1155,19.0126
300015.SZ,2019-09-30,1098.7936,891.2644,91.9578,18.3902
300015.SZ,2019-08-31,1046.4406,848.7993,87.5764,17.514
300015.SZ,2019-07-31,944.7004,766.1306,86.5996,17.1765
300015.SZ,2019-06-30,959.5727,778.1717,87.9629,17.4469
300015.SZ,2019-05-31,912.5963,736.13,83.6566,15.2694
300015.SZ,2019-04-30,889.7158,711.4125,81.5592,14.8866
300015.SZ,2019-03-31,810.3493,647.9514,80.3517,14.2342
300015.SZ,2019-02-28,766.7334,613.0764,76.0269,13.4681
300015.SZ,2019-01-31,647.326,517.5988,64.4326,11.5831
300015.SZ,2018-12-31,626.829,482.8708,62.3924,11.2163
300015.SZ,2018-11-30,679.2633,523.263,67.6116,12.1546
300015.SZ,2018-10-31,644.466,496.4573,64.148,11.5319
300015.SZ,2018-09-30,768.6401,592.1134,86.408,15.3266
300015.SZ,2018-08-31,747.6664,575.9565,84.0502,14.9084
300015.SZ,2018-07-31,796.7146,613.5782,99.1611,15.9722
300015.SZ,2018-06-30,769.776,589.4317,95.8083,15.4321
300015.SZ,2018-05-31,786.702,602.3922,97.9149,15.7715
300015.SZ,2018-04-30,746.9149,564.4482,92.9629,13.6675
300015.SZ,2018-03-31,653.1084,493.2365,88.2936,12.5195
300015.SZ,2018-02-28,575.7124,434.7859,77.8304,11.0359
300015.SZ,2018-01-31,554.7774,418.9755,76.8702,16.371
300015.SZ,2017-12-31,488.4832,368.9093,64.935,13.8903
300015.SZ,2017-11-30,413.864,325.4308,57.3452,12.2668
300015.SZ,2017-10-31,421.1675,331.1737,58.3571,12.4832
300015.SZ,2017-09-30,385.0198,302.6663,59.5317,12.5206
300015.SZ,2017-08-31,354.6195,278.7685,54.8312,11.532
300015.SZ,2017-07-31,343.6831,270.0458,57.8152,12.2581
300015.SZ,2017-06-30,353.7199,277.9321,59.5036,12.6161
300015.SZ,2017-05-31,339.545,265.147,57.119,12.2458
300015.SZ,2017-04-30,332.6134,259.8287,55.953,11.2564
300015.SZ,2017-03-31,305.8991,238.9602,54.5905,10.9467
300015.SZ,2017-02-28,321.2801,250.9754,57.3354,11.4971
300015.SZ,2017-01-31,309.562,241.7152,57.3506,11.6871
300015.SZ,2016-12-31,301.1466,235.3156,55.9655,11.4048
300015.SZ,2016-11-30,336.7001,263.097,62.5728,12.7513
300015.SZ,2016-10-31,340.6281,266.1663,63.3028,12.9
300015.SZ,2016-09-30,352.1099,275.1382,70.6008,14.587
300015.SZ,2016-08-31,358.3544,280.0177,71.8528,14.8456
300015.SZ,2016-07-31,366.009,285.999,79.752,14.5006
300015.SZ,2016-06-30,367.9226,287.4943,80.169,13.0473
300015.SZ,2016-05-31,325.1575,259.2407,70.8506,12.8324
300015.SZ,2016-04-30,313.3641,249.8289,68.2809,12.4276
300015.SZ,2016-03-31,294.2349,233.4167,68.7394,12.2556
300015.SZ,2016-02-29,277.5708,220.197,64.7449,11.5475
300015.SZ,2016-01-31,290.2475,230.1403,70.1118,12.3888
300017.SZ,2020-12-31,169.0125,169.0125,-31.8043,1.9361
300017.SZ,2020-11-30,189.6178,189.6178,-35.6817,2.1722
300017.SZ,2020-10-31,190.599,190.599,-35.8664,2.1834
300017.SZ,2020-09-30,197.2222,197.2222,-33.2059,2.2485
300017.SZ,2020-08-31,224.6959,224.6959,-37.8316,2.5617
300017.SZ,2020-07-31,219.7899,219.7899,1950.3558,2.5058
300017.SZ,2020-06-30,206.6479,206.6479,1833.7375,2.4007
300017.SZ,2020-05-31,189.6098,189.6098,1682.546,2.1843
300017.SZ,2020-04-30,199.5893,199.5893,1771.1011,2.2993
300017.SZ,2020-03-31,189.8532,189.8532,635.3187,2.0187
300017.SZ,2020-02-29,238.2901,238.2901,797.4064,2.5337
300017.SZ,2020-01-31,199.5893,199.5893,20.6869,2.1222
300017.SZ,2019-12-31,231.9617,231.9617,24.0531,2.466
300017.SZ,2019-11-30,215.2647,215.2647,22.3116,2.2875
300017.SZ,2019-10-31,232.0671,232.0671,24.0531,2.466
300017.SZ,2019-09-30,243.2989,243.2989,20.975,2.5824
300017.SZ,2019-08-31,244.0288,244.0288,21.0379,2.5901
300017.SZ,2019-07-31,258.6267,258.6267,37.0956,3.0002
300017.SZ,2019-06-30,262.2578,262.2578,37.6191,3.0425
300017.SZ,2019-05-31,255.6892,255.6892,36.6769,2.9663
300017.SZ,2019-04-30,266.8802,266.8802,38.2821,3.0962
300017.SZ,2019-03-31,308.968,308.968,38.4216,3.563
300017.SZ,2019-02-28,245.2281,245.2281,30.5508,2.8278
300017.SZ,2019-01-31,179.7853,179.7853,20.6323,2.1211
300017.SZ,2018-12-31,190.4897,190.4897,21.8607,2.2474
300017.SZ,2018-11-30,194.6766,194.6766,22.3412,2.2959
300017.SZ,2018-10-31,190.2964,190.2964,21.8386,2.2442
300017.SZ,2018-09-30,226.0683,226.0683,26.1695,2.7264
300017.SZ,2018-08-31,240.9124,240.9124,27.8879,2.9054
300017.SZ,2018-07-31,247.0117,247.0117,29.0002,3.0481
300017.SZ,2018-06-30,260.5708,260.5708,30.6002,3.2163
300017.SZ,2018-05-31,267.8697,267.8697,31.4574,3.3064
300017.SZ,2018-04-30,319.6492,319.6492,37.5381,3.9106
300017.SZ,2018-03-31,363.4035,363.4035,43.9785,4.3664
300017.SZ,2018-02-28,301.1752,301.1752,36.4477,3.6187
300017.SZ,2018-01-31,287.3197,287.3197,31.4357,3.6894
300017.SZ,2017-12-31,256.5463,256.5463,28.2975,3.321
300017.SZ,2017-11-30,222.5491,222.5491,24.5475,2.8809
300017.SZ,2017-10-31,248.8306,248.8306,27.4464,3.2212
300017.SZ,2017-09-30,290.8504,290.8504,26.9172,3.8509
300017.SZ,2017-08-31,271.3319,271.3319,25.1108,3.5924
300017.SZ,2017-07-31,246.753,246.753,20.4477,3.4109
300017.SZ,2017-06-30,290.8504,290.8504,24.1019,4.0205
300017.SZ,2017-05-31,269.7627,269.7627,22.3846,3.734
300017.SZ,2017-04-30,320.2981,320.2981,26.578,4.4335
300017.SZ,2017-03-31,325.361,325.361,25.9618,4.4348
300017.SZ,2017-02-28,392.7564,392.7564,31.0679,5.3095
300017.SZ,2017-01-31,388.9891,388.9891,32.3675,5.5525
300017.SZ,2016-12-31,425.2796,425.2796,35.7556,6.1337
300017.SZ,2016-11-30,481.1268,481.1268,40.451,6.9392
300017.SZ,2016-10-31,496.2785,496.2785,41.7249,7.1577
300017.SZ,2016-09-30,553.7123,553.7123,50.5723,8.4756
300017.SZ,2016-08-31,544.6688,544.6688,49.7464,8.3371
300017.SZ,2016-07-31,590.124,590.124,53.8979,9.0329
300017.SZ,2016-06-30,533.0869,533.0869,56.3098,8.6291
300017.SZ,2016-05-31,529.3613,529.3613,56.1925,8.6111
300017.SZ,2016-04-30,503.7063,503.7063,53.4692,8.1938
300017.SZ,2016-03-31,461.0795,461.0795,55.4617,7.6209
300017.SZ,2016-02-29,367.609,367.609,44.1603,14.6796
300017.SZ,2016-01-31,369.565,369.565,49.6111,16.6588
300058.SZ,2020-12-31,149.4623,149.4623,21.3344,1.632
300058.SZ,2020-11-30,163.4121,163.4121,23.3256,1.7843
300058.SZ,2020-10-31,170.6361,170.6361,24.3567,1.8632
300058.SZ,2020-09-30,182.5931,182.5931,32.0798,2.0268
300058.SZ,2020-08-31,191.3117,191.3117,33.6116,2.1236
300058.SZ,2020-07-31,190.3153,190.3153,27.4678,2.1511
300058.SZ,2020-06-30,194.301,194.301,28.0431,2.1961
300058.SZ,2020-05-31,179.3547,179.3547,25.8859,2.0272
300058.SZ,2020-04-30,173.3762,173.3762,25.023,1.9596
300058.SZ,2020-03-31,141.2418,141.2418,19.6165,1.6124
300058.SZ,2020-02-29,185.0841,185.0841,25.7056,2.1129
300058.SZ,2020-01-31,154.6934,154.6934,25.6059,1.7716
300058.SZ,2019-12-31,140.7436,140.7436,23.2968,1.6118
300058.SZ,2019-11-30,130.0322,130.0322,21.5238,1.4891
300058.SZ,2019-10-31,141.2418,141.2418,23.3793,1.6175
300058.SZ,2019-09-30,147.3887,147.3887,26.7847,1.7253
300058.SZ,2019-08-31,146.5962,146.5962,27.0558,1.7428
300058.SZ,2019-07-31,126.528,126.528,27.6932,1.5793
300058.SZ,2019-06-30,104.9143,104.9143,22.9626,1.2966
300058.SZ,2019-05-31,102.703,102.703,22.4786,1.2693
300058.SZ,2019-04-30,115.4045,115.4045,25.2586,1.4836
300058.SZ,2019-03-31,130.0292,130.0292,32.4719,1.8175
300058.SZ,2019-02-28,105.6144,105.6144,26.3858,1.6643
300058.SZ,2019-01-31,82.9204,82.9204,23.2885,1.3167
300058.SZ,2018-12-31,94.7038,94.7038,26.5978,1.5038
300058.SZ,2018-11-30,100.8135,100.8135,28.3138,1.6009
300058.SZ,2018-10-31,96.0128,96.0128,26.9655,1.5246
300058.SZ,2018-09-30,102.5592,102.5592,43.3046,1.6937
300058.SZ,2018-08-31,112.3777,112.3777,47.4508,1.8559
300058.SZ,2018-07-31,123.0699,123.0699,41.7614,2.0325
300058.SZ,2018-06-30,124.3792,124.3792,42.2056,2.0389
300058.SZ,2018-05-31,132.8893,132.8893,45.0934,2.1784
300058.SZ,2018-04-30,155.5829,155.5829,52.794,2.5505
300058.SZ,2018-03-31,174.1306,174.1306,72.0191,2.4615
300058.SZ,2018-02-28,159.2924,159.2924,65.8822,2.5704
300058.SZ,2018-01-31,156.2392,156.2392,35.6837,2.2031
300058.SZ,2017-12-31,122.1586,122.1586,27.9,1.7226
300058.SZ,2017-11-30,154.69,154.69,35.3299,2.1813
300058.SZ,2017-10-31,163.0995,163.0995,37.2506,2.2999
300058.SZ,2017-09-30,163.3207,163.3207,27.7095,2.1437
300058.SZ,2017-08-31,169.7384,169.7384,28.7984,2.2279
300058.SZ,2017-07-31,161.1077,161.1077,26.322,2.1623
300058.SZ,2017-06-30,167.5205,167.5205,27.3697,2.3566
300058.SZ,2017-05-31,166.0209,166.0209,27.1247,2.2904
300058.SZ,2017-04-30,170.948,170.948,27.9297,2.3584
300058.SZ,2017-03-31,195.5834,195.5834,29.258,2.7633
300058.SZ,2017-02-28,211.4357,211.4357,29.5132,3.6906
300058.SZ,2017-01-31,190.8931,190.8931,54.3839,3.5709
300058.SZ,2016-12-31,203.2861,203.2861,57.9146,4.3647
300058.SZ,2016-11-30,218.0778,218.0778,62.1287,4.6823
300058.SZ,2016-10-31,209.8824,209.8824,59.7938,4.5064
300058.SZ,2016-09-30,215.4792,215.4792,64.861,4.0308
300058.SZ,2016-08-31,213.4803,213.4803,64.2594,3.9934
300058.SZ,2016-07-31,205.2849,205.2849,73.9731,4.0346
300058.SZ,2016-06-30,194.0911,194.0911,69.9392,3.5642
300058.SZ,2016-05-31,194.49,194.49,70.0832,3.5715
300058.SZ,2016-04-30,217.0772,217.0772,75.5731,4.8126
300058.SZ,2016-03-31,204.3177,204.3177,303.0874,4.6381
300058.SZ,2016-02-29,151.7899,151.7899,225.167,3.4457
300058.SZ,2016-01-31,174.1915,174.1915,43.3544,4.0124
300024.SZ,2020-12-31,191.9095,191.9095,136.7833,2.9042
300024.SZ,2020-11-30,213.4408,213.4408,152.1297,3.23
300024.SZ,2020-10-31,208.604,208.604,148.6823,3.1568
300024.SZ,2020-09-30,225.7667,225.7667,107.4043,3.4168
300024.SZ,2020-08-31,246.9859,246.9859,117.499,3.7379
300024.SZ,2020-07-31,244.0215,244.0215,90.7834,3.7397
300024.SZ,2020-06-30,213.2848,213.2848,79.3484,3.2686
300024.SZ,2020-05-31,202.051,202.051,75.1691,3.0965
300024.SZ,2020-04-30,205.6396,205.6396,76.5042,3.1515
300024.SZ,2020-03-31,213.1287,213.1287,62.5556,3.2683
300024.SZ,2020-02-29,233.5679,233.5679,68.5547,3.5818
300024.SZ,2020-01-31,236.0643,236.0643,57.9875,3.6726
300024.SZ,2019-12-31,218.4335,218.4335,53.6567,3.3983
300024.SZ,2019-11-30,210.1643,210.1643,51.6254,3.2696
300024.SZ,2019-10-31,220.1498,220.1498,54.0783,3.425
300024.SZ,2019-09-30,225.1426,225.1426,49.8388,3.522
300024.SZ,2019-08-31,224.8305,224.8305,49.7698,3.5171
300024.SZ,2019-07-31,247.61,247.61,54.3086,3.9813
300024.SZ,2019-06-30,237.6245,237.6245,52.1185,3.8208
300024.SZ,2019-05-31,241.3691,241.3691,52.9398,3.881
300024.SZ,2019-04-30,261.3401,261.3401,57.3201,4.2021
300024.SZ,2019-03-31,298.0058,298.0058,66.3192,4.7916
300024.SZ,2019-02-28,254.3191,254.3191,56.8038,4.0903
300024.SZ,2019-01-31,212.0366,212.0366,43.4569,3.453
300024.SZ,2018-12-31,206.2637,206.2637,42.2738,3.359
300024.SZ,2018-11-30,213.5968,213.5968,43.7767,3.4784
300024.SZ,2018-10-31,221.554,221.554,45.4075,3.608
300024.SZ,2018-09-30,254.7871,254.7871,54.3867,4.2248
300024.SZ,2018-08-31,254.163,254.163,54.2535,4.2145
300024.SZ,2018-07-31,266.645,266.645,61.2533,4.5191
300024.SZ,2018-06-30,271.4817,271.4817,62.3644,4.6011
300024.SZ,2018-05-31,290.0485,290.0485,66.6296,4.8516
300024.SZ,2018-04-30,311.1118,311.1118,71.4682,5.2039
300024.SZ,2018-03-31,325.9341,325.9341,75.3818,5.4949
300024.SZ,2018-02-28,279.907,279.907,62.5225,4.7068
300024.SZ,2018-01-31,312.2039,312.2039,71.6026,5.3922
300024.SZ,2017-12-31,293.6371,293.6371,67.3444,5.0715
300024.SZ,2017-11-30,304.0907,304.0907,69.7418,5.252
300024.SZ,2017-10-31,323.1256,323.1256,74.1074,5.5808
300024.SZ,2017-09-30,332.6431,332.6431,78.8587,5.8366
300024.SZ,2017-08-31,349.4937,349.4937,82.8534,6.1322
300024.SZ,2017-07-31,311.2678,311.2678,75.0776,5.5509
300024.SZ,2017-06-30,304.2467,304.2467,73.3841,5.4257
300024.SZ,2017-05-31,290.9847,290.9847,70.1853,5.1892
300024.SZ,2017-04-30,314.0762,314.0762,75.755,5.601
300024.SZ,2017-03-31,337.1678,337.1678,82.0812,6.0572
300024.SZ,2017-02-28,323.2816,323.2816,78.8579,5.8086
300024.SZ,2017-01-31,315.9485,315.9485,76.7818,5.8655
300024.SZ,2016-12-31,333.5792,333.5792,81.0664,6.1928
300024.SZ,2016-11-30,379.4503,379.4503,92.214,7.0443
300024.SZ,2016-10-31,368.5286,368.5286,89.5598,6.8416
300024.SZ,2016-09-30,367.2804,367.2804,91.1159,6.9209
300024.SZ,2016-08-31,379.7623,379.7623,94.2125,7.1561
300024.SZ,2016-07-31,376.0177,376.0177,94.6049,7.2262
300024.SZ,2016-06-30,396.1448,396.1448,99.6688,7.613
300024.SZ,2016-05-31,398.9533,398.9533,100.3754,7.667
300024.SZ,2016-04-30,410.343,410.343,103.241,7.8859
300024.SZ,2016-03-31,401.0525,401.0525,101.5777,7.6842
300024.SZ,2016-02-29,312.1188,312.1188,79.3229,5.9817
300024.SZ,2016-01-31,350.4866,350.4866,95.7558,6.8913
300027.SZ,2020-12-31,119.508,119.508,-3.2729,2.9967
300027.SZ,2020-11-30,115.9791,115.9791,-3.1914,2.8216
300027.SZ,2020-10-31,123.7854,123.7854,-3.4062,3.0115
300027.SZ,2020-09-30,138.2828,138.2828,-3.6272,3.2795
300027.SZ,2020-08-31,170.9019,170.9019,-4.4828,4.0531
300027.SZ,2020-07-31,132.9857,132.9857,-3.3165,3.0862
300027.SZ,2020-06-30,102.3181,102.3181,-2.5517,2.3745
300027.SZ,2020-05-31,112.3548,112.3548,-2.802,2.6074
300027.SZ,2020-04-30,109.8456,109.8456,-2.7394,2.5492
300027.SZ,2020-03-31,91.1663,91.1663,-2.3004,2.0043
300027.SZ,2020-02-29,103.1545,103.1545,-2.6029,2.2678
300027.SZ,2020-01-31,117.9307,117.9307,-5.4868,1.4842
300027.SZ,2019-12-31,129.0825,129.0825,-6.0057,1.6246
300027.SZ,2019-11-30,122.4191,122.4191,-5.9033,1.5355
300027.SZ,2019-10-31,122.4191,122.4191,-5.9033,1.5355
300027.SZ,2019-09-30,132.2014,132.2014,-7.5555,1.616
300027.SZ,2019-08-31,125.214,125.214,-7.1562,1.5306
300027.SZ,2019-07-31,131.9219,131.9219,-9.1264,1.5609
300027.SZ,2019-06-30,137.2323,137.2323,-9.4937,1.6237
300027.SZ,2019-05-31,146.1762,146.1762,-10.1125,1.7295
300027.SZ,2019-04-30,148.4122,148.4122,-10.2672,1.756
300027.SZ,2019-03-31,152.3251,152.3251,-15.4548,1.7503
300027.SZ,2019-02-28,152.6046,152.6046,-15.4832,1.7535
300027.SZ,2019-01-31,120.1831,120.1831,21.6418,1.1995
300027.SZ,2018-12-31,131.0834,131.0834,23.6046,1.3083
300027.SZ,2018-11-30,138.3503,138.3503,24.9132,1.3809
300027.SZ,2018-10-31,126.891,126.891,22.8497,1.2665
300027.SZ,2018-09-30,148.9712,148.9712,22.0586,1.4979
300027.SZ,2018-08-31,150.9276,150.9276,22.3483,1.5176
300027.SZ,2018-07-31,166.4704,166.4704,14.4102,1.6946
300027.SZ,2018-06-30,170.9096,170.9096,14.7945,1.7398
300027.SZ,2018-05-31,227.7869,227.7869,19.718,2.3187
300027.SZ,2018-04-30,243.8791,243.8791,21.111,2.4617
300027.SZ,2018-03-31,265.2428,265.2428,32.0232,2.7454
300027.SZ,2018-02-28,272.4565,272.4565,32.8915,2.8689
300027.SZ,2018-01-31,282.7222,282.7222,35.9109,2.987
300027.SZ,2017-12-31,242.2144,242.2144,30.7657,2.559
300027.SZ,2017-11-30,232.2261,232.2261,29.497,2.4535
300027.SZ,2017-10-31,243.3242,243.3242,30.9067,2.5707
300027.SZ,2017-09-30,251.3702,251.3702,26.8653,2.6603
300027.SZ,2017-08-31,254.1447,254.1447,27.1618,2.6896
300027.SZ,2017-07-31,262.1908,262.1908,54.9412,2.9558
300027.SZ,2017-06-30,224.4575,224.4575,47.0343,2.5304
300027.SZ,2017-05-31,222.5763,222.5763,46.6401,2.4858
300027.SZ,2017-04-30,239.0119,239.0119,50.0841,2.6693
300027.SZ,2017-03-31,272.9973,272.9973,33.7812,3.0212
300027.SZ,2017-02-28,299.7399,299.7399,37.0822,3.2143
300027.SZ,2017-01-31,292.2185,292.2185,29.6871,3.1159
300027.SZ,2016-12-31,306.4255,306.4255,31.1304,3.2674
300027.SZ,2016-11-30,344.8247,344.8247,35.0314,3.6769
300027.SZ,2016-10-31,344.8247,344.8247,35.0314,3.6769
300027.SZ,2016-09-30,344.8247,344.8247,44.4921,3.6439
300027.SZ,2016-08-31,359.3085,359.3085,46.3609,3.797
300027.SZ,2016-07-31,354.852,354.852,35.6847,3.6984
300027.SZ,2016-06-30,377.1347,377.1347,37.9255,3.9307
300027.SZ,2016-05-31,415.4644,415.4644,41.7909,4.3313
300027.SZ,2016-04-30,384.1584,384.1584,38.6419,3.9476
300027.SZ,2016-03-31,389.1267,389.1267,39.8637,3.9168
300027.SZ,2016-02-29,315.5044,315.5044,32.0928,3.1807
300027.SZ,2016-01-31,375.4878,375.4878,35.4829,4.052
300059.SZ,2020-12-31,2670.0723,2670.0723,69.6293,8.3951
300059.SZ,2020-11-30,2368.6125,2368.6125,61.768,7.4473
300059.SZ,2020-10-31,2013.7513,2013.7513,52.514,6.3316
300059.SZ,2020-09-30,2066.2914,2066.2914,74.6217,6.8622
300059.SZ,2020-08-31,2253.1965,2253.1965,78.0623,9.4552
300059.SZ,2020-07-31,2149.8584,2149.8584,77.6397,9.3427
300059.SZ,2020-06-30,1627.8635,1627.8635,70.1903,7.0742
300059.SZ,2020-05-31,1148.3691,1148.3691,49.5154,4.9905
300059.SZ,2020-04-30,1224.927,1224.927,52.8165,5.5445
300059.SZ,2020-03-31,1077.8552,1077.8552,59.0208,5.1877
300059.SZ,2020-02-29,1165.1581,1165.1581,63.8013,5.6079
300059.SZ,2020-01-31,1012.7138,1012.7138,65.2376,4.8742
300059.SZ,2019-12-31,1059.0515,1059.0515,68.2226,5.0972
300059.SZ,2019-11-30,930.1118,930.1118,59.9165,4.4766
300059.SZ,2019-10-31,1001.9688,1001.9688,64.5454,4.8225
300059.SZ,2019-09-30,992.567,992.567,78.1021,4.9029
300059.SZ,2019-08-31,971.7486,971.7486,76.464,4.8001
300059.SZ,2019-07-31,977.1211,977.1211,76.8867,4.8266
300059.SZ,2019-06-30,909.965,909.965,87.2105,4.6123
300059.SZ,2019-05-31,849.5245,849.5245,81.4179,4.3059
300059.SZ,2019-04-30,889.5389,889.5389,85.2529,4.9846
300059.SZ,2019-03-31,1051.8159,1051.8159,104.4767,6.919
300059.SZ,2019-02-28,1012.9839,1012.9839,105.6627,7.0782
300059.SZ,2019-01-31,665.1583,665.1583,67.8602,4.6478
300059.SZ,2018-12-31,625.3625,625.3625,63.8,4.3698
300059.SZ,2018-11-30,662.5715,662.5715,67.5963,4.6298
300059.SZ,2018-10-31,639.3143,639.3143,65.2236,4.4673
300059.SZ,2018-09-30,581.4297,581.4297,62.1567,4.137
300059.SZ,2018-08-31,655.8433,655.8433,70.1127,4.6665
300059.SZ,2018-07-31,694.6047,694.6047,82.9454,4.6624
300059.SZ,2018-06-30,681.1674,681.1674,81.3401,4.5723
300059.SZ,2018-05-31,682.9453,682.9453,81.5531,4.5843
300059.SZ,2018-04-30,737.4986,737.4986,88.0675,4.9504
300059.SZ,2018-03-31,726.0904,726.0904,114.0035,5.395
300059.SZ,2018-02-28,591.4227,591.4227,92.8594,4.46
300059.SZ,2018-01-31,655.7544,655.7544,109.9663,4.9451
300059.SZ,2017-12-31,555.397,555.397,93.1369,4.1883
300059.SZ,2017-11-30,583.7029,583.7029,97.8837,4.4018
300059.SZ,2017-10-31,530.0932,530.0932,88.8936,3.9975
300059.SZ,2017-09-30,593.1382,593.1382,93.104,4.5498
300059.SZ,2017-08-31,636.4549,636.4549,99.9034,4.882
300059.SZ,2017-07-31,493.6385,493.6385,77.4857,3.7865
300059.SZ,2017-06-30,515.5113,515.5113,73.9352,4.0395
300059.SZ,2017-05-31,505.6471,505.6471,72.5205,3.9622
300059.SZ,2017-04-30,473.9684,473.9684,67.9771,3.7371
300059.SZ,2017-03-31,533.0365,533.0365,74.6792,4.1562
300059.SZ,2017-02-28,588.1905,588.1905,82.4063,4.5863
300059.SZ,2017-01-31,566.4848,566.4848,59.7436,4.4795
300059.SZ,2016-12-31,602.4238,602.4238,63.5339,4.7637
300059.SZ,2016-11-30,771.4441,771.4441,81.3594,6.1002
300059.SZ,2016-10-31,692.4493,692.4493,73.0283,5.4756
300059.SZ,2016-09-30,681.4185,681.4185,59.5916,5.4965
300059.SZ,2016-08-31,716.6459,716.6459,62.6723,5.7806
300059.SZ,2016-07-31,695.6518,695.6518,60.8364,5.6113
300059.SZ,2016-06-30,789.9473,789.9473,44.7091,6.4921
300059.SZ,2016-05-31,782.4749,782.4749,44.2862,6.4307
300059.SZ,2016-04-30,728.1346,728.1346,41.2107,8.9777
300059.SZ,2016-03-31,821.2742,821.2742,44.4275,10.0532
300059.SZ,2016-02-29,615.1214,615.1214,33.2112,7.5662
300059.SZ,2016-01-31,714.6754,714.6754,45.276,9.2242
300133.SZ,2020-12-31,108.5006,108.5006,-8.4211,1.9929
300133.SZ,2020-11-30,126.2329,126.2329,-9.7973,2.3186
300133.SZ,2020-10-31,128.6909,128.6909,-9.9881,2.3637
300133.SZ,2020-09-30,133.9579,133.9579,-10.6188,2.4803
300133.SZ,2020-08-31,146.0721,146.0721,-11.5791,2.7046
300133.SZ,2020-07-31,126.7596,126.7596,-9.0984,2.392
300133.SZ,2020-06-30,127.2863,127.2863,-9.1362,2.4019
300133.SZ,2020-05-31,119.9125,119.9125,-8.607,2.2627
300133.SZ,2020-04-30,143.0874,143.0874,-10.2704,2.6867
300133.SZ,2020-03-31,116.7523,116.7523,-9.019,2.0858
300133.SZ,2020-02-29,138.3471,138.3471,-10.6871,2.4716
300133.SZ,2020-01-31,135.7136,135.7136,-112.8782,1.9535
300133.SZ,2019-12-31,129.9199,129.9199,-108.0593,1.8701
300133.SZ,2019-11-30,108.8518,108.8518,-90.5362,1.5668
300133.SZ,2019-10-31,112.3631,112.3631,-93.4567,1.6174
300133.SZ,2019-09-30,115.8745,115.8745,-85.0183,1.6823
300133.SZ,2019-08-31,112.3631,112.3631,-82.442,1.6314
300133.SZ,2019-07-31,114.6455,114.6455,54.2871,1.6648
300133.SZ,2019-06-30,118.1568,118.1568,55.9498,1.7093
300133.SZ,2019-05-31,113.1351,113.1351,53.5719,1.6155
300133.SZ,2019-04-30,126.4347,126.4347,59.8695,1.8054
300133.SZ,2019-03-31,141.8622,141.8622,66.6287,2.0575
300133.SZ,2019-02-28,144.1675,144.1675,67.7114,2.0909
300133.SZ,2019-01-31,114.9084,114.9084,16.8451,1.6105
300133.SZ,2018-12-31,158.8857,158.8857,23.2919,2.2268
300133.SZ,2018-11-30,156.6904,156.6904,22.9701,2.1939
300133.SZ,2018-10-31,183.3012,183.3012,26.8711,2.5668
300133.SZ,2018-09-30,169.9928,169.9928,26.1951,2.3938
300133.SZ,2018-08-31,163.4273,163.4273,25.1834,2.3013
300133.SZ,2018-07-31,171.0574,171.0574,32.4914,2.4088
300133.SZ,2018-06-30,188.4735,188.4735,35.7995,2.7397
300133.SZ,2018-05-31,177.6783,177.6783,33.749,2.5827
300133.SZ,2018-04-30,192.0129,192.0129,36.4718,2.7648
300133.SZ,2018-03-31,213.0724,213.0724,33.7126,3.0318
300133.SZ,2018-02-28,229.8846,229.8846,36.3727,3.2711
300133.SZ,2018-01-31,211.1257,211.1257,41.7012,3.1795
300133.SZ,2017-12-31,191.8359,191.8359,37.8911,2.889
300133.SZ,2017-11-30,181.7486,181.7486,35.8987,2.7371
300133.SZ,2017-10-31,194.1366,194.1366,38.3455,2.9237
300133.SZ,2017-09-30,193.0747,193.0747,40.0784,2.8976
300133.SZ,2017-08-31,219.7973,219.7973,45.6254,3.2986
300133.SZ,2017-07-31,201.7352,201.7352,41.8761,3.081
300133.SZ,2017-06-30,195.6221,195.6221,38.6927,3.027
300133.SZ,2017-05-31,191.6048,191.6048,37.8981,2.9648
300133.SZ,2017-04-30,189.1595,189.1595,37.4145,2.927
300133.SZ,2017-03-31,193.1768,193.1768,40.2295,3.0287
300133.SZ,2017-02-28,209.2457,209.2457,43.5759,3.2806
300133.SZ,2017-01-31,186.0156,186.0156,34.7065,3.0123
300133.SZ,2016-12-31,198.242,198.242,36.9877,3.2103
300133.SZ,2016-11-30,233.3492,233.3492,43.5379,3.7789
300133.SZ,2016-10-31,232.8252,232.8252,43.4401,3.7704
300133.SZ,2016-09-30,238.2397,238.2397,45.0737,3.8708
300133.SZ,2016-08-31,251.6887,251.6887,47.6182,4.0894
300133.SZ,2016-07-31,249.7674,249.7674,49.0196,4.1058
300133.SZ,2016-06-30,271.9496,271.9496,53.3731,4.4704
300133.SZ,2016-05-31,271.7749,271.7749,53.3388,4.4675
300133.SZ,2016-04-30,282.735,282.735,55.4898,4.6113
300133.SZ,2016-03-31,290.3765,290.3765,61.07,4.9149
300133.SZ,2016-02-29,196.4954,196.4954,41.1058,3.3465
300133.SZ,2016-01-31,230.3362,230.3362,72.4121,4.0804
300124.SZ,2020-12-31,1604.502,1604.502,88.93,16.1806
300124.SZ,2020-11-30,1324.187,1324.187,73.3935,13.3538
300124.SZ,2020-10-31,1104.7503,1104.7503,61.2311,11.1409
300124.SZ,2020-09-30,995.7199,995.7199,74.9872,10.8365
300124.SZ,2020-08-31,959.6057,959.6057,72.2674,10.4434
300124.SZ,2020-07-31,864.333,864.333,86.8426,10.2086
300124.SZ,2020-06-30,657.8706,657.8706,66.0986,7.4052
300124.SZ,2020-05-31,594.4906,594.4906,59.7306,6.6917
300124.SZ,2020-04-30,566.7835,566.7835,56.9467,6.3799
300124.SZ,2020-03-31,447.643,447.643,42.7614,5.4219
300124.SZ,2020-02-29,490.2426,490.2426,46.8308,5.9378
300124.SZ,2020-01-31,506.5206,506.5206,49.7166,6.135
300124.SZ,2019-12-31,530.9419,530.9419,52.1137,6.4226
300124.SZ,2019-11-30,455.2169,455.2169,42.8535,6.4758
300124.SZ,2019-10-31,414.3277,414.3277,40.6676,6.1455
300124.SZ,2019-09-30,404.356,404.356,37.8148,6.5799
300124.SZ,2019-08-31,382.5842,382.5842,35.7787,6.2257
300124.SZ,2019-07-31,414.1615,414.1615,37.6666,6.7044
300124.SZ,2019-06-30,380.7561,380.7561,34.6285,5.8489
300124.SZ,2019-05-31,376.435,376.435,34.2355,5.7825
300124.SZ,2019-04-30,418.3165,418.3165,38.0445,6.4259
300124.SZ,2019-03-31,436.5104,436.5104,37.4456,6.9996
300124.SZ,2019-02-28,431.8507,431.8507,37.0459,6.9248
300124.SZ,2019-01-31,361.2902,361.2902,31.9462,6.1469
300124.SZ,2018-12-31,335.1628,335.1628,29.6359,5.7024
300124.SZ,2018-11-30,354.9663,354.9663,31.387,6.0393
300124.SZ,2018-10-31,370.7759,370.7759,32.7849,6.3083
300124.SZ,2018-09-30,460.9736,460.9736,40.8872,8.2835
300124.SZ,2018-08-31,433.8477,433.8477,38.4812,7.7961
300124.SZ,2018-07-31,444.1656,444.1656,40.9713,8.5161
300124.SZ,2018-06-30,546.1789,546.1789,50.3813,10.472
300124.SZ,2018-05-31,543.849,543.849,50.1664,9.5164
300124.SZ,2018-04-30,546.1789,546.1789,50.3813,9.5572
300124.SZ,2018-03-31,588.4486,588.4486,55.2773,11.5847
300124.SZ,2018-02-28,524.7111,524.7111,49.2899,10.3299
300124.SZ,2018-01-31,467.5634,467.5634,48.3795,9.1885
300124.SZ,2017-12-31,483.2155,483.2155,49.9991,9.4961
300124.SZ,2017-11-30,433.9282,433.9282,44.8992,8.5275
300124.SZ,2017-10-31,513.8535,513.8535,53.1692,10.0982
300124.SZ,2017-09-30,481.2173,481.2173,49.5119,10.1111
300124.SZ,2017-08-31,439.5895,439.5895,45.2289,9.2365
300124.SZ,2017-07-31,413.6138,413.6138,42.8748,9.2392
300124.SZ,2017-06-30,425.2696,425.2696,44.083,9.4995
300124.SZ,2017-05-31,382.9757,382.9757,39.6989,8.5548
300124.SZ,2017-04-30,391.1348,391.1348,40.5446,7.9263
300124.SZ,2017-03-31,365.4866,365.4866,38.2908,7.734
300124.SZ,2017-02-28,360.9908,360.9908,37.8198,7.6388
300124.SZ,2017-01-31,343.0652,343.0652,37.579,7.7168
300124.SZ,2016-12-31,327.1914,327.1914,35.7707,7.3455
300124.SZ,2016-11-30,338.4522,338.4522,37.1255,7.6237
300124.SZ,2016-10-31,331.234,331.234,36.3337,7.4611
300124.SZ,2016-09-30,303.3238,303.3238,34.9543,7.4278
300124.SZ,2016-08-31,307.6547,307.6547,35.4533,7.5338
300124.SZ,2016-07-31,287.925,287.925,35.0054,7.5571
300124.SZ,2016-06-30,311.0837,311.0837,37.5161,8.0992
300124.SZ,2016-05-31,293.1476,293.1476,35.6403,7.6942
300124.SZ,2016-04-30,291.3362,291.3362,35.4201,6.9241
300124.SZ,2016-03-31,304.0247,304.0247,36.7556,7.8732
300124.SZ,2016-02-29,254.56,254.56,30.7755,6.5922
300124.SZ,2016-01-31,279.1333,279.1333,35.43,7.2415
300104.SZ,2020-12-31,,,,
300104.SZ,2020-11-30,,,,
300104.SZ,2020-10-31,,,,
300104.SZ,2020-09-30,,,,
300104.SZ,2020-08-31,,,,
300104.SZ,2020-07-31,,,,
300104.SZ,2020-06-30,12.7662,12.7662,-0.1135,-0.088
300104.SZ,2020-05-31,67.4215,67.4215,,
300104.SZ,2020-04-30,67.4215,67.4215,,
300104.SZ,2020-03-31,67.4215,67.4215,,
300104.SZ,2020-02-29,67.4215,67.4215,,
300104.SZ,2020-01-31,67.4215,67.4215,,
300104.SZ,2019-12-31,67.4215,67.4215,,
300104.SZ,2019-11-30,67.4215,67.4215,,
300104.SZ,2019-10-31,67.4215,67.4215,,
300104.SZ,2019-09-30,67.4215,67.4215,,
300104.SZ,2019-08-31,67.4215,67.4215,,
300104.SZ,2019-07-31,67.4215,67.4215,,
300104.SZ,2019-06-30,67.4215,67.4215,,
300104.SZ,2019-05-31,67.4215,67.4215,,
300104.SZ,2019-04-30,67.4215,67.4215,-1.7001,-2.096
300104.SZ,2019-03-31,113.3001,113.3001,-5.593,-10.8898
300104.SZ,2019-02-28,108.5128,108.5128,-5.3567,-10.4296
300104.SZ,2019-01-31,104.9223,104.9223,-0.765,-28.7623
300104.SZ,2018-12-31,99.3371,99.3371,-0.7242,-27.2312
300104.SZ,2018-11-30,117.2895,117.2895,-0.8551,-32.1525
300104.SZ,2018-10-31,120.4811,120.4811,-0.8784,-33.0274
300104.SZ,2018-09-30,155.9871,155.9871,-1.0874,-32.7351
300104.SZ,2018-08-31,124.4705,124.4705,-0.8677,-26.1211
300104.SZ,2018-07-31,108.9117,108.9117,-0.7611,35.7826
300104.SZ,2018-06-30,142.0241,142.0241,-0.9925,46.6615
300104.SZ,2018-05-31,140.4283,140.4283,-0.9813,46.1372
300104.SZ,2018-04-30,183.1153,183.1153,-1.2796,60.1619
300104.SZ,2018-03-31,189.8974,189.8974,-1.6358,7.7942
300104.SZ,2018-02-28,208.2488,208.2488,-1.7939,8.5474
300104.SZ,2018-01-31,325.1394,325.1394,-20.4511,2.6046
300104.SZ,2017-12-31,611.5812,611.5812,-38.4681,4.8992
300104.SZ,2017-11-30,611.5812,611.5812,-38.4681,4.8992
300104.SZ,2017-10-31,611.5812,611.5812,-38.4681,4.8992
300104.SZ,2017-09-30,611.5812,611.5812,-166.9207,4.5274
300104.SZ,2017-08-31,611.5812,611.5812,-166.9207,4.5274
300104.SZ,2017-07-31,611.9801,611.9801,108.3511,4.4937
300104.SZ,2017-06-30,611.9801,611.9801,108.3511,4.4937
300104.SZ,2017-05-31,611.9801,611.9801,108.3511,4.4937
300104.SZ,2017-04-30,611.9801,611.9801,108.3511,4.4937
300104.SZ,2017-03-31,676.6091,676.6091,88.3823,6.8576
300104.SZ,2017-02-28,695.3716,695.3716,90.8332,6.8154
300104.SZ,2017-01-31,725.2949,725.2949,105.2725,7.386
300104.SZ,2016-12-31,709.4415,709.4415,102.9714,7.2246
300104.SZ,2016-11-30,753.4348,753.4348,109.3568,7.6726
300104.SZ,2016-10-31,874.9118,874.9118,126.9885,8.9097
300104.SZ,2016-09-30,876.8935,876.8935,145.499,9.1811
300104.SZ,2016-08-31,914.9417,914.9417,151.8121,9.5795
300104.SZ,2016-07-31,884.08,884.08,149.2411,21.7447
300104.SZ,2016-06-30,983.3676,983.3676,166.0018,24.4698
300104.SZ,2016-05-31,1090.7801,1090.7801,184.1341,27.1426
300104.SZ,2016-04-30,1091.3369,1091.3369,184.2281,26.7732
300104.SZ,2016-03-31,1091.3369,1091.3369,190.4512,27.7859
300104.SZ,2016-02-29,1091.3369,1091.3369,188.5054,27.9593
300104.SZ,2016-01-31,1091.3369,1091.3369,208.6981,30.521
300070.SZ,2020-12-31,242.0916,186.027,20.3761,1.2025
300070.SZ,2020-11-30,266.7755,204.9945,22.4537,1.3251
300070.SZ,2020-10-31,245.5727,188.7019,20.6691,1.2198
300070.SZ,2020-09-30,275.3199,211.5602,18.8459,1.3679
300070.SZ,2020-08-31,307.9152,236.6069,21.0771,1.5299
300070.SZ,2020-07-31,271.5224,208.6421,19.8049,1.3568
300070.SZ,2020-06-30,256.9652,177.1139,18.7431,1.2841
300070.SZ,2020-05-31,251.269,173.1878,18.3276,1.2556
300070.SZ,2020-04-30,301.9025,208.087,22.0208,1.4931
300070.SZ,2020-03-31,291.7758,201.1072,20.9458,1.448
300070.SZ,2020-02-29,312.0292,215.0669,22.3997,1.5485
300070.SZ,2020-01-31,271.2059,186.9293,26.2398,1.4208
300070.SZ,2019-12-31,240.5093,165.7717,23.2699,1.2599
300070.SZ,2019-11-30,237.6612,163.8086,22.9943,1.245
300070.SZ,2019-10-31,244.6233,168.6072,23.6679,1.2815
300070.SZ,2019-09-30,212.3444,146.3589,23.4586,1.1346
300070.SZ,2019-08-31,201.2683,138.7247,22.235,1.0755
300070.SZ,2019-07-31,209.2537,143.9596,17.8348,1.112
300070.SZ,2019-06-30,245.4248,169.9937,20.9177,1.3042
300070.SZ,2019-05-31,238.8087,165.4111,20.3538,1.269
300070.SZ,2019-04-30,279.1353,191.3783,23.7908,1.4737
300070.SZ,2019-03-31,295.5179,202.6105,21.6728,1.5327
300070.SZ,2019-02-28,295.5179,202.6105,21.6728,1.5327
300070.SZ,2019-01-31,223.6863,153.3619,9.5527,1.2086
300070.SZ,2018-12-31,245.7398,157.2091,10.4945,1.3277
300070.SZ,2018-11-30,275.0396,175.9533,11.7458,1.4861
300070.SZ,2018-10-31,257.7118,164.868,11.0058,1.3924
300070.SZ,2018-09-30,315.0511,201.5502,13.4601,1.7266
300070.SZ,2018-08-31,352.5422,225.5347,15.0618,1.9321
300070.SZ,2018-07-31,419.0179,268.0617,17.217,2.2919
300070.SZ,2018-06-30,437.303,283.5615,17.9684,2.3919
300070.SZ,2018-05-31,496.0077,321.6275,20.3805,2.713
300070.SZ,2018-04-30,580.4546,376.3856,23.8503,3.1749
300070.SZ,2018-03-31,568.8392,368.8538,22.1537,3.1323
300070.SZ,2018-02-28,519.8663,337.0982,20.2464,2.8626
300070.SZ,2018-01-31,509.8206,330.5842,23.6985,3.1299
300070.SZ,2017-12-31,544.3214,333.6802,25.3475,3.3477
300070.SZ,2017-11-30,535.5471,328.3014,24.9389,3.2937
300070.SZ,2017-10-31,598.2208,366.7216,27.8575,3.6792
300070.SZ,2017-09-30,564.377,345.9747,26.7526,3.5166
300070.SZ,2017-08-31,594.4604,364.4164,28.1786,3.7041
300070.SZ,2017-07-31,541.8144,332.1434,26.5483,3.4435
300070.SZ,2017-06-30,584.4326,358.2692,28.6365,3.7144
300070.SZ,2017-05-31,581.6123,365.6273,28.4984,3.6557
300070.SZ,2017-04-30,682.517,429.0605,33.4426,4.2899
300070.SZ,2017-03-31,508.284,319.5299,27.0674,3.2203
300070.SZ,2017-02-28,512.1789,322.6819,27.3344,3.252
300070.SZ,2017-01-31,485.9133,306.1341,31.3525,3.3871
300070.SZ,2016-12-31,547.22,351.9301,35.3472,3.8186
300070.SZ,2016-11-30,562.5247,361.7729,36.3358,3.9254
300070.SZ,2016-10-31,565.6481,363.7816,36.5376,3.9472
300070.SZ,2016-09-30,578.1417,371.8165,39.1052,4.1045
300070.SZ,2016-08-31,586.5749,377.2401,39.6756,4.1643
300070.SZ,2016-07-31,559.0889,294.369,37.8165,3.9692
300070.SZ,2016-06-30,461.8288,244.7045,33.5293,3.3697
300070.SZ,2016-05-31,477.968,253.2583,34.701,3.4874
300070.SZ,2016-04-30,509.4514,268.416,36.9867,3.6842
300070.SZ,2016-03-31,491.0633,258.7278,36.2357,3.6176
300070.SZ,2016-02-29,424.4379,223.6247,31.3194,3.1268
300070.SZ,2016-01-31,482.5629,260.4531,46.9978,3.871
300144.SZ,2020-12-31,463.3238,463.3238,227.7166,4.9045
300144.SZ,2020-11-30,504.113,504.113,247.7639,5.3362
300144.SZ,2020-10-31,434.0392,434.0392,213.3237,4.5945
300144.SZ,2020-09-30,476.9202,476.9202,80.2182,5.0979
300144.SZ,2020-08-31,467.5073,467.5073,78.635,4.9973
300144.SZ,2020-07-31,488.1634,488.1634,47.8803,5.2387
300144.SZ,2020-06-30,452.3421,452.3421,44.3669,4.8543
300144.SZ,2020-05-31,477.9661,477.9661,46.8801,5.1292
300144.SZ,2020-04-30,433.3129,433.3129,42.5004,4.5095
300144.SZ,2020-03-31,362.8614,362.8614,27.0326,3.7297
300144.SZ,2020-02-29,400.6292,400.6292,29.8462,4.1179
300144.SZ,2020-01-31,391.3325,391.3325,27.7578,3.9432
300144.SZ,2019-12-31,449.0011,449.0011,31.8483,4.5243
300144.SZ,2019-11-30,397.143,397.143,28.1699,4.0017
300144.SZ,2019-10-31,429.9719,429.9719,30.4985,4.3325
300144.SZ,2019-09-30,405.8586,405.8586,28.8437,4.2996
300144.SZ,2019-08-31,383.779,383.779,27.2746,4.0657
300144.SZ,2019-07-31,380.0022,380.0022,28.4604,4.1893
300144.SZ,2019-06-30,336.1334,336.1334,25.1748,3.7057
300144.SZ,2019-05-31,310.8581,310.8581,23.2818,3.427
300144.SZ,2019-04-30,327.8536,327.8536,24.5547,3.5462
300144.SZ,2019-03-31,337.005,337.005,26.1815,3.9783
300144.SZ,2019-02-28,306.5002,306.5002,23.7739,3.3982
300144.SZ,2019-01-31,282.5322,282.5322,21.7809,3.4072
300144.SZ,2018-12-31,310.1318,310.1318,23.9086,3.7401
300144.SZ,2018-11-30,319.4285,319.4285,24.6253,3.8522
300144.SZ,2018-10-31,307.5171,307.5171,23.707,3.7086
300144.SZ,2018-09-30,323.2052,323.2052,26.7287,4.1448
300144.SZ,2018-08-31,326.401,326.401,26.993,4.1857
300144.SZ,2018-07-31,374.7728,374.7728,32.7382,5.0307
300144.SZ,2018-06-30,341.3628,341.3628,29.8197,4.5822
300144.SZ,2018-05-31,336.424,336.424,29.3883,4.5159
300144.SZ,2018-04-30,297.3488,297.3488,25.9749,3.9002
300144.SZ,2018-03-31,303.4498,303.4498,28.4232,4.1396
300144.SZ,2018-02-28,285.5827,285.5827,26.7507,3.8959
300144.SZ,2018-01-31,268.0061,268.0061,25.3693,3.7256
300144.SZ,2017-12-31,271.0566,271.0566,25.658,3.768
300144.SZ,2017-11-30,268.4419,268.4419,25.4105,3.7316
300144.SZ,2017-10-31,292.7005,292.7005,27.7068,4.0688
300144.SZ,2017-09-30,271.9282,271.9282,27.3632,3.9984
300144.SZ,2017-08-31,278.9007,278.9007,28.0648,4.101
300144.SZ,2017-07-31,285.728,285.728,29.9725,4.5651
300144.SZ,2017-06-30,303.1592,303.1592,31.801,4.8437
300144.SZ,2017-05-31,308.9697,308.9697,32.4105,4.9365
300144.SZ,2017-04-30,292.5564,292.5564,30.6888,4.6742
300144.SZ,2017-03-31,283.5502,283.5502,31.4251,4.4276
300144.SZ,2017-02-28,308.9709,308.9709,34.2424,4.8245
300144.SZ,2017-01-31,299.9647,299.9647,35.0764,4.7877
300144.SZ,2016-12-31,304.1773,304.1773,35.569,4.8549
300144.SZ,2016-11-30,331.1959,331.1959,38.7285,5.2862
300144.SZ,2016-10-31,358.0692,358.0692,41.8709,5.7151
300144.SZ,2016-09-30,355.8903,355.8903,45.2871,5.998
300144.SZ,2016-08-31,347.4652,347.4652,44.215,5.856
300144.SZ,2016-07-31,332.358,332.358,45.5855,5.8357
300144.SZ,2016-06-30,361.846,361.846,49.63,6.3535
300144.SZ,2016-05-31,364.4607,364.4607,49.9887,6.3994
300144.SZ,2016-04-30,396.5635,396.5635,54.3918,6.9631
300144.SZ,2016-03-31,425.0543,425.0543,67.4089,7.5868
300144.SZ,2016-02-29,323.9478,323.9478,51.3745,5.7821
300144.SZ,2016-01-31,335.5692,335.5692,57.4581,6.0769
600000.SH,2020-12-31,2841.2872,2841.2872,5.1377,0.5568
600000.SH,2020-11-30,2952.8247,2952.8247,5.3394,0.5787
600000.SH,2020-10-31,2718.0076,2718.0076,4.9148,0.5327
600000.SH,2020-09-30,2756.1654,2756.1654,4.9429,0.5402
600000.SH,2020-08-31,3040.8808,2911.5553,5.4535,0.6275
600000.SH,2020-07-31,3040.8798,2911.5543,5.084,0.6275
600000.SH,2020-06-30,3105.4534,2973.3815,5.1919,0.6056
600000.SH,2020-05-31,3102.5149,2970.5678,5.187,0.6051
600000.SH,2020-04-30,3120.1261,2987.4301,5.2165,0.6085
600000.SH,2020-03-31,2979.2362,2852.532,5.0572,0.6033
600000.SH,2020-02-29,3184.7007,3049.2584,5.406,0.6449
600000.SH,2020-01-31,3331.4611,3189.7772,5.6551,0.6746
600000.SH,2019-12-31,3630.8523,3476.4356,5.9467,0.7562
600000.SH,2019-11-30,3495.8328,3347.1583,5.7255,0.7281
600000.SH,2019-10-31,3671.9453,3515.7809,6.014,0.7647
600000.SH,2019-09-30,3475.2863,3327.4856,5.8456,0.7509
600000.SH,2019-08-31,3310.9147,3170.1046,5.5691,0.7153
600000.SH,2019-07-31,3484.0919,3335.9168,6,0.777
600000.SH,2019-06-30,3428.323,3282.5196,5.904,0.7646
600000.SH,2019-05-31,3266.8865,3127.9489,5.626,0.7122
600000.SH,2019-04-30,3513.444,3364.0205,6.0506,0.766
600000.SH,2019-03-31,3310.9147,3170.1046,5.9214,0.7497
600000.SH,2019-02-28,3445.9342,3299.3819,6.1629,0.7802
600000.SH,2019-01-31,3149.4782,3015.5339,5.6327,0.7131
600000.SH,2018-12-31,2876.5039,2754.1689,5.1761,0.6761
600000.SH,2018-11-30,3143.6078,3009.9131,5.6567,0.7389
600000.SH,2018-10-31,3222.8584,3085.7933,5.7993,0.7575
600000.SH,2018-09-30,3117.1909,2984.6197,5.7027,0.764
600000.SH,2018-08-31,3032.0699,2903.1188,5.5469,0.7432
600000.SH,2018-07-31,2985.1066,2858.1528,5.5177,0.755
600000.SH,2018-06-30,2806.0589,2686.7198,5.1867,0.7045
600000.SH,2018-05-31,3096.6445,2964.9471,5.7238,0.7775
600000.SH,2018-04-30,3407.7765,3262.847,6.2989,0.8556
600000.SH,2018-03-31,3419.5174,3274.0885,6.3044,0.8647
600000.SH,2018-02-28,3657.2692,3501.729,6.7428,0.9248
600000.SH,2018-01-31,3865.669,3701.2657,7.127,0.9775
600000.SH,2017-12-31,3695.4269,3538.2639,6.8044,0.9538
600000.SH,2017-11-30,3789.3536,3628.1959,6.9774,0.9781
600000.SH,2017-10-31,3701.2973,3543.8846,6.8153,0.9553
600000.SH,2017-09-30,3777.6127,3616.9544,6.9322,1.0158
600000.SH,2017-08-31,3571.9884,3571.9884,6.5548,1.0004
600000.SH,2017-07-31,3754.6629,3754.6629,6.9999,1.0857
600000.SH,2017-06-30,3555.1261,3555.1261,6.6279,1.028
600000.SH,2017-05-31,3608.5233,3608.5233,6.7274,1.0435
600000.SH,2017-04-30,3288.1404,3288.1404,6.1301,0.9391
600000.SH,2017-03-31,3461.0866,3461.0866,6.5182,1.0239
600000.SH,2017-02-28,3586.4726,3404.072,6.7543,1.061
600000.SH,2017-01-31,3618.9001,3434.8502,6.8154,1.0706
600000.SH,2016-12-31,3504.3232,3326.1005,6.4746,1.0623
600000.SH,2016-11-30,3709.6968,3521.0293,6.8541,1.1245
600000.SH,2016-10-31,3517.2941,3338.4118,6.4986,1.0662
600000.SH,2016-09-30,3564.8544,3383.5532,6.6669,1.1298
600000.SH,2016-08-31,3562.6925,3381.5013,6.6628,1.1291
600000.SH,2016-07-31,3394.0699,3221.4545,6.364,1.118
600000.SH,2016-06-30,3365.9662,3194.78,6.3113,1.1088
600000.SH,2016-05-31,3594.5304,3411.7199,6.7399,1.1458
600000.SH,2016-04-30,3504.1266,3325.914,6.5891,1.117
600000.SH,2016-03-31,3523.7796,3344.5674,6.9643,1.2291
600000.SH,2016-02-29,3441.5655,3441.5655,6.8018,1.2065
600000.SH,2016-01-31,3152.4367,3152.4367,6.2304,1.1052
300146.SZ,2020-12-31,381.8165,215.5654,-477.2063,5.5218
300146.SZ,2020-11-30,396.8362,224.0643,-495.9784,5.739
300146.SZ,2020-10-31,409.01,230.938,-511.1937,5.915
300146.SZ,2020-09-30,332.1724,187.5535,-127.3159,5.1647
300146.SZ,2020-08-31,387.8243,218.976,-148.6463,6.0299
300146.SZ,2020-07-31,395.5713,223.3502,-151.6156,6.1504
300146.SZ,2020-06-30,311.5928,175.77,-97.7498,5.3814
300146.SZ,2020-05-31,296.2426,167.1109,-92.9343,5.1163
300146.SZ,2020-04-30,294.9766,166.3968,-92.5372,5.0944
300146.SZ,2020-03-31,265.7005,149.8821,-74.6581,4.4341
300146.SZ,2020-02-29,258.7375,144.1875,-72.7016,4.3179
300146.SZ,2020-01-31,265.8587,148.156,23.422,3.6013
300146.SZ,2019-12-31,257.788,143.6584,22.711,3.492
300146.SZ,2019-11-30,231.3604,128.931,20.3827,3.134
300146.SZ,2019-10-31,253.3571,141.1891,22.3206,3.4319
300146.SZ,2019-09-30,293.0776,163.3243,25.1692,4.0933
300146.SZ,2019-08-31,311.2763,173.466,26.7321,4.3475
300146.SZ,2019-07-31,282.5902,169.6739,24.2686,4.9062
300146.SZ,2019-06-30,284.9402,171.0849,25.2706,5.3177
300146.SZ,2019-05-31,287.8777,172.8486,25.5311,5.3725
300146.SZ,2019-04-30,318.5866,191.1628,28.2546,5.9453
300146.SZ,2019-03-31,335.6249,201.3864,33.4893,6.0021
300146.SZ,2019-02-28,307.2767,183.9743,30.6607,5.4951
300146.SZ,2019-01-31,251.1679,150.3805,24.5985,4.408
300146.SZ,2018-12-31,249.5522,149.4132,24.4403,4.3796
300146.SZ,2018-11-30,293.6167,175.7957,28.7558,5.153
300146.SZ,2018-10-31,274.5221,164.3633,26.8858,4.8179
300146.SZ,2018-09-30,301.1077,180.2808,33.8858,5.6204
300146.SZ,2018-08-31,287.6357,172.1,32.3697,5.3677
300146.SZ,2018-07-31,268.2445,159.9334,30.1875,5.0058
300146.SZ,2018-06-30,243.8586,145.394,28.5165,4.8933
300146.SZ,2018-05-31,243.8586,145.394,28.5165,4.8933
300146.SZ,2018-04-30,243.8991,145.0767,28.5213,4.8927
300146.SZ,2018-03-31,248.7477,147.9608,32.4628,4.8766
300146.SZ,2018-02-28,248.7477,147.9608,32.4628,4.8766
300146.SZ,2018-01-31,248.7477,147.9608,32.2757,4.8778
300146.SZ,2017-12-31,220.8123,130.9962,28.651,4.3256
300146.SZ,2017-11-30,198.6135,117.8268,25.7706,3.8908
300146.SZ,2017-10-31,202.1418,119.9199,26.2284,3.9599
300146.SZ,2017-09-30,200.5246,118.9606,26.43,4.1059
300146.SZ,2017-08-31,214.9318,127.5076,28.3289,4.4009
300146.SZ,2017-07-31,208.6103,123.7574,27.4957,4.2714
300146.SZ,2017-06-30,201.9947,119.8327,34.0307,4.4122
300146.SZ,2017-05-31,174.9683,103.6996,29.4775,4.0712
300146.SZ,2017-04-30,158.5007,93.9396,26.7031,3.688
300146.SZ,2017-03-31,162.1765,96.1182,30.3014,3.4653
300146.SZ,2017-02-28,170.5573,101.0853,31.8673,3.6444
300146.SZ,2017-01-31,165.8523,98.2967,26.8148,3.4649
300146.SZ,2016-12-31,175.5564,102.7008,28.3837,3.6677
300146.SZ,2016-11-30,193.6509,114.3988,31.3092,4.1239
300146.SZ,2016-10-31,184.478,108.9799,29.8261,3.9286
300146.SZ,2016-09-30,184.0412,108.7218,31.8764,4.1023
300146.SZ,2016-08-31,192.6317,113.7967,33.3643,4.2938
300146.SZ,2016-07-31,192.7773,113.8827,33.3895,4.2971
300146.SZ,2016-06-30,197.1454,116.4631,30.0948,4.5326
300146.SZ,2016-05-31,203.1151,119.9897,31.006,4.6699
300146.SZ,2016-04-30,201.3678,118.9575,30.7393,4.6297
300146.SZ,2016-03-31,241.6996,142.7834,38.0332,5.2981
300146.SZ,2016-02-29,192.9229,113.9687,30.3578,4.2289
300146.SZ,2016-01-31,221.3881,109.4974,36.3733,4.9014
300251.SZ,2020-12-31,354.0865,336.03,-361.142,4.008
300251.SZ,2020-11-30,380.489,361.086,-388.0706,4.3068
300251.SZ,2020-10-31,356.7268,338.5356,-363.8349,4.0378
300251.SZ,2020-09-30,488.7392,463.816,56.6398,5.5361
300251.SZ,2020-08-31,475.2446,451.0096,55.076,5.3833
300251.SZ,2020-07-31,390.1699,370.2733,44.0639,4.4389
300251.SZ,2020-06-30,320.0567,303.7355,36.1456,3.6413
300251.SZ,2020-05-31,341.7654,324.3171,38.5973,3.8882
300251.SZ,2020-04-30,311.8426,295.9219,35.218,3.4896
300251.SZ,2020-03-31,261.3845,248.0399,27.4137,2.9236
300251.SZ,2020-02-29,318.0032,301.768,33.3518,3.5569
300251.SZ,2020-01-31,310.0824,294.2516,157.1868,3.3116
300251.SZ,2019-12-31,346.1658,328.4928,175.4782,3.6969
300251.SZ,2019-11-30,291.894,276.9922,147.9668,3.1173
300251.SZ,2019-10-31,259.6243,246.37,131.6087,2.7727
300251.SZ,2019-09-30,274.5857,260.5676,-43.6841,3.2859
300251.SZ,2019-08-31,251.7036,238.8536,-40.0437,3.0121
300251.SZ,2019-07-31,247.3032,234.6778,-46.8481,2.9252
300251.SZ,2019-06-30,199.4854,186.5187,-37.7897,2.3596
300251.SZ,2019-05-31,204.1791,190.9074,-38.6789,2.3739
300251.SZ,2019-04-30,227.9414,213.1251,-43.1803,2.6502
300251.SZ,2019-03-31,253.4638,236.9885,17.9804,2.8568
300251.SZ,2019-02-28,259.331,242.4744,18.3966,2.9229
300251.SZ,2019-01-31,239.9692,224.3711,9.7069,2.4668
300251.SZ,2018-12-31,222.9542,209.1566,9.0186,2.2919
300251.SZ,2018-11-30,211.8065,198.6988,8.5677,2.1773
300251.SZ,2018-10-31,205.3526,192.6443,8.3066,2.111
300251.SZ,2018-09-30,228.5281,214.3855,9.0623,2.3711
300251.SZ,2018-08-31,237.3289,222.6417,9.4113,2.4624
300251.SZ,2018-07-31,287.4936,269.702,10.9609,2.9294
300251.SZ,2018-06-30,298.6413,280.1564,11.3859,3.043
300251.SZ,2018-05-31,317.4164,297.7693,12.1017,3.2343
300251.SZ,2018-04-30,339.7119,318.6847,12.9518,3.2662
300251.SZ,2018-03-31,377.262,353.9107,46.1291,5.0263
300251.SZ,2018-02-28,366.7011,344.0034,44.8378,4.8856
300251.SZ,2018-01-31,380.1957,356.6627,48.1904,5.2092
300251.SZ,2017-12-31,306.5621,287.5868,38.8572,4.2003
300251.SZ,2017-11-30,273.7057,256.7641,34.6926,3.7502
300251.SZ,2017-10-31,284.56,266.9466,36.0684,3.8989
300251.SZ,2017-09-30,320.9368,301.0718,39.1383,4.4976
300251.SZ,2017-08-31,257.2775,241.3528,31.375,3.6055
300251.SZ,2017-07-31,264.6115,248.2328,37.0971,3.7705
300251.SZ,2017-06-30,240.2625,225.391,33.6835,3.4236
300251.SZ,2017-05-31,238.7957,223.982,33.4779,3.3467
300251.SZ,2017-04-30,252.877,237.1898,35.452,3.5441
300251.SZ,2017-03-31,275.1725,258.1021,37.372,3.9038
300251.SZ,2017-02-28,288.3737,270.4844,39.1649,4.0911
300251.SZ,2017-01-31,312.7227,293.3229,39.1347,4.5479
300251.SZ,2016-12-31,286.3202,268.5583,35.8307,4.1639
300251.SZ,2016-11-30,334.7247,313.96,41.8881,4.8678
300251.SZ,2016-10-31,321.2301,301.3026,40.1994,4.6716
300251.SZ,2016-09-30,318.2965,298.551,49.6285,4.593
300251.SZ,2016-08-31,328.8575,308.4568,51.2752,4.7454
300251.SZ,2016-07-31,323.2836,303.2287,52.9975,4.8378
300251.SZ,2016-06-30,339.1251,318.0875,55.5945,5.0749
300251.SZ,2016-05-31,353.2065,331.2953,57.9029,5.2856
300251.SZ,2016-04-30,373.595,350.4197,61.2453,5.4706
300251.SZ,2016-03-31,338.0984,317.125,83.9604,4.9195
300251.SZ,2016-02-29,273.559,228.3785,67.9332,3.9804
300251.SZ,2016-01-31,294.8276,246.1345,93.2811,4.7152
300315.SZ,2020-12-31,140.9074,134.5062,27.9948,2.4745
300315.SZ,2020-11-30,177.582,169.5157,35.2811,3.1186
300315.SZ,2020-10-31,179.2365,171.095,35.6098,3.1476
300315.SZ,2020-09-30,188.0604,179.5181,31.5545,3.1805
300315.SZ,2020-08-31,244.3131,233.2157,40.9931,4.1318
300315.SZ,2020-07-31,258.9278,247.1665,95.5579,4.6379
300315.SZ,2020-06-30,202.1236,192.9425,74.5942,3.6205
300315.SZ,2020-05-31,168.4823,158.8802,62.1788,3.0179
300315.SZ,2020-04-30,155.5221,146.6586,57.3958,2.7857
300315.SZ,2020-03-31,142.8377,134.6971,39.5678,2.5497
300315.SZ,2020-02-29,181.7182,171.3618,50.3382,3.2438
300315.SZ,2020-01-31,168.4823,158.8802,-5.0727,2.9894
300315.SZ,2019-12-31,170.1368,160.4404,-5.1226,3.0188
300315.SZ,2019-11-30,149.7314,141.2002,-4.5082,2.6567
300315.SZ,2019-10-31,125.7413,118.5769,-3.7859,2.2311
300315.SZ,2019-09-30,130.7048,123.2576,-3.9378,2.4016
300315.SZ,2019-08-31,95.6847,90.2329,-2.8827,1.7581
300315.SZ,2019-07-31,95.409,89.9728,-3.0829,1.7366
300315.SZ,2019-06-30,95.1332,89.3544,-3.074,1.7316
300315.SZ,2019-05-31,93.203,87.5414,-3.0116,1.6964
300315.SZ,2019-04-30,114.1598,107.2253,-3.6888,2.0779
300315.SZ,2019-03-31,111.1266,104.3763,-3.5078,2.1722
300315.SZ,2019-02-28,105.6116,99.1963,-3.3337,2.0644
300315.SZ,2019-01-31,83.276,78.2175,21.5758,0.9185
300315.SZ,2018-12-31,97.3392,91.4223,25.2194,1.0737
300315.SZ,2018-11-30,107.2661,100.7458,27.7914,1.1832
300315.SZ,2018-10-31,106.7146,100.2278,27.6485,1.1771
300315.SZ,2018-09-30,117.4688,110.3283,31.1483,1.3264
300315.SZ,2018-08-31,108.9206,102.2997,28.8816,1.2299
300315.SZ,2018-07-31,116.6631,108.9621,49.9375,1.3613
300315.SZ,2018-06-30,115.2841,112.8971,49.3472,1.3409
300315.SZ,2018-05-31,137.8996,135.0443,59.0277,1.6039
300315.SZ,2018-04-30,157.2056,150.6228,67.2916,1.8285
300315.SZ,2018-03-31,191.1289,183.1256,70.0917,2.2378
300315.SZ,2018-02-28,180.6485,173.0841,66.2483,2.1151
300315.SZ,2018-01-31,167.1344,160.1358,48.6945,1.9252
300315.SZ,2017-12-31,153.3444,146.9308,44.6768,1.7663
300315.SZ,2017-11-30,165.7554,158.8227,48.2927,1.9093
300315.SZ,2017-10-31,188.6467,180.7566,54.9621,2.173
300315.SZ,2017-09-30,206.0221,197.4052,57.6763,2.3978
300315.SZ,2017-08-31,217.054,207.9758,60.7647,2.5262
300315.SZ,2017-07-31,207.6769,198.9908,46.4606,2.4348
300315.SZ,2017-06-30,226.1034,195.3092,50.3478,2.6386
300315.SZ,2017-05-31,244.9453,171.1789,54.5434,2.8584
300315.SZ,2017-04-30,244.9453,171.1789,54.5434,2.8584
300315.SZ,2017-03-31,244.9453,171.1789,47.1673,2.9084
300315.SZ,2017-02-28,244.9453,171.1789,47.1673,2.9084
300315.SZ,2017-01-31,244.9453,171.1789,32.3185,2.9144
300315.SZ,2016-12-31,256.0288,178.9246,33.7809,3.0462
300315.SZ,2016-11-30,306.4588,199.8893,40.4347,3.6463
300315.SZ,2016-10-31,263.2331,171.6951,34.7315,3.132
300315.SZ,2016-09-30,261.0164,170.2493,36.2307,3.1636
300315.SZ,2016-08-31,282.9063,184.5271,39.2692,3.4289
300315.SZ,2016-07-31,286.7855,186.9947,46.7918,3.546
300315.SZ,2016-06-30,290.9804,189.5241,47.4247,3.594
300315.SZ,2016-05-31,296.2508,194.4096,48.2837,3.6591
300315.SZ,2016-04-30,312.6167,199.4148,50.9511,3.8612
300315.SZ,2016-03-31,335.3586,195.1409,70.0214,4.2104
300315.SZ,2016-02-29,268.5088,156.2418,56.0634,3.4106
300315.SZ,2016-01-31,310.3939,180.6143,77.7402,3.9426
600005.SH,2020-12-31,,,,
600005.SH,2020-11-30,,,,
600005.SH,2020-10-31,,,,
600005.SH,2020-09-30,,,,
600005.SH,2020-08-31,,,,
600005.SH,2020-07-31,,,,
600005.SH,2020-06-30,,,,
600005.SH,2020-05-31,,,,
600005.SH,2020-04-30,,,,
600005.SH,2020-03-31,,,,
600005.SH,2020-02-29,,,,
600005.SH,2020-01-31,,,,
600005.SH,2019-12-31,,,,
600005.SH,2019-11-30,,,,
600005.SH,2019-10-31,,,,
600005.SH,2019-09-30,,,,
600005.SH,2019-08-31,,,,
600005.SH,2019-07-31,,,,
600005.SH,2019-06-30,,,,
600005.SH,2019-05-31,,,,
600005.SH,2019-04-30,,,,
600005.SH,2019-03-31,,,,
600005.SH,2019-02-28,,,,
600005.SH,2019-01-31,,,,
600005.SH,2018-12-31,,,,
600005.SH,2018-11-30,,,,
600005.SH,2018-10-31,,,,
600005.SH,2018-09-30,,,,
600005.SH,2018-08-31,,,,
600005.SH,2018-07-31,,,,
600005.SH,2018-06-30,,,,
600005.SH,2018-05-31,,,,
600005.SH,2018-04-30,,,,
600005.SH,2018-03-31,,,,
600005.SH,2018-02-28,,,,
600005.SH,2018-01-31,,,,
600005.SH,2017-12-31,,,,
600005.SH,2017-11-30,,,,
600005.SH,2017-10-31,,,,
600005.SH,2017-09-30,,,,
600005.SH,2017-08-31,,,,
600005.SH,2017-07-31,,,,
600005.SH,2017-06-30,,,,
600005.SH,2017-05-31,,,,
600005.SH,2017-04-30,,,,
600005.SH,2017-03-31,,,,
600005.SH,2017-02-28,,,,
600005.SH,2017-01-31,374.4792,374.4792,-6.0959,1.3005
600005.SH,2016-12-31,344.1979,344.1979,-5.603,1.1954
600005.SH,2016-11-30,345.2073,345.2073,-5.6194,1.1989
600005.SH,2016-10-31,315.9353,315.9353,-5.1429,1.0972
600005.SH,2016-09-30,278.5883,278.5883,-3.5884,0.9717
600005.SH,2016-08-31,278.5883,278.5883,-3.5884,0.9717
600005.SH,2016-07-31,278.5883,278.5883,-3.5071,0.9835
600005.SH,2016-06-30,278.5883,278.5883,-3.5071,0.9835
600005.SH,2016-05-31,295.7477,295.7477,-3.7231,1.044
600005.SH,2016-04-30,334.1041,334.1041,-4.2059,1.1794
600005.SH,2016-03-31,293.729,293.729,-57.1081,0.8448
600005.SH,2016-02-29,282.6258,282.6258,-54.9493,0.8129
600005.SH,2016-01-31,284.6446,284.6446,-55.3418,0.8187
600008.SH,2020-12-31,207.7387,207.7387,15.7267,1.3468
600008.SH,2020-11-30,223.888,223.888,16.9493,1.4515
600008.SH,2020-10-31,213.6112,213.6112,16.1713,0.8967
600008.SH,2020-09-30,212.8771,212.8771,15.5016,1.4886
600008.SH,2020-08-31,194.4423,194.4423,18.2812,1.7555
600008.SH,2020-07-31,187.6198,187.6198,19.5351,0.8945
600008.SH,2020-06-30,171.132,171.132,17.8184,0.8159
600008.SH,2020-05-31,170.5634,170.5634,17.7592,0.8132
600008.SH,2020-04-30,187.0512,187.0512,19.4759,1.6365
600008.SH,2020-03-31,171.7005,171.7005,20.0605,1.5733
600008.SH,2020-02-29,187.0512,187.0512,21.854,1.7139
600008.SH,2020-01-31,185.9142,185.9142,21.7211,1.7035
600008.SH,2019-12-31,187.0512,187.0512,21.854,1.7139
600008.SH,2019-11-30,186.4827,186.4827,21.7876,1.7087
600008.SH,2019-10-31,188.7569,160.0444,22.0533,1.7296
600008.SH,2019-09-30,188.7569,160.0444,22.7245,1.7309
600008.SH,2019-08-31,190.4625,161.4906,22.9298,1.7465
600008.SH,2019-07-31,196.7165,166.7932,26.2633,1.1432
600008.SH,2019-06-30,200.1278,169.6856,26.7188,1.163
600008.SH,2019-05-31,194.4423,164.865,25.9597,1.13
600008.SH,2019-04-30,222.301,188.486,29.6791,1.9738
600008.SH,2019-03-31,237.0832,201.0196,32.9554,2.1234
600008.SH,2019-02-28,227.4179,192.8246,36.7939,1.4695
600008.SH,2019-01-31,188.7569,160.0444,30.539,1.2197
600008.SH,2018-12-31,195.0109,165.3471,31.5508,1.2601
600008.SH,2018-11-30,196.148,166.3112,31.7348,1.2675
600008.SH,2018-10-31,155.7058,155.7058,25.1916,1.8497
600008.SH,2018-09-30,182.7013,182.7013,32.5021,2.1966
600008.SH,2018-08-31,190.4143,190.4143,33.8742,2.2893
600008.SH,2018-07-31,204.394,204.394,34.4503,1.6739
600008.SH,2018-06-30,203.4299,203.4299,34.2878,1.666
600008.SH,2018-05-31,219.82,219.82,37.0503,1.8003
600008.SH,2018-04-30,237.1742,237.1742,39.9754,2.8938
600008.SH,2018-03-31,257.9029,257.9029,42.1404,3.1922
600008.SH,2018-02-28,239.5845,239.5845,37.3569,3.0322
600008.SH,2018-01-31,249.2258,249.2258,38.8602,3.1542
600008.SH,2017-12-31,247.7796,247.7796,38.6347,3.1359
600008.SH,2017-11-30,256.4567,256.4567,39.9877,3.2457
600008.SH,2017-10-31,283.9342,283.9342,44.2721,3.5935
600008.SH,2017-09-30,308.5193,308.5193,50.2726,3.9965
600008.SH,2017-08-31,320.0888,320.0888,52.1578,4.1464
600008.SH,2017-07-31,283.4521,283.4521,45.7285,2.9625
600008.SH,2017-06-30,317.1964,317.1964,51.1723,3.3152
600008.SH,2017-05-31,335.5147,335.5147,54.1276,3.5067
600008.SH,2017-04-30,362.0281,362.0281,58.4049,4.5518
600008.SH,2017-03-31,205.3582,205.3582,33.6163,2.6539
600008.SH,2017-02-28,208.7326,208.7326,30.4616,2.8872
600008.SH,2017-01-31,201.5017,201.5017,29.4063,2.7872
600008.SH,2016-12-31,198.1272,198.1272,28.9139,2.7405
600008.SH,2016-11-30,208.2505,208.2505,30.3912,2.8805
600008.SH,2016-10-31,204.394,204.394,29.8284,2.8272
600008.SH,2016-09-30,201.9837,201.9837,34.5663,2.689
600008.SH,2016-08-31,200.5375,200.5375,34.3188,2.6697
600008.SH,2016-07-31,188.486,188.486,32.1808,2.3079
600008.SH,2016-06-30,187.5219,187.5219,32.0162,2.2961
600008.SH,2016-05-31,192.8246,192.8246,32.9215,2.3611
600008.SH,2016-04-30,195.7169,195.7169,33.4154,2.2949
600008.SH,2016-03-31,203.912,203.912,38.0253,2.3889
600008.SH,2016-02-29,174.5062,174.5062,27.5532,2.1652
600008.SH,2016-01-31,165.3471,165.3471,26.107,2.0516
600011.SH,2020-12-31,604.6531,492.6974,12.9496,0.8881
600011.SH,2020-11-30,686.5502,565.2823,14.8574,1.019
600011.SH,2020-10-31,654.4923,536.6882,14.1059,0.9674
600011.SH,2020-09-30,718.4727,594.9761,23.5948,1.1207
600011.SH,2020-08-31,740.367,605.9738,24.0309,1.1414
600011.SH,2020-07-31,656.0115,515.7926,67.4885,1.0216
600011.SH,2020-06-30,589.0447,464.1034,60.7252,0.8929
600011.SH,2020-05-31,600.7273,476.2008,62.3081,0.9162
600011.SH,2020-04-30,589.3066,464.1034,60.7252,0.8929
600011.SH,2020-03-31,640.7695,515.7926,15.2146,0.9511
600011.SH,2020-02-29,649.5274,516.8924,15.2471,0.9531
600011.SH,2020-01-31,748.6355,594.9761,17.5503,1.0971
600011.SH,2019-12-31,779.5663,613.6722,18.1018,1.1316
600011.SH,2019-11-30,822.5391,658.7628,19.4319,1.2147
600011.SH,2019-10-31,784.6631,626.8695,18.4911,1.1559
600011.SH,2019-09-30,797.7074,609,29.0875,1.1955
600011.SH,2019-08-31,875.8562,661.5,31.5951,1.2986
600011.SH,2019-07-31,906.4605,684.6,32.6984,1.3439
600011.SH,2019-06-30,875.3553,654.15,34.0087,1.1558
600011.SH,2019-05-31,918.9842,682.5,35.4826,1.3431
600011.SH,2019-04-30,944.7607,708.75,36.8473,1.3947
600011.SH,2019-03-31,905.3063,688.8,71.5691,1.4076
600011.SH,2019-02-28,951.6415,723.45,117.3442,1.4628
600011.SH,2019-01-31,903.6799,674.1,109.3396,1.363
600011.SH,2018-12-31,1016.7311,774.9,125.6894,1.5668
600011.SH,2018-11-30,962.2596,724.5,117.5145,1.4649
600011.SH,2018-10-31,892.7937,678.3,110.0208,1.3715
600011.SH,2018-09-30,1022.5593,809.55,37.3912,1.6499
600011.SH,2018-08-31,943.0816,737.1,34.0449,1.5022
600011.SH,2018-07-31,1034.252,793.8,48.6899,1.5281
600011.SH,2018-06-30,873.8705,667.8,40.9613,1.2855
600011.SH,2018-05-31,971.0207,738.15,45.2764,1.421
600011.SH,2018-04-30,855.5141,657.3,40.3173,1.3292
600011.SH,2018-03-31,920.3827,721.35,58.2364,1.3825
600011.SH,2018-02-28,834.6609,649.95,41.1607,1.2368
600011.SH,2018-01-31,854.8026,662.55,41.9586,1.2608
600011.SH,2017-12-31,840.3758,647.85,41.0277,1.2328
600011.SH,2017-11-30,863.4222,664.65,42.0916,1.2648
600011.SH,2017-10-31,915.5201,706.65,44.7514,1.3447
600011.SH,2017-09-30,921.5971,728.7,31.8746,1.5164
600011.SH,2017-08-31,953.7657,750.75,32.8391,1.5622
600011.SH,2017-07-31,993.8416,770.7,20.2169,1.6068
600011.SH,2017-06-30,991.812,770.7,20.2169,1.6068
600011.SH,2017-05-31,1075.4495,817.95,21.4563,1.6035
600011.SH,2017-04-30,1042.5954,819,21.4839,1.6056
600011.SH,2017-03-31,969.4263,752.85,12.3648,1.3369
600011.SH,2017-02-28,1031.9044,811.65,11.8208,1.4195
600011.SH,2017-01-31,973.6357,763.35,11.1174,1.335
600011.SH,2016-12-31,956.3634,740.25,10.781,1.2946
600011.SH,2016-11-30,1007.1398,804.3,11.7138,1.4066
600011.SH,2016-10-31,946.3157,750.75,10.9339,1.313
600011.SH,2016-09-30,935.4741,739.2,9.7108,1.3449
600011.SH,2016-08-31,948.4026,757.05,9.9453,1.3774
600011.SH,2016-07-31,957.9547,766.5,8.7375,1.4478
600011.SH,2016-06-30,981.6258,789.6,9.0009,1.3642
600011.SH,2016-05-31,999.9156,788.55,8.9889,1.3624
600011.SH,2016-04-30,1003.3763,785.4,8.953,1.357
600011.SH,2016-03-31,1108.6617,836.85,8.7877,1.5256
600011.SH,2016-02-29,962.8524,723.45,7.5975,1.3217
600011.SH,2016-01-31,971.2901,720.3,7.5644,1.3159
600009.SH,2020-12-31,1457.9368,827.3242,488.8156,4.9015
600009.SH,2020-11-30,1513.0478,858.5977,507.2931,5.0868
600009.SH,2020-10-31,1273.7195,722.7879,427.0514,4.2822
600009.SH,2020-09-30,1325.362,752.0931,68.1452,4.4037
600009.SH,2020-08-31,1472.1963,835.416,75.6948,4.8916
600009.SH,2020-07-31,1308.9829,742.7985,35.1916,4.0797
600009.SH,2020-06-30,1388.759,788.0684,37.3363,4.3284
600009.SH,2020-05-31,1394.9252,791.5676,37.5021,4.3476
600009.SH,2020-04-30,1362.3596,773.0878,36.6266,4.2461
600009.SH,2020-03-31,1171.7834,664.943,23.2949,3.6613
600009.SH,2020-02-29,1266.2044,718.5233,25.1721,3.9563
600009.SH,2020-01-31,1329.2159,754.28,26.1378,4.2921
600009.SH,2019-12-31,1517.4798,861.1127,29.8399,4.9
600009.SH,2019-11-30,1447.7239,821.5288,28.4682,4.6748
600009.SH,2019-10-31,1469.3058,833.7758,28.8926,4.7445
600009.SH,2019-09-30,1537.3274,872.3755,31.314,5.4128
600009.SH,2019-08-31,1619.6086,919.0669,32.99,5.7025
600009.SH,2019-07-31,1595.1362,905.1798,34.6414,5.3822
600009.SH,2019-06-30,1614.4058,916.1145,35.0598,5.4472
600009.SH,2019-05-31,1332.2991,756.0296,28.9334,4.4954
600009.SH,2019-04-30,1361.0108,772.3224,29.5569,4.5922
600009.SH,2019-03-31,1197.6047,679.5956,28.3026,4.2399
600009.SH,2019-02-28,1103.3764,626.1246,26.0676,3.9061
600009.SH,2019-01-31,949.9905,539.0839,22.992,3.4984
600009.SH,2018-12-31,978.1241,555.0486,23.6729,3.602
600009.SH,2018-11-30,965.4062,547.8317,23.3651,3.5552
600009.SH,2018-10-31,954.8079,541.8176,23.1086,3.5161
600009.SH,2018-09-30,1132.4735,642.6361,28.2471,4.3496
600009.SH,2018-08-31,1057.5148,600.0998,26.3775,4.0617
600009.SH,2018-07-31,1161.3779,659.0382,29.7035,4.4412
600009.SH,2018-06-30,1069.0765,606.6607,27.3428,4.0882
600009.SH,2018-05-31,1038.0525,589.0557,26.5494,3.9696
600009.SH,2018-04-30,959.4326,544.4419,24.5386,3.6689
600009.SH,2018-03-31,941.1265,534.0539,25.5504,3.7447
600009.SH,2018-02-28,941.7046,534.3819,25.5664,3.747
600009.SH,2018-01-31,903.5508,512.7311,26.6295,3.7428
600009.SH,2017-12-31,867.324,492.1737,25.5619,3.5928
600009.SH,2017-11-30,804.6978,456.6357,23.7161,3.3333
600009.SH,2017-10-31,843.0443,478.3959,24.8463,3.4922
600009.SH,2017-09-30,731.8588,415.3023,23.6476,3.1621
600009.SH,2017-08-31,752.4773,427.0025,24.3138,3.2512
600009.SH,2017-07-31,721.6459,409.5069,24.4126,3.1256
600009.SH,2017-06-30,718.9482,407.976,24.3213,3.1139
600009.SH,2017-05-31,728.1976,413.2247,24.6342,3.154
600009.SH,2017-04-30,659.9833,374.5157,22.3266,2.8585
600009.SH,2017-03-31,577.7021,327.8242,20.5907,2.591
600009.SH,2017-02-28,528.7574,300.0499,18.9398,2.3729
600009.SH,2017-01-31,529.9136,300.706,19.5434,2.4538
600009.SH,2016-12-31,511.0294,289.9899,18.847,2.3663
600009.SH,2016-11-30,527.7939,299.5032,19.4653,2.444
600009.SH,2016-10-31,522.3984,296.4415,19.2663,2.419
600009.SH,2016-09-30,519.7007,294.9106,19.6382,2.4869
600009.SH,2016-08-31,534.9237,303.549,20.2134,2.5597
600009.SH,2016-07-31,537.236,304.8612,21.1099,2.5631
600009.SH,2016-06-30,501.9727,284.8506,19.7243,2.3948
600009.SH,2016-05-31,533.9602,303.0023,20.9812,2.5474
600009.SH,2016-04-30,524.3254,297.5349,20.6026,2.5015
600009.SH,2016-03-31,579.8218,329.027,22.9049,2.8535
600009.SH,2016-02-29,524.1327,297.4256,20.6833,2.5791
600009.SH,2016-01-31,498.3115,282.773,20.4096,2.5278
600010.SH,2020-12-31,533.3449,370.6234,-150.7719,1.009
600010.SH,2020-11-30,551.5789,383.2943,-155.9265,1.0435
600010.SH,2020-10-31,519.6694,361.1202,-146.906,0.9831
600010.SH,2020-09-30,524.2279,364.2879,-181.1278,0.9951
600010.SH,2020-08-31,528.7864,367.4557,-182.7029,1.0037
600010.SH,2020-07-31,533.3449,370.6234,-372.3073,1.0185
600010.SH,2020-06-30,492.3184,342.1139,-343.6682,0.9402
600010.SH,2020-05-31,501.4354,348.4493,-350.0324,0.9576
600010.SH,2020-04-30,492.3184,342.1139,-343.6682,0.9402
600010.SH,2020-03-31,524.2279,364.2879,23.7349,0.9748
600010.SH,2020-02-29,533.3449,370.6234,24.1477,0.9917
600010.SH,2020-01-31,569.8129,395.9651,25.7988,1.0595
600010.SH,2019-12-31,601.7224,418.1392,27.2436,1.1189
600010.SH,2019-11-30,583.4884,405.4683,26.418,1.085
600010.SH,2019-10-31,624.5149,433.9778,28.2755,1.1612
600010.SH,2019-09-30,665.5415,462.4873,22.5687,1.2469
600010.SH,2019-08-31,683.7755,475.1582,23.187,1.2811
600010.SH,2019-07-31,720.2435,500.4999,22.6915,1.3494
600010.SH,2019-06-30,770.3871,535.3449,24.2713,1.4537
600010.SH,2019-05-31,802.2966,557.5189,25.2766,1.5139
600010.SH,2019-04-30,774.9456,538.5126,24.4149,1.4623
600010.SH,2019-03-31,834.2061,579.693,28.1958,1.6088
600010.SH,2019-02-28,806.8551,560.6866,27.2714,1.5561
600010.SH,2019-01-31,670.1,465.655,22.6491,1.2923
600010.SH,2018-12-31,674.6585,468.8227,22.8032,1.3011
600010.SH,2018-11-30,697.451,484.6613,23.5736,1.3451
600010.SH,2018-10-31,738.4775,513.1708,24.9603,1.4242
600010.SH,2018-09-30,756.7115,525.8417,26.1853,1.4962
600010.SH,2018-08-31,688.334,478.3259,23.8192,1.361
600010.SH,2018-07-31,761.27,529.0094,30.4449,1.5304
600010.SH,2018-06-30,706.568,490.9968,28.2572,1.4139
600010.SH,2018-05-31,779.5041,541.6803,31.1741,1.5599
600010.SH,2018-04-30,948.1687,458.4077,37.9194,1.8974
600010.SH,2018-03-31,993.7537,480.4466,79.1002,2.0414
600010.SH,2018-02-28,1080.3653,522.3204,85.9943,2.2193
600010.SH,2018-01-31,1130.5088,546.5631,89.9856,2.3223
600010.SH,2017-12-31,1121.3918,542.1553,89.2599,2.3035
600010.SH,2017-11-30,1185.2108,573.0097,94.3397,2.4346
600010.SH,2017-10-31,1185.2108,573.0097,94.3397,2.4346
600010.SH,2017-09-30,1230.7959,595.0485,190.7708,2.5715
600010.SH,2017-08-31,1271.8224,614.8835,197.1299,2.6572
600010.SH,2017-07-31,1280.9394,619.2912,153.7441,2.7011
600010.SH,2017-06-30,998.3122,482.6505,119.8219,2.1051
600010.SH,2017-05-31,998.3122,482.6505,119.8219,2.1051
600010.SH,2017-04-30,983.3343,475.4091,118.0242,2.0735
600010.SH,2017-03-31,986.5903,476.9833,-56.4996,2.0836
600010.SH,2017-02-28,1012.6389,489.577,-57.9914,2.1387
600010.SH,2017-01-31,957.2857,462.8155,-54.8214,2.0218
600010.SH,2016-12-31,908.4446,439.2025,-52.0244,1.9186
600010.SH,2016-11-30,970.31,469.1123,-55.5673,2.0493
600010.SH,2016-10-31,914.9567,442.3509,-52.3974,1.9324
600010.SH,2016-09-30,905.1885,437.6283,-32.0504,1.9196
600010.SH,2016-08-31,950.7735,459.6671,-33.6644,2.0162
600010.SH,2016-07-31,918.2128,443.9251,-23.7469,1.9723
600010.SH,2016-06-30,931.2371,450.2219,-24.0837,2.0002
600010.SH,2016-05-31,993.1025,480.1317,-25.6837,2.1331
600010.SH,2016-04-30,989.8464,478.5575,-25.5995,2.1261
600010.SH,2016-03-31,963.7978,465.9639,-81.625,1.9481
600010.SH,2016-02-29,895.4203,432.9057,-75.834,1.8099
600010.SH,2016-01-31,963.7978,465.9639,-81.625,1.9481
600015.SH,2020-12-31,961.7015,801.4179,4.6278,0.4506
600015.SH,2020-11-30,1004.7857,837.3214,4.8351,0.4708
600015.SH,2020-10-31,932.4658,777.0548,4.4871,0.4369
600015.SH,2020-09-30,943.2368,786.0307,4.5569,0.4492
600015.SH,2020-08-31,989.3985,824.4988,4.7799,0.4712
600015.SH,2020-07-31,978.6274,815.5229,4.42,0.4681
600015.SH,2020-06-30,941.6981,784.7484,4.2532,0.4505
600015.SH,2020-05-31,980.1662,816.8051,4.4269,0.4604
600015.SH,2020-04-30,1009.4019,841.1682,4.559,0.4742
600015.SH,2020-03-31,995.5534,829.6278,4.5449,0.4795
600015.SH,2020-02-29,1069.4121,891.1767,4.9544,0.531
600015.SH,2020-01-31,1138.6546,948.8788,5.2752,0.5654
600015.SH,2019-12-31,1180.2001,983.5001,5.4677,0.586
600015.SH,2019-11-30,1143.2707,952.7256,5.2966,0.5677
600015.SH,2019-10-31,1152.5031,960.4192,5.3394,0.5722
600015.SH,2019-09-30,1135.5771,946.3143,5.3159,0.4855
600015.SH,2019-08-31,1114.035,928.3625,5.215,0.4763
600015.SH,2019-07-31,1163.2741,969.3951,5.5635,0.4973
600015.SH,2019-06-30,1184.8162,987.3469,5.6665,0.6133
600015.SH,2019-05-31,1154.0418,961.7015,5.5194,0.5974
600015.SH,2019-04-30,1234.0554,1028.3795,5.902,0.6388
600015.SH,2019-03-31,1269.446,1057.8716,6.0873,0.6439
600015.SH,2019-02-28,1280.217,1066.8475,6.3677,0.7955
600015.SH,2019-01-31,1164.8129,970.6774,5.7936,0.7238
600015.SH,2018-12-31,947.5965,947.5965,4.7132,0.5888
600015.SH,2018-11-30,998.8873,998.8873,4.9684,0.6207
600015.SH,2018-10-31,1025.8149,1025.8149,5.1023,0.6374
600015.SH,2018-09-30,1047.6135,1047.6135,5.2334,0.6708
600015.SH,2018-08-31,993.7582,993.7582,4.9643,0.6363
600015.SH,2018-07-31,975.8065,975.8065,4.9112,0.6491
600015.SH,2018-06-30,955.2902,955.2902,4.8079,0.6354
600015.SH,2018-05-31,1068.1298,1068.1298,5.3759,0.7015
600015.SH,2018-04-30,1116.856,1116.856,5.6211,0.7335
600015.SH,2018-03-31,1142.5014,1142.5014,5.9237,0.7984
600015.SH,2018-02-28,1192.5099,1192.5099,6.183,0.8333
600015.SH,2018-01-31,1263.0346,1263.0346,6.5486,0.8826
600015.SH,2017-12-31,1154.0418,1154.0418,5.9835,0.8064
600015.SH,2017-11-30,1188.6631,1188.6631,6.163,0.8306
600015.SH,2017-10-31,1165.5822,1165.5822,6.0434,0.8145
600015.SH,2017-09-30,1188.6631,1188.6631,6.0378,0.8565
600015.SH,2017-08-31,1220.7198,1220.7198,6.2006,0.8796
600015.SH,2017-07-31,1282.2687,1282.2687,6.4941,0.9599
600015.SH,2017-06-30,1182.2517,1182.2517,5.9876,0.885
600015.SH,2017-05-31,1144.4248,1144.4248,5.796,0.8445
600015.SH,2017-04-30,1135.8763,1135.8763,5.7527,0.8382
600015.SH,2017-03-31,1206.4011,1206.4011,6.1589,0.9401
600015.SH,2017-02-28,1247.0063,1247.0063,6.3662,0.9718
600015.SH,2017-01-31,1238.4578,1238.4578,6.3225,0.9651
600015.SH,2016-12-31,1159.3846,1159.3846,5.9189,0.9035
600015.SH,2016-11-30,1234.1836,1234.1836,6.3007,0.9618
600015.SH,2016-10-31,1112.3681,1112.3681,5.6788,0.8668
600015.SH,2016-09-30,1073.9,1073.9,5.5225,0.8705
600015.SH,2016-08-31,1123.0536,1123.0536,5.7752,0.9103
600015.SH,2016-07-31,1060.0088,1060.0088,5.5272,0.8683
600015.SH,2016-06-30,1056.8031,1056.8031,5.5105,0.8657
600015.SH,2016-05-31,1089.9284,1089.9284,5.6832,0.8928
600015.SH,2016-04-30,1086.7227,1086.7227,5.6665,0.8902
600015.SH,2016-03-31,1085.6541,790.9788,5.7494,0.9226
600015.SH,2016-02-29,994.8268,724.8044,5.2684,0.8454
600015.SH,2016-01-31,1018.335,741.9319,5.3929,0.8653
600018.SH,2020-12-31,1059.0369,1059.0369,12.752,1.2435
600018.SH,2020-11-30,1072.9411,1072.9411,12.9194,1.2599
600018.SH,2020-10-31,968.6596,968.6596,11.6637,1.1374
600018.SH,2020-09-30,968.6596,968.6596,11.3589,1.1732
600018.SH,2020-08-31,1028.9112,1028.9112,12.0654,1.2462
600018.SH,2020-07-31,1045.1327,1045.1327,11.8677,1.2454
600018.SH,2020-06-30,973.2943,973.2943,11.0519,1.1598
600018.SH,2020-05-31,938.5338,938.5338,10.6572,1.1184
600018.SH,2020-04-30,968.6596,968.6596,10.9993,1.1543
600018.SH,2020-03-31,1038.1806,1038.1806,11.5353,1.2638
600018.SH,2020-02-29,1052.0848,1052.0848,11.6898,1.2807
600018.SH,2020-01-31,1205.0311,1205.0311,13.3892,1.4669
600018.SH,2019-12-31,1337.121,1337.121,11.2041,1.6612
600018.SH,2019-11-30,1290.7737,1290.7737,10.8158,1.6036
600018.SH,2019-10-31,1346.3905,1346.3905,11.2818,1.6727
600018.SH,2019-09-30,1318.5821,1318.5821,11.7072,1.6986
600018.SH,2019-08-31,1330.1689,1330.1689,11.81,1.7136
600018.SH,2019-07-31,1687.0435,1687.0435,15.9946,2.2146
600018.SH,2019-06-30,1580.4446,1580.4446,14.9839,2.0746
600018.SH,2019-05-31,1754.2472,1754.2472,16.6317,2.1997
600018.SH,2019-04-30,1870.1155,1870.1155,17.7302,2.345
600018.SH,2019-03-31,1684.7261,1684.7261,16.3942,2.23
600018.SH,2019-02-28,1383.4684,1383.4684,13.4579,1.8158
600018.SH,2019-01-31,1244.4263,1244.4263,12.1053,1.6333
600018.SH,2018-12-31,1200.3963,1200.3963,10.1026,1.7148
600018.SH,2018-11-30,1290.7737,1290.7737,10.8633,1.8439
600018.SH,2018-10-31,1251.3784,1251.3784,10.5317,1.7876
600018.SH,2018-09-30,1253.6958,1253.6958,10.8546,1.8243
600018.SH,2018-08-31,1300.0431,1300.0431,11.2559,1.8917
600018.SH,2018-07-31,1404.3247,1404.3247,11.6584,2.08
600018.SH,2018-06-30,1381.151,1381.151,11.466,2.0457
600018.SH,2018-05-31,1508.6062,1481.3622,12.5241,2.1099
600018.SH,2018-04-30,1615.2051,1586.036,13.4091,2.259
600018.SH,2018-03-31,1633.7441,1604.2402,14.1619,2.3512
600018.SH,2018-02-28,1758.8819,1727.1181,15.2548,2.5289
600018.SH,2018-01-31,1677.774,1647.475,14.5514,2.4123
600018.SH,2017-12-31,1541.0494,1513.2194,19.899,2.4693
600018.SH,2017-11-30,1726.4388,1695.2609,22.2928,2.7664
600018.SH,2017-10-31,2002.2055,1966.0475,25.8537,3.2082
600018.SH,2017-09-30,1550.3188,1522.3215,20.9652,2.5396
600018.SH,2017-08-31,1510.9236,1483.6377,20.4324,2.475
600018.SH,2017-07-31,1573.4925,1545.0767,22.9337,2.4663
600018.SH,2017-06-30,1469.211,1442.6784,21.4138,2.3029
600018.SH,2017-05-31,1459.9415,1433.5763,21.2787,2.2883
600018.SH,2017-04-30,1399.6899,1374.4129,20.4005,2.1939
600018.SH,2017-03-31,1367.2468,1342.5556,19.7036,2.2516
600018.SH,2017-02-28,1369.5642,1344.8311,19.9936,2.2481
600018.SH,2017-01-31,1237.4742,1215.1266,18.0653,2.0313
600018.SH,2016-12-31,1186.4921,1165.0652,19.7889,1.9802
600018.SH,2016-11-30,1230.5221,1208.3,20.5233,2.0537
600018.SH,2016-10-31,1200.3963,1178.7183,20.0208,2.0034
600018.SH,2016-09-30,1186.4921,1165.0652,18.5919,2.014
600018.SH,2016-08-31,1198.079,1176.4428,18.7734,2.0336
600018.SH,2016-07-31,1237.4742,1215.1266,19.7124,2.0396
600018.SH,2016-06-30,1181.8574,1160.5142,18.8264,1.948
600018.SH,2016-05-31,1214.3006,1192.3714,19.3432,2.0015
600018.SH,2016-04-30,1137.8274,1117.2793,18.1251,1.8754
600018.SH,2016-03-31,1286.1389,1262.9125,19.5984,2.1577
600018.SH,2016-02-29,1075.2585,1055.8403,16.5424,1.7978
600018.SH,2016-01-31,1082.2106,1062.6669,16.6494,1.8094
600021.SH,2020-12-31,186.3421,167.1239,14.8155,1.1145
600021.SH,2020-11-30,194.4553,174.4004,15.4606,1.163
600021.SH,2020-10-31,187.1272,167.8281,14.878,1.1192
600021.SH,2020-09-30,196.549,176.2782,17.9633,1.2083
600021.SH,2020-08-31,197.0725,176.7476,18.0111,1.2115
600021.SH,2020-07-31,205.4474,184.2588,24.6397,1.0907
600021.SH,2020-06-30,193.6702,173.6962,23.2272,1.0281
600021.SH,2020-05-31,191.8381,172.0532,23.0075,1.0184
600021.SH,2020-04-30,192.6233,172.7573,23.1017,1.2056
600021.SH,2020-03-31,183.7249,164.7767,19.0908,1.1585
600021.SH,2020-02-29,184.2484,165.2461,6.2103,1.1685
600021.SH,2020-01-31,195.2404,175.1046,6.5809,1.2382
600021.SH,2019-12-31,210.6817,188.9533,7.1013,1.3361
600021.SH,2019-11-30,192.885,172.9921,6.5015,1.2233
600021.SH,2019-10-31,196.8107,176.5129,6.6338,1.2482
600021.SH,2019-09-30,206.4943,185.1977,6.6916,1.3222
600021.SH,2019-08-31,207.5411,186.1366,6.7255,1.3289
600021.SH,2019-07-31,230.8339,188.725,7.82,1.5126
600021.SH,2019-06-30,227.1699,185.7294,7.6959,1.4885
600021.SH,2019-05-31,217.2246,177.5984,7.359,1.3471
600021.SH,2019-04-30,225.3378,184.2316,7.6338,1.3975
600021.SH,2019-03-31,236.3299,193.2185,18.5177,1.7104
600021.SH,2019-02-28,235.5448,192.5765,18.4562,1.7047
600021.SH,2019-01-31,218.7949,178.8822,17.1438,1.5835
600021.SH,2018-12-31,211.9903,69.3236,16.6106,1.5342
600021.SH,2018-11-30,197.5959,64.6164,15.4827,1.4301
600021.SH,2018-10-31,176.9203,57.8552,13.8627,1.2804
600021.SH,2018-09-30,196.2873,64.1885,18.3358,1.4352
600021.SH,2018-08-31,194.4553,63.5894,18.1647,1.4218
600021.SH,2018-07-31,184.5797,65.5579,19.5966,1.5035
600021.SH,2018-06-30,162.4109,57.6841,17.243,1.3229
600021.SH,2018-05-31,191.8087,68.1254,20.3641,1.5623
600021.SH,2018-04-30,198.0738,70.3506,21.0293,1.5524
600021.SH,2018-03-31,211.8089,75.2289,45.6659,1.6398
600021.SH,2018-02-28,193.2545,68.6389,41.6656,1.4962
600021.SH,2018-01-31,207.9534,73.8596,44.8347,1.61
600021.SH,2017-12-31,220.2427,195.5722,47.4842,1.7051
600021.SH,2017-11-30,211.1923,211.1923,45.533,2.0621
600021.SH,2017-10-31,238.7949,238.7949,51.4841,2.3316
600021.SH,2017-09-30,238.7949,238.7949,49.1834,2.3714
600021.SH,2017-08-31,245.856,245.856,50.6377,2.4415
600021.SH,2017-07-31,247.3539,247.3539,37.6895,2.4915
600021.SH,2017-06-30,258.6945,258.6945,39.4175,2.6057
600021.SH,2017-05-31,277.0962,277.0962,42.2214,2.6869
600021.SH,2017-04-30,278.3801,278.3801,42.417,2.6993
600021.SH,2017-03-31,263.6159,263.6159,21.2828,2.4841
600021.SH,2017-02-28,274.3146,274.3146,22.1465,2.5849
600021.SH,2017-01-31,270.2491,270.2491,21.8183,2.5466
600021.SH,2016-12-31,259.7643,259.7643,20.9718,2.4478
600021.SH,2016-11-30,250.9914,250.9914,20.2635,2.3652
600021.SH,2016-10-31,250.9914,250.9914,20.2635,2.3652
600021.SH,2016-09-30,250.9914,250.9914,20.673,2.4151
600021.SH,2016-08-31,250.9914,250.9914,20.673,2.4151
600021.SH,2016-07-31,234.3014,234.3014,17.1215,2.3334
600021.SH,2016-06-30,219.7512,219.7512,16.0583,2.0778
600021.SH,2016-05-31,225.9565,225.9565,16.5117,2.1365
600021.SH,2016-04-30,231.7338,231.7338,16.9339,2.1911
600021.SH,2016-03-31,249.4936,249.4936,18.7245,2.4324
600021.SH,2016-02-29,234.5154,234.5154,14.4048,2.4222
600021.SH,2016-01-31,210.1224,210.1224,12.9065,2.1702
600019.SH,2020-12-31,1325.0321,1318.281,11.6151,0.7352
600019.SH,2020-11-30,1382.9327,1375.8865,12.1227,0.7673
600019.SH,2020-10-31,1189.2868,1183.1295,10.4252,0.6598
600019.SH,2020-09-30,1111.3373,1105.5835,10.8544,0.63
600019.SH,2020-08-31,1100.2016,1094.5055,10.7457,0.6237
600019.SH,2020-07-31,1095.7474,1090.0743,9.754,0.6327
600019.SH,2020-06-30,1015.5707,1010.3128,9.0403,0.5864
600019.SH,2020-05-31,1089.066,1083.4276,9.6945,0.607
600019.SH,2020-04-30,1084.6117,1078.9964,9.6549,0.6045
600019.SH,2020-03-31,1084.6117,1078.9964,7.3823,0.6211
600019.SH,2020-02-29,1158.2719,1152.1111,7.8836,0.6632
600019.SH,2020-01-31,1209.5032,1203.0699,8.2323,0.6926
600019.SH,2019-12-31,1278.554,1268.6024,8.7023,0.7321
600019.SH,2019-11-30,1218.413,1208.9295,8.293,0.6977
600019.SH,2019-10-31,1291.9187,1281.863,8.7933,0.7398
600019.SH,2019-09-30,1316.4206,1306.1742,7.4194,0.7678
600019.SH,2019-08-31,1294.1461,1284.0732,7.2938,0.7548
600019.SH,2019-07-31,1421.2174,1410.0493,7.3751,0.8464
600019.SH,2019-06-30,1447.9487,1436.5707,7.5138,0.8623
600019.SH,2019-05-31,1403.3964,1392.3685,7.2826,0.8358
600019.SH,2019-04-30,1597.1988,1584.6479,8.2883,0.892
600019.SH,2019-03-31,1610.5645,1597.9086,6.9273,0.942
600019.SH,2019-02-28,1670.7101,1657.5815,7.186,0.9772
600019.SH,2019-01-31,1561.557,1549.2862,6.7165,0.9134
600019.SH,2018-12-31,1447.4145,1436.5707,6.2256,0.8468
600019.SH,2018-11-30,1496.4039,1485.193,6.4363,0.8754
600019.SH,2018-10-31,1703.4955,1690.7331,7.327,0.9966
600019.SH,2018-09-30,1748.0313,1734.9353,7.5968,1.0604
600019.SH,2018-08-31,1754.7117,1741.5656,7.6259,1.0645
600019.SH,2018-07-31,1935.0818,1920.5845,9.4835,1.2148
600019.SH,2018-06-30,1734.6706,1721.6747,8.5013,1.089
600019.SH,2018-05-31,1874.9585,1859.9549,9.1888,1.1074
600019.SH,2018-04-30,2057.5554,2041.0907,10.0837,1.2153
600019.SH,2018-03-31,1897.2264,1882.0447,12.6176,1.203
600019.SH,2018-02-28,2235.7184,2217.8085,14.8688,1.4176
600019.SH,2018-01-31,2222.3576,2204.5547,14.7799,1.4092
600019.SH,2017-12-31,1909.5509,1908.5523,12.6996,1.2159
600019.SH,2017-11-30,2073.2292,2072.0163,13.7881,1.3202
600019.SH,2017-10-31,1695.2738,1694.282,11.2745,1.0795
600019.SH,2017-09-30,1633.3863,1632.4308,14.0005,1.0786
600019.SH,2017-08-31,1812.4179,1811.3576,15.5351,1.1969
600019.SH,2017-07-31,1644.4377,1643.4756,14.6522,1.103
600019.SH,2017-06-30,1483.0883,1482.2206,13.2146,0.9948
600019.SH,2017-05-31,1401.3084,1399.6688,12.4859,0.9116
600019.SH,2017-04-30,1379.2058,1377.592,12.2889,0.8972
600019.SH,2017-03-31,1438.883,1437.1994,33.0294,1.2208
600019.SH,2017-02-28,1567.0784,1565.2448,35.9722,1.3295
600019.SH,2017-01-31,1118.6268,1116.851,25.678,0.9491
600019.SH,2016-12-31,1044.6,1042.9417,23.9787,0.8862
600019.SH,2016-11-30,1052.8715,1051.1538,24.1686,0.8933
600019.SH,2016-10-31,923.7946,921.402,21.2056,0.7836
600019.SH,2016-09-30,806.8794,804.7897,61.7413,0.6978
600019.SH,2016-08-31,806.8794,804.7897,61.7413,0.6978
600019.SH,2016-07-31,806.8794,804.7897,81.1548,0.7111
600019.SH,2016-06-30,806.8794,804.7897,81.1548,0.7111
600019.SH,2016-05-31,871.1005,868.8443,87.6141,0.7611
600019.SH,2016-04-30,917.2407,914.8323,92.2548,0.8014
600019.SH,2016-03-31,864.5447,862.2746,85.3558,0.7664
600019.SH,2016-02-29,834.9031,832.7109,86.8786,0.7407
600019.SH,2016-01-31,857.9577,855.7049,89.2776,0.7611
600016.SH,2020-12-31,2153.5495,1844.0304,4.9907,0.4918
600016.SH,2020-11-30,2181.7112,1879.4925,5.0866,0.5013
600016.SH,2020-10-31,2178.3384,1872.4001,5.0674,0.4994
600016.SH,2020-09-30,2176.3277,1879.4925,4.5815,0.5071
600016.SH,2020-08-31,2315.7818,1968.1478,4.7976,0.5311
600016.SH,2020-07-31,2330.5365,1964.6016,4.4361,0.5188
600016.SH,2020-06-30,2415.0272,2010.7024,4.5402,0.531
600016.SH,2020-05-31,2430.3323,2017.7948,4.5562,0.5329
600016.SH,2020-04-30,2528.9356,2088.7191,4.7164,0.5516
600016.SH,2020-03-31,2462.7771,2024.8872,4.6452,0.5568
600016.SH,2020-02-29,2421.7298,2028.4334,4.71,0.5672
600016.SH,2020-01-31,2558.5646,2156.0971,5.0064,0.6029
600016.SH,2019-12-31,2676.6508,2237.66,5.1958,0.6257
600016.SH,2019-11-30,2595.2256,2188.013,5.0805,0.6118
600016.SH,2019-10-31,2592.0309,2180.9206,5.0641,0.6098
600016.SH,2019-09-30,2534.8358,2134.8198,5.0365,0.6392
600016.SH,2019-08-31,2448.1692,2060.3494,4.8608,0.6176
600016.SH,2019-07-31,2549.3235,2152.5509,5.1929,0.6452
600016.SH,2019-06-30,2647.8044,2251.8448,5.4325,0.6511
600016.SH,2019-05-31,2583.6691,2166.7357,5.2272,0.6265
600016.SH,2019-04-30,2689.9736,2269.5759,5.4753,0.6562
600016.SH,2019-03-31,2655.1114,2248.2986,5.5155,0.6767
600016.SH,2019-02-28,2745.4198,2315.6766,5.6808,0.6969
600016.SH,2019-01-31,2535.9018,2109.9963,5.1763,0.635
600016.SH,2018-12-31,2425.6528,2031.9797,4.8009,0.625
600016.SH,2018-11-30,2589.6728,2163.1895,5.111,0.6653
600016.SH,2018-10-31,2692.941,2266.0297,5.3539,0.697
600016.SH,2018-09-30,2673.6745,2248.2986,5.4064,0.7231
600016.SH,2018-08-31,2523.6628,2117.0888,5.0909,0.6809
600016.SH,2018-07-31,2575.9476,2156.0971,5.2654,0.7159
600016.SH,2018-06-30,2462.1564,2068.6239,5.0518,0.6809
600016.SH,2018-05-31,2687.6677,2263.6655,5.5281,0.7451
600016.SH,2018-04-30,2695.8922,2281.3966,5.5714,0.7509
600016.SH,2018-03-31,2786.2584,2361.1864,5.8522,0.7899
600016.SH,2018-02-28,2967.5449,2508.9452,6.3316,0.8584
600016.SH,2018-01-31,3179.9967,2677.3903,6.7567,0.916
600016.SH,2017-12-31,2933.2084,2479.3934,6.257,0.8483
600016.SH,2017-11-30,3076.8452,2615.3316,6.6001,0.8948
600016.SH,2017-10-31,2895.4742,2449.8417,6.1824,0.8382
600016.SH,2017-09-30,2791.8608,2370.0519,6.0075,0.8362
600016.SH,2017-08-31,2939.1578,2482.3486,6.2921,0.865
600016.SH,2017-07-31,3010.9955,2541.4522,6.4915,0.9041
600016.SH,2017-06-30,2897.9415,2429.1554,6.2047,0.8641
600016.SH,2017-05-31,2860.9364,2373.0071,6.0613,0.8441
600016.SH,2017-04-30,2796.2047,2325.7242,5.9405,0.8273
600016.SH,2017-03-31,3016.9017,2505.99,6.4669,0.93
600016.SH,2017-02-28,3212.6851,2668.5248,7.0252,1.0089
600016.SH,2017-01-31,3259.5205,2733.5387,7.1964,1.0334
600016.SH,2016-12-31,3197.4594,2683.3007,7.0641,1.0145
600016.SH,2016-11-30,3346.7365,2807.4181,7.3909,1.0614
600016.SH,2016-10-31,3253.9944,2718.7628,7.1575,1.0279
600016.SH,2016-09-30,3270.1764,2736.4938,7.2569,1.0713
600016.SH,2016-08-31,3250.0194,2751.2697,7.2961,1.0656
600016.SH,2016-07-31,3187.9422,2706.9421,7.1965,1.0917
600016.SH,2016-06-30,3082.232,2638.973,7.0158,1.0643
600016.SH,2016-05-31,3116.0644,2686.2558,7.1415,1.0669
600016.SH,2016-04-30,3170.2982,2748.3145,7.3065,1.0916
600016.SH,2016-03-31,3110.4503,2692.1662,7.2083,1.1136
600016.SH,2016-02-29,2869.5317,2497.1245,6.6861,1.064
600016.SH,2016-01-31,2937.3043,2538.497,6.7968,1.0405
600023.SH,2020-12-31,493.705,493.705,8.4048,0.748
600023.SH,2020-11-30,512.746,512.746,8.729,0.7768
600023.SH,2020-10-31,488.2648,488.2648,8.3122,0.7398
600023.SH,2020-09-30,493.705,493.705,10.2651,0.7761
600023.SH,2020-08-31,516.8262,516.8262,10.7458,0.8124
600023.SH,2020-07-31,480.1044,480.1044,12.6826,0.7842
600023.SH,2020-06-30,477.3842,477.3842,12.6108,0.7466
600023.SH,2020-05-31,471.9439,471.9439,12.4671,0.7381
600023.SH,2020-04-30,474.6641,474.6641,12.5389,0.7423
600023.SH,2020-03-31,461.0634,461.0634,11.7964,0.731
600023.SH,2020-02-29,469.2238,469.2238,12.0052,0.744
600023.SH,2020-01-31,510.0259,510.0259,13.0491,0.8087
600023.SH,2019-12-31,538.5873,538.5873,13.7799,0.8539
600023.SH,2019-11-30,523.6266,523.6266,13.3971,0.8302
600023.SH,2019-10-31,527.7068,527.7068,13.5015,0.8367
600023.SH,2019-09-30,530.4269,530.4269,12.646,0.8544
600023.SH,2019-08-31,544.0276,544.0276,12.9702,0.8763
600023.SH,2019-07-31,587.5498,587.5498,12.9716,0.9653
600023.SH,2019-06-30,601.1505,601.1505,13.2718,0.9876
600023.SH,2019-05-31,633.7922,633.7922,13.9925,1.001
600023.SH,2019-04-30,644.6727,644.6727,14.2327,1.0182
600023.SH,2019-03-31,662.3536,662.3536,15.3462,1.0731
600023.SH,2019-02-28,650.113,650.113,15.0626,1.0533
600023.SH,2019-01-31,609.3109,609.3109,14.1172,0.9872
600023.SH,2018-12-31,643.3126,643.3126,14.905,1.0422
600023.SH,2018-11-30,610.671,610.671,14.1487,0.9894
600023.SH,2018-10-31,643.3126,643.3126,14.905,1.0422
600023.SH,2018-09-30,690.9151,690.9151,16.0682,1.1589
600023.SH,2018-08-31,663.7137,663.7137,15.4356,1.1132
600023.SH,2018-07-31,685.4748,685.4748,17.2556,1.1652
600023.SH,2018-06-30,633.7922,633.7922,15.9546,1.0366
600023.SH,2018-05-31,709.956,709.956,17.8719,1.1612
600023.SH,2018-04-30,693.6352,693.6352,17.4611,1.1345
600023.SH,2018-03-31,752.1182,752.1182,17.8735,1.2635
600023.SH,2018-02-28,756.1984,756.1984,17.9705,1.2704
600023.SH,2018-01-31,788.84,788.84,18.7462,1.3252
600023.SH,2017-12-31,724.9168,724.9168,17.2271,1.2178
600023.SH,2017-11-30,726.2768,726.2768,17.2594,1.2201
600023.SH,2017-10-31,727.6369,727.6369,17.2917,1.2224
600023.SH,2017-09-30,727.6369,727.6369,16.1838,1.2546
600023.SH,2017-08-31,743.9577,743.9577,16.5468,1.2827
600023.SH,2017-07-31,753.4782,753.4782,13.1289,1.3391
600023.SH,2017-06-30,742.5977,742.5977,12.9393,1.3197
600023.SH,2017-05-31,777.9595,777.9595,13.5555,1.3098
600023.SH,2017-04-30,743.9577,743.9577,12.963,1.2525
600023.SH,2017-03-31,775.2393,775.2393,10.7804,1.3388
600023.SH,2017-02-28,794.2803,794.2803,11.0451,1.3717
600023.SH,2017-01-31,772.5192,772.5192,10.7425,1.3341
600023.SH,2016-12-31,738.5175,738.5175,10.2697,1.2754
600023.SH,2016-11-30,775.2393,170.2932,10.7804,1.3388
600023.SH,2016-10-31,730.3571,160.4341,10.1562,1.2613
600023.SH,2016-09-30,712.6762,156.5502,9.8548,1.2797
600023.SH,2016-08-31,727.6369,159.8366,10.0617,1.3065
600023.SH,2016-07-31,703.1557,154.4589,9.7923,1.3272
600023.SH,2016-06-30,692.2751,152.0688,9.6407,1.3067
600023.SH,2016-05-31,723.5567,158.9403,10.0764,1.2772
600023.SH,2016-04-30,737.1574,161.9279,10.2658,1.3012
600023.SH,2016-03-31,758.9185,166.7081,10.333,1.4065
600023.SH,2016-02-29,699.0755,153.5626,9.5182,1.2956
600023.SH,2016-01-31,708.5959,155.6539,9.6479,1.3133
600028.SH,2020-12-31,4596.0958,3850.9782,12.9021,0.677
600028.SH,2020-11-30,4763.873,4003.8706,13.4143,0.7039
600028.SH,2020-10-31,4392.7386,3726.7531,12.4859,0.6552
600028.SH,2020-09-30,4433.545,3736.3088,140.4297,0.6837
600028.SH,2020-08-31,4659.5031,3850.9782,144.7395,0.7047
600028.SH,2020-07-31,4585.7112,3822.3108,21.0138,0.7025
600028.SH,2020-06-30,4489.0602,3736.3088,20.541,0.6867
600028.SH,2020-05-31,4798.6488,3956.0917,21.7493,0.7036
600028.SH,2020-04-30,5174.2123,4261.8766,23.4304,0.758
600028.SH,2020-03-31,5123.7135,4233.2093,9.313,0.7256
600028.SH,2020-02-29,5317.3593,4395.6575,12.0053,0.7672
600028.SH,2020-01-31,5654.0628,4720.5539,12.8927,0.8239
600028.SH,2019-12-31,5954.8748,4883.0021,13.3364,0.8523
600028.SH,2019-11-30,5774.1511,4768.3328,13.0232,0.8323
600028.SH,2019-10-31,5715.6365,4682.3308,12.7883,0.8173
600028.SH,2019-09-30,5869.4235,4797.0001,11.5051,0.8561
600028.SH,2019-08-31,5816.6251,4758.777,11.4134,0.8322
600028.SH,2019-07-31,6171.7504,5035.8945,10.7993,0.901
600028.SH,2019-06-30,6418.7414,5227.0101,11.2092,0.9352
600028.SH,2019-05-31,6359.6136,5188.787,11.1272,0.8888
600028.SH,2019-04-30,6747.4342,5427.6814,11.6395,0.9297
600028.SH,2019-03-31,6839.7082,5485.0161,11.0154,0.9674
600028.SH,2019-02-28,7217.3574,5743.022,11.6635,1.0145
600028.SH,2019-01-31,6907.9186,5475.4603,11.1201,0.9672
600028.SH,2018-12-31,6075.3049,4825.6674,8.407,0.8465
600028.SH,2018-11-30,7142.526,5637.9085,9.8221,0.9889
600028.SH,2018-10-31,7470.1422,6029.6954,10.5046,1.0577
600028.SH,2018-09-30,8563.8364,6803.7133,13.1352,1.2283
600028.SH,2018-08-31,8286.4439,6536.1515,12.6187,1.1483
600028.SH,2018-07-31,8137.1365,6459.7053,15.3681,1.1736
600028.SH,2018-06-30,7709.577,6201.6993,14.7542,1.1267
600028.SH,2018-05-31,8336.6511,6736.8229,16.0273,1.1445
600028.SH,2018-04-30,8183.9081,6603.042,15.7091,1.1218
600028.SH,2018-03-31,7604.5793,6192.1436,15.3474,1.0788
600028.SH,2018-02-28,7424.9215,6125.2531,13.9523,1.0831
600028.SH,2018-01-31,8162.3833,6765.4902,15.4106,1.1963
600028.SH,2017-12-31,7079.7249,5857.6914,13.3428,1.0358
600028.SH,2017-11-30,6966.2139,5762.1336,13.1251,1.0189
600028.SH,2017-10-31,6949.3022,5704.7989,12.9945,1.0088
600028.SH,2017-09-30,6906.0568,5637.9085,13.1652,1.0107
600028.SH,2017-08-31,7032.2274,5743.022,13.4107,1.0122
600028.SH,2017-07-31,7142.1046,5838.5798,13.009,1.0153
600028.SH,2017-06-30,7015.1225,5666.5758,12.6258,0.9854
600028.SH,2017-05-31,7427.3667,5991.4722,13.3497,1.0419
600028.SH,2017-04-30,6947.0911,5523.2392,12.3064,0.9604
600028.SH,2017-03-31,6912.0023,5485.0161,14.9722,0.9757
600028.SH,2017-02-28,6855.08,5494.5718,19.5963,1.005
600028.SH,2017-01-31,7162.9672,5762.1336,20.5506,1.0539
600028.SH,2016-12-31,6424.8868,5169.6754,18.4376,0.9456
600028.SH,2016-11-30,6120.4265,4892.5579,17.4492,0.8949
600028.SH,2016-10-31,6044.8008,4787.4443,17.0744,0.8756
600028.SH,2016-09-30,5885.2039,4644.1077,21.7686,0.861
600028.SH,2016-08-31,6016.7892,4777.8886,22.3957,0.8736
600028.SH,2016-07-31,5782.6966,4577.2172,15.7989,0.8541
600028.SH,2016-06-30,5731.4387,4510.3268,15.568,0.8416
600028.SH,2016-05-31,5760.5613,4615.4403,15.9309,0.8521
600028.SH,2016-04-30,5828.3308,4653.6634,16.0628,0.8591
600028.SH,2016-03-31,5630.6367,4548.5499,17.8936,0.8533
600028.SH,2016-02-29,5086.7926,4156.763,23.8211,0.7797
600028.SH,2016-01-31,5114.4105,4185.4304,23.9853,0.785
600027.SH,2020-12-31,305.1385,276.9553,7.4085,0.7105
600027.SH,2020-11-30,323.1227,293.2467,7.8443,0.7523
600027.SH,2020-10-31,302.29,273.697,7.3214,0.7021
600027.SH,2020-09-30,320.0169,289.9885,8.4787,0.7607
600027.SH,2020-08-31,359.6304,326.6443,9.5504,0.8568
600027.SH,2020-07-31,332.0604,295.6905,9.3666,0.796
600027.SH,2020-06-30,313.564,239.2544,8.8247,0.7267
600027.SH,2020-05-31,334.9157,255.3446,9.4182,0.7755
600027.SH,2020-04-30,341.0875,256.7438,9.4698,0.7798
600027.SH,2020-03-31,317.2729,241.3531,9.9877,0.7498
600027.SH,2020-02-29,305.0749,230.8595,12.1346,0.7315
600027.SH,2020-01-31,327.458,247.6493,13.0171,0.7846
600027.SH,2019-12-31,344.4814,256.7438,13.4951,0.8135
600027.SH,2019-11-30,346.1572,259.5421,13.6422,0.8223
600027.SH,2019-10-31,332.1687,246.2502,12.9436,0.7802
600027.SH,2019-09-30,337.7767,250.4476,14.9578,0.8182
600027.SH,2019-08-31,353.747,263.0399,15.7099,0.8594
600027.SH,2019-07-31,369.836,274.9327,21.7518,0.8982
600027.SH,2019-06-30,353.7715,263.7395,20.8663,0.8532
600027.SH,2019-05-31,368.3775,274.2331,21.6965,0.8871
600027.SH,2019-04-30,387.3976,290.3233,22.9695,0.9392
600027.SH,2019-03-31,402.7331,305.0144,25.3643,1.0019
600027.SH,2019-02-28,412.8339,311.3106,20.0114,1.0156
600027.SH,2019-01-31,401.2401,298.7182,19.202,0.9745
600027.SH,2018-12-31,440.0366,332.2978,21.3605,1.084
600027.SH,2018-11-30,422.4623,319.0059,20.5061,1.0407
600027.SH,2018-10-31,384.1378,291.0229,18.7073,0.8512
600027.SH,2018-09-30,388.3602,293.8212,25.4377,0.9752
600027.SH,2018-08-31,347.4352,253.0658,22.5911,0.8661
600027.SH,2018-07-31,420.6293,304.6288,40.0545,1.0426
600027.SH,2018-06-30,364.1949,265.9565,34.9697,0.9108
600027.SH,2018-05-31,390.3585,282.9181,37.1999,0.9689
600027.SH,2018-04-30,322.977,232.0335,30.5092,0.7946
600027.SH,2018-03-31,351.2076,257.815,87.1355,0.8975
600027.SH,2018-02-28,326.4048,240.175,-57.1083,0.8493
600027.SH,2018-01-31,345.9587,253.7443,-60.3348,0.8973
600027.SH,2017-12-31,342.9739,251.7089,-59.8508,0.8901
600027.SH,2017-11-30,371.7566,272.7411,-64.8518,0.9645
600027.SH,2017-10-31,394.3725,289.0242,-68.7236,1.0221
600027.SH,2017-09-30,404.5191,298.5227,87.2969,1.0552
600027.SH,2017-08-31,420.3904,311.4134,91.0665,1.1008
600027.SH,2017-07-31,421.8997,310.7349,29.3811,1.0595
600027.SH,2017-06-30,445.4551,327.6965,30.9849,1.1174
600027.SH,2017-05-31,450.8781,329.0534,31.1132,1.122
600027.SH,2017-04-30,473.4738,352.7995,33.3585,1.203
600027.SH,2017-03-31,461.0078,341.9441,14.8633,1.1664
600027.SH,2017-02-28,475.449,352.7995,9.5977,1.193
600027.SH,2017-01-31,460.8009,341.9441,9.3024,1.1563
600027.SH,2016-12-31,457.1308,335.838,9.1363,1.1356
600027.SH,2016-11-30,480.2612,358.2272,9.7454,1.2113
600027.SH,2016-10-31,457.9804,339.9087,9.247,1.1494
600027.SH,2016-09-30,454.6656,335.838,7.1544,1.1653
600027.SH,2016-08-31,473.3441,307.6949,7.4869,1.2194
600027.SH,2016-07-31,475.9919,307.6949,6.6217,1.2437
600027.SH,2016-06-30,457.3712,294.0328,6.3277,1.1884
600027.SH,2016-05-31,490.0099,313.635,6.7495,1.1825
600027.SH,2016-04-30,487.1409,313.635,6.7495,1.1825
600027.SH,2016-03-31,530.9202,335.6132,7.2429,1.3153
600027.SH,2016-02-29,487.0296,310.6649,6.6826,1.2642
600027.SH,2016-01-31,475.1977,298.1908,6.4143,1.2134
600029.SH,2020-12-31,825.0615,483.4466,-10.277,1.2673
600029.SH,2020-11-30,869.1136,511.0258,-10.8633,1.3396
600029.SH,2020-10-31,759.2375,446.9448,-9.5011,1.1716
600029.SH,2020-09-30,798.1693,470.4682,-12.3263,1.2457
600029.SH,2020-08-31,802.5539,475.3351,-12.4539,1.2586
600029.SH,2020-07-31,727.5084,432.344,-15.5333,1.0885
600029.SH,2020-06-30,705.4445,419.3656,-15.067,1.0558
600029.SH,2020-05-31,560.2553,410.4429,-12.3863,1.046
600029.SH,2020-04-30,615.3641,438.0221,-13.2186,1.1163
600029.SH,2020-03-31,554.4934,417.7433,23.831,0.9892
600029.SH,2020-02-29,630.8217,467.2236,24.4833,1.0818
600029.SH,2020-01-31,694.3239,521.5708,27.3312,1.2077
600029.SH,2019-12-31,789.6309,582.4072,30.5192,1.3485
600029.SH,2019-11-30,729.5132,536.1715,28.0963,1.2415
600029.SH,2019-10-31,732.5205,540.2273,28.3089,1.2509
600029.SH,2019-09-30,727.3187,537.7938,32.0707,1.3047
600029.SH,2019-08-31,711.1257,461.3881,31.7805,1.2929
600029.SH,2019-07-31,789.6852,511.2489,28.92,1.4326
600029.SH,2019-06-30,839.4283,542.1486,30.6679,1.4738
600029.SH,2019-05-31,780.8456,504.9285,28.5625,1.3726
600029.SH,2019-04-30,944.4748,595.5207,33.6871,1.6188
600029.SH,2019-03-31,956.1439,600.4366,35.1607,1.6135
600029.SH,2019-02-28,918.4698,586.3913,33.7055,1.5473
600029.SH,2019-01-31,786.8928,500.0127,28.7405,1.3193
600029.SH,2018-12-31,726.8963,466.304,26.8029,1.2304
600029.SH,2018-11-30,783.9552,498.6082,28.6597,1.3156
600029.SH,2018-10-31,661.7852,427.6794,24.5828,1.1285
600029.SH,2018-09-30,743.0461,474.7311,15.6968,1.3595
600029.SH,2018-08-31,612.3653,474.0289,12.8895,1.322
600029.SH,2018-07-31,645.1404,497.9059,10.354,1.3528
600029.SH,2018-06-30,752.8802,593.4139,12.34,1.6123
600029.SH,2018-05-31,896.7452,702.265,14.6036,1.9081
600029.SH,2018-04-30,937.3453,726.8443,15.1147,1.9749
600029.SH,2018-03-31,930.5704,731.0579,17.7575,2.1176
600029.SH,2018-02-28,1089.6406,829.375,21.0348,2.3506
600029.SH,2018-01-31,1079.8175,826.5659,20.9636,2.3426
600029.SH,2017-12-31,1043.8938,837.0999,21.2308,2.3725
600029.SH,2017-11-30,958.3797,777.4074,19.7168,2.2033
600029.SH,2017-10-31,762.6891,612.3751,15.5312,1.7356
600029.SH,2017-09-30,720.9035,580.7732,17.7057,1.7815
600029.SH,2017-08-31,773.8919,615.8864,18.7762,1.8892
600029.SH,2017-07-31,708.8428,565.3233,20.1508,1.7663
600029.SH,2017-06-30,771.071,610.9706,21.7779,1.9089
600029.SH,2017-05-31,752.7674,606.0547,21.6027,1.8935
600029.SH,2017-04-30,668.993,540.7441,19.2747,1.6895
600029.SH,2017-03-31,699.5195,566.0256,15.6537,1.8325
600029.SH,2017-02-28,665.7688,540.7441,13.4129,1.7048
600029.SH,2017-01-31,624.7644,514.058,12.751,1.6207
600029.SH,2016-12-31,593.7433,492.99,12.2284,1.5543
600029.SH,2016-11-30,653.9896,543.5531,13.4826,1.7137
600029.SH,2016-10-31,609.815,503.524,12.4897,1.5875
600029.SH,2016-09-30,596.2613,491.5855,19.748,1.6683
600029.SH,2016-08-31,624.9463,514.058,20.6507,1.7446
600029.SH,2016-07-31,718.2302,595.5207,17.9773,2.0406
600029.SH,2016-06-30,600.1867,495.7991,14.967,1.6668
600029.SH,2016-05-31,588.2788,480.3493,14.5006,1.6149
600029.SH,2016-04-30,539.1284,425.5726,12.847,1.4307
600029.SH,2016-03-31,557.0107,443.1292,16.0864,1.5898
600029.SH,2016-02-29,514.115,411.5273,11.1214,1.4452
600029.SH,2016-01-31,553.8243,443.8315,11.9944,1.5587
600031.SH,2020-12-31,2965.7817,2965.7817,20.4504,5.5557
600031.SH,2020-11-30,2602.8921,2602.8921,17.954,4.8775
600031.SH,2020-10-31,2199.4481,2199.4481,15.1712,4.1215
600031.SH,2020-09-30,2109.6055,2109.6055,16.3145,4.2289
600031.SH,2020-08-31,1875.8758,1875.8758,14.512,3.7617
600031.SH,2020-07-31,1786.9539,1786.8085,17.5548,4.1475
600031.SH,2020-06-30,1587.4802,1586.5174,15.5864,3.416
600031.SH,2020-05-31,1546.2332,1545.2924,15.19,3.3291
600031.SH,2020-04-30,1657.5822,1656.5737,16.2839,3.5688
600031.SH,2020-03-31,1459.3472,1458.4593,14.0271,3.4405
600031.SH,2020-02-29,1468.6947,1467.8001,14.1325,3.4664
600031.SH,2020-01-31,1350.7273,1349.9045,12.9973,3.188
600031.SH,2019-12-31,1436.675,1435.7999,13.8187,3.3894
600031.SH,2019-11-30,1219.6199,1218.8767,11.7358,2.8785
600031.SH,2019-10-31,1133.6986,1132.6397,10.909,2.678
600031.SH,2019-09-30,1201.872,1200.7494,12.6137,3.0867
600031.SH,2019-08-31,1127.4479,1123.1147,11.8983,2.9116
600031.SH,2019-07-31,1182.5631,1177.311,15.0891,3.2331
600031.SH,2019-06-30,1095.4621,1090.5969,13.9778,2.8276
600031.SH,2019-05-31,1010.8737,1006.3841,12.8984,2.6092
600031.SH,2019-04-30,1026.0078,1021.3923,13.0916,2.648
600031.SH,2019-03-31,1070.3983,1065.5832,20.6922,3.5329
600031.SH,2019-02-28,810.6443,806.7297,15.6708,2.6756
600031.SH,2019-01-31,711.5569,708.1208,13.7553,2.3485
600031.SH,2018-12-31,650.3985,647.2562,12.573,2.1467
600031.SH,2018-11-30,625.9062,622.8144,12.0996,2.0656
600031.SH,2018-10-31,613.4349,610.4046,11.8585,2.0494
600031.SH,2018-09-30,690.8834,687.4642,15.9901,2.4748
600031.SH,2018-08-31,700.2196,696.7543,16.2062,2.5083
600031.SH,2018-07-31,715.8225,712.2609,25.1454,2.6155
600031.SH,2018-06-30,691.3062,687.8524,24.2842,2.526
600031.SH,2018-05-31,623.5214,618.6326,21.903,2.2806
600031.SH,2018-04-30,672.0774,666.8079,23.6087,2.4918
600031.SH,2018-03-31,605.4875,600.7377,33.0586,2.3925
600031.SH,2018-02-28,637.8418,632.8382,34.8251,2.5203
600031.SH,2018-01-31,707.9428,702.3893,38.6525,2.7973
600031.SH,2017-12-31,695.3897,688.759,37.9671,2.7777
600031.SH,2017-11-30,689.6651,684.2027,37.6011,2.766
600031.SH,2017-10-31,626.774,622.6899,34.2208,2.5173
600031.SH,2017-09-30,584.7338,580.9236,47.7095,2.423
600031.SH,2017-08-31,598.4922,594.5924,48.832,2.48
600031.SH,2017-07-31,651.6921,646.2271,75.8665,2.7661
600031.SH,2017-06-30,622.5918,617.3709,72.4788,2.6888
600031.SH,2017-05-31,528.3987,523.9676,61.5134,2.282
600031.SH,2017-04-30,538.354,533.8395,62.6723,2.325
600031.SH,2017-03-31,551.3725,546.7488,200.7165,2.347
600031.SH,2017-02-28,559.0301,554.3421,203.5042,2.3796
600031.SH,2017-01-31,526.8667,522.4485,191.7957,2.2427
600031.SH,2016-12-31,464.2625,463.2169,169.0059,1.9874
600031.SH,2016-11-30,494.706,493.5918,180.0882,2.1177
600031.SH,2016-10-31,447.5186,446.5108,162.9106,1.9157
600031.SH,2016-09-30,416.3141,415.3765,-714.3218,1.7824
600031.SH,2016-08-31,402.6144,401.7076,-690.8158,1.7238
600031.SH,2016-07-31,396.8199,395.6321,201.2547,1.6753
600031.SH,2016-06-30,382.3485,381.204,193.9152,1.6142
600031.SH,2016-05-31,387.6801,386.5196,196.6192,1.6367
600031.SH,2016-04-30,411.2912,410.0601,208.5941,1.7363
600031.SH,2016-03-31,433.3791,432.0819,-51.3076,1.9108
600031.SH,2016-02-29,372.447,371.3322,-44.0939,1.6421
600031.SH,2016-01-31,366.3538,365.2573,-43.3725,1.6153
600030.SH,2020-12-31,3465.8284,2885.5105,26.4524,2.1144
600030.SH,2020-11-30,3563.6907,2973.8425,27.2622,2.1791
600030.SH,2020-10-31,3379.0064,2809.9376,25.7596,2.059
600030.SH,2020-09-30,3542.4755,2947.3429,26.3916,2.2891
600030.SH,2020-08-31,3761.7302,3121.0624,27.9472,2.4241
600030.SH,2020-07-31,3560.6982,2940.4726,26.3299,2.1999
600030.SH,2020-06-30,2872.4324,2366.3149,25.8717,1.7573
600030.SH,2020-05-31,2662.7272,2185.7252,23.8973,1.6232
600030.SH,2020-04-30,2834.6013,2326.0748,25.4317,1.7274
600030.SH,2020-03-31,2655.2987,2174.929,23.4252,1.6361
600030.SH,2020-02-29,2643.3317,2296.6308,23.0742,1.7536
600030.SH,2020-01-31,2657.4161,2345.7041,23.5672,1.7911
600030.SH,2019-12-31,2852.0294,2483.1094,24.3348,1.915
600030.SH,2019-11-30,2403.9262,2101.3191,20.5932,1.6206
600030.SH,2019-10-31,2431.0668,2129.7816,20.8721,1.6425
600030.SH,2019-09-30,2513.3979,2206.336,26.5218,1.7949
600030.SH,2019-08-31,2484.9227,2190.6325,26.333,1.7821
600030.SH,2019-07-31,2589.3942,2279.9459,27.4056,1.8035
600030.SH,2019-06-30,2668.8423,2336.871,26.3287,1.8269
600030.SH,2019-05-31,2266.527,1975.6914,22.2594,1.5446
600030.SH,2019-04-30,2598.2821,2261.2981,25.4773,1.7678
600030.SH,2019-03-31,2795.2512,2432.0732,31.9766,1.9607
600030.SH,2019-02-28,2682.3886,2307.427,30.3245,1.8602
600030.SH,2019-01-31,2106.8751,1792.1572,23.5528,1.4448
600030.SH,2018-12-31,1844.6533,1571.3273,17.9276,1.2696
600030.SH,2018-11-30,1954.7567,1655.7334,18.8906,1.3378
600030.SH,2018-10-31,1967.4047,1684.1959,19.2154,1.3608
600030.SH,2018-09-30,1921.1293,1638.067,16.7522,1.3478
600030.SH,2018-08-31,1850.7314,1568.3829,16.0396,1.2904
600030.SH,2018-07-31,1968.6606,1654.752,16.8937,1.3613
600030.SH,2018-06-30,1931.4434,1626.2894,16.983,1.3233
600030.SH,2018-05-31,2202.3385,1829.4529,19.1046,1.4886
600030.SH,2018-04-30,2224.6764,1863.8043,19.4634,1.5166
600030.SH,2018-03-31,2156.7865,1823.5641,19.691,1.5029
600030.SH,2018-02-28,2108.2066,1777.4352,19.1464,1.4675
600030.SH,2018-01-31,2478.4533,2089.5415,22.5084,1.7252
600030.SH,2017-12-31,2087.7848,1776.4538,21.1874,1.4916
600030.SH,2017-11-30,2213.6767,1883.4336,22.4633,1.5814
600030.SH,2017-10-31,2039.9627,1699.8994,20.2744,1.4273
600030.SH,2017-09-30,2122.2089,1785.287,21.932,1.5338
600030.SH,2017-08-31,2127.2241,1789.2128,21.9802,1.5371
600030.SH,2017-07-31,2018.3195,1702.8438,20.9182,1.4629
600030.SH,2017-06-30,1993.6798,1670.4554,18.7063,1.416
600030.SH,2017-05-31,1945.3472,1613.5304,18.0688,1.3678
600030.SH,2017-04-30,1926.1774,1592.9196,17.838,1.3503
600030.SH,2017-03-31,1908.6236,1581.142,18.8326,1.368
600030.SH,2017-02-28,1963.2968,1624.3265,19.3417,1.4065
600030.SH,2017-01-31,1941.6851,1617.4562,19.2599,1.4005
600030.SH,2016-12-31,1901.2628,1576.2347,16.5548,1.3952
600030.SH,2016-11-30,2113.7282,1742.1025,18.2968,1.5421
600030.SH,2016-10-31,1975.9989,1630.2153,17.1217,1.443
600030.SH,2016-09-30,1908.8539,1582.1235,15.5369,1.4339
600030.SH,2016-08-31,2003.4611,1658.6778,16.2887,1.5033
600030.SH,2016-07-31,1918.1764,1591.9381,15.5383,1.442
600030.SH,2016-06-30,1927.8288,1592.9196,11.1585,1.4143
600030.SH,2016-05-31,1976.809,1647.8817,11.5435,1.4631
600030.SH,2016-04-30,1942.5857,1613.5304,11.3028,1.4326
600030.SH,2016-03-31,2096.3995,1747.0098,10.8931,1.5501
600030.SH,2016-02-29,1691.8871,1401.5337,8.7278,1.2436
600030.SH,2016-01-31,1712.4418,1423.1259,8.8623,1.2628
600036.SH,2020-12-31,10959.7252,9066.4211,12.0178,1.7899
600036.SH,2020-11-30,11029.06,9117.9934,12.0861,1.8001
600036.SH,2020-10-31,9816.8553,8212.3828,10.8857,1.6213
600036.SH,2020-09-30,8900.8896,7426.42,9.864,1.5171
600036.SH,2020-08-31,9278.6795,7775.0492,10.3271,1.5883
600036.SH,2020-07-31,8674.5969,7178.8727,9.1976,1.4436
600036.SH,2020-06-30,8451.0674,6956.0801,8.9121,1.3988
600036.SH,2020-05-31,8509.703,6976.709,8.9386,1.4029
600036.SH,2020-04-30,8794.5059,7238.6966,9.2742,1.4556
600036.SH,2020-03-31,8127.1705,6659.0233,8.7663,1.4103
600036.SH,2020-02-29,8571.2788,7055.099,9.2877,1.4107
600036.SH,2020-01-31,9134.9897,7593.5144,9.9965,1.5183
600036.SH,2019-12-31,9399.3885,7752.3573,10.4819,1.6853
600036.SH,2019-11-30,8958.0155,7432.6087,10.0496,1.6158
600036.SH,2019-10-31,8872.7216,7323.2753,9.9017,1.592
600036.SH,2019-09-30,8713.1656,7168.5582,10.1415,1.718
600036.SH,2019-08-31,8552.1,7071.6022,10.0044,1.6948
600036.SH,2019-07-31,9127.351,7541.9421,10.6698,1.8075
600036.SH,2019-06-30,8995.2635,7422.2942,10.9161,1.7057
600036.SH,2019-05-31,8580.7515,7057.1619,10.3791,1.6218
600036.SH,2019-04-30,8636.6848,7106.6714,10.4519,1.6332
600036.SH,2019-03-31,8499.6961,6997.338,10.6189,1.6904
600036.SH,2019-02-28,7956.2605,6547.627,9.9364,1.4819
600036.SH,2019-01-31,7367.4649,6025.7147,9.1444,1.3638
600036.SH,2018-12-31,6352.9652,5198.494,8.0729,1.2929
600036.SH,2018-11-30,7206.6301,5889.5636,9.1461,1.4647
600036.SH,2018-10-31,7194.5953,5963.8278,9.2614,1.4832
600036.SH,2018-09-30,7615.6678,6331.023,10.2317,1.6586
600036.SH,2018-08-31,7037.4429,5835.9284,9.4316,1.5289
600036.SH,2018-07-31,7078.6616,5856.5573,9.4649,1.6239
600036.SH,2018-06-30,6574.8284,5454.2929,9.1536,1.4431
600036.SH,2018-05-31,7149.3085,5937.0102,9.9637,1.5708
600036.SH,2018-04-30,7333.7002,6050.4694,10.1541,1.6008
600036.SH,2018-03-31,7186.8909,6000.9599,10.4582,1.6444
600036.SH,2018-02-28,7477.4228,6250.5702,10.8932,1.5923
600036.SH,2018-01-31,8427.4351,7001.4637,12.2019,1.7836
600036.SH,2017-12-31,7180.0071,5986.5197,10.6465,1.6708
600036.SH,2017-11-30,7168.482,5980.331,10.6354,1.6691
600036.SH,2017-10-31,6753.1163,5590.4439,9.9421,1.5603
600036.SH,2017-09-30,6341.4388,5270.6953,9.747,1.5365
600036.SH,2017-08-31,6660.7164,5518.2426,10.2048,1.6087
600036.SH,2017-07-31,6291.3662,5274.8211,9.7547,1.5288
600036.SH,2017-06-30,5870.7386,4932.3806,9.4652,1.4876
600036.SH,2017-05-31,5571.1734,4625.0093,8.8753,1.3442
600036.SH,2017-04-30,4767.8115,3946.3171,7.5729,1.147
600036.SH,2017-03-31,4792.1365,3954.5686,7.7876,1.2016
600036.SH,2017-02-28,4850.0239,4010.2668,7.8973,1.2157
600036.SH,2017-01-31,4715.0723,3919.4994,7.7186,1.1882
600036.SH,2016-12-31,4377.2754,3630.6942,7.2364,1.1197
600036.SH,2016-11-30,4607.716,3826.6692,7.6271,1.1802
600036.SH,2016-10-31,4441.9645,3684.3295,7.3434,1.1363
600036.SH,2016-09-30,4485.5535,3713.21,7.5721,1.2583
600036.SH,2016-08-31,4590.7547,3843.1723,7.8372,1.3023
600036.SH,2016-07-31,4193.4263,3539.9269,7.3568,1.1964
600036.SH,2016-06-30,4290.4358,3610.0653,7.5026,1.1641
600036.SH,2016-05-31,4332.9261,3713.21,7.7169,1.1973
600036.SH,2016-04-30,4313.7129,3661.6376,7.6098,1.1807
600036.SH,2016-03-31,3942.7322,3319.1972,7.0332,1.1247
600036.SH,2016-02-29,3566.3032,3003.5743,6.3694,1.015
600036.SH,2016-01-31,3668.2705,3092.2788,6.4505,1.0833
600048.SH,2020-12-31,1893.2768,1893.2768,6.6831,1.3022
600048.SH,2020-11-30,2060.8234,2060.8234,7.2746,1.4174
600048.SH,2020-10-31,1838.1143,1838.1143,6.4884,1.2643
600048.SH,2020-09-30,1901.5388,1901.5388,6.7604,1.3326
600048.SH,2020-08-31,1921.411,1921.411,6.8311,1.3486
600048.SH,2020-07-31,1861.7399,1861.7399,6.6197,1.2305
600048.SH,2020-06-30,1763.8792,1763.8792,6.2955,1.1659
600048.SH,2020-05-31,1713.5322,1713.5322,6.1158,1.1326
600048.SH,2020-04-30,1937.8664,1937.8664,6.9164,1.3411
600048.SH,2020-03-31,1774.3888,1774.3888,6.6784,1.1703
600048.SH,2020-02-29,1931.9001,1931.9001,7.2712,1.2741
600048.SH,2020-01-31,1829.2791,1829.2791,6.885,1.2065
600048.SH,2019-12-31,1930.7068,1930.7068,8.7199,1.5828
600048.SH,2019-11-30,1721.6574,1721.6574,7.7757,1.4116
600048.SH,2019-10-31,1719.2711,1719.2711,7.7649,1.4096
600048.SH,2019-09-30,1706.1469,1706.1469,7.6326,1.4271
600048.SH,2019-08-31,1600.0467,1600.0467,7.1579,1.3413
600048.SH,2019-07-31,1690.4583,1690.4583,7.4302,1.4299
600048.SH,2019-06-30,1517.8057,1517.8057,7.8531,1.2839
600048.SH,2019-05-31,1446.4355,1431.5882,7.4838,1.2236
600048.SH,2019-04-30,1604.6394,1588.1681,8.3024,1.3638
600048.SH,2019-03-31,1693.8521,1676.4651,9.0087,1.4264
600048.SH,2019-02-28,1571.3333,1555.2039,8.3571,1.3232
600048.SH,2019-01-31,1532.0797,1516.3533,8.1483,1.2902
600048.SH,2018-12-31,1402.4239,1388.0283,8.2728,1.3012
600048.SH,2018-11-30,1557.8866,1541.8915,9.1898,1.3816
600048.SH,2018-10-31,1498.4253,1483.0407,8.8391,1.3289
600048.SH,2018-09-30,1447.2886,1432.429,8.7817,1.3192
600048.SH,2018-08-31,1456.2166,1441.2227,8.8359,1.3306
600048.SH,2018-07-31,1438.4289,1423.6182,8.7348,1.3098
600048.SH,2018-06-30,1446.7298,1431.8336,9.2556,1.3822
600048.SH,2018-05-31,1463.3316,1448.2645,9.3618,1.3374
600048.SH,2018-04-30,1557.0133,1540.9816,9.9612,1.423
600048.SH,2018-03-31,1597.332,1580.8851,10.1843,1.4913
600048.SH,2018-02-28,1734.8899,1717.0267,11.0613,1.6198
600048.SH,2018-01-31,2043.2094,2022.1715,13.0271,1.9076
600048.SH,2017-12-31,1677.9694,1660.6922,12.3554,1.7818
600048.SH,2017-11-30,1494.1636,1478.779,11.002,1.5866
600048.SH,2017-10-31,1291.3842,1278.0875,9.5089,1.3713
600048.SH,2017-09-30,1233.2779,1220.5795,9.4058,1.3484
600048.SH,2017-08-31,1222.6053,1210.0168,9.3244,1.3367
600048.SH,2017-07-31,1246.3222,1233.4894,9.6256,1.365
600048.SH,2017-06-30,1182.2866,1170.1132,9.1299,1.3501
600048.SH,2017-05-31,1149.0829,1042.5994,8.8735,1.2585
600048.SH,2017-04-30,1117.0651,1013.5487,8.6262,1.2235
600048.SH,2017-03-31,1130.1094,1025.3842,9.1032,1.3441
600048.SH,2017-02-28,1122.9944,1018.9284,9.0459,1.3356
600048.SH,2017-01-31,1093.3483,992.0296,8.8071,1.2236
600048.SH,2016-12-31,1082.6182,982.2886,8.3357,1.2876
600048.SH,2016-11-30,1171.5518,1062.9804,9.0204,1.3934
600048.SH,2016-10-31,1084.9898,984.4403,8.3539,1.2904
600048.SH,2016-09-30,1138.35,1032.8554,9.2113,1.3915
600048.SH,2016-08-31,1162.0656,1054.3733,9.4032,1.4205
600048.SH,2016-07-31,1066.0173,967.2261,8.6294,1.365
600048.SH,2016-06-30,1023.1397,928.3045,8.2392,1.3102
600048.SH,2016-05-31,913.2451,913.2451,7.3542,1.3201
600048.SH,2016-04-30,962.726,962.726,7.7527,1.3208
600048.SH,2016-03-31,998.2232,998.2232,8.0863,1.3957
600048.SH,2016-02-29,976.7097,976.7097,7.912,1.3656
600048.SH,2016-01-31,936.9099,936.9099,7.5896,1.31
600038.SH,2020-12-31,369.6608,369.6608,54.8428,4.3397
600038.SH,2020-11-30,316.6669,316.6669,46.9806,3.7176
600038.SH,2020-10-31,295.151,295.151,43.7885,3.465
600038.SH,2020-09-30,330.1659,330.1659,51.1354,3.9694
600038.SH,2020-08-31,337.1807,337.1807,52.2218,4.0537
600038.SH,2020-07-31,303.3447,303.3447,54.0401,3.6824
600038.SH,2020-06-30,242.0981,242.0981,43.1292,2.9389
600038.SH,2020-05-31,244.8686,244.8686,43.6227,2.9725
600038.SH,2020-04-30,260.6077,260.6077,46.4266,3.1636
600038.SH,2020-03-31,245.1634,245.1634,41.6792,2.999
600038.SH,2020-02-29,237.677,237.677,39.0462,2.974
600038.SH,2020-01-31,261.9045,261.9045,43.0263,3.2771
600038.SH,2019-12-31,281.2393,281.2393,46.2027,3.519
600038.SH,2019-11-30,268.2119,268.2119,44.0625,3.356
600038.SH,2019-10-31,266.5024,266.5024,43.7817,3.3346
600038.SH,2019-09-30,264.7929,264.7929,46.1697,3.4532
600038.SH,2019-08-31,283.5383,283.5383,49.4381,3.6977
600038.SH,2019-07-31,258.5445,258.5445,49.8683,3.3792
600038.SH,2019-06-30,241.8033,241.8033,46.6392,3.0983
600038.SH,2019-05-31,245.8118,245.8118,47.4124,3.1497
600038.SH,2019-04-30,250.7044,250.7044,48.3561,3.2124
600038.SH,2019-03-31,275.5804,275.5804,54.0004,3.5707
600038.SH,2019-02-28,274.9319,274.9319,56.0811,3.6958
600038.SH,2019-01-31,237.3233,237.3233,48.4096,3.1903
600038.SH,2018-12-31,220.2285,220.2285,44.9226,2.9605
600038.SH,2018-11-30,234.0223,234.0223,47.7362,3.1459
600038.SH,2018-10-31,214.5106,214.5106,43.7562,2.8836
600038.SH,2018-09-30,234.9654,234.9654,48.9614,3.2174
600038.SH,2018-08-31,222.4096,222.4096,46.345,3.0455
600038.SH,2018-07-31,230.7801,230.7801,50.7179,3.2108
600038.SH,2018-06-30,235.7317,235.7317,51.8061,3.2182
600038.SH,2018-05-31,244.1023,244.1023,53.6456,3.3324
600038.SH,2018-04-30,279.6478,279.6478,61.4574,3.8177
600038.SH,2018-03-31,285.012,285.012,62.5882,3.948
600038.SH,2018-02-28,231.9591,231.9591,57.0096,3.3038
600038.SH,2018-01-31,240.8602,240.8602,59.1973,3.4306
600038.SH,2017-12-31,274.2835,274.2835,67.4119,3.9067
600038.SH,2017-11-30,262.9656,262.9656,64.6302,3.7455
600038.SH,2017-10-31,265.0877,265.0877,65.1518,3.7757
600038.SH,2017-09-30,257.6603,257.6603,61.6966,3.7375
600038.SH,2017-08-31,247.5213,247.5213,59.2688,3.5904
600038.SH,2017-07-31,258.2497,258.2497,56.8176,3.7964
600038.SH,2017-06-30,269.8035,269.8035,59.3596,3.9662
600038.SH,2017-05-31,242.216,242.216,53.29,3.4911
600038.SH,2017-04-30,280.7088,280.7088,61.7589,4.0459
600038.SH,2017-03-31,294.7384,294.7384,67.1139,4.2974
600038.SH,2017-02-28,301.0458,301.0458,66.605,4.4742
600038.SH,2017-01-31,306.351,306.351,67.7788,4.5531
600038.SH,2016-12-31,285.4246,285.4246,63.1489,4.2421
600038.SH,2016-11-30,273.6351,273.6351,60.5405,4.0668
600038.SH,2016-10-31,254.595,169.5855,56.328,3.7839
600038.SH,2016-09-30,239.6223,159.6122,56.3466,3.6349
600038.SH,2016-08-31,261.9635,174.4937,61.6,3.9738
600038.SH,2016-07-31,248.4055,165.4627,57.6554,3.8418
600038.SH,2016-06-30,244.5149,162.8712,56.7524,3.6973
600038.SH,2016-05-31,232.4896,154.8612,53.9613,3.5155
600038.SH,2016-04-30,233.138,155.2931,54.1118,3.5253
600038.SH,2016-03-31,256.5403,170.8813,58.698,3.9174
600038.SH,2016-02-29,223.4706,148.8536,59.0172,3.4941
600038.SH,2016-01-31,230.7212,153.6832,60.9321,3.6075
600050.SH,2020-12-31,1383.2956,1361.962,25.3826,0.9415
600050.SH,2020-11-30,1519.7642,1496.326,27.8867,1.0344
600050.SH,2020-10-31,1479.4439,1025.5457,27.1468,1.007
600050.SH,2020-09-30,1504.2564,1042.7457,28.3267,1.0322
600050.SH,2020-08-31,1610.2238,1115.8454,30.3221,1.1047
600050.SH,2020-07-31,1576.0958,1092.1955,33.1612,1.106
600050.SH,2020-06-30,1501.6346,1040.5957,31.5945,1.0537
600050.SH,2020-05-31,1538.8652,1066.3956,32.3778,1.0658
600050.SH,2020-04-30,1619.5315,1122.2953,34.0751,1.1217
600050.SH,2020-03-31,1619.5315,1106.4623,32.5071,1.1297
600050.SH,2020-02-29,1700.1978,1161.5735,34.5089,1.1906
600050.SH,2020-01-31,1753.4044,1197.6077,35.5888,1.2276
600050.SH,2019-12-31,1827.8853,1248.4795,37.1005,1.2797
600050.SH,2019-11-30,1772.0246,1210.3257,35.9667,1.2406
600050.SH,2019-10-31,1905.4695,1301.471,38.6752,1.334
600050.SH,2019-09-30,1865.1257,1273.9154,41.3233,1.3192
600050.SH,2019-08-31,1815.8966,1240.0009,40.2326,1.2841
600050.SH,2019-07-31,1840.7294,1256.9582,41.7997,1.3156
600050.SH,2019-06-30,1912.1236,1305.7103,43.421,1.3667
600050.SH,2019-05-31,1840.7294,1256.9582,41.7997,1.3002
600050.SH,2019-04-30,2070.4325,1413.813,47.0159,1.4625
600050.SH,2019-03-31,2107.6817,1439.2489,51.6491,1.5034
600050.SH,2019-02-28,1995.0883,1362.9411,77.2114,1.4322
600050.SH,2019-01-31,1647.5768,1125.5393,63.7624,1.1827
600050.SH,2018-12-31,1604.1379,1095.864,62.0813,1.1515
600050.SH,2018-11-30,1638.2685,1119.1803,63.4022,1.176
600050.SH,2018-10-31,1681.7074,1148.8555,65.0833,1.2072
600050.SH,2018-09-30,1728.2491,1180.6504,77.4793,1.2536
600050.SH,2018-08-31,1740.6602,1189.1291,78.0357,1.2626
600050.SH,2018-07-31,1616.549,1104.3427,111.207,1.1843
600050.SH,2018-06-30,1526.5683,1042.8725,105.017,1.1184
600050.SH,2018-05-31,1684.8102,1150.9752,115.9029,1.2288
600050.SH,2018-04-30,1771.688,1210.3257,121.8794,1.2922
600050.SH,2018-03-31,1744.499,1113.4272,409.6562,1.2885
600050.SH,2018-02-28,1941.0196,1238.8566,198.6194,1.3817
600050.SH,2018-01-31,2110.3298,1346.9189,215.9445,1.5022
600050.SH,2017-12-31,1913.8091,1341.7446,195.835,1.3623
600050.SH,2017-11-30,2104.283,1475.2831,215.3257,1.4979
600050.SH,2017-10-31,2309.8738,1619.42,165.711,2.0515
600050.SH,2017-09-30,1572.7875,1572.7875,323.6153,2.0065
600050.SH,2017-08-31,1704.2064,1704.2064,350.6559,2.1742
600050.SH,2017-07-31,1583.3858,1583.3858,560.1399,2.0287
600050.SH,2017-06-30,1583.3858,1583.3858,560.1399,2.0287
600050.SH,2017-05-31,1583.3858,1583.3858,560.1399,2.0287
600050.SH,2017-04-30,1583.3858,1583.3858,560.1399,2.0287
600050.SH,2017-03-31,1583.3858,1583.3858,1027.6779,2.043
600050.SH,2017-02-28,1490.1207,1490.1207,117.3528,1.9135
600050.SH,2017-01-31,1386.2574,1386.2574,109.1732,1.7801
600050.SH,2016-12-31,1549.4712,1549.4712,122.0269,1.9897
600050.SH,2016-11-30,1411.6933,1411.6933,111.1763,1.8128
600050.SH,2016-10-31,1087.3854,1087.3854,85.6358,1.3963
600050.SH,2016-09-30,879.6588,879.6588,54.5112,1.1319
600050.SH,2016-08-31,907.2143,907.2143,56.2188,1.1673
600050.SH,2016-07-31,902.975,902.975,35.163,1.1456
600050.SH,2016-06-30,807.5903,807.5903,31.4486,1.0246
600050.SH,2016-05-31,847.8639,847.8639,33.0169,1.0757
600050.SH,2016-04-30,856.3425,856.3425,33.3471,1.0865
600050.SH,2016-03-31,930.5306,930.5306,26.8042,1.1826
600050.SH,2016-02-29,852.1032,852.1032,26.8605,1.0865
600050.SH,2016-01-31,858.4622,858.4622,27.0609,1.0946
600060.SH,2020-12-31,150.2136,150.2136,17.3297,1.0042
600060.SH,2020-11-30,145.8957,145.8957,16.8315,0.9754
600060.SH,2020-10-31,164.7378,164.7378,19.0053,1.1013
600060.SH,2020-09-30,169.8409,169.8409,19.7561,1.1522
600060.SH,2020-08-31,192.6084,192.6084,22.4044,1.3067
600060.SH,2020-07-31,180.3087,180.3087,31.0524,1.2507
600060.SH,2020-06-30,158.9805,158.9805,27.3793,1.0902
600060.SH,2020-05-31,179.1311,179.1311,30.8496,1.2284
600060.SH,2020-04-30,144.5872,144.5872,24.9005,0.9915
600060.SH,2020-03-31,122.7355,122.7355,38.1598,0.8612
600060.SH,2020-02-29,164.7378,164.7378,51.2187,1.1559
600060.SH,2020-01-31,163.2985,163.2985,50.7712,1.1458
600060.SH,2019-12-31,141.9702,141.9702,44.1401,0.9962
600060.SH,2019-11-30,124.8291,124.8291,38.8107,0.8759
600060.SH,2019-10-31,120.1186,120.1186,37.3461,0.8429
600060.SH,2019-09-30,106.2487,106.2487,98.8844,0.7561
600060.SH,2019-08-31,100.0988,100.0988,93.1608,0.7124
600060.SH,2019-07-31,111.4826,111.4826,82.0346,0.7959
600060.SH,2019-06-30,112.7911,112.7911,82.9975,0.7985
600060.SH,2019-05-31,107.5572,107.5572,79.1461,0.7615
600060.SH,2019-04-30,123.5206,123.5206,90.8928,0.8745
600060.SH,2019-03-31,137.6522,137.6522,19.4839,0.9898
600060.SH,2019-02-28,126.3993,126.3993,17.8911,0.9089
600060.SH,2019-01-31,108.2114,108.2114,15.3167,0.7781
600060.SH,2018-12-31,113.5762,113.5762,16.0761,0.8166
600060.SH,2018-11-30,119.0718,119.0718,16.8539,0.8562
600060.SH,2018-10-31,111.4826,111.4826,15.7797,0.8016
600060.SH,2018-09-30,132.8108,132.8108,14.8721,0.9546
600060.SH,2018-08-31,130.1939,130.1939,14.5791,0.9358
600060.SH,2018-07-31,147.335,147.335,15.4025,1.0641
600060.SH,2018-06-30,175.2056,175.2056,18.3162,1.24
600060.SH,2018-05-31,194.1786,194.1786,20.2996,1.3743
600060.SH,2018-04-30,175.0748,175.0748,18.3025,1.2391
600060.SH,2018-03-31,202.422,202.422,21.4912,1.4855
600060.SH,2018-02-28,204.2539,204.2539,16.7603,1.5372
600060.SH,2018-01-31,205.9549,205.9549,16.8999,1.55
600060.SH,2017-12-31,196.5339,196.5339,16.1268,1.4791
600060.SH,2017-11-30,198.8891,198.8891,16.3201,1.4969
600060.SH,2017-10-31,198.2349,198.2349,16.2664,1.4919
600060.SH,2017-09-30,205.5624,205.5624,14.5386,1.5707
600060.SH,2017-08-31,189.5989,189.5989,13.4096,1.4487
600060.SH,2017-07-31,188.2904,188.2904,12.5926,1.4531
600060.SH,2017-06-30,198.4966,198.4966,13.2752,1.4718
600060.SH,2017-05-31,185.1501,185.1501,12.3826,1.3728
600060.SH,2017-04-30,224.4045,224.4045,15.0079,1.6639
600060.SH,2017-03-31,236.7043,236.7043,13.4578,1.7954
600060.SH,2017-02-28,246.6487,246.6487,14.5044,1.9607
600060.SH,2017-01-31,228.1991,228.1991,13.4194,1.8141
600060.SH,2016-12-31,224.012,224.012,13.1732,1.7808
600060.SH,2016-11-30,235.5266,235.5266,13.8503,1.8723
600060.SH,2016-10-31,223.3577,223.3577,13.1347,1.7756
600060.SH,2016-09-30,217.7313,217.7313,13.5689,1.7875
600060.SH,2016-08-31,226.4981,226.4981,14.1153,1.8595
600060.SH,2016-07-31,233.3022,233.3022,15.1681,1.9488
600060.SH,2016-06-30,231.3395,231.3395,15.0405,1.8632
600060.SH,2016-05-31,209.8804,209.8804,13.6454,1.6903
600060.SH,2016-04-30,220.8716,220.8716,14.36,1.7788
600060.SH,2016-03-31,217.7313,217.7313,15.4544,1.9229
600060.SH,2016-02-29,168.5324,168.5324,11.9623,1.4884
600060.SH,2016-01-31,185.2809,185.2809,13.1511,1.6363
600068.SH,2020-12-31,302.9944,302.9944,6.3686,0.941
600068.SH,2020-11-30,313.5853,313.5853,6.5912,0.9738
600068.SH,2020-10-31,320.032,320.032,6.7267,0.9939
600068.SH,2020-09-30,273.5238,273.5238,6.1095,0.8812
600068.SH,2020-08-31,292.8638,292.8638,6.5415,0.9435
600068.SH,2020-07-31,307.1387,307.1387,5.9635,1.0053
600068.SH,2020-06-30,273.9843,273.9843,5.3197,0.8968
600068.SH,2020-05-31,273.9843,273.9843,5.3197,0.8968
600068.SH,2020-04-30,300.692,300.692,5.8383,0.9842
600068.SH,2020-03-31,321.4135,321.4135,6.3411,1.1096
600068.SH,2020-02-29,306.2177,306.2177,6.0413,1.0572
600068.SH,2020-01-31,289.6405,289.6405,5.7142,0.9999
600068.SH,2019-12-31,307.5991,307.5991,6.0685,1.0619
600068.SH,2019-11-30,283.1938,283.1938,5.587,0.9777
600068.SH,2019-10-31,263.8537,263.8537,5.2055,0.9109
600068.SH,2019-09-30,268.4585,268.4585,5.5595,0.5478
600068.SH,2019-08-31,248.658,248.658,5.1495,0.5822
600068.SH,2019-07-31,278.1286,278.1286,6.0496,1.0099
600068.SH,2019-06-30,286.8776,286.8776,6.2399,1.0417
600068.SH,2019-05-31,285.0357,285.0357,6.1999,1.035
600068.SH,2019-04-30,313.5853,313.5853,6.8209,1.1387
600068.SH,2019-03-31,334.3068,334.3068,7.1775,1.2472
600068.SH,2019-02-28,326.4787,326.4787,6.6883,1.275
600068.SH,2019-01-31,284.1148,284.1148,5.8204,1.1096
600068.SH,2018-12-31,291.0219,291.0219,5.9619,1.1365
600068.SH,2018-11-30,295.1662,295.1662,6.0468,0.7094
600068.SH,2018-10-31,295.1662,295.1662,6.0468,0.7094
600068.SH,2018-09-30,335.6883,335.6883,6.8469,0.8189
600068.SH,2018-08-31,326.4787,326.4787,6.659,0.7965
600068.SH,2018-07-31,360.0936,360.0936,7.6699,0.897
600068.SH,2018-06-30,332.0045,332.0045,7.0716,0.827
600068.SH,2018-05-31,352.2655,352.2655,7.5032,0.8513
600068.SH,2018-04-30,379.8941,379.8941,8.0917,0.9181
600068.SH,2018-03-31,403.839,403.839,8.6224,0.9842
600068.SH,2018-02-28,436.0724,436.0724,11.6542,1.0858
600068.SH,2018-01-31,437.9143,437.9143,11.7034,1.0904
600068.SH,2017-12-31,377.5917,377.5917,10.0913,0.9402
600068.SH,2017-11-30,418.1138,418.1138,11.1742,1.0411
600068.SH,2017-10-31,452.6496,452.6496,12.0972,1.1271
600068.SH,2017-09-30,477.9759,477.9759,12.962,1.2145
600068.SH,2017-08-31,489.4878,489.4878,13.2742,1.2438
600068.SH,2017-07-31,524.0237,524.0237,14.9894,1.3704
600068.SH,2017-06-30,517.577,517.577,14.805,1.3535
600068.SH,2017-05-31,468.3059,468.3059,13.3956,1.195
600068.SH,2017-04-30,549.8104,549.8104,15.727,1.403
600068.SH,2017-03-31,541.9823,541.9823,15.9627,1.4069
600068.SH,2017-02-28,510.2093,510.2093,16.2955,1.3597
600068.SH,2017-01-31,456.3334,456.3334,14.5748,1.2161
600068.SH,2016-12-31,423.179,423.179,13.5158,1.1278
600068.SH,2016-11-30,441.5982,441.5982,14.1041,1.1769
600068.SH,2016-10-31,396.0109,396.0109,12.6481,1.0554
600068.SH,2016-09-30,364.2379,364.2379,12.6935,1.5316
600068.SH,2016-08-31,382.1965,382.1965,13.3193,1.6071
600068.SH,2016-07-31,320.032,320.032,11.3498,1.6115
600068.SH,2016-06-30,267.998,267.998,9.5044,1.3495
600068.SH,2016-05-31,271.6819,271.6819,9.635,1.3147
600068.SH,2016-04-30,272.6028,272.6028,9.6677,1.3192
600068.SH,2016-03-31,277.2076,277.2076,10.3318,1.3696
600068.SH,2016-02-29,240.3694,240.3694,10.2766,1.2537
600068.SH,2016-01-31,249.5789,249.5789,10.6703,1.3017
600066.SH,2020-12-31,374.5985,374.5985,48.5343,2.5189
600066.SH,2020-11-30,384.7826,384.7826,49.8538,2.5874
600066.SH,2020-10-31,354.2303,354.2303,45.8953,2.3819
600066.SH,2020-09-30,348.0312,348.0312,26.361,2.4211
600066.SH,2020-08-31,314.6008,314.6008,23.8289,2.1885
600066.SH,2020-07-31,301.5385,301.5385,20.288,1.9918
600066.SH,2020-06-30,270.1006,270.1006,18.1728,1.7842
600066.SH,2020-05-31,267.8866,267.8866,18.0239,1.7696
600066.SH,2020-04-30,288.6977,288.6977,19.4241,1.7655
600066.SH,2020-03-31,303.0883,303.0883,15.6214,1.8324
600066.SH,2020-02-29,333.862,333.862,13.7468,2.1001
600066.SH,2020-01-31,349.3596,349.3596,14.385,2.1976
600066.SH,2019-12-31,315.4863,315.4863,12.9902,1.9846
600066.SH,2019-11-30,310.6157,310.6157,12.7897,1.9539
600066.SH,2019-10-31,316.5933,316.5933,13.0358,1.9915
600066.SH,2019-09-30,307.7376,307.7376,12.9958,2.0162
600066.SH,2019-08-31,321.6854,321.6854,13.5848,2.1076
600066.SH,2019-07-31,287.5907,287.5907,12.4099,1.8123
600066.SH,2019-06-30,288.2549,288.2549,12.4386,1.8165
600066.SH,2019-05-31,276.9638,276.9638,11.9514,1.7454
600066.SH,2019-04-30,316.5933,316.5933,13.6614,1.9817
600066.SH,2019-03-31,297.332,297.332,12.2632,2.0377
600066.SH,2019-02-28,311.7226,311.7226,12.8567,2.1364
600066.SH,2019-01-31,256.1528,256.1528,10.5648,1.7555
600066.SH,2018-12-31,262.3518,262.3518,10.8205,1.798
600066.SH,2018-11-30,249.2896,249.2896,10.2817,1.5989
600066.SH,2018-10-31,236.0059,236.0059,9.7339,1.5137
600066.SH,2018-09-30,324.7849,324.7849,11.0447,2.1638
600066.SH,2018-08-31,335.4118,335.4118,11.4061,2.2346
600066.SH,2018-07-31,371.9418,371.9418,11.9685,2.5323
600066.SH,2018-06-30,424.8549,424.8549,13.6712,2.6899
600066.SH,2018-05-31,486.6238,486.6238,15.6588,3.0809
600066.SH,2018-04-30,453.4148,453.4148,14.5902,2.8707
600066.SH,2018-03-31,495.0368,495.0368,13.4897,3.7297
600066.SH,2018-02-28,513.6339,513.6339,13.9965,3.8699
600066.SH,2018-01-31,485.2955,485.2955,13.2242,3.6563
600066.SH,2017-12-31,532.8952,532.8952,14.5213,4.015
600066.SH,2017-11-30,526.6961,452.8389,14.3524,3.9683
600066.SH,2017-10-31,563.2261,484.2464,15.3478,4.2435
600066.SH,2017-09-30,544.629,468.2571,15.0721,4.4733
600066.SH,2017-08-31,460.0566,395.544,12.7316,3.7786
600066.SH,2017-07-31,489.502,420.8604,12.2946,4.1887
600066.SH,2017-06-30,486.4024,418.1955,12.2168,4.1622
600066.SH,2017-05-31,451.4222,388.1204,11.3382,3.2476
600066.SH,2017-04-30,445.8874,383.3617,11.1992,3.2078
600066.SH,2017-03-31,475.5541,408.8684,11.7602,3.5009
600066.SH,2017-02-28,449.6511,386.5976,11.3944,3.8053
600066.SH,2017-01-31,448.5441,385.6459,11.3663,3.796
600066.SH,2016-12-31,433.7107,372.8926,10.9904,3.6704
600066.SH,2016-11-30,466.0342,400.6834,11.8095,3.944
600066.SH,2016-10-31,477.1039,410.2009,12.09,4.0377
600066.SH,2016-09-30,488.395,419.9086,12.7707,4.5326
600066.SH,2016-08-31,478.8751,411.7236,12.5218,4.4443
600066.SH,2016-07-31,508.5418,437.2303,14.3647,5.1273
600066.SH,2016-06-30,438.36,376.8899,12.3822,4.4197
600066.SH,2016-05-31,433.9321,373.0829,12.2572,4.3751
600066.SH,2016-04-30,454.0789,390.4046,12.8263,3.4298
600066.SH,2016-03-31,429.0614,368.8952,12.8048,3.8342
600066.SH,2016-02-29,418.4345,359.7585,12.4876,3.7393
600066.SH,2016-01-31,413.5638,355.5709,12.3423,3.6958
600085.SH,2020-12-31,327.7814,327.7814,38.5471,3.4263
600085.SH,2020-11-30,368.9255,368.9255,43.3856,3.8564
600085.SH,2020-10-31,368.9255,368.9255,43.3856,3.8564
600085.SH,2020-09-30,370.0227,370.0227,45.9547,3.9448
600085.SH,2020-08-31,407.3267,407.3267,50.5877,4.3425
600085.SH,2020-07-31,370.8456,370.8456,42.3677,3.9072
600085.SH,2020-06-30,371.9427,371.9427,42.4931,3.9188
600085.SH,2020-05-31,343.6904,343.6904,39.2654,3.6211
600085.SH,2020-04-30,352.1936,352.1936,40.2368,3.7107
600085.SH,2020-03-31,347.6677,347.6677,30.641,3.8172
600085.SH,2020-02-29,358.5023,358.5023,31.5959,3.9362
600085.SH,2020-01-31,375.0971,375.0971,33.0584,4.1184
600085.SH,2019-12-31,386.4803,386.4803,34.0617,4.2433
600085.SH,2019-11-30,364.8111,364.8111,32.1519,3.725
600085.SH,2019-10-31,377.1543,377.1543,33.2397,3.851
600085.SH,2019-09-30,368.9255,368.9255,31.9251,4.0039
600085.SH,2019-08-31,381.2687,381.2687,32.9932,4.1378
600085.SH,2019-07-31,388.949,388.949,33.3423,4.2152
600085.SH,2019-06-30,397.7264,397.7264,34.0947,4.15
600085.SH,2019-05-31,400.7436,400.7436,34.3534,4.1815
600085.SH,2019-04-30,427.4873,427.4873,36.646,4.4605
600085.SH,2019-03-31,410.481,410.481,36.1886,4.4324
600085.SH,2019-02-28,401.0179,401.0179,38.2716,4.4632
600085.SH,2019-01-31,361.7939,361.7939,34.5282,4.0266
600085.SH,2018-12-31,377.1543,377.1543,35.9942,4.1976
600085.SH,2018-11-30,398.9607,398.9607,38.0753,4.4403
600085.SH,2018-10-31,389.909,389.909,37.2114,4.3396
600085.SH,2018-09-30,435.4418,435.4418,41.1979,4.9922
600085.SH,2018-08-31,438.5962,438.5962,41.4963,5.0284
600085.SH,2018-07-31,463.5569,463.5569,44.5582,5.3336
600085.SH,2018-06-30,483.8547,483.8547,46.5092,5.5671
600085.SH,2018-05-31,555.7198,555.7198,53.4171,6.394
600085.SH,2018-04-30,486.4605,486.4605,46.7597,5.5971
600085.SH,2018-03-31,475.3516,475.3516,46.723,5.6481
600085.SH,2018-02-28,444.3564,444.3564,44.6872,5.3963
600085.SH,2018-01-31,464.9284,464.9284,46.7561,5.6461
600085.SH,2017-12-31,442.162,442.162,44.4665,5.3696
600085.SH,2017-11-30,442.7106,442.7106,44.5217,5.3763
600085.SH,2017-10-31,461.774,461.774,46.4388,5.6078
600085.SH,2017-09-30,444.4935,444.4935,45.8376,5.5287
600085.SH,2017-08-31,442.5735,442.5735,45.6396,5.5049
600085.SH,2017-07-31,450.8023,450.8023,46.7568,5.5773
600085.SH,2017-06-30,479.466,479.466,49.7298,5.9319
600085.SH,2017-05-31,442.8477,442.8477,45.9318,5.4789
600085.SH,2017-04-30,425.5672,425.5672,44.1395,5.2651
600085.SH,2017-03-31,433.5217,433.5217,46.4571,5.5626
600085.SH,2017-02-28,418.847,418.847,43.1596,5.5224
600085.SH,2017-01-31,417.0641,417.0641,42.9759,5.4989
600085.SH,2016-12-31,430.3674,430.3674,44.3467,5.6743
600085.SH,2016-11-30,470.0029,470.0029,48.4309,6.1969
600085.SH,2016-10-31,430.5045,430.5045,44.3608,5.6761
600085.SH,2016-09-30,418.7099,418.7099,44.1399,5.6714
600085.SH,2016-08-31,426.253,426.253,44.9351,5.7735
600085.SH,2016-07-31,438.7333,438.7333,48.8365,5.9465
600085.SH,2016-06-30,408.561,408.561,45.478,5.5375
600085.SH,2016-05-31,377.1543,377.1543,41.982,5.1118
600085.SH,2016-04-30,382.2288,382.2288,42.5468,5.1806
600085.SH,2016-03-31,413.7726,413.7726,47.2786,5.8131
600085.SH,2016-02-29,372.3542,372.3542,43.9593,5.4246
600085.SH,2016-01-31,398.6864,398.6864,47.068,5.8082
600089.SH,2020-12-31,377.0027,377.0027,19.7747,1.182
600089.SH,2020-11-30,316.8309,316.8309,16.6186,0.9934
600089.SH,2020-10-31,304.9451,304.9451,15.9951,0.9561
600089.SH,2020-09-30,326.1167,326.1167,17.2496,1.0544
600089.SH,2020-08-31,303.4594,303.4594,16.0512,0.9811
600089.SH,2020-07-31,324.2595,324.2595,16.3639,1.053
600089.SH,2020-06-30,251.459,251.459,12.69,0.8166
600089.SH,2020-05-31,255.1733,255.1733,12.8775,0.8287
600089.SH,2020-04-30,279.6878,279.6878,14.1146,0.9083
600089.SH,2020-03-31,271.1448,271.1448,15.2593,0.8961
600089.SH,2020-02-29,231.4017,231.4017,13.0227,0.7647
600089.SH,2020-01-31,236.2303,236.2303,13.2944,0.7807
600089.SH,2019-12-31,247.0018,247.0018,13.9006,0.8163
600089.SH,2019-11-30,241.0589,241.0589,13.5662,0.7966
600089.SH,2019-10-31,238.4589,238.4589,13.4198,0.788
600089.SH,2019-09-30,241.4303,241.4303,14.4485,0.7258
600089.SH,2019-08-31,244.4084,244.4084,14.6267,0.7342
600089.SH,2019-07-31,264.0947,264.0947,13.2357,0.8116
600089.SH,2019-06-30,269.3015,269.3015,13.4966,0.9136
600089.SH,2019-05-31,266.7013,266.7013,13.3663,0.9047
600089.SH,2019-04-30,287.1311,287.1311,14.3902,0.974
600089.SH,2019-03-31,307.5608,307.5608,13.4977,1.0553
600089.SH,2019-02-28,295.303,295.303,12.9597,1.0133
600089.SH,2019-01-31,260.7581,260.7581,11.4437,0.8947
600089.SH,2018-12-31,252.2147,252.2147,11.0688,0.8654
600089.SH,2018-11-30,254.4434,254.4434,11.1666,0.7867
600089.SH,2018-10-31,258.1579,258.1579,11.3296,0.7982
600089.SH,2018-09-30,266.3298,266.3298,11.7938,0.8369
600089.SH,2018-08-31,250.3575,250.3575,11.0865,0.7867
600089.SH,2018-07-31,256.6721,256.6721,12.3245,0.8838
600089.SH,2018-06-30,257.415,257.415,12.3602,0.8632
600089.SH,2018-05-31,290.4741,290.4741,13.9476,0.974
600089.SH,2018-04-30,294.9315,294.9315,14.1616,0.989
600089.SH,2018-03-31,327.6191,327.6191,14.3723,1.1298
600089.SH,2018-02-28,334.6767,334.6767,14.682,1.1541
600089.SH,2018-01-31,364.7993,364.7993,16.0034,1.257
600089.SH,2017-12-31,368.518,368.518,16.1665,1.2698
600089.SH,2017-11-30,371.8648,371.8648,16.3134,1.2814
600089.SH,2017-10-31,373.3522,373.3522,16.3786,1.2865
600089.SH,2017-09-30,366.6587,366.6587,15.6722,1.2952
600089.SH,2017-08-31,373.3522,373.3522,15.9583,1.3188
600089.SH,2017-07-31,390.8299,390.8299,17.3637,1.4745
600089.SH,2017-06-30,384.1363,384.1363,17.0663,1.4492
600089.SH,2017-05-31,312.7795,312.7795,13.8961,1.3532
600089.SH,2017-04-30,366.8521,366.8521,16.2984,1.5418
600089.SH,2017-03-31,362.3191,362.3191,17.7655,1.601
600089.SH,2017-02-28,334.5178,334.5178,16.4023,1.4779
600089.SH,2017-01-31,305.8572,305.8572,14.997,1.3496
600089.SH,2016-12-31,296.1269,296.1269,14.5199,1.3066
600089.SH,2016-11-30,313.3203,313.3203,15.363,1.3825
600089.SH,2016-10-31,287.3724,287.3724,14.0907,1.268
600089.SH,2016-09-30,279.5881,279.5881,14.047,1.2719
600089.SH,2016-08-31,291.9133,291.9133,14.6663,1.3589
600089.SH,2016-07-31,292.8863,292.8863,15.4781,1.3775
600089.SH,2016-06-30,276.3446,276.3446,14.6039,1.2649
600089.SH,2016-05-31,275.5328,275.5328,14.561,1.2606
600089.SH,2016-04-30,282.9972,282.9972,14.9555,1.2947
600089.SH,2016-03-31,295.6542,295.6542,15.6929,1.4458
600089.SH,2016-02-29,263.5249,263.5249,13.9875,1.2887
600089.SH,2016-01-31,277.4692,277.4692,14.7277,1.3555
600100.SH,2020-12-31,183.7617,183.7617,-31.5694,1.1709
600100.SH,2020-11-30,197.3957,197.3957,-33.9116,1.2577
600100.SH,2020-10-31,195.6173,195.6173,-33.6061,1.2464
600100.SH,2020-09-30,209.5477,209.5477,-151.8199,1.3281
600100.SH,2020-08-31,234.148,234.148,-169.6432,1.484
600100.SH,2020-07-31,235.3336,235.3336,-31.2836,1.5022
600100.SH,2020-06-30,216.0682,216.0682,-28.7226,1.3792
600100.SH,2020-05-31,206.2874,206.2874,-27.4224,1.3168
600100.SH,2020-04-30,216.0682,216.0682,-28.7226,1.3792
600100.SH,2020-03-31,236.2227,236.2227,-9.0717,1.424
600100.SH,2020-02-29,266.1581,266.1581,-10.2213,1.6045
600100.SH,2020-01-31,261.1195,261.1195,-10.0278,1.5741
600100.SH,2019-12-31,259.9339,259.9339,-9.9822,1.5669
600100.SH,2019-11-30,236.5191,236.5191,-9.083,1.4258
600100.SH,2019-10-31,244.2253,244.2253,-9.379,1.4722
600100.SH,2019-09-30,242.4469,242.4469,-7.5443,1.4864
600100.SH,2019-08-31,261.7123,261.7123,-8.1438,1.6045
600100.SH,2019-07-31,264.6762,264.6762,-8.4937,1.5742
600100.SH,2019-06-30,268.2329,268.2329,-8.6078,1.5953
600100.SH,2019-05-31,294.6116,294.6116,-9.4543,1.7522
600100.SH,2019-04-30,308.5419,308.5419,-9.9014,1.8351
600100.SH,2019-03-31,365.7451,365.7451,-128.5511,1.8283
600100.SH,2019-02-28,307.3563,307.3563,-108.0287,1.5364
600100.SH,2019-01-31,254.3025,254.3025,-89.3815,1.2712
600100.SH,2018-12-31,288.3874,288.3874,-101.3616,1.4416
600100.SH,2018-11-30,299.3538,299.3538,-105.216,1.4964
600100.SH,2018-10-31,258.452,258.452,-90.84,1.292
600100.SH,2018-09-30,288.9801,288.9801,-261.0739,1.4152
600100.SH,2018-08-31,281.8668,281.8668,-254.6474,1.3804
600100.SH,2018-07-31,282.756,282.756,190.0572,1.3383
600100.SH,2018-06-30,260.2303,260.2303,174.9164,1.2291
600100.SH,2018-05-31,326.9181,326.9181,219.7412,1.5441
600100.SH,2018-04-30,323.065,323.065,217.1513,1.5259
600100.SH,2018-03-31,309.4311,309.4311,-31.5909,1.4815
600100.SH,2018-02-28,304.6888,304.6888,-31.1067,1.4588
600100.SH,2018-01-31,292.8332,217.1508,-29.8963,1.4021
600100.SH,2017-12-31,290.4621,215.3925,-29.6542,1.3907
600100.SH,2017-11-30,328.1036,243.3056,-33.4972,1.5709
600100.SH,2017-10-31,319.8047,237.1515,-32.6499,1.5312
600100.SH,2017-09-30,361.5957,268.1416,-46.6444,1.7485
600100.SH,2017-08-31,411.0928,304.8463,-53.0293,1.9878
600100.SH,2017-07-31,411.0928,304.8463,-35.1623,1.9992
600100.SH,2017-06-30,418.5025,310.341,-35.796,1.9644
600100.SH,2017-05-31,418.5025,310.341,-35.796,1.9644
600100.SH,2017-04-30,418.5025,310.341,-35.796,1.9644
600100.SH,2017-03-31,404.5722,300.0109,6.9846,1.7836
600100.SH,2017-02-28,408.1289,302.6484,7.046,1.7993
600100.SH,2017-01-31,402.2011,298.2526,6.9436,1.7732
600100.SH,2016-12-31,410.5,304.4067,7.0869,1.8098
600100.SH,2016-11-30,452.5874,335.6166,7.8135,1.9953
600100.SH,2016-10-31,414.9459,307.7035,7.1637,1.8294
600100.SH,2016-09-30,408.1289,302.6484,7.6474,1.7903
600100.SH,2016-08-31,441.6209,327.4845,8.275,1.9372
600100.SH,2016-07-31,486.3758,339.7201,7.7092,2.1333
600100.SH,2016-06-30,443.3993,309.7021,7.028,1.9448
600100.SH,2016-05-31,450.2163,314.4636,7.1361,1.9747
600100.SH,2016-04-30,362.1885,252.9786,5.7408,1.5886
600100.SH,2016-03-31,379.6755,265.1928,31.6593,2.2154
600100.SH,2016-02-29,314.1733,219.4414,26.1974,1.8332
600100.SH,2016-01-31,335.8098,234.5538,28.0015,1.9595
600104.SH,2020-12-31,2855.438,2855.438,13.3067,1.1231
600104.SH,2020-11-30,3097.2856,3097.2856,14.4338,1.2182
600104.SH,2020-10-31,2704.7213,2704.7213,12.6044,1.0638
600104.SH,2020-09-30,2235.0462,2235.0462,11.0464,0.905
600104.SH,2020-08-31,2180.1339,2180.1339,10.775,0.8828
600104.SH,2020-07-31,2124.0533,2124.0533,11.4979,0.8886
600104.SH,2020-06-30,1985.0201,1985.0201,10.7453,0.8305
600104.SH,2020-05-31,2093.6763,2093.6763,11.3335,0.8398
600104.SH,2020-04-30,2208.1742,2208.1742,11.9533,0.8857
600104.SH,2020-03-31,2395.1096,2395.1096,8.2223,0.9792
600104.SH,2020-02-29,2594.8968,2594.8968,8.9082,1.0609
600104.SH,2020-01-31,2641.6306,2641.6306,9.0686,1.08
600104.SH,2019-12-31,2786.5055,2743.5687,9.5659,1.1392
600104.SH,2019-11-30,2716.4048,2674.5481,9.3253,1.1105
600104.SH,2019-10-31,2745.6134,2703.3067,9.4256,1.1225
600104.SH,2019-09-30,2778.3271,2735.5163,9.023,1.2488
600104.SH,2019-08-31,2930.2121,2885.061,9.5162,1.317
600104.SH,2019-07-31,2902.1718,2857.4527,8.3991,1.2575
600104.SH,2019-06-30,2979.2826,2933.3754,8.6223,1.2135
600104.SH,2019-05-31,2798.189,2755.0722,8.0982,1.1398
600104.SH,2019-04-30,3198.9317,3149.6399,9.2579,1.303
600104.SH,2019-03-31,3045.8784,2998.9449,8.1345,1.3203
600104.SH,2019-02-28,3308.7563,3257.7722,8.8365,1.4342
600104.SH,2019-01-31,3107.8007,3059.9131,8.2998,1.3471
600104.SH,2018-12-31,3115.9791,3067.9655,8.3217,1.3507
600104.SH,2018-11-30,2903.3401,2858.6031,7.7538,1.2585
600104.SH,2018-10-31,3167.3864,3118.5806,8.459,1.3729
600104.SH,2018-09-30,3888.2559,3828.3425,10.387,1.7647
600104.SH,2018-08-31,3405.729,3353.2507,9.098,1.5457
600104.SH,2018-07-31,3724.6875,3667.2944,10.3879,1.749
600104.SH,2018-06-30,4088.0431,4025.0512,11.4013,1.7445
600104.SH,2018-05-31,4235.2547,4169.9944,11.8118,1.8073
600104.SH,2018-04-30,3730.5292,3673.0461,10.4042,1.5919
600104.SH,2018-03-31,3973.5452,3912.3175,11.5475,1.7634
600104.SH,2018-02-28,3930.3164,3869.7548,11.7128,1.8229
600104.SH,2018-01-31,4017.9424,3956.0306,11.9739,1.8636
600104.SH,2017-12-31,3743.381,3532.5915,11.1557,1.7362
600104.SH,2017-11-30,3607.8529,3404.695,10.7518,1.6733
600104.SH,2017-10-31,3679.122,3471.9509,10.9642,1.7064
600104.SH,2017-09-30,3527.237,3328.6186,10.7187,1.7135
600104.SH,2017-08-31,3473.4931,3277.901,10.5554,1.6874
600104.SH,2017-07-31,3521.3953,3323.1058,10.8907,1.7945
600104.SH,2017-06-30,3627.7148,3423.4384,11.2195,1.8487
600104.SH,2017-05-31,3513.2168,3315.3879,10.8654,1.6302
600104.SH,2017-04-30,3183.7432,3004.4669,9.8464,1.4773
600104.SH,2017-03-31,2965.2625,2798.2888,9.3768,1.4899
600104.SH,2017-02-28,3011.9963,2842.3911,9.5246,1.5134
600104.SH,2017-01-31,2962.9258,2796.0837,9.3694,1.4887
600104.SH,2016-12-31,2585.4954,2585.4954,8.1759,1.4039
600104.SH,2016-11-30,2783.9556,2783.9556,8.8035,1.5116
600104.SH,2016-10-31,2610.8542,2610.8542,8.2561,1.4176
600104.SH,2016-09-30,2409.0863,2409.0863,7.8503,1.3696
600104.SH,2016-08-31,2434.4451,2434.4451,7.9329,1.384
600104.SH,2016-07-31,2561.2391,2561.2391,8.4636,1.5178
600104.SH,2016-06-30,2237.0875,2237.0875,7.3925,1.2175
600104.SH,2016-05-31,2237.0875,2237.0875,7.3925,1.2175
600104.SH,2016-04-30,2242.6003,2242.6003,7.4107,1.2205
600104.SH,2016-03-31,2211.7287,2211.7287,7.6727,1.3339
600104.SH,2016-02-29,2020.9864,2020.9864,7.011,1.2189
600104.SH,2016-01-31,2052.9605,2052.9605,7.1219,1.2382
600109.SH,2020-12-31,492.0633,492.0633,24.771,2.2278
600109.SH,2020-11-30,544.0822,544.0822,27.3897,2.4633
600109.SH,2020-10-31,451.8393,451.8393,22.7461,2.0457
600109.SH,2020-09-30,462.4245,462.4245,27.5433,2.1528
600109.SH,2020-08-31,470.5903,470.5903,28.0297,2.1908
600109.SH,2020-07-31,436.415,436.415,31.7644,2.0796
600109.SH,2020-06-30,345.0794,345.0794,25.1165,1.6443
600109.SH,2020-05-31,297.597,297.597,21.6605,1.4079
600109.SH,2020-04-30,293.6653,293.6653,21.3744,1.3893
600109.SH,2020-03-31,276.7289,276.7289,23.5009,1.362
600109.SH,2020-02-29,302.4359,302.4359,25.6841,1.4885
600109.SH,2020-01-31,267.0509,267.0509,22.679,1.3143
600109.SH,2019-12-31,281.2654,281.2654,23.8862,1.3843
600109.SH,2019-11-30,248.6023,248.6023,21.1123,1.2235
600109.SH,2019-10-31,257.373,257.373,21.8572,1.2667
600109.SH,2019-09-30,263.4217,263.4217,23.1872,1.3118
600109.SH,2019-08-31,265.5387,265.5387,23.3735,1.3224
600109.SH,2019-07-31,280.963,280.963,24.6692,1.4161
600109.SH,2019-06-30,293.9677,293.9677,25.811,1.4816
600109.SH,2019-05-31,276.4264,276.4264,24.2709,1.3848
600109.SH,2019-04-30,310.6017,310.6017,27.2715,1.556
600109.SH,2019-03-31,324.8162,324.8162,32.1443,1.6666
600109.SH,2019-02-28,297.597,297.597,28.8098,1.5453
600109.SH,2019-01-31,230.4562,230.4562,22.31,1.1966
600109.SH,2018-12-31,216.5441,216.5441,20.9632,1.1244
600109.SH,2018-11-30,235.5976,235.5976,22.8077,1.2233
600109.SH,2018-10-31,216.8466,216.8466,20.9925,1.126
600109.SH,2018-09-30,212.31,212.31,18.5155,1.1198
600109.SH,2018-08-31,204.7491,204.7491,17.8561,1.0799
600109.SH,2018-07-31,213.5198,213.5198,17.9726,1.1275
600109.SH,2018-06-30,215.0319,215.0319,18.0998,1.1355
600109.SH,2018-05-31,237.1098,237.1098,19.9582,1.2422
600109.SH,2018-04-30,261.6071,261.6071,22.0202,1.3705
600109.SH,2018-03-31,254.9535,254.9535,21.2208,1.3535
600109.SH,2018-02-28,257.0705,257.0705,22.0899,1.3931
600109.SH,2018-01-31,289.7336,289.7336,24.8966,1.5701
600109.SH,2017-12-31,288.5239,288.5239,24.7926,1.5635
600109.SH,2017-11-30,327.2357,327.2357,28.1191,1.7733
600109.SH,2017-10-31,325.4211,325.4211,27.9632,1.7635
600109.SH,2017-09-30,354.7573,354.7573,29.2917,1.9681
600109.SH,2017-08-31,362.3182,362.3182,29.916,2.01
600109.SH,2017-07-31,337.2161,337.2161,26.6069,1.9048
600109.SH,2017-06-30,354.4549,354.4549,27.9671,2.0022
600109.SH,2017-05-31,361.7134,361.7134,28.5398,2.0432
600109.SH,2017-04-30,400.7276,400.7276,31.6181,2.2444
600109.SH,2017-03-31,414.3372,414.3372,24.5204,2.4204
600109.SH,2017-02-28,402.2398,402.2398,23.8045,2.3497
600109.SH,2017-01-31,404.3568,404.3568,23.9297,2.3621
600109.SH,2016-12-31,394.074,394.074,23.3212,2.302
600109.SH,2016-11-30,427.342,427.342,25.29,2.4963
600109.SH,2016-10-31,405.2641,405.2641,23.9834,2.3674
600109.SH,2016-09-30,386.2107,386.2107,21.8904,2.3171
600109.SH,2016-08-31,405.869,405.869,23.0046,2.435
600109.SH,2016-07-31,390.4448,390.4448,17.0076,2.3863
600109.SH,2016-06-30,407.6836,407.6836,17.7585,2.4917
600109.SH,2016-05-31,397.4008,397.4008,17.3106,2.3934
600109.SH,2016-04-30,394.9813,370.4938,17.2052,2.3789
600109.SH,2016-03-31,436.415,409.3588,18.4939,2.6484
600109.SH,2016-02-29,343.8697,322.5509,17.4425,2.1472
600109.SH,2016-01-31,338.7282,317.7282,17.1818,2.1151
600111.SH,2020-12-31,475.5683,475.5683,71.7292,4.7218
600111.SH,2020-11-30,491.9171,491.9171,74.195,4.8841
600111.SH,2020-10-31,365.8497,365.8497,55.1805,3.6324
600111.SH,2020-09-30,390.1913,390.1913,57.5141,3.9183
600111.SH,2020-08-31,448.6837,448.6837,66.1358,4.5057
600111.SH,2020-07-31,450.8635,450.8635,70.2788,4.6475
600111.SH,2020-06-30,338.6018,338.6018,52.7799,3.4903
600111.SH,2020-05-31,368.7562,368.7562,57.4802,3.8011
600111.SH,2020-04-30,328.0659,328.0659,51.1376,3.3817
600111.SH,2020-03-31,326.6126,326.6126,49.0724,3.4241
600111.SH,2020-02-29,330.609,330.609,49.6729,3.466
600111.SH,2020-01-31,368.3929,368.3929,55.3498,3.8621
600111.SH,2019-12-31,393.8244,393.8244,59.1707,4.1287
600111.SH,2019-11-30,361.1268,361.1268,54.258,3.786
600111.SH,2019-10-31,365.1231,365.1231,54.8585,3.8279
600111.SH,2019-09-30,394.9143,394.9143,62.4781,4.2201
600111.SH,2019-08-31,422.1623,422.1623,66.7889,4.5113
600111.SH,2019-07-31,408.3566,408.3566,68.7092,4.4381
600111.SH,2019-06-30,466.4857,466.4857,78.4899,5.0698
600111.SH,2019-05-31,477.0216,477.0216,80.2626,5.084
600111.SH,2019-04-30,373.1159,373.1159,62.7797,3.9766
600111.SH,2019-03-31,405.0869,405.0869,93.8539,4.4636
600111.SH,2019-02-28,387.2848,387.2848,89.7294,4.2675
600111.SH,2019-01-31,310.6271,310.6271,71.9687,3.4228
600111.SH,2018-12-31,318.6199,318.6199,73.8205,3.5108
600111.SH,2018-11-30,353.4973,353.4973,81.9012,3.8952
600111.SH,2018-10-31,381.4719,381.4719,88.3826,4.2034
600111.SH,2018-09-30,371.6627,371.6627,73.29,4.171
600111.SH,2018-08-31,372.026,372.026,73.3616,4.175
600111.SH,2018-07-31,403.6336,403.6336,92.5993,4.5843
600111.SH,2018-06-30,413.4429,413.4429,94.8497,4.6957
600111.SH,2018-05-31,439.2377,439.2377,100.7674,4.9177
600111.SH,2018-04-30,455.9498,455.9498,104.6014,5.1048
600111.SH,2018-03-31,472.6619,472.6619,116.5303,5.3659
600111.SH,2018-02-28,475.5683,475.5683,117.2469,5.3989
600111.SH,2018-01-31,488.2841,488.2841,120.3818,5.5433
600111.SH,2017-12-31,530.0643,530.0643,130.6823,6.0176
600111.SH,2017-11-30,515.5321,515.5321,127.0996,5.8526
600111.SH,2017-10-31,527.5212,527.5212,130.0554,5.9887
600111.SH,2017-09-30,586.0135,586.0135,341.6071,6.9113
600111.SH,2017-08-31,657.2216,657.2216,383.1167,7.7511
600111.SH,2017-07-31,676.1136,676.1136,426.1943,8.1129
600111.SH,2017-06-30,411.6264,411.6264,259.4724,4.9392
600111.SH,2017-05-31,398.184,398.184,250.9989,4.7572
600111.SH,2017-04-30,413.8062,413.8062,260.8465,4.9438
600111.SH,2017-03-31,439.9643,439.9643,751.6205,5.3379
600111.SH,2017-02-28,467.9389,467.9389,799.4114,5.6773
600111.SH,2017-01-31,454.1333,454.1333,775.8263,5.5098
600111.SH,2016-12-31,445.7772,445.7772,761.5511,5.4084
600111.SH,2016-11-30,471.9353,471.9353,806.2387,5.7257
600111.SH,2016-10-31,456.3131,456.3131,779.5503,5.5362
600111.SH,2016-09-30,449.047,449.047,466.2723,5.4504
600111.SH,2016-08-31,485.3776,485.3776,503.9966,5.8913
600111.SH,2016-07-31,491.9171,491.9171,191.7109,5.9889
600111.SH,2016-06-30,483.5611,483.5611,188.4544,5.8871
600111.SH,2016-05-31,546.4131,546.4131,212.9492,6.5652
600111.SH,2016-04-30,487.9208,298.0392,190.1534,5.8624
600111.SH,2016-03-31,460.6728,281.3952,84.1127,5.5477
600111.SH,2016-02-29,404.3602,246.9975,73.8308,4.8695
600111.SH,2016-01-31,416.3494,254.3209,76.0198,5.0139
600115.SH,2020-12-31,670.2468,459.0371,-7.459,1.3504
600115.SH,2020-11-30,711.6642,488.4626,-7.9371,1.437
600115.SH,2020-10-31,652.4791,450.2095,-7.3156,1.3245
600115.SH,2020-09-30,703.9848,484.5392,-11.0994,1.4161
600115.SH,2020-08-31,712.3774,495.3285,-11.3466,1.4476
600115.SH,2020-07-31,622.3437,432.5542,-26.3242,1.1549
600115.SH,2020-06-30,603.2667,413.9181,-25.1901,1.1052
600115.SH,2020-05-31,590.7998,408.033,-24.8319,1.0895
600115.SH,2020-04-30,643.2119,429.6117,-26.1451,1.1471
600115.SH,2020-03-31,588.0184,405.0905,26.1591,0.9953
600115.SH,2020-02-29,663.9863,445.3052,28.756,1.0941
600115.SH,2020-01-31,735.5275,500.2328,32.303,1.2291
600115.SH,2019-12-31,851.2081,569.873,36.8001,1.4002
600115.SH,2019-11-30,758.1392,502.1945,32.4297,1.2339
600115.SH,2019-10-31,762.9402,508.0796,32.8097,1.2484
600115.SH,2019-09-30,758.2096,508.0796,35.8151,1.2962
600115.SH,2019-08-31,740.5335,497.2902,32.0706,1.3106
600115.SH,2019-07-31,756.0377,577.7198,31.1911,1.5227
600115.SH,2019-06-30,803.9294,614.9921,33.2034,1.6209
600115.SH,2019-05-31,764.0639,587.5283,31.7207,1.5485
600115.SH,2019-04-30,893.5201,670.9004,36.2219,1.7682
600115.SH,2019-03-31,903.3156,680.7089,37.0635,1.8005
600115.SH,2019-02-28,771.7625,572.8156,28.866,1.459
600115.SH,2019-01-31,684.082,493.3668,24.8623,1.2567
600115.SH,2018-12-31,643.8915,465.9031,23.4783,1.1867
600115.SH,2018-11-30,715.7502,514.9455,25.9497,1.3116
600115.SH,2018-10-31,669.51,490.4243,24.714,1.2492
600115.SH,2018-09-30,755.0839,549.2752,18.8942,1.4561
600115.SH,2018-08-31,770.2927,566.9305,19.5016,1.5029
600115.SH,2018-07-31,773.633,575.7581,15.3933,1.5541
600115.SH,2018-06-30,857.9032,649.3218,17.3601,1.7293
600115.SH,2018-05-31,959.5862,721.9045,19.3006,1.9226
600115.SH,2018-04-30,940.5968,694.4408,18.5663,1.8495
600115.SH,2018-03-31,920.5736,707.1918,16.4218,1.9642
600115.SH,2018-02-28,1014.4542,765.0619,19.6975,2.0686
600115.SH,2018-01-31,1086.5529,819.0086,21.0865,2.2145
600115.SH,2017-12-31,1026.0998,805.2767,20.7329,2.1774
600115.SH,2017-11-30,907.8803,725.8279,18.6874,1.9625
600115.SH,2017-10-31,832.8661,675.8047,17.3995,1.8273
600115.SH,2017-09-30,815.8576,663.0536,17.3961,1.9188
600115.SH,2017-08-31,854.0292,684.6323,17.9622,1.9813
600115.SH,2017-07-31,837.046,664.0345,20.7336,1.9542
600115.SH,2017-06-30,861.8846,576.7134,20.8255,1.9629
600115.SH,2017-05-31,855.4879,577.5615,20.8561,1.9658
600115.SH,2017-04-30,812.808,557.2069,20.1211,1.8965
600115.SH,2017-03-31,864.1129,582.6501,22.048,2.1064
600115.SH,2017-02-28,875.2584,603.0047,17.4317,2.0705
600115.SH,2017-01-31,837.6949,584.3463,16.8923,2.0065
600115.SH,2016-12-31,841.4101,599.6123,17.3336,2.0589
600115.SH,2016-11-30,805.2867,561.4474,16.2304,1.8996
600115.SH,2016-10-31,761.7264,536.0042,15.4949,1.8135
600115.SH,2016-09-30,752.312,526.675,21.3405,1.9203
600115.SH,2016-08-31,800.4769,552.1182,22.3715,2.013
600115.SH,2016-07-31,857.4437,591.1312,18.0748,2.1875
600115.SH,2016-06-30,802.0458,560.5993,15.5685,2.3127
600115.SH,2016-05-31,734.5173,570.7766,15.8511,2.3546
600115.SH,2016-04-30,681.7442,516.4977,14.3437,2.1307
600115.SH,2016-03-31,684.5251,473.1586,17.5935,2.2737
600115.SH,2016-02-29,614.7123,432.6911,10.9158,2.0516
600115.SH,2016-01-31,660.874,471.6022,11.8974,2.2361
600118.SH,2020-12-31,380.525,380.525,122.955,6.5672
600118.SH,2020-11-30,402.0463,402.0463,129.9089,6.9387
600118.SH,2020-10-31,370.9468,370.9468,119.8601,6.4019
600118.SH,2020-09-30,393.1776,393.1776,133.0507,6.8953
600118.SH,2020-08-31,466.6102,466.6102,157.9001,8.1831
600118.SH,2020-07-31,417.7734,417.7734,131.3105,7.4821
600118.SH,2020-06-30,364.5614,364.5614,114.5854,6.3937
600118.SH,2020-05-31,380.8798,380.8798,119.7144,6.6799
600118.SH,2020-04-30,388.8024,388.8024,122.2046,6.8189
600118.SH,2020-03-31,345.5233,345.5233,83.5444,6.1796
600118.SH,2020-02-29,402.1646,402.1646,97.2397,7.1926
600118.SH,2020-01-31,348.5978,348.5978,84.2878,6.2346
600118.SH,2019-12-31,252.6979,252.6979,61.1001,4.5194
600118.SH,2019-11-30,239.5723,239.5723,57.9264,4.2847
600118.SH,2019-10-31,247.3767,247.3767,59.8134,4.4243
600118.SH,2019-09-30,256.2454,256.2454,60.0447,4.6478
600118.SH,2019-08-31,275.2835,275.2835,64.5058,4.9931
600118.SH,2019-07-31,275.6382,275.6382,65.216,5.1196
600118.SH,2019-06-30,266.6513,266.6513,63.0897,4.9527
600118.SH,2019-05-31,277.6484,277.6484,65.6916,5.157
600118.SH,2019-04-30,272.682,272.682,64.5165,4.9452
600118.SH,2019-03-31,297.6325,297.6325,71.2653,5.4389
600118.SH,2019-02-28,264.8776,264.8776,62.6482,4.9669
600118.SH,2019-01-31,210.4831,210.4831,49.7829,3.9469
600118.SH,2018-12-31,204.8071,204.8071,48.4405,3.8405
600118.SH,2018-11-30,204.0976,204.0976,48.2727,3.8272
600118.SH,2018-10-31,191.918,191.918,45.392,3.5988
600118.SH,2018-09-30,219.3517,219.3517,53.0501,4.0834
600118.SH,2018-08-31,212.6115,212.6115,51.42,3.958
600118.SH,2018-07-31,228.3387,228.3387,55.4886,4.4614
600118.SH,2018-06-30,225.8554,225.8554,54.8852,4.3035
600118.SH,2018-05-31,248.7957,248.7957,60.4599,4.7406
600118.SH,2018-04-30,272.5637,272.5637,66.2358,5.1935
600118.SH,2018-03-31,272.5637,272.5637,66.5438,5.2572
600118.SH,2018-02-28,247.6132,247.6132,58.9324,4.9366
600118.SH,2018-01-31,279.4222,279.4222,66.503,5.5708
600118.SH,2017-12-31,298.5785,298.5785,71.0623,5.9527
600118.SH,2017-11-30,297.396,297.396,70.7808,5.9292
600118.SH,2017-10-31,317.4983,317.4983,75.5652,6.3299
600118.SH,2017-09-30,332.9889,332.9889,80.8749,6.7503
600118.SH,2017-08-31,325.0663,325.0663,78.9506,6.5897
600118.SH,2017-07-31,320.5728,320.5728,80.2903,6.6629
600118.SH,2017-06-30,329.205,329.205,82.4523,6.8423
600118.SH,2017-05-31,317.7348,317.7348,79.5795,6.4301
600118.SH,2017-04-30,359.4767,359.4767,90.0342,7.2748
600118.SH,2017-03-31,380.1703,380.1703,95.6008,7.7958
600118.SH,2017-02-28,388.0929,388.0929,102.9802,8.2262
600118.SH,2017-01-31,390.2214,390.2214,103.545,8.2713
600118.SH,2016-12-31,369.4096,369.4096,98.0226,7.8302
600118.SH,2016-11-30,387.9747,387.9747,102.9489,8.2237
600118.SH,2016-10-31,374.6126,374.6126,99.4032,7.9405
600118.SH,2016-09-30,376.3863,376.3863,99.5462,8.1043
600118.SH,2016-08-31,398.6171,398.6171,105.4257,8.5829
600118.SH,2016-07-31,393.6506,393.6506,103.7924,8.6795
600118.SH,2016-06-30,397.3163,397.3163,104.7589,8.7603
600118.SH,2016-05-31,376.3863,376.3863,99.2404,8.2989
600118.SH,2016-04-30,381.8257,381.8257,100.6746,8.2049
600118.SH,2016-03-31,422.1486,422.1486,110.0785,9.1898
600118.SH,2016-02-29,345.6416,345.6416,90.4688,7.7572
600118.SH,2016-01-31,358.8855,358.8855,93.9353,8.0544
600150.SH,2020-12-31,791.1726,243.789,167.8416,1.717
600150.SH,2020-11-30,860.4953,265.1498,182.5479,1.8674
600150.SH,2020-10-31,796.9868,245.5806,169.075,1.7296
600150.SH,2020-09-30,825.6103,254.4005,167.3017,1.7873
600150.SH,2020-08-31,934.2904,287.8888,189.3246,2.0226
600150.SH,2020-07-31,926.24,285.4082,216.8049,2.0737
600150.SH,2020-06-30,736.3148,240.3437,182.5725,1.7463
600150.SH,2020-05-31,761.6467,248.6124,188.8537,1.8064
600150.SH,2020-04-30,789.0896,257.5702,195.6583,1.8714
600150.SH,2020-03-31,778.1125,253.9871,92.08,1.6852
600150.SH,2020-02-29,265.2876,265.2876,96.1769,1.7601
600150.SH,2020-01-31,295.055,295.055,106.9687,1.9576
600150.SH,2019-12-31,299.8784,299.8784,108.7174,1.9896
600150.SH,2019-11-30,277.4151,277.4151,100.5736,1.8406
600150.SH,2019-10-31,281.6872,281.6872,102.1224,1.8689
600150.SH,2019-09-30,303.3237,303.3237,91.6304,2.0197
600150.SH,2019-08-31,335.1582,335.1582,101.2472,2.2316
600150.SH,2019-07-31,345.4941,345.4941,82.0744,2.3069
600150.SH,2019-06-30,325.2358,325.2358,77.2619,2.1717
600150.SH,2019-05-31,268.8707,268.8707,63.872,1.7953
600150.SH,2019-04-30,321.5148,321.5148,76.378,2.1259
600150.SH,2019-03-31,279.7579,279.7579,57.1852,1.8533
600150.SH,2019-02-28,204.6505,204.6505,-12.0546,1.3718
600150.SH,2019-01-31,170.7488,170.7488,-10.0577,1.1445
600150.SH,2018-12-31,180.9468,180.9468,-10.6584,1.2129
600150.SH,2018-11-30,184.8056,184.8056,-10.8857,1.2388
600150.SH,2018-10-31,152.4198,152.4198,-8.978,1.0217
600150.SH,2018-09-30,159.3104,159.3104,-7.6703,1.076
600150.SH,2018-08-31,160.5507,160.5507,-7.7301,1.0844
600150.SH,2018-07-31,152.4198,152.4198,-7.0691,1.0385
600150.SH,2018-06-30,133.5396,133.5396,-6.1935,0.9098
600150.SH,2018-05-31,172.1269,172.1269,-7.9831,1.1728
600150.SH,2018-04-30,192.1096,192.1096,-8.9099,1.3089
600150.SH,2018-03-31,262.6692,262.6692,-10.6641,1.791
600150.SH,2018-02-28,339.9816,339.9816,-13.8028,2.3182
600150.SH,2018-01-31,339.9816,339.9816,-13.8028,2.3182
600150.SH,2017-12-31,339.9816,339.9816,-13.8028,2.3182
600150.SH,2017-11-30,339.9816,339.9816,-13.8028,2.3182
600150.SH,2017-10-31,339.9816,339.9816,-13.8028,2.3182
600150.SH,2017-09-30,339.9816,339.9816,-12.8603,2.2761
600150.SH,2017-08-31,348.5259,348.5259,-13.1835,2.3333
600150.SH,2017-07-31,318.8964,318.8964,-11.4117,2.1428
600150.SH,2017-06-30,315.1755,315.1755,-11.2785,2.1178
600150.SH,2017-05-31,307.458,307.458,-11.0023,2.0659
600150.SH,2017-04-30,367.4062,367.4062,-13.1476,2.4687
600150.SH,2017-03-31,390.0073,390.0073,-71.52,2.2783
600150.SH,2017-02-28,403.7885,403.7885,-74.0472,2.3588
600150.SH,2017-01-31,386.6998,386.6998,-70.9135,2.259
600150.SH,2016-12-31,380.4983,380.4983,-69.7763,2.2228
600150.SH,2016-11-30,328.5432,328.5432,-60.2487,1.9193
600150.SH,2016-10-31,310.4899,310.4899,-56.938,1.8138
600150.SH,2016-09-30,297.26,297.26,-320.4536,1.6919
600150.SH,2016-08-31,316.967,316.967,-341.6983,1.804
600150.SH,2016-07-31,321.9283,321.9283,606.4523,1.8222
600150.SH,2016-06-30,306.769,306.769,577.895,1.7364
600150.SH,2016-05-31,312.0058,312.0058,587.7603,1.7633
600150.SH,2016-04-30,312.9705,312.9705,589.5776,1.7688
600150.SH,2016-03-31,346.1831,346.1831,454.1138,1.9598
600150.SH,2016-02-29,289.1291,289.1291,379.2718,1.6368
600150.SH,2016-01-31,309.3874,309.3874,405.8462,1.7515
600153.SH,2020-12-31,235.0977,232.77,4.1503,0.7222
600153.SH,2020-11-30,261.4423,258.8538,4.6154,0.8031
600153.SH,2020-10-31,237.0228,237.0228,4.1843,0.7316
600153.SH,2020-09-30,242.6932,242.6932,4.3544,0.7593
600153.SH,2020-08-31,272.7463,272.7463,4.8936,0.8533
600153.SH,2020-07-31,265.9418,265.9418,4.6624,0.8549
600153.SH,2020-06-30,229.6512,229.6512,4.0262,0.7383
600153.SH,2020-05-31,247.513,247.513,4.3393,0.761
600153.SH,2020-04-30,237.3063,237.3063,4.1604,0.7296
600153.SH,2020-03-31,216.8928,216.8928,4.5382,0.7752
600153.SH,2020-02-29,217.4599,217.4599,4.5501,0.7772
600153.SH,2020-01-31,242.9767,242.9767,5.084,0.8684
600153.SH,2019-12-31,254.8845,254.8845,5.3332,0.911
600153.SH,2019-11-30,226.816,226.816,4.7459,0.8107
600153.SH,2019-10-31,240.7085,240.7085,5.0365,0.8603
600153.SH,2019-09-30,246.6624,246.6624,5.073,0.8966
600153.SH,2019-08-31,242.6932,242.6932,4.9914,0.8822
600153.SH,2019-07-31,255.168,255.168,5.6323,0.9605
600153.SH,2019-06-30,251.7658,251.7658,5.5572,0.9477
600153.SH,2019-05-31,248.6471,248.6471,5.4883,0.8885
600153.SH,2019-04-30,273.0298,273.0298,6.0265,0.9756
600153.SH,2019-03-31,245.5284,245.5284,7.1835,0.994
600153.SH,2019-02-28,241.2756,241.2756,7.0591,0.9768
600153.SH,2019-01-31,217.7434,217.7434,6.3706,0.8815
600153.SH,2018-12-31,199.8816,199.8816,5.848,0.8092
600153.SH,2018-11-30,213.7741,213.7741,6.2545,0.8654
600153.SH,2018-10-31,213.4906,213.4906,6.2462,0.8643
600153.SH,2018-09-30,229.9348,229.9348,6.4181,0.9503
600153.SH,2018-08-31,235.8887,235.8887,6.5842,0.9749
600153.SH,2018-07-31,249.2141,249.2141,7.1412,1.03
600153.SH,2018-06-30,254.8845,254.8845,7.3037,1.0542
600153.SH,2018-05-31,302.5159,302.5159,8.6686,1.2512
600153.SH,2018-04-30,307.0522,307.0522,8.7986,1.27
600153.SH,2018-03-31,317.2589,317.2589,10.006,1.4477
600153.SH,2018-02-28,348.1626,348.1626,10.9806,1.5887
600153.SH,2018-01-31,358.3693,358.3693,11.3026,1.6353
600153.SH,2017-12-31,315.2743,315.2743,9.9434,1.4387
600153.SH,2017-11-30,326.6151,326.6151,10.3011,1.4904
600153.SH,2017-10-31,332.569,332.569,10.4888,1.5176
600153.SH,2017-09-30,330.3009,330.3009,11.2818,1.5556
600153.SH,2017-08-31,364.0397,364.0397,12.4341,1.7145
600153.SH,2017-07-31,373.6794,373.6794,12.6292,1.7598
600153.SH,2017-06-30,366.5914,366.5914,12.3896,1.6734
600153.SH,2017-05-31,328.3162,328.3162,11.0961,1.4987
600153.SH,2017-04-30,344.1933,344.1933,11.6327,1.5712
600153.SH,2017-03-31,311.0215,311.0215,13.2551,1.5539
600153.SH,2017-02-28,315.8413,315.8413,13.4605,1.578
600153.SH,2017-01-31,300.8148,300.8148,12.8201,1.5029
600153.SH,2016-12-31,303.3665,303.3665,12.9289,1.5157
600153.SH,2016-11-30,334.8372,334.8372,14.2701,1.6729
600153.SH,2016-10-31,314.4237,314.4237,13.4001,1.5709
600153.SH,2016-09-30,314.4237,314.4237,11.3365,1.6062
600153.SH,2016-08-31,338.2394,338.2394,12.1952,1.7279
600153.SH,2016-07-31,318.9601,318.9601,12.2771,1.6854
600153.SH,2016-06-30,340.2241,340.2241,13.0956,1.7977
600153.SH,2016-05-31,490.7732,490.7732,18.8903,2.5549
600153.SH,2016-04-30,490.7732,490.7732,18.8903,2.5549
600153.SH,2016-03-31,490.7732,490.7732,19.3002,2.7069
600153.SH,2016-02-29,490.7732,490.7732,19.3002,2.7069
600153.SH,2016-01-31,490.7732,490.7732,19.3002,2.7069
600157.SH,2020-12-31,297.718,297.718,143.4786,1.2591
600157.SH,2020-11-30,172.7186,172.7186,83.2379,0.7305
600157.SH,2020-10-31,164.0205,164.0205,79.0461,0.6937
600157.SH,2020-09-30,162.7779,162.7779,107.4777,0.6869
600157.SH,2020-08-31,186.3869,186.3869,123.0661,0.7865
600157.SH,2020-07-31,168.9908,168.9908,124.371,0.7148
600157.SH,2020-06-30,156.565,156.565,115.226,0.6623
600157.SH,2020-05-31,150.3521,150.3521,110.6536,0.636
600157.SH,2020-04-30,156.565,156.565,115.226,0.6623
600157.SH,2020-03-31,161.5353,161.5353,97.4063,0.6746
600157.SH,2020-02-29,183.9018,183.9018,110.8934,0.768
600157.SH,2020-01-31,176.4463,176.4463,106.3977,0.7369
600157.SH,2019-12-31,177.6889,177.6889,107.147,0.7421
600157.SH,2019-11-30,172.7186,172.7186,104.1499,0.7213
600157.SH,2019-10-31,178.9315,178.9315,68.4625,0.7473
600157.SH,2019-09-30,181.4166,181.4166,-100.9798,0.7586
600157.SH,2019-08-31,193.8424,193.8424,-107.8962,0.8105
600157.SH,2019-07-31,197.5701,197.5701,-47.924,0.8204
600157.SH,2019-06-30,208.7534,208.7534,-50.6366,0.8668
600157.SH,2019-05-31,227.3921,227.3921,-55.1578,0.9442
600157.SH,2019-04-30,257.214,257.214,-62.3916,1.0681
600157.SH,2019-03-31,270.8823,270.8823,122.1144,1.1136
600157.SH,2019-02-28,258.4565,258.4565,116.5128,1.0625
600157.SH,2019-01-31,195.085,195.085,87.9448,0.802
600157.SH,2018-12-31,166.5057,166.5057,75.0611,0.6845
600157.SH,2018-11-30,207.5108,207.5108,93.5463,0.8531
600157.SH,2018-10-31,207.5108,207.5108,93.5463,0.8531
600157.SH,2018-09-30,207.5108,207.5108,30.3272,0.8372
600157.SH,2018-08-31,207.5108,207.5108,30.3272,0.8372
600157.SH,2018-07-31,207.5108,207.5108,20.6235,0.8373
600157.SH,2018-06-30,221.1792,221.1792,21.982,0.8925
600157.SH,2018-05-31,259.6991,259.6991,25.8103,1.0479
600157.SH,2018-04-30,268.3972,268.3972,26.6747,1.083
600157.SH,2018-03-31,417.5067,417.5067,67.4001,1.7313
600157.SH,2018-02-28,417.5067,417.5067,67.4001,1.7313
600157.SH,2018-01-31,417.5067,195.7808,67.4001,1.7313
600157.SH,2017-12-31,417.5067,195.7808,67.4001,1.7313
600157.SH,2017-11-30,417.5067,195.7808,67.4001,1.7313
600157.SH,2017-10-31,436.1454,204.5211,70.4091,1.8086
600157.SH,2017-09-30,447.3286,209.7652,65.2095,1.8856
600157.SH,2017-08-31,457.2693,214.4266,66.6586,1.9275
600157.SH,2017-07-31,470.9376,220.8361,64.9347,1.9937
600157.SH,2017-06-30,443.6009,208.0171,61.1654,1.8672
600157.SH,2017-05-31,438.6306,205.6864,60.4801,1.8463
600157.SH,2017-04-30,452.2989,167.2818,62.3647,1.9038
600157.SH,2017-03-31,492.0615,181.9879,91.4726,2.1251
600157.SH,2017-02-28,511.9428,189.341,95.1685,2.2109
600157.SH,2017-01-31,503.2447,186.124,93.5516,2.1734
600157.SH,2016-12-31,498.2744,184.2858,92.6276,2.1519
600157.SH,2016-11-30,546.735,202.2088,101.6363,2.3612
600157.SH,2016-10-31,526.8537,194.8558,97.9404,2.2275
600157.SH,2016-09-30,497.0318,183.8262,123.9287,2.0784
600157.SH,2016-08-31,505.7299,187.0431,126.0975,2.1148
600157.SH,2016-07-31,492.0615,181.9879,79.7896,1.9587
600157.SH,2016-06-30,489.5763,181.0688,79.3867,1.9488
600157.SH,2016-05-31,513.1853,189.8005,74.97,2.2796
600157.SH,2016-04-30,493.6836,202.6684,80.0527,2.4342
600157.SH,2016-03-31,437.7104,179.6901,81.3935,2.1961
600157.SH,2016-02-29,405.246,166.3627,75.3566,2.0332
600157.SH,2016-01-31,409.7238,168.201,76.1893,2.0557
600166.SH,2020-12-31,207.1185,207.1185,95.9963,1.3372
600166.SH,2020-11-30,220.9265,220.9265,102.3961,1.4263
600166.SH,2020-10-31,204.4885,204.4885,94.7773,1.3202
600166.SH,2020-09-30,159.1196,159.1196,130.9985,1.038
600166.SH,2020-08-31,171.6125,171.6125,141.2835,1.1195
600166.SH,2020-07-31,130.8463,130.8463,-70.975,0.8768
600166.SH,2020-06-30,118.3535,118.3535,-64.1985,0.7931
600166.SH,2020-05-31,116.3809,116.3809,-63.1285,0.7798
600166.SH,2020-04-30,118.3535,118.3535,-64.1985,0.7931
600166.SH,2020-03-31,125.5862,125.5862,-7.7357,0.8293
600166.SH,2020-02-29,132.1614,132.1614,-8.1407,0.8728
600166.SH,2020-01-31,131.5038,131.5038,-8.1002,0.8684
600166.SH,2019-12-31,137.4215,137.4215,-8.4647,0.9075
600166.SH,2019-11-30,128.2162,128.2162,-7.8977,0.8467
600166.SH,2019-10-31,129.5313,129.5313,-7.9787,0.8554
600166.SH,2019-09-30,130.1888,130.1888,-5.3696,0.8711
600166.SH,2019-08-31,141.4068,141.4068,-5.8323,0.9321
600166.SH,2019-07-31,144.0748,144.0748,-4.9841,0.9446
600166.SH,2019-06-30,158.0821,158.0821,-5.4687,1.0364
600166.SH,2019-05-31,155.4141,155.4141,-5.3764,1.0189
600166.SH,2019-04-30,179.4265,179.4265,-6.2071,1.1763
600166.SH,2019-03-31,156.0811,156.0811,-9.0743,0.9182
600166.SH,2019-02-28,140.7398,140.7398,-8.1824,0.828
600166.SH,2019-01-31,114.0592,114.0592,-6.6313,0.671
600166.SH,2018-12-31,121.3964,121.3964,-7.0578,0.7142
600166.SH,2018-11-30,122.0634,122.0634,-7.0966,0.7181
600166.SH,2018-10-31,123.3974,123.3974,-7.1742,0.726
600166.SH,2018-09-30,124.7315,124.7315,-14.0099,0.6953
600166.SH,2018-08-31,124.7315,124.7315,-14.0099,0.6953
600166.SH,2018-07-31,134.0696,134.0696,-23.1581,0.7308
600166.SH,2018-06-30,135.4037,135.4037,-23.3885,0.7367
600166.SH,2018-05-31,143.4078,143.4078,-24.7711,0.7802
600166.SH,2018-04-30,157.4151,157.4151,-27.1906,0.8564
600166.SH,2018-03-31,168.0873,168.0873,35.5318,0.8843
600166.SH,2018-02-28,170.0883,170.0883,35.9548,0.8948
600166.SH,2018-01-31,182.0946,182.0946,38.4928,0.9579
600166.SH,2017-12-31,187.4307,187.4307,39.6208,0.986
600166.SH,2017-11-30,191.4328,191.4328,40.4668,1.0071
600166.SH,2017-10-31,202.105,202.105,42.7228,1.0632
600166.SH,2017-09-30,206.7741,206.7741,39.6406,1.0898
600166.SH,2017-08-31,193.4338,193.4338,37.0831,1.0195
600166.SH,2017-07-31,192.0998,192.0998,33.1385,1.0199
600166.SH,2017-06-30,189.4317,189.4317,32.6782,0.9966
600166.SH,2017-05-31,189.4317,189.4317,32.6782,0.9966
600166.SH,2017-04-30,206.7741,206.7741,35.6699,1.0878
600166.SH,2017-03-31,218.1133,218.1133,45.6901,1.1728
600166.SH,2017-02-28,233.4546,233.4546,48.9038,1.2553
600166.SH,2017-01-31,226.1175,226.1175,47.3668,1.2158
600166.SH,2016-12-31,206.1071,206.1071,43.175,1.1082
600166.SH,2016-11-30,212.1102,212.1102,44.4326,1.1405
600166.SH,2016-10-31,187.4307,187.4307,39.2627,1.0078
600166.SH,2016-09-30,178.0925,178.0925,44.6751,0.9621
600166.SH,2016-08-31,185.4296,185.4296,46.5156,1.0043
600166.SH,2016-07-31,183.4286,183.4286,51.6367,0.9935
600166.SH,2016-06-30,184.0956,184.0956,51.8244,0.9905
600166.SH,2016-05-31,180.7606,180.7606,50.8856,0.9725
600166.SH,2016-04-30,173.4234,173.4234,48.8201,0.9331
600166.SH,2016-03-31,181.4276,181.4276,53.8372,0.9947
600166.SH,2016-02-29,156.0811,131.4926,46.3158,0.8557
600166.SH,2016-01-31,156.0811,131.4926,46.3158,0.8557
600170.SH,2020-12-31,268.0224,268.0224,7.7637,0.9797
600170.SH,2020-11-30,273.365,273.365,7.9185,0.9992
600170.SH,2020-10-31,270.6937,270.6937,7.8411,0.9895
600170.SH,2020-09-30,275.1459,275.1459,8.5548,1.0353
600170.SH,2020-08-31,283.1598,283.1598,8.804,1.0654
600170.SH,2020-07-31,277.8172,277.8172,10.1511,1.0434
600170.SH,2020-06-30,273.365,273.365,9.9884,1.0267
600170.SH,2020-05-31,275.1459,275.1459,10.0535,1.0333
600170.SH,2020-04-30,292.9547,292.9547,10.7042,1.1002
600170.SH,2020-03-31,285.8312,285.8312,7.5817,1.0684
600170.SH,2020-02-29,298.2973,284.3115,7.9124,1.115
600170.SH,2020-01-31,300.9686,286.8576,8.1569,1.1618
600170.SH,2019-12-31,315.2157,300.4366,8.543,1.2168
600170.SH,2019-11-30,309.873,295.3445,8.3982,1.1962
600170.SH,2019-10-31,303.64,289.4036,8.2293,1.1722
600170.SH,2019-09-30,301.8591,287.7062,8.7565,1.1958
600170.SH,2019-08-31,320.5583,305.5288,9.299,1.2699
600170.SH,2019-07-31,338.3671,322.5026,9.4932,1.3104
600170.SH,2019-06-30,334.8054,319.1078,9.3932,1.2966
600170.SH,2019-05-31,333.0245,317.4104,9.3433,1.2897
600170.SH,2019-04-30,340.148,324.2,9.5431,1.3173
600170.SH,2019-03-31,333.0245,317.4104,11.9799,1.355
600170.SH,2019-02-28,316.1061,301.2853,11.579,1.215
600170.SH,2019-01-31,283.1598,269.8837,10.3722,1.0884
600170.SH,2018-12-31,269.8033,257.1534,10.8065,1.1429
600170.SH,2018-11-30,265.3511,252.9099,10.6282,1.1241
600170.SH,2018-10-31,268.0224,255.456,10.7352,1.1354
600170.SH,2018-09-30,276.0363,263.0942,10.5734,1.1871
600170.SH,2018-08-31,270.6937,258.0021,10.3688,1.1641
600170.SH,2018-07-31,285.8312,272.4298,10.9319,1.2381
600170.SH,2018-06-30,270.6937,258.0021,10.3529,1.1726
600170.SH,2018-05-31,308.0922,293.6471,11.7833,1.2685
600170.SH,2018-04-30,321.4488,306.3774,12.2941,1.3235
600170.SH,2018-03-31,333.0245,317.4104,12.8856,1.3863
600170.SH,2018-02-28,337.4767,321.6539,13.339,1.4015
600170.SH,2018-01-31,344.6002,328.4434,14.7373,1.4614
600170.SH,2017-12-31,331.2436,315.713,14.1661,1.4048
600170.SH,2017-11-30,342.8193,326.746,14.6611,1.4539
600170.SH,2017-10-31,343.7098,317.2347,14.6992,1.4576
600170.SH,2017-09-30,341.0384,314.7691,14.9562,1.5061
600170.SH,2017-08-31,344.6002,318.0565,15.1124,1.5218
600170.SH,2017-07-31,346.3811,319.7002,16.4844,1.5823
600170.SH,2017-06-30,340.148,313.9473,16.1877,1.5538
600170.SH,2017-05-31,322.3392,297.5102,15.3402,1.4725
600170.SH,2017-04-30,353.1828,325.9781,16.8081,1.5447
600170.SH,2017-03-31,365.1551,337.0282,17.4257,1.6686
600170.SH,2017-02-28,378.624,349.4595,17.1716,1.7489
600170.SH,2017-01-31,353.0269,341.8626,16.7983,1.7109
600170.SH,2016-12-31,337.3368,326.6687,16.0518,1.6349
600170.SH,2016-11-30,353.0269,341.8626,16.7983,1.7109
600170.SH,2016-10-31,320.2204,310.0935,15.2373,1.5519
600170.SH,2016-09-30,301.6776,292.1371,15.0851,1.5076
600170.SH,2016-08-31,321.6468,311.4748,16.0837,1.6074
600170.SH,2016-07-31,298.1116,288.684,14.9598,1.5276
600170.SH,2016-06-30,273.1501,264.5119,13.7072,1.3997
600170.SH,2016-05-31,279.5688,270.7275,14.0293,1.4326
600170.SH,2016-04-30,301.9153,292.3673,15.1507,1.4795
600170.SH,2016-03-31,319.7449,309.6331,17.0938,1.5959
600170.SH,2016-02-29,293.0005,283.7344,15.7581,1.536
600170.SH,2016-01-31,282.3027,273.375,15.1827,1.4799
600177.SH,2020-12-31,332.8253,332.8253,5.1365,1.1983
600177.SH,2020-11-30,334.6769,334.6769,5.165,1.2049
600177.SH,2020-10-31,330.0479,330.0479,5.0936,1.1883
600177.SH,2020-09-30,315.698,315.698,6.5478,1.1664
600177.SH,2020-08-31,355.9703,355.9703,7.3831,1.3152
600177.SH,2020-07-31,308.7545,308.7545,7.2619,1.3372
600177.SH,2020-06-30,275.8886,275.8886,6.4889,1.1949
600177.SH,2020-05-31,287.4611,287.4611,6.7611,1.197
600177.SH,2020-04-30,329.4215,329.4215,7.748,1.2424
600177.SH,2020-03-31,319.3935,319.3935,7.2379,1.1847
600177.SH,2020-02-29,328.4187,328.4187,7.4424,1.2182
600177.SH,2020-01-31,346.9706,346.9706,7.8629,1.287
600177.SH,2019-12-31,349.4776,349.4776,7.9197,1.2963
600177.SH,2019-11-30,335.9398,335.9398,7.6129,1.2461
600177.SH,2019-10-31,325.4103,325.4103,7.3743,1.207
600177.SH,2019-09-30,321.3991,321.3991,7.6247,1.1517
600177.SH,2019-08-31,309.8668,309.8668,7.3511,1.1103
600177.SH,2019-07-31,324.9089,324.9089,8.2853,1.189
600177.SH,2019-06-30,318.3907,318.3907,8.1191,1.1652
600177.SH,2019-05-31,339.1631,339.1631,8.6488,1.1649
600177.SH,2019-04-30,341.6701,341.6701,8.7127,1.1735
600177.SH,2019-03-31,326.2699,326.2699,-814.5514,1.2596
600177.SH,2019-02-28,305.1393,305.1393,-761.7978,1.178
600177.SH,2019-01-31,272.5481,272.5481,-680.4321,1.0522
600177.SH,2018-12-31,257.5061,257.5061,-642.8787,0.9941
600177.SH,2018-11-30,273.9807,273.9807,-684.0085,1.0578
600177.SH,2018-10-31,265.0271,265.0271,-661.6553,1.0232
600177.SH,2018-09-30,265.3852,265.3852,-101.4316,1.0905
600177.SH,2018-08-31,253.9246,253.9246,-97.0513,1.0435
600177.SH,2018-07-31,260.3712,260.3712,-57.1274,1.1133
600177.SH,2018-06-30,275.7714,275.7714,-60.5064,1.1791
600177.SH,2018-05-31,301.5579,301.5579,-66.1641,1.215
600177.SH,2018-04-30,291.888,291.888,-64.0424,1.176
600177.SH,2018-03-31,303.3486,303.3486,85.4503,1.2572
600177.SH,2018-02-28,322.6884,322.6884,90.8981,1.3374
600177.SH,2018-01-31,326.2699,326.2699,91.907,1.3522
600177.SH,2017-12-31,328.4187,328.4187,10.7439,1.3874
600177.SH,2017-11-30,332.3583,332.3583,10.8727,1.404
600177.SH,2017-10-31,347.0422,347.0422,11.3531,1.4661
600177.SH,2017-09-30,350.9818,350.9818,13.1884,1.5019
600177.SH,2017-08-31,364.5913,364.5913,13.6998,1.5601
600177.SH,2017-07-31,384.6474,384.6474,15.3916,1.7668
600177.SH,2017-06-30,362.4425,362.4425,14.5031,1.6648
600177.SH,2017-05-31,362.2378,362.2378,14.4949,1.5715
600177.SH,2017-04-30,349.9586,349.9586,14.0035,1.5183
600177.SH,2017-03-31,356.354,310.167,8.0534,1.572
600177.SH,2017-02-28,362.2378,315.2882,8.1863,1.598
600177.SH,2017-01-31,360.9587,314.1749,8.1574,1.5923
600177.SH,2016-12-31,357.6331,311.2803,8.0823,1.5777
600177.SH,2016-11-30,379.8892,330.6518,8.5853,1.6758
600177.SH,2016-10-31,364.796,317.5148,8.2442,1.6093
600177.SH,2016-09-30,363.5169,316.4015,8.0081,1.6009
600177.SH,2016-08-31,386.5405,336.441,8.5153,1.7023
600177.SH,2016-07-31,388.3312,337.9997,7.1507,1.6895
600177.SH,2016-06-30,352.7726,307.0498,6.4959,1.5348
600177.SH,2016-05-31,389.6103,339.113,7.1742,1.5565
600177.SH,2016-04-30,388.3312,337.9997,7.1507,1.5513
600177.SH,2016-03-31,336.6637,336.6637,7.6584,1.6748
600177.SH,2016-02-29,252.2751,252.2751,5.6649,1.3212
600177.SH,2016-01-31,254.5017,254.5017,5.7149,1.3328
600188.SH,2020-12-31,397.2172,298.0677,6.6363,0.8693
600188.SH,2020-11-30,439.293,336.2423,7.4864,0.9807
600188.SH,2020-10-31,359.4625,266.6851,5.9377,0.7778
600188.SH,2020-09-30,370.2631,274.0848,5.6917,0.8587
600188.SH,2020-08-31,375.0962,274.6768,5.704,0.8606
600188.SH,2020-07-31,375.9187,272.3089,5.6691,0.8532
600188.SH,2020-06-30,359.7835,259.2854,5.398,0.8174
600188.SH,2020-05-31,355.1522,250.1098,5.2377,0.7932
600188.SH,2020-04-30,350.0873,245.374,5.163,0.7819
600188.SH,2020-03-31,364.1843,255.7336,4.8962,0.6705
600188.SH,2020-02-29,366.2251,262.5413,4.6407,0.7073
600188.SH,2020-01-31,386.4844,286.5163,5.0645,0.7719
600188.SH,2019-12-31,434.9764,312.5633,5.5249,0.8421
600188.SH,2019-11-30,399.2481,277.9327,4.9128,0.7488
600188.SH,2019-10-31,447.5637,307.5315,5.4359,0.9061
600188.SH,2019-09-30,455.3947,315.2272,5.8591,0.9638
600188.SH,2019-08-31,402.9997,283.2605,5.2649,0.8661
600188.SH,2019-07-31,424.1193,304.5716,6.3262,0.8308
600188.SH,2019-06-30,447.1011,321.7389,6.6828,0.8777
600188.SH,2019-05-31,442.0108,315.5232,6.5536,0.982
600188.SH,2019-04-30,478.9097,338.9062,7.0393,1.0547
600188.SH,2019-03-31,443.1538,314.0432,6.5896,1.0284
600188.SH,2019-02-28,442.18,312.5633,6.9242,1.0518
600188.SH,2019-01-31,381.1024,261.6533,5.7964,0.8805
600188.SH,2018-12-31,367.9825,259.8774,5.7571,0.8745
600188.SH,2018-11-30,403.9063,282.3725,6.2554,0.7878
600188.SH,2018-10-31,432.3943,303.9796,6.7341,0.8481
600188.SH,2018-09-30,496.7853,340.9781,7.1423,0.9862
600188.SH,2018-08-31,484.8693,330.9145,6.9315,0.9571
600188.SH,2018-07-31,523.6276,358.1454,8.1985,1.0115
600188.SH,2018-06-30,554.8374,385.967,8.8354,1.0901
600188.SH,2018-05-31,581.1384,400.4703,9.1674,1.0874
600188.SH,2018-04-30,584.1908,427.1092,9.7772,1.5145
600188.SH,2018-03-31,564.4345,407.574,9.99,1.4804
600188.SH,2018-02-28,650.8879,465.8835,13.2617,1.4377
600188.SH,2018-01-31,748.4479,532.7765,15.1658,1.6441
600188.SH,2017-12-31,578.9303,429.7731,12.2338,1.6374
600188.SH,2017-11-30,532.9787,412.6058,11.7451,1.2733
600188.SH,2017-10-31,483.0012,353.7044,10.0684,1.0915
600188.SH,2017-09-30,513.5265,385.967,13.7414,1.2657
600188.SH,2017-08-31,528.7332,399.2864,14.2156,1.3094
600188.SH,2017-07-31,551.4278,422.0774,19.6445,1.5532
600188.SH,2017-06-30,480.8976,362.288,16.8617,1.316
600188.SH,2017-05-31,409.6278,309.8941,14.4234,1.1257
600188.SH,2017-04-30,465.9494,349.5559,16.2694,1.2697
600188.SH,2017-03-31,442.112,337.4206,112.7408,1.3329
600188.SH,2017-02-28,428.1676,320.2536,107.0048,1.2651
600188.SH,2017-01-31,428.091,322.6214,107.796,1.2745
600188.SH,2016-12-31,413.8246,321.4375,107.4004,1.2698
600188.SH,2016-11-30,442.9274,348.9639,116.5977,1.3785
600188.SH,2016-10-31,472.0461,374.1224,125.0038,1.4779
600188.SH,2016-09-30,456.2487,368.4988,74.4286,1.5048
600188.SH,2016-08-31,443.2209,368.2028,74.3688,1.5036
600188.SH,2016-07-31,413.4009,333.2768,62.2842,1.3362
600188.SH,2016-06-30,407.6807,323.8053,60.5141,1.2982
600188.SH,2016-05-31,344.9001,275.5601,51.4979,1.1035
600188.SH,2016-04-30,384.6443,312.558,58.4122,1.2516
600188.SH,2016-03-31,380.4414,314.3339,60.7709,1.3121
600188.SH,2016-02-29,365.2408,310.4861,30.1649,1.3537
600188.SH,2016-01-31,323.274,271.7123,26.3979,1.1847
600196.SH,2020-12-31,1257.8265,1085.7162,37.0283,4.1824
600196.SH,2020-11-30,1198.4016,1045.6982,35.6635,4.0283
600196.SH,2020-10-31,1246.0102,1093.559,37.2958,4.2127
600196.SH,2020-09-30,1143.5094,987.5815,35.7547,3.8095
600196.SH,2020-08-31,1262.4164,1102.4072,39.9119,4.2524
600196.SH,2020-07-31,1433.7296,1251.4192,50.0511,5.0261
600196.SH,2020-06-30,811.2879,680.7093,27.2253,2.6505
600196.SH,2020-05-31,743.2698,618.3696,24.732,2.4077
600196.SH,2020-04-30,825.3186,676.2852,27.0484,2.6332
600196.SH,2020-03-31,789.3994,660.8008,25.3542,2.641
600196.SH,2020-02-29,649.419,540.5455,25.7297,2.2489
600196.SH,2020-01-31,628.6658,526.4688,25.0597,2.1903
600196.SH,2019-12-31,651.1029,534.9148,25.4617,2.2254
600196.SH,2019-11-30,614.7997,505.7559,24.0738,2.1041
600196.SH,2019-10-31,622.2689,486.4187,24.3705,2.13
600196.SH,2019-09-30,612.9678,482.7887,24.3149,2.3206
600196.SH,2019-08-31,672.1988,528.2592,26.6049,2.5392
600196.SH,2019-07-31,642.7597,502.4671,24.8318,2.3471
600196.SH,2019-06-30,623.5979,483.3619,23.8876,2.2578
600196.SH,2019-05-31,609.3559,472.663,23.3589,2.2079
600196.SH,2019-04-30,712.7907,555.9617,27.4755,2.597
600196.SH,2019-03-31,733.1345,568.9533,28.1869,2.7282
600196.SH,2019-02-28,709.8136,549.848,26.3504,2.5855
600196.SH,2019-01-31,579.677,443.8141,21.2689,2.0869
600196.SH,2018-12-31,579.2181,444.5783,21.3055,2.0905
600196.SH,2018-11-30,692.0533,531.8891,25.4897,2.5011
600196.SH,2018-10-31,625.9659,485.0915,23.2557,2.2819
600196.SH,2018-09-30,784.3408,602.5448,26.9916,3.1584
600196.SH,2018-08-31,739.3776,557.6642,24.9812,2.9231
600196.SH,2018-07-31,923.6391,706.6294,30.6652,3.3713
600196.SH,2018-06-30,1008.0511,790.47,33.3935,3.985
600196.SH,2018-05-31,1129.7571,884.0506,37.3468,4.4568
600196.SH,2018-04-30,941.4175,734.5126,31.0304,3.7029
600196.SH,2018-03-31,1082.2002,849.6741,35.5284,4.383
600196.SH,2018-02-28,980.7043,762.0138,32.6603,3.8992
600196.SH,2018-01-31,994.4871,775.1915,33.2251,3.9667
600196.SH,2017-12-31,1097.8519,849.865,36.4257,4.3488
600196.SH,2017-11-30,891.6094,700.136,30.0082,3.5826
600196.SH,2017-10-31,961.7202,760.535,32.6112,3.8934
600196.SH,2017-09-30,820.85,652.678,28.4872,3.4593
600196.SH,2017-08-31,708.4977,558.5656,24.3795,2.9605
600196.SH,2017-07-31,705.5107,556.4657,24.9998,2.9259
600196.SH,2017-06-30,750.3245,591.5908,26.5778,3.1105
600196.SH,2017-05-31,764.375,604.7628,27.1695,3.1798
600196.SH,2017-04-30,698.9571,563.9107,24.5153,3.1277
600196.SH,2017-03-31,669.955,538.7123,24.2838,3.0706
600196.SH,2017-02-28,613.6639,491.9424,22.6587,2.8421
600196.SH,2017-01-31,593.548,475.7162,21.9116,2.7484
600196.SH,2016-12-31,551.0743,441.445,20.3465,2.5521
600196.SH,2016-11-30,566.0467,453.8272,20.9268,2.6249
600196.SH,2016-10-31,538.0909,453.2552,20.0311,2.8039
600196.SH,2016-09-30,532.3327,447.7253,20.4505,2.8608
600196.SH,2016-08-31,524.0499,444.8651,20.3199,2.8425
600196.SH,2016-07-31,478.697,412.0675,19.5496,2.7831
600196.SH,2016-06-30,428.576,362.6804,17.2065,2.4496
600196.SH,2016-05-31,437.3878,367.6382,17.4417,2.3848
600196.SH,2016-04-30,439.8196,368.2102,17.4689,2.3885
600196.SH,2016-03-31,452.7325,380.0326,18.7471,2.5366
600196.SH,2016-02-29,404.1665,342.2772,17.0989,2.3613
600196.SH,2016-01-31,410.4468,346.8537,17.3275,2.3928
600208.SH,2020-12-31,266.5796,266.5796,10.9686,0.7173
600208.SH,2020-11-30,281.1985,281.1985,11.5701,0.7566
600208.SH,2020-10-31,275.179,275.179,11.3225,0.7404
600208.SH,2020-09-30,289.7979,289.7979,10.5056,0.7893
600208.SH,2020-08-31,302.6969,302.6969,10.9732,0.8245
600208.SH,2020-07-31,293.2376,293.2376,19.8,0.7987
600208.SH,2020-06-30,256.2604,256.2604,17.3033,0.7399
600208.SH,2020-05-31,257.1204,257.1204,17.3613,0.7423
600208.SH,2020-04-30,270.0194,270.0194,18.2323,0.7796
600208.SH,2020-03-31,259.7002,259.7002,8.1336,0.7346
600208.SH,2020-02-29,270.8793,270.8793,8.4837,0.7662
600208.SH,2020-01-31,301.837,301.837,9.4532,0.8538
600208.SH,2019-12-31,325.0552,325.0552,10.1804,0.9195
600208.SH,2019-11-30,319.8956,319.8956,10.0188,0.9049
600208.SH,2019-10-31,364.6122,364.6122,11.4193,1.0314
600208.SH,2019-09-30,248.521,248.521,8.9731,0.7154
600208.SH,2019-08-31,245.9412,245.9412,8.8799,0.7258
600208.SH,2019-07-31,250.2409,250.2409,9.9051,0.7385
600208.SH,2019-06-30,270.0194,270.0194,10.6879,0.7852
600208.SH,2019-05-31,259.7002,259.7002,10.2795,0.7552
600208.SH,2019-04-30,304.4168,304.4168,12.0495,0.8853
600208.SH,2019-03-31,338.8141,338.8141,10.0781,1.0276
600208.SH,2019-02-28,314.736,314.736,9.3618,0.9546
600208.SH,2019-01-31,243.3614,243.3614,7.2388,0.7381
600208.SH,2018-12-31,249.381,249.381,7.4179,0.7563
600208.SH,2018-11-30,264.8598,264.8598,7.8783,0.8033
600208.SH,2018-10-31,267.4396,267.4396,7.955,0.8111
600208.SH,2018-09-30,267.4396,267.4396,6.2132,0.8126
600208.SH,2018-08-31,271.7393,271.7393,6.3131,0.8257
600208.SH,2018-07-31,316.4558,316.4558,8.4857,0.9697
600208.SH,2018-06-30,328.4949,328.4949,8.8085,0.9917
600208.SH,2018-05-31,351.7132,351.7132,9.4311,1.0617
600208.SH,2018-04-30,369.7718,369.7718,9.9154,1.1163
600208.SH,2018-03-31,399.8695,399.8695,5.8168,1.289
600208.SH,2018-02-28,372.3516,372.3516,5.4165,1.2003
600208.SH,2018-01-31,479.8434,479.8434,6.9802,1.5468
600208.SH,2017-12-31,448.8857,448.8857,6.5299,1.447
600208.SH,2017-11-30,430.8271,430.8271,6.2672,1.3888
600208.SH,2017-10-31,368.0519,368.0519,5.354,1.1865
600208.SH,2017-09-30,368.9118,368.9118,6.1455,1.2525
600208.SH,2017-08-31,378.3711,378.3711,6.3031,1.2846
600208.SH,2017-07-31,380.091,380.091,6.2249,1.2919
600208.SH,2017-06-30,386.9705,386.9705,6.3376,1.3153
600208.SH,2017-05-31,428.2473,428.2473,7.0136,1.4556
600208.SH,2017-04-30,417.0682,417.0682,6.8305,1.4176
600208.SH,2017-03-31,420.5079,420.5079,33.3442,1.8306
600208.SH,2017-02-28,388.6903,388.6903,30.8212,1.6921
600208.SH,2017-01-31,381.8109,381.8109,30.2757,1.6622
600208.SH,2016-12-31,357.7327,357.7327,28.3664,1.5573
600208.SH,2016-11-30,404.1691,404.1691,32.0486,1.7595
600208.SH,2016-10-31,403.3092,403.3092,31.9804,1.7558
600208.SH,2016-09-30,379.231,379.231,36.7413,1.7832
600208.SH,2016-08-31,391.2701,391.2701,37.9077,1.8398
600208.SH,2016-07-31,358.5926,358.5926,31.9517,1.7315
600208.SH,2016-06-30,363.7522,363.7522,32.4114,1.7207
600208.SH,2016-05-31,358.527,358.527,31.9459,1.5516
600208.SH,2016-04-30,333.9579,333.9579,29.7567,1.4453
600208.SH,2016-03-31,366.7167,366.7167,29.8109,1.4235
600208.SH,2016-02-29,322.1283,322.1283,26.1862,1.2504
600208.SH,2016-01-31,346.6974,346.6974,28.1835,1.3458
600221.SH,2020-12-31,254.4658,249.8272,-1.6275,0.8179
600221.SH,2020-11-30,266.0579,261.3324,-1.7025,0.8556
600221.SH,2020-10-31,259.612,254.758,-1.6596,0.834
600221.SH,2020-09-30,293.0511,287.63,-2.4959,0.8452
600221.SH,2020-08-31,275.0108,269.5504,-2.339,0.7921
600221.SH,2020-07-31,265.1959,259.6888,-3.8532,0.6538
600221.SH,2020-06-30,251.3888,246.54,-3.6581,0.6207
600221.SH,2020-05-31,271.0167,266.2632,-3.9507,0.6703
600221.SH,2020-04-30,246.3892,239.9656,-3.5605,0.6041
600221.SH,2020-03-31,261.1553,254.758,-7.0241,0.5381
600221.SH,2020-02-29,299.5619,292.5608,-8.0664,0.6179
600221.SH,2020-01-31,281.4901,274.4812,-7.5679,0.5797
600221.SH,2019-12-31,291.3906,284.3428,-7.8399,0.6006
600221.SH,2019-11-30,277.8278,271.194,-7.4773,0.5728
600221.SH,2019-10-31,289.9028,282.6992,-7.7945,0.5971
600221.SH,2019-09-30,305.0555,297.4916,-8.365,0.6282
600221.SH,2019-08-31,314.8812,307.3533,-8.6423,0.6491
600221.SH,2019-07-31,331.3815,323.7893,-8.7378,0.6709
600221.SH,2019-06-30,342.3253,333.6509,-9.0039,0.6913
600221.SH,2019-05-31,338.9924,330.3637,-8.9152,0.6845
600221.SH,2019-04-30,369.2851,359.9485,-9.7136,0.7458
600221.SH,2019-03-31,367.8473,358.3049,28.3097,0.7005
600221.SH,2019-02-28,367.8106,358.3049,28.3097,0.7005
600221.SH,2019-01-31,312.3985,304.0661,24.0243,0.5945
600221.SH,2018-12-31,317.6558,308.9969,24.4139,0.6041
600221.SH,2018-11-30,339.4479,330.3637,26.1021,0.5898
600221.SH,2018-10-31,327.3883,318.8585,25.1931,0.5693
600221.SH,2018-09-30,347.7449,338.5817,12.709,0.6031
600221.SH,2018-08-31,344.99,335.2945,12.5856,0.5972
600221.SH,2018-07-31,411.5563,401.0385,10.7195,0.7027
600221.SH,2018-06-30,544.0559,530.8829,14.1901,0.9302
600221.SH,2018-05-31,543.654,530.8829,14.1901,0.9302
600221.SH,2018-04-30,546.8623,534.1701,14.278,0.9311
600221.SH,2018-03-31,546.76,534.1701,16.4372,0.948
600221.SH,2018-02-28,546.8425,534.1701,21.9117,0.8742
600221.SH,2018-01-31,546.8515,534.1701,21.9117,0.8742
600221.SH,2017-12-31,537.4381,524.3085,21.5071,0.858
600221.SH,2017-11-30,537.7721,524.3085,21.5071,0.858
600221.SH,2017-10-31,544.7396,530.8829,21.7768,0.8688
600221.SH,2017-09-30,548.1682,534.1701,20.9091,0.9051
600221.SH,2017-08-31,556.1402,389.7981,21.2308,0.919
600221.SH,2017-07-31,553.0431,387.4357,21.7681,0.9508
600221.SH,2017-06-30,543.727,380.3485,21.3699,0.9334
600221.SH,2017-05-31,545.1294,381.5297,21.4362,0.9226
600221.SH,2017-04-30,564.6976,394.5229,22.1663,0.954
600221.SH,2017-03-31,583.1744,407.5162,18.4756,1.0361
600221.SH,2017-02-28,576.2636,402.7914,14.6339,1.0246
600221.SH,2017-01-31,564.366,394.5229,14.3335,1.0036
600221.SH,2016-12-31,551.4433,385.0733,13.9901,0.9796
600221.SH,2016-11-30,569.8171,398.0666,14.4622,1.0126
600221.SH,2016-10-31,544.7545,380.3485,13.8185,0.9676
600221.SH,2016-09-30,541.7629,377.9861,17.4975,0.9957
600221.SH,2016-08-31,412.8516,396.8854,13.3175,1.0884
600221.SH,2016-07-31,415.1933,399.2478,11.6886,1.1036
600221.SH,2016-06-30,390.3389,374.4424,10.9624,1.035
600221.SH,2016-05-31,395.2307,379.1673,11.1007,1.0481
600221.SH,2016-04-30,377.8035,362.6304,10.6166,1.0024
600221.SH,2016-03-31,389.9319,374.4424,12.861,1.1534
600221.SH,2016-02-29,370.4105,355.5431,11.4835,1.2212
600221.SH,2016-01-31,373.8767,357.9055,11.5598,1.2293
600252.SH,2020-12-31,106.6858,106.6858,17.9002,1.603
600252.SH,2020-11-30,112.246,112.246,18.8331,1.6866
600252.SH,2020-10-31,110.5084,110.5084,18.5416,1.6604
600252.SH,2020-09-30,112.246,112.246,16.0359,1.7448
600252.SH,2020-08-31,124.7563,124.7563,17.8232,1.9392
600252.SH,2020-07-31,132.4016,132.4016,18.2176,2.1186
600252.SH,2020-06-30,111.5509,111.5509,15.3487,1.7849
600252.SH,2020-05-31,110.8559,110.8559,15.2531,1.7173
600252.SH,2020-04-30,117.4586,117.4586,16.1616,1.8196
600252.SH,2020-03-31,111.5509,111.5509,14.9743,1.7447
600252.SH,2020-02-29,110.1609,110.1609,15.4554,1.7641
600252.SH,2020-01-31,113.636,113.636,15.9429,1.8197
600252.SH,2019-12-31,113.2885,113.2885,15.8942,1.8142
600252.SH,2019-11-30,101.4731,101.4731,14.2365,1.625
600252.SH,2019-10-31,102.1682,102.1682,14.334,1.6361
600252.SH,2019-09-30,99.7356,99.7356,15.5914,1.632
600252.SH,2019-08-31,101.4731,101.4731,15.8631,1.6604
600252.SH,2019-07-31,104.2532,104.2532,15.5727,1.7265
600252.SH,2019-06-30,101.8206,101.8206,15.2093,1.6862
600252.SH,2019-05-31,101.1256,101.1256,15.1055,1.6747
600252.SH,2019-04-30,112.246,112.246,16.7666,1.7968
600252.SH,2019-03-31,113.9835,113.9835,20.6661,1.9964
600252.SH,2019-02-28,109.8134,109.8134,19.91,1.9233
600252.SH,2019-01-31,87.9202,87.9202,15.9406,1.5399
600252.SH,2018-12-31,89.3103,89.3103,16.1926,1.5642
600252.SH,2018-11-30,92.7854,92.7854,16.8227,1.6251
600252.SH,2018-10-31,95.913,95.913,17.3898,1.6799
600252.SH,2018-09-30,100.7781,100.7781,18.1457,1.8011
600252.SH,2018-08-31,101.4731,101.4731,18.2708,1.8135
600252.SH,2018-07-31,112.246,112.246,19.4611,2.0627
600252.SH,2018-06-30,112.5935,112.5935,19.5214,2.0691
600252.SH,2018-05-31,126.4939,126.4939,21.9314,2.3245
600252.SH,2018-04-30,130.664,130.664,22.6544,2.3126
600252.SH,2018-03-31,139.6993,139.6993,23.094,2.4978
600252.SH,2018-02-28,137.2667,137.2667,23.3886,2.4459
600252.SH,2018-01-31,142.1319,142.1319,24.2176,2.5326
600252.SH,2017-12-31,152.5572,152.5572,25.9939,2.7184
600252.SH,2017-11-30,139.3518,139.3518,23.7439,2.4831
600252.SH,2017-10-31,144.912,143.035,24.6913,2.5822
600252.SH,2017-09-30,150.1246,148.1802,25.1824,2.7671
600252.SH,2017-08-31,151.8622,149.8952,25.4738,2.7992
600252.SH,2017-07-31,139.0043,137.2039,28.0393,2.6431
600252.SH,2017-06-30,140.3943,138.5759,28.3197,2.6696
600252.SH,2017-05-31,140.0468,138.2329,28.2496,2.5861
600252.SH,2017-04-30,156.3798,154.3543,31.5442,2.8877
600252.SH,2017-03-31,156.0323,154.0113,31.8852,2.932
600252.SH,2017-02-28,164.3726,162.2436,46.3756,3.1089
600252.SH,2017-01-31,164.7201,162.5866,46.4736,3.1155
600252.SH,2016-12-31,159.1599,157.0984,44.9049,3.0103
600252.SH,2016-11-30,169.2377,167.0457,47.7482,3.2009
600252.SH,2016-10-31,156.3798,154.3543,44.1205,2.9577
600252.SH,2016-09-30,151.5147,149.5522,83.8584,2.9352
600252.SH,2016-08-31,156.7273,154.6974,86.7435,3.0362
600252.SH,2016-07-31,152.2097,150.2382,34.6321,3.0215
600252.SH,2016-06-30,150.8197,148.8662,34.3158,2.9939
600252.SH,2016-05-31,153.9472,151.9533,35.0275,3.056
600252.SH,2016-04-30,162.635,160.5285,37.0042,3.2284
600252.SH,2016-03-31,170.9753,168.7608,32.8698,3.4534
600252.SH,2016-02-29,158.4649,156.4124,10.8726,3.254
600252.SH,2016-01-31,172.0178,169.7898,11.8025,3.5323
600256.SH,2020-12-31,191.1391,191.1391,17.1927,1.1913
600256.SH,2020-11-30,205.3226,205.3226,18.4685,1.2797
600256.SH,2020-10-31,195.6554,194.5161,17.5989,1.2129
600256.SH,2020-09-30,192.938,191.8145,13.2176,1.1816
600256.SH,2020-08-31,197.6935,196.5424,13.5434,1.2107
600256.SH,2020-07-31,199.7316,198.5686,14.1162,1.2315
600256.SH,2020-06-30,183.427,182.3589,12.9638,1.1309
600256.SH,2020-05-31,177.9921,176.9557,12.5797,1.0974
600256.SH,2020-04-30,171.1985,170.2016,12.0996,1.0556
600256.SH,2020-03-31,175.2746,174.254,11.1155,1.1256
600256.SH,2020-02-29,192.938,191.8145,12.2356,1.239
600256.SH,2020-01-31,220.8042,219.5061,14.0028,1.4179
600256.SH,2019-12-31,224.8806,222.9981,14.2613,1.4441
600256.SH,2019-11-30,220.8042,218.9559,14.0028,1.4179
600256.SH,2019-10-31,223.5218,221.6507,14.1752,1.4353
600256.SH,2019-09-30,225.56,223.6718,13.5962,1.4792
600256.SH,2019-08-31,224.8806,222.9981,13.5553,1.4747
600256.SH,2019-07-31,236.4303,234.4512,14.2393,1.5858
600256.SH,2019-06-30,241.8655,239.8409,14.5667,1.6222
600256.SH,2019-05-31,252.0565,249.9465,15.1804,1.6169
600256.SH,2019-04-30,275.156,272.8527,16.5716,1.7651
600256.SH,2019-03-31,295.5379,293.064,16.9479,1.9493
600256.SH,2019-02-28,295.5379,293.064,16.7145,1.988
600256.SH,2019-01-31,252.7359,250.6202,14.2938,1.7001
600256.SH,2018-12-31,253.3151,253.3151,14.3265,1.7189
600256.SH,2018-11-30,268.1367,268.1367,15.1648,1.8195
600256.SH,2018-10-31,297.78,297.78,16.8413,2.0206
600256.SH,2018-09-30,344.266,344.266,24.3664,2.3883
600256.SH,2018-08-31,299.1274,299.1274,21.1716,2.0751
600256.SH,2018-07-31,309.9068,309.9068,26.8286,1.9855
600256.SH,2018-06-30,275.5475,275.5475,23.8541,1.7654
600256.SH,2018-05-31,284.9795,284.9795,24.6707,1.7873
600256.SH,2018-04-30,270.8316,270.8316,23.4459,1.6985
600256.SH,2018-03-31,256.6836,256.6836,68.8079,1.7815
600256.SH,2018-02-28,231.8313,231.8313,80.1856,2.0761
600256.SH,2018-01-31,262.6377,262.6377,90.8409,2.352
600256.SH,2017-12-31,264.2041,264.2041,91.3827,2.366
600256.SH,2017-11-30,226.6098,226.6098,78.3796,2.0293
600256.SH,2017-10-31,219.822,219.822,76.0318,1.9686
600256.SH,2017-09-30,219.822,219.822,88.8153,1.9849
600256.SH,2017-08-31,223.9991,223.9991,90.503,2.0226
600256.SH,2017-07-31,228.6984,228.6984,109.43,2.0736
600256.SH,2017-06-30,216.167,216.167,103.4338,1.96
600256.SH,2017-05-31,214.6006,214.6006,102.6843,1.9185
600256.SH,2017-04-30,226.0877,226.0877,108.1808,2.0212
600256.SH,2017-03-31,244.8848,244.8848,346.0374,2.2059
600256.SH,2017-02-28,241.752,241.752,341.6104,2.1777
600256.SH,2017-01-31,228.6984,228.6984,323.1649,2.0601
600256.SH,2016-12-31,243.8405,243.8405,344.5617,2.1965
600256.SH,2016-11-30,230.2648,230.2648,325.3784,2.0743
600256.SH,2016-10-31,221.3884,221.3884,312.8355,1.9943
600256.SH,2016-09-30,213.5563,213.5563,-235.9959,1.9445
600256.SH,2016-08-31,230.787,230.787,-255.0371,2.1014
600256.SH,2016-07-31,238.6191,238.6191,199.2175,2.1895
600256.SH,2016-06-30,214.0784,214.0784,178.7291,1.9643
600256.SH,2016-05-31,222.4327,222.4327,185.7039,2.041
600256.SH,2016-04-30,242.2741,242.2741,202.269,2.223
600256.SH,2016-03-31,234.442,234.442,54.9119,2.145
600256.SH,2016-02-29,211.9898,211.9898,49.6531,1.9395
600256.SH,2016-01-31,222.4327,222.4327,52.0991,2.0351
600271.SH,2020-12-31,233.4591,233.4591,51.166,2.033
600271.SH,2020-11-30,257.2633,256.6195,56.3831,2.2291
600271.SH,2020-10-31,288.2835,287.5621,63.1816,2.4979
600271.SH,2020-09-30,292.9273,292.1942,35.5003,2.6276
600271.SH,2020-08-31,334.5344,333.6972,40.5429,3.0008
600271.SH,2020-07-31,324.8754,324.0624,66.5441,3.0692
600271.SH,2020-06-30,301.6568,300.8962,61.7882,2.739
600271.SH,2020-05-31,297.0734,295.5231,60.8494,2.6817
600271.SH,2020-04-30,319.7962,318.1273,65.5037,2.8868
600271.SH,2020-03-31,355.5568,353.7013,18.6299,3.1959
600271.SH,2020-02-29,439.555,437.2611,23.0312,3.9509
600271.SH,2020-01-31,426.5174,424.2915,22.3481,3.8337
600271.SH,2019-12-31,431.5462,429.2941,22.6115,3.8789
600271.SH,2019-11-30,384.6099,382.6027,20.1523,3.457
600271.SH,2019-10-31,383.6786,381.6763,20.1035,3.4487
600271.SH,2019-09-30,390.1974,388.1611,20.31,3.6691
600271.SH,2019-08-31,397.8332,395.757,20.7075,3.7409
600271.SH,2019-07-31,426.3297,424.1048,21.0088,3.9411
600271.SH,2019-06-30,429.3097,427.0693,21.1557,3.9686
600271.SH,2019-05-31,427.4472,425.2165,21.0639,3.8177
600271.SH,2019-04-30,474.5688,472.0922,23.386,4.2385
600271.SH,2019-03-31,520.2004,517.4856,32.1508,4.8733
600271.SH,2019-02-28,529.1405,524.6793,41.0608,5.3314
600271.SH,2019-01-31,453.1499,449.3294,35.164,4.5657
600271.SH,2018-12-31,426.3296,422.7353,33.0827,4.2955
600271.SH,2018-11-30,459.1099,455.2391,35.6265,4.4292
600271.SH,2018-10-31,437.691,434.0008,33.9644,4.2226
600271.SH,2018-09-30,518.3379,513.9678,38.3033,5.2509
600271.SH,2018-08-31,528.023,523.5712,39.019,5.349
600271.SH,2018-07-31,506.4178,502.1482,40.1228,5.287
600271.SH,2018-06-30,470.6575,466.6894,37.2896,4.9136
600271.SH,2018-05-31,502.7837,498.4545,39.8349,5.066
600271.SH,2018-04-30,435.5348,431.7846,34.5068,4.3884
600271.SH,2018-03-31,471.1152,467.0587,30.2662,4.5955
600271.SH,2018-02-28,375.3646,372.1326,21.8975,3.8035
600271.SH,2018-01-31,383.3749,380.0739,22.3648,3.8847
600271.SH,2017-12-31,401.2583,397.8033,23.4081,4.0659
600271.SH,2017-11-30,410.7588,407.222,23.9623,4.1622
600271.SH,2017-10-31,349.2847,346.2772,20.3761,3.5393
600271.SH,2017-09-30,350.4024,347.3853,23.3635,3.6728
600271.SH,2017-08-31,367.7269,364.5607,24.5186,3.8544
600271.SH,2017-07-31,358.0401,354.9572,22.908,3.83
600271.SH,2017-06-30,384.4926,381.182,24.6004,4.1129
600271.SH,2017-05-31,338.6664,335.7504,21.6684,3.6227
600271.SH,2017-04-30,378.3451,375.0874,24.2071,3.8551
600271.SH,2017-03-31,391.1988,387.8304,25.4697,4.4686
600271.SH,2017-02-28,380.9531,377.6729,30.0522,4.3186
600271.SH,2017-01-31,382.4746,382.4746,30.1722,4.6846
600271.SH,2016-12-31,368.4388,368.4388,29.065,4.2816
600271.SH,2016-11-30,421.0729,421.0729,33.2171,4.8933
600271.SH,2016-10-31,407.0371,407.0371,32.1099,4.7302
600271.SH,2016-09-30,407.5912,407.5912,30.0735,4.9236
600271.SH,2016-08-31,417.1944,417.1944,30.782,5.0396
600271.SH,2016-07-31,430.1221,430.1221,26.8083,5.3552
600271.SH,2016-06-30,439.5408,439.5408,27.3953,5.4725
600271.SH,2016-05-31,467.0579,467.0579,29.1104,5.8151
600271.SH,2016-04-30,491.0646,491.0646,30.6067,5.7756
600271.SH,2016-03-31,516.2734,516.2734,33.2075,6.3489
600271.SH,2016-02-29,516.2734,516.2734,34.9793,6.6128
600271.SH,2016-01-31,516.2734,516.2734,34.9793,6.6128
600276.SH,2020-12-31,5942.7318,5902.6295,101.5552,20.2014
600276.SH,2020-11-30,4584.7435,4553.805,78.3486,15.5851
600276.SH,2020-10-31,4736.6974,4704.7336,80.9453,16.1016
600276.SH,2020-09-30,4766.5232,4756.6318,85.4601,17.9551
600276.SH,2020-08-31,5034.514,5024.0666,90.265,18.9646
600276.SH,2020-07-31,5008.511,4998.1174,91.885,19.9653
600276.SH,2020-06-30,4898.1306,4887.9661,89.86,19.5253
600276.SH,2020-05-31,4176.4125,4167.7457,76.6195,16.6483
600276.SH,2020-04-30,4112.7315,4104.1969,75.4512,15.7556
600276.SH,2020-03-31,4070.3159,4061.3897,76.3944,16.4289
600276.SH,2020-02-29,3719.1445,3710.9883,76.0782,16.0632
600276.SH,2020-01-31,3891.6342,3881.1889,79.6066,16.8082
600276.SH,2019-12-31,3870.847,3854.3064,79.1814,16.7184
600276.SH,2019-11-30,3799.1974,3782.963,77.7157,16.4089
600276.SH,2019-10-31,4019.4535,4002.278,82.2213,17.3602
600276.SH,2019-09-30,3568.3265,3553.0786,78.1105,16.3921
600276.SH,2019-08-31,3540.4628,3525.334,77.5006,16.2641
600276.SH,2019-07-31,2960.6318,2947.9807,68.7119,14.4983
600276.SH,2019-06-30,2919.0574,2906.5839,67.747,14.2947
600276.SH,2019-05-31,2749.2213,2737.4736,63.8054,13.463
600276.SH,2019-04-30,2908.1452,2895.5741,67.4937,14.238
600276.SH,2019-03-31,2893.5491,2881.0412,71.1713,15.2958
600276.SH,2019-02-28,2650.1348,2638.6791,65.1842,13.4332
600276.SH,2019-01-31,2176.5015,2167.0932,57.2643,11.7358
600276.SH,2018-12-31,1942.2957,1931.6775,51.1022,10.473
600276.SH,2018-11-30,2409.9195,2396.7449,63.4055,12.9944
600276.SH,2018-10-31,2267.6481,2255.0275,59.6623,12.2212
600276.SH,2018-09-30,2338.351,2325.3369,65.8137,13.6971
600276.SH,2018-08-31,2435.9357,2422.3786,68.5603,14.2688
600276.SH,2018-07-31,2536.0981,2521.9836,75.6085,15.823
600276.SH,2018-06-30,2789.8184,2774.2918,83.1726,17.4059
600276.SH,2018-05-31,2803.4434,2787.841,83.5788,17.4909
600276.SH,2018-04-30,2364.6946,2351.534,70.4984,14.4222
600276.SH,2018-03-31,2464.6871,2450.9699,82.4827,16.4835
600276.SH,2018-02-28,2053.1033,2041.6768,68.7087,13.7309
600276.SH,2018-01-31,2144.0313,2132.0988,71.7517,14.339
600276.SH,2017-12-31,1943.0859,1942.6896,65.0269,13.4668
600276.SH,2017-11-30,1836.3261,1835.9515,61.4541,12.7269
600276.SH,2017-10-31,1893.7905,1893.4042,63.3772,13.1251
600276.SH,2017-09-30,1688.158,1687.8137,59.2739,12.3591
600276.SH,2017-08-31,1525.0642,1524.7494,53.5475,11.165
600276.SH,2017-07-31,1442.2476,1441.95,53.0929,11.193
600276.SH,2017-06-30,1425.0646,1422.7347,52.4603,11.0596
600276.SH,2017-05-31,1402.5602,1400.2364,51.6319,10.8846
600276.SH,2017-04-30,1258.9426,1256.8568,46.345,9.5355
600276.SH,2017-03-31,1275.3748,1273.2618,49.2622,10.2953
600276.SH,2017-02-28,1182.8849,1180.9251,46.7816,10.6921
600276.SH,2017-01-31,1122.79,1120.9297,44.4049,10.1489
600276.SH,2016-12-31,1068.0942,1066.1067,42.2417,9.6545
600276.SH,2016-11-30,1100.051,1097.9727,43.5056,9.9428
600276.SH,2016-10-31,1083.1488,1081.1025,42.8371,9.79
600276.SH,2016-09-30,1034.1896,1032.1318,42.653,9.3455
600276.SH,2016-08-31,1017.5204,1015.4959,41.9656,9.1949
600276.SH,2016-07-31,1025.5028,1023.4624,44.4221,9.8308
600276.SH,2016-06-30,941.6877,938.4149,40.7915,9.0273
600276.SH,2016-05-31,898.8019,895.6781,38.9338,8.4575
600276.SH,2016-04-30,913.2798,910.1057,39.5609,8.5938
600276.SH,2016-03-31,924.0403,920.8289,46.8972,9.823
600276.SH,2016-02-29,879.8241,876.7663,44.6531,9.353
600276.SH,2016-01-31,860.8464,857.8545,43.69,9.1512
600309.SH,2020-12-31,2858.4253,1296.1878,37.7108,6.5044
600309.SH,2020-11-30,2549.4743,1156.0902,33.6348,5.8013
600309.SH,2020-10-31,2464.3871,1117.5064,32.5123,5.6077
600309.SH,2020-09-30,2175.8444,986.6632,29.6268,5.2676
600309.SH,2020-08-31,2301.1203,1043.4711,31.3326,5.5709
600309.SH,2020-07-31,2122.1547,962.317,24.361,5.3551
600309.SH,2020-06-30,1569.5593,711.7358,18.0176,3.9607
600309.SH,2020-05-31,1459.3542,661.762,16.7525,3.6826
600309.SH,2020-04-30,1412.886,640.6904,16.2191,3.2324
600309.SH,2020-03-31,1295.1455,587.2995,12.7853,3.0572
600309.SH,2020-02-29,1476.9368,669.735,15.5653,3.6611
600309.SH,2020-01-31,1629.8425,739.072,17.1767,4.0401
600309.SH,2019-12-31,1763.5957,799.724,18.5864,4.3717
600309.SH,2019-11-30,1519.9513,689.2405,16.0186,3.7677
600309.SH,2019-10-31,1432.0384,649.3753,15.0921,3.5498
600309.SH,2019-09-30,1386.1981,628.5885,14.935,3.6531
600309.SH,2019-08-31,1403.7807,636.5615,15.1244,3.6995
600309.SH,2019-07-31,1380.8606,626.1681,14.004,3.9802
600309.SH,2019-06-30,1343.4976,609.2254,13.6251,3.8725
600309.SH,2019-05-31,1194.3596,541.5969,12.1126,3.4426
600309.SH,2019-04-30,1420.1074,643.965,14.402,3.466
600309.SH,2019-03-31,1429.5266,648.2363,13.4729,3.2134
600309.SH,2019-02-28,1283.2144,581.8892,10.3948,2.8845
600309.SH,2019-01-31,894.0222,894.0222,7.2421,2.7816
600309.SH,2018-12-31,765.2502,765.2502,6.199,2.381
600309.SH,2018-11-30,789.5829,789.5829,6.3961,2.4567
600309.SH,2018-10-31,774.2724,774.2724,6.272,2.409
600309.SH,2018-09-30,1161.1352,1161.1352,8.7807,3.8562
600309.SH,2018-08-31,1347.8683,1347.8683,10.1928,4.4763
600309.SH,2018-07-31,1393.2529,1393.2529,10.536,4.627
600309.SH,2018-06-30,1241.7886,1241.7886,9.9459,4.6482
600309.SH,2018-05-31,996.2743,996.2743,7.9795,3.7292
600309.SH,2018-04-30,996.2743,996.2743,7.9795,3.7292
600309.SH,2018-03-31,996.2743,996.2743,8.9474,4.2983
600309.SH,2018-02-28,996.2743,996.2743,11.0818,5.0161
600309.SH,2018-01-31,996.2743,996.2743,11.0818,5.0161
600309.SH,2017-12-31,1037.2845,984.4678,11.538,4.3288
600309.SH,2017-11-30,1052.5949,998.9986,11.7083,4.3926
600309.SH,2017-10-31,1013.7719,962.1525,11.2765,4.2306
600309.SH,2017-09-30,1152.3864,1093.7089,16.0668,5.4854
600309.SH,2017-08-31,985.0648,934.907,13.7339,4.689
600309.SH,2017-07-31,947.062,898.8393,17.4386,5.163
600309.SH,2017-06-30,783.0213,743.1512,14.418,4.2687
600309.SH,2017-05-31,632.3772,600.1776,11.6442,3.4475
600309.SH,2017-04-30,634.7466,602.4265,11.6878,3.258
600309.SH,2017-03-31,617.6591,586.2089,16.7848,3.8364
600309.SH,2017-02-28,597.3818,566.9642,16.2338,3.7104
600309.SH,2017-01-31,556.5994,528.2584,20.8133,3.4571
600309.SH,2016-12-31,465.5507,465.5507,17.4087,3.4132
600309.SH,2016-11-30,451.2793,451.2793,16.875,3.3086
600309.SH,2016-10-31,451.4955,451.4955,16.8831,3.3102
600309.SH,2016-09-30,444.576,444.576,22.6938,3.5544
600309.SH,2016-08-31,441.5487,441.5487,22.5393,3.5302
600309.SH,2016-07-31,413.0059,413.0059,26.0981,3.5665
600309.SH,2016-06-30,374.0839,374.0839,23.6386,3.2304
600309.SH,2016-05-31,343.8112,343.8112,21.7257,2.969
600309.SH,2016-04-30,348.5684,348.5684,22.0263,3.01
600309.SH,2016-03-31,318.9444,318.9444,19.8134,2.7564
600309.SH,2016-02-29,278.7249,278.7249,15.8613,2.4493
600309.SH,2016-01-31,295.5912,295.5912,16.8211,2.5975
600317.SH,2020-12-31,166.3557,166.3557,15.1877,1.283
600317.SH,2020-11-30,165.7084,165.7084,15.1286,1.278
600317.SH,2020-10-31,163.1192,163.1192,14.8922,1.2581
600317.SH,2020-09-30,167.003,167.003,15.7974,1.3188
600317.SH,2020-08-31,166.3557,166.3557,15.7362,1.3137
600317.SH,2020-07-31,172.8286,172.8286,17.107,1.4013
600317.SH,2020-06-30,143.0529,143.0529,14.1598,1.1314
600317.SH,2020-05-31,137.8745,137.8745,13.6472,1.0904
600317.SH,2020-04-30,138.5218,138.5218,13.7113,1.0955
600317.SH,2020-03-31,139.8164,139.8164,13.8209,1.1326
600317.SH,2020-02-29,141.111,141.111,11.0637,1.1591
600317.SH,2020-01-31,156.6462,156.6462,12.2817,1.2867
600317.SH,2019-12-31,165.0611,165.0611,12.9415,1.3558
600317.SH,2019-11-30,161.8246,161.8246,12.6877,1.3292
600317.SH,2019-10-31,168.9449,168.9449,13.246,1.3877
600317.SH,2019-09-30,165.7084,165.7084,13.5511,1.3916
600317.SH,2019-08-31,168.2976,168.2976,13.7629,1.4134
600317.SH,2019-07-31,174.7705,174.7705,15.8689,1.4637
600317.SH,2019-06-30,178.6543,178.6543,16.2216,1.4962
600317.SH,2019-05-31,169.5922,169.5922,15.3987,1.4203
600317.SH,2019-04-30,180.5962,180.5962,16.3979,1.5125
600317.SH,2019-03-31,196.7787,196.7787,19.6601,1.6906
600317.SH,2019-02-28,173.4759,173.4759,25.098,1.548
600317.SH,2019-01-31,148.8786,148.8786,21.5393,1.3285
600317.SH,2018-12-31,146.2894,146.2894,21.1647,1.3054
600317.SH,2018-11-30,165.0611,165.0611,23.8805,1.4729
600317.SH,2018-10-31,177.3597,177.3597,25.6599,1.5826
600317.SH,2018-09-30,163.7665,163.7665,25.9071,1.4895
600317.SH,2018-08-31,148.8786,148.8786,23.5519,1.3541
600317.SH,2018-07-31,150.8205,150.8205,26.8929,1.3921
600317.SH,2018-06-30,146.2894,146.2894,26.085,1.3304
600317.SH,2018-05-31,183.8327,183.8327,32.7794,1.6719
600317.SH,2018-04-30,191.6003,191.6003,34.1644,1.7425
600317.SH,2018-03-31,196.7787,196.7787,36.1251,1.8438
600317.SH,2018-02-28,200.0152,200.0152,36.7193,1.8741
600317.SH,2018-01-31,216.8449,216.8449,39.8089,2.0318
600317.SH,2017-12-31,219.4341,219.4341,40.2843,2.0561
600317.SH,2017-11-30,220.0814,220.0814,40.4031,2.0622
600317.SH,2017-10-31,225.9071,225.9071,41.4726,2.1167
600317.SH,2017-09-30,221.376,221.376,42.1311,2.1049
600317.SH,2017-08-31,231.0855,231.0855,43.979,2.1972
600317.SH,2017-07-31,225.9071,225.9071,40.8736,2.1635
600317.SH,2017-06-30,222.0233,222.0233,40.1709,2.1263
600317.SH,2017-05-31,216.1976,216.1976,39.1168,2.0414
600317.SH,2017-04-30,229.7909,229.7909,41.5763,2.1697
600317.SH,2017-03-31,242.0896,242.0896,59.1183,2.3558
600317.SH,2017-02-28,232.3801,232.3801,56.7472,2.2613
600317.SH,2017-01-31,223.9652,223.9652,54.6923,2.1794
600317.SH,2016-12-31,224.6125,224.6125,54.8504,2.1857
600317.SH,2016-11-30,236.2639,236.2639,57.6956,2.2991
600317.SH,2016-10-31,227.2017,227.2017,55.4827,2.2109
600317.SH,2016-09-30,222.6706,222.6706,55.8296,2.1958
600317.SH,2016-08-31,237.5585,237.5585,59.5624,2.3426
600317.SH,2016-07-31,243.3842,243.3842,53.308,2.413
600317.SH,2016-06-30,217.4922,217.4922,47.637,2.1563
600317.SH,2016-05-31,225.2598,225.2598,49.3383,2.2333
600317.SH,2016-04-30,231.0855,231.0855,50.6143,2.2911
600317.SH,2016-03-31,271.218,271.218,54.2319,2.7189
600317.SH,2016-02-29,206.4882,206.4882,40.3725,2.0823
600317.SH,2016-01-31,216.8449,216.8449,42.3974,2.1867
600315.SH,2020-12-31,235.4588,233.1246,71.6161,3.6391
600315.SH,2020-11-30,254.103,251.5839,76.5207,3.9689
600315.SH,2020-10-31,276.6886,276.6886,84.1564,4.365
600315.SH,2020-09-30,253.0607,253.0607,85.3254,4.0676
600315.SH,2020-08-31,278.9709,278.9709,94.0617,4.484
600315.SH,2020-07-31,312.4662,312.4662,70.5316,4.9361
600315.SH,2020-06-30,321.528,321.528,72.5771,5.0793
600315.SH,2020-05-31,258.9677,258.9677,58.4556,4.091
600315.SH,2020-04-30,217.6859,217.6859,49.1373,3.4388
600315.SH,2020-03-31,168.282,168.282,30.2073,2.6772
600315.SH,2020-02-29,172.7794,172.7794,31.0146,2.7487
600315.SH,2020-01-31,190.9702,190.9702,30.4571,3.0741
600315.SH,2019-12-31,207.6843,207.6843,33.1228,3.3432
600315.SH,2019-11-30,201.3745,201.3745,32.1165,3.2416
600315.SH,2019-10-31,222.1832,222.1832,35.4352,3.5766
600315.SH,2019-09-30,230.5738,230.5738,34.5433,3.7796
600315.SH,2019-08-31,228.493,228.493,34.2315,3.7455
600315.SH,2019-07-31,209.8994,209.8994,33.6908,3.453
600315.SH,2019-06-30,209.0939,209.0939,33.5616,3.4398
600315.SH,2019-05-31,189.4263,189.4263,30.4047,3.1162
600315.SH,2019-04-30,202.717,202.717,32.538,3.3349
600315.SH,2019-03-31,212.0474,212.0474,39.2404,3.6478
600315.SH,2019-02-28,207.9528,207.9528,38.4072,3.5787
600315.SH,2019-01-31,190.8359,190.8359,35.2459,3.2841
600315.SH,2018-12-31,183.2508,183.2508,33.845,3.1536
600315.SH,2018-11-30,178.743,178.6192,33.0124,3.0714
600315.SH,2018-10-31,172.1602,172.041,31.7966,2.9583
600315.SH,2018-09-30,198.1555,198.0183,40.4083,3.5279
600315.SH,2018-08-31,197.6853,197.5484,40.3125,3.5196
600315.SH,2018-07-31,255.587,255.41,59.136,4.6633
600315.SH,2018-06-30,266.2001,266.0158,61.5916,4.7521
600315.SH,2018-05-31,300.9277,300.7193,69.6267,5.372
600315.SH,2018-04-30,272.9844,272.7954,63.1613,4.8732
600315.SH,2018-03-31,269.0213,268.835,69.0149,5.0254
600315.SH,2018-02-28,228.8301,228.2916,270.0212,4.1489
600315.SH,2018-01-31,229.5029,228.9629,270.8151,4.1611
600315.SH,2017-12-31,248.4233,247.6236,293.1414,4.4951
600315.SH,2017-11-30,246.1337,245.3413,290.4396,4.4537
600315.SH,2017-10-31,247.2785,246.4824,291.7905,4.4744
600315.SH,2017-09-30,216.6381,215.9406,361.6227,3.9937
600315.SH,2017-08-31,207.6143,206.9459,346.5598,3.8273
600315.SH,2017-07-31,207.4796,206.8117,105.3906,3.9074
600315.SH,2017-06-30,218.5236,217.8201,111.0005,4.1154
600315.SH,2017-05-31,191.1156,190.5003,97.0784,3.5541
600315.SH,2017-04-30,202.9677,202.3143,103.0987,3.7745
600315.SH,2017-03-31,203.0351,202.376,93.9904,3.857
600315.SH,2017-02-28,193.2032,192.576,10.4268,3.5179
600315.SH,2017-01-31,183.2366,182.6418,9.8889,3.3365
600315.SH,2016-12-31,182.5632,181.9279,9.8526,3.3242
600315.SH,2016-11-30,189.0953,188.4373,10.2051,3.4431
600315.SH,2016-10-31,182.4285,181.7937,9.8453,3.3217
600315.SH,2016-09-30,189.2008,188.3702,9.745,3.488
600315.SH,2016-08-31,196.0759,195.2151,10.0991,3.6147
600315.SH,2016-07-31,199.8505,198.9731,9.3059,3.8537
600315.SH,2016-06-30,194.3909,193.5374,9.0517,3.3211
600315.SH,2016-05-31,187.3135,186.4912,8.7221,3.2002
600315.SH,2016-04-30,191.2903,190.4505,8.9073,3.2681
600315.SH,2016-03-31,206.8605,205.9523,9.3604,3.6109
600315.SH,2016-02-29,198.2328,197.3626,20.6436,4.5607
600315.SH,2016-01-31,204.8384,203.9391,21.3315,4.7126
600332.SH,2020-12-31,446.4247,411.2231,17.6885,1.838
600332.SH,2020-11-30,467.4898,430.2026,18.5049,1.9228
600332.SH,2020-10-31,464.0907,429.0779,18.4565,1.9178
600332.SH,2020-09-30,461.8093,424.4385,20.4035,1.964
600332.SH,2020-08-31,496.5702,457.0551,21.9715,2.1149
600332.SH,2020-07-31,569.1016,522.4291,20.3696,2.4743
600332.SH,2020-06-30,493.8138,454.5245,17.722,2.0715
600332.SH,2020-05-31,461.8458,423.7355,16.5215,1.9311
600332.SH,2020-04-30,475.5427,434.4203,16.9382,1.9798
600332.SH,2020-03-31,484.5673,442.5745,16.19,2.1187
600332.SH,2020-02-29,526.0195,478.987,17.522,2.293
600332.SH,2020-01-31,578.8333,529.7397,19.3786,2.5359
600332.SH,2019-12-31,553.035,500.6378,18.314,2.3966
600332.SH,2019-11-30,513.9222,467.3182,17.0951,2.2371
600332.SH,2019-10-31,523.9506,474.7694,17.3677,2.2728
600332.SH,2019-09-30,539.1182,487.8442,16.7426,2.4687
600332.SH,2019-08-31,577.0746,518.7738,17.8041,2.6252
600332.SH,2019-07-31,592.0573,403.1919,15.5212,2.7315
600332.SH,2019-06-30,644.1801,438.8621,16.8944,2.8844
600332.SH,2019-05-31,607.2517,414.4393,15.9542,2.7239
600332.SH,2019-04-30,716.2216,487.2794,18.7582,3.2026
600332.SH,2019-03-31,613.5628,417.7599,18.4267,2.924
600332.SH,2019-02-28,586.1071,403.0848,15.2364,2.8213
600332.SH,2019-01-31,527.6313,358.845,13.5641,2.5116
600332.SH,2018-12-31,556.7923,383.0537,14.4792,2.6811
600332.SH,2018-11-30,594.1752,405.7627,15.3376,2.84
600332.SH,2018-10-31,573.9431,394.8367,14.9246,2.7636
600332.SH,2018-09-30,568.5429,392.0516,16.8925,2.8512
600332.SH,2018-08-31,551.2554,377.912,16.2832,2.7484
600332.SH,2018-07-31,576.2371,390.4448,23.8744,3.0936
600332.SH,2018-06-30,599.0891,407.5837,24.9224,3.1283
600332.SH,2018-05-31,695.3936,473.6755,28.9637,3.6355
600332.SH,2018-04-30,549.1222,377.3764,23.0753,2.8964
600332.SH,2018-03-31,469.3057,324.9958,23.9257,2.6138
600332.SH,2018-02-28,400.2226,276.15,21.6351,2.2812
600332.SH,2018-01-31,428.3008,295.3241,23.1373,2.4396
600332.SH,2017-12-31,494.2231,344.277,26.9726,2.8439
600332.SH,2017-11-30,493.6069,344.277,26.9726,2.8439
600332.SH,2017-10-31,503.1452,344.277,26.9726,2.8439
600332.SH,2017-09-30,429.0937,297.8949,24.6479,2.5053
600332.SH,2017-08-31,426.8273,297.2522,24.5947,2.4999
600332.SH,2017-07-31,418.3384,289.0042,27.7027,2.5242
600332.SH,2017-06-30,449.2093,311.0705,29.8179,2.6476
600332.SH,2017-05-31,434.9371,300.2515,28.7809,2.5555
600332.SH,2017-04-30,432.071,296.1811,28.3907,2.5208
600332.SH,2017-03-31,444.9637,304.9647,30.6931,2.6686
600332.SH,2017-02-28,404.8575,277.971,30.2048,2.4271
600332.SH,2017-01-31,382.7659,263.403,28.6218,2.2999
600332.SH,2016-12-31,376.5716,256.8688,27.9118,2.2428
600332.SH,2016-11-30,390.0167,269.4016,29.2737,2.3523
600332.SH,2016-10-31,382.7138,264.7955,28.7732,2.312
600332.SH,2016-09-30,379.6477,253.2814,29.2781,2.3161
600332.SH,2016-08-31,394.2547,263.023,30.4042,2.4052
600332.SH,2016-07-31,328.7815,283.0243,26.2241,3.9798
600332.SH,2016-06-30,298.3319,255.3541,23.6602,3.5907
600332.SH,2016-05-31,288.5029,247.3743,22.9209,3.4785
600332.SH,2016-04-30,266.2598,228.4092,21.1636,3.2118
600332.SH,2016-03-31,276.9738,236.9072,22.697,3.4925
600332.SH,2016-02-29,246.7969,209.7551,20.1689,3.2186
600332.SH,2016-01-31,258.249,219.1858,21.0757,3.3633
600340.SH,2020-12-31,506.044,503.4108,4.1665,1.0423
600340.SH,2020-11-30,581.1875,578.1632,4.7852,1.1971
600340.SH,2020-10-31,550.6906,547.7951,4.5341,1.1343
600340.SH,2020-09-30,593.7439,589.985,4.8694,1.2788
600340.SH,2020-08-31,657.5411,650.6623,5.3926,1.4162
600340.SH,2020-07-31,679.1452,671.9637,4.6724,1.4241
600340.SH,2020-06-30,688.329,681.0504,4.7356,1.4434
600340.SH,2020-05-31,652.6777,645.2997,4.4903,1.3679
600340.SH,2020-04-30,721.3806,713.226,4.963,1.5119
600340.SH,2020-03-31,629.4754,622.3597,4.6245,1.578
600340.SH,2020-02-29,710.8341,702.7987,5.2222,1.7819
600340.SH,2020-01-31,795.5075,786.5148,5.8442,1.9942
600340.SH,2019-12-31,864.8131,855.037,6.3534,2.1679
600340.SH,2019-11-30,841.7272,832.097,6.1829,2.1098
600340.SH,2019-10-31,858.8002,848.9562,6.3083,2.1606
600340.SH,2019-09-30,809.6183,801.9736,6.0873,2.0823
600340.SH,2019-08-31,800.9127,788.3798,6.0219,2.0599
600340.SH,2019-07-31,876.7568,862.8444,7.0576,2.0576
600340.SH,2019-06-30,977.9441,962.4261,7.8722,2.6279
600340.SH,2019-05-31,889.6679,875.5507,7.1616,2.3907
600340.SH,2019-04-30,943.4143,928.4443,7.5942,2.5351
600340.SH,2019-03-31,931.4039,916.6245,8.9295,2.9519
600340.SH,2019-02-28,949.6282,934.3541,9.1042,3.0096
600340.SH,2019-01-31,819.5874,806.405,7.8575,2.5975
600340.SH,2018-12-31,764.3276,752.0339,7.3277,2.4223
600340.SH,2018-11-30,765.8292,753.5114,7.3421,2.4271
600340.SH,2018-10-31,701.2593,689.9801,6.7231,2.2225
600340.SH,2018-09-30,760.7237,748.488,7.357,1.8502
600340.SH,2018-08-31,741.6916,741.6916,7.1729,1.8325
600340.SH,2018-07-31,776.8555,776.8555,8.3417,2.1477
600340.SH,2018-06-30,760.8988,760.8988,8.1703,2.1036
600340.SH,2018-05-31,800.7906,800.7906,8.5987,2.0622
600340.SH,2018-04-30,858.412,858.412,9.2174,2.2106
600340.SH,2018-03-31,969.518,969.518,11.0413,2.6136
600340.SH,2018-02-28,1100.4222,1100.4222,13.5575,2.9382
600340.SH,2018-01-31,1331.499,1331.499,16.4045,3.5552
600340.SH,2017-12-31,927.5578,927.5578,11.4278,2.4767
600340.SH,2017-11-30,947.9469,947.9469,11.679,2.5311
600340.SH,2017-10-31,909.5326,909.5326,11.2057,2.4285
600340.SH,2017-09-30,918.3974,918.3974,11.622,2.48
600340.SH,2017-08-31,959.1757,959.1757,12.1381,2.5901
600340.SH,2017-07-31,913.374,913.374,13.1476,3.1368
600340.SH,2017-06-30,992.2711,992.2711,14.2833,3.4078
600340.SH,2017-05-31,991.0891,991.0891,14.2663,3.1901
600340.SH,2017-04-30,1079.442,1079.442,15.5381,4.1409
600340.SH,2017-03-31,805.5185,805.5185,12.4087,3.1762
600340.SH,2017-02-28,757.0573,757.0573,13.4212,3.2844
600340.SH,2017-01-31,718.0521,718.0521,12.7297,3.1152
600340.SH,2016-12-31,706.2323,632.3365,12.5201,3.0639
600340.SH,2016-11-30,772.1276,691.3369,13.6883,3.3498
600340.SH,2016-10-31,820.2932,734.4628,14.5422,3.5588
600340.SH,2016-09-30,834.1815,746.8979,14.567,3.7021
600340.SH,2016-08-31,787.4933,705.0949,13.7517,3.4949
600340.SH,2016-07-31,756.4664,677.3144,14.0025,3.7607
600340.SH,2016-06-30,720.416,645.0361,13.3352,3.5815
600340.SH,2016-05-31,729.8718,653.5026,13.5102,3.6285
600340.SH,2016-04-30,744.0556,666.2022,13.7727,3.4272
600340.SH,2016-03-31,717.4611,642.3904,14.9447,3.5134
600340.SH,2016-02-29,661.3171,592.121,14.7624,3.4456
600340.SH,2016-01-31,666.045,596.3542,14.868,3.4702
600350.SH,2020-12-31,297.33,297.33,13.1721,1.0626
600350.SH,2020-11-30,345.9228,345.9228,15.3249,1.2363
600350.SH,2020-10-31,290.5944,290.5944,12.8737,1.0386
600350.SH,2020-09-30,271.3498,271.3498,15.7686,1.0058
600350.SH,2020-08-31,308.3957,308.3957,17.9214,1.1432
600350.SH,2020-07-31,324.7537,324.7537,15.3505,1.1587
600350.SH,2020-06-30,295.4056,295.4056,13.9632,0.9894
600350.SH,2020-05-31,262.2085,262.2085,12.3941,0.8782
600350.SH,2020-04-30,281.4532,281.4532,13.3037,0.9427
600350.SH,2020-03-31,199.6634,199.6634,8.5366,0.704
600350.SH,2020-02-29,200.1445,200.1445,8.5572,0.7057
600350.SH,2020-01-31,216.5025,216.5025,9.2565,0.7634
600350.SH,2019-12-31,236.2282,236.2282,10.0999,0.8329
600350.SH,2019-11-30,229.0115,229.0115,9.7914,0.8075
600350.SH,2019-10-31,230.4548,230.4548,9.8531,0.8126
600350.SH,2019-09-30,210.2479,210.2479,9.8984,0.7572
600350.SH,2019-08-31,209.7668,209.7668,9.8757,0.7555
600350.SH,2019-07-31,232.3793,232.3793,7.6243,0.834
600350.SH,2019-06-30,230.936,230.936,7.5769,0.8288
600350.SH,2019-05-31,229.0115,229.0115,7.5138,0.8219
600350.SH,2019-04-30,236.7094,236.7094,7.7663,0.8495
600350.SH,2019-03-31,243.445,243.445,8.2695,0.893
600350.SH,2019-02-28,234.3038,234.3038,8.6439,0.8228
600350.SH,2019-01-31,204.9557,204.9557,7.5612,0.7198
600350.SH,2018-12-31,219.3892,219.3892,8.0936,0.7705
600350.SH,2018-11-30,205.9179,205.9179,7.5966,0.7232
600350.SH,2018-10-31,205.4368,205.4368,7.5789,0.7215
600350.SH,2018-09-30,215.0591,215.0591,5.7022,0.7639
600350.SH,2018-08-31,203.0312,203.0312,5.3833,0.7212
600350.SH,2018-07-31,205.9179,205.9179,7.999,0.7843
600350.SH,2018-06-30,194.8522,194.8522,7.5692,0.7421
600350.SH,2018-05-31,234.3038,234.3038,9.1017,0.8642
600350.SH,2018-04-30,249.6995,249.6995,9.6998,0.921
600350.SH,2018-03-31,277.6043,277.6043,10.4987,1.0433
600350.SH,2018-02-28,288.1888,288.1888,8.767,1.082
600350.SH,2018-01-31,304.5468,304.5468,9.2646,1.1435
600350.SH,2017-12-31,288.1888,288.1888,8.767,1.082
600350.SH,2017-11-30,301.6601,301.6601,9.1768,1.1326
600350.SH,2017-10-31,293,293,8.9134,1.1001
600350.SH,2017-09-30,292.0378,292.0378,9.4453,1.1568
600350.SH,2017-08-31,296.3678,296.3678,9.5853,1.174
600350.SH,2017-07-31,307.4335,307.4335,9.7843,1.2523
600350.SH,2017-06-30,298.2923,298.2923,9.4933,1.1701
600350.SH,2017-05-31,296.3678,296.3678,9.4321,1.1625
600350.SH,2017-04-30,301.179,301.179,9.5852,1.1814
600350.SH,2017-03-31,340.6305,340.6305,11.0259,1.3669
600350.SH,2017-02-28,331.9704,331.9704,9.4251,1.3671
600350.SH,2017-01-31,326.6782,326.6782,9.2748,1.3453
600350.SH,2016-12-31,311.7635,311.7635,8.8514,1.2839
600350.SH,2016-11-30,334.376,334.376,9.4934,1.377
600350.SH,2016-10-31,300.2167,300.2167,8.5235,1.2364
600350.SH,2016-09-30,289.1511,289.1511,9.5002,1.2507
600350.SH,2016-08-31,310.8013,310.8013,10.2115,1.3444
600350.SH,2016-07-31,276.642,276.642,9.4875,1.2233
600350.SH,2016-06-30,254.9918,254.9918,8.745,1.0862
600350.SH,2016-05-31,257.3974,257.3974,8.8275,1.0964
600350.SH,2016-04-30,262.6897,262.6897,9.009,1.119
600350.SH,2016-03-31,270.8686,270.8686,9.8216,1.1805
600350.SH,2016-02-29,231.8982,231.8982,9.0949,1.0566
600350.SH,2016-01-31,236.2282,236.2282,9.2648,1.0764
600369.SH,2020-12-31,357.5069,303.7069,31.8485,1.4442
600369.SH,2020-11-30,356.8424,303.1424,31.7893,1.4415
600369.SH,2020-10-31,334.9135,284.5135,29.8358,1.3529
600369.SH,2020-09-30,349.5327,296.9327,35.6687,1.4287
600369.SH,2020-08-31,372.7906,316.6906,38.0421,1.539
600369.SH,2020-07-31,388.7389,330.2389,46.7456,1.6048
600369.SH,2020-06-30,259.1105,259.1105,31.1578,1.34
600369.SH,2020-05-31,247.2558,247.2558,29.7323,1.2495
600369.SH,2020-04-30,255.1589,255.1589,30.6827,1.2894
600369.SH,2020-03-31,255.1589,255.1589,42.3988,1.3309
600369.SH,2020-02-29,283.3845,283.3845,47.0889,1.4782
600369.SH,2020-01-31,286.207,286.207,47.5579,1.4929
600369.SH,2019-12-31,292.9812,292.9812,48.6836,1.5282
600369.SH,2019-11-30,244.4332,244.4332,40.6165,1.275
600369.SH,2019-10-31,251.7719,251.7719,41.836,1.3133
600369.SH,2019-09-30,254.5944,254.5944,61.6977,1.3526
600369.SH,2019-08-31,256.288,256.288,62.1081,1.3616
600369.SH,2019-07-31,276.0458,276.0458,73.0061,1.4434
600369.SH,2019-06-30,278.8684,278.8684,73.7525,1.4582
600369.SH,2019-05-31,263.0621,263.0621,69.5722,1.3755
600369.SH,2019-04-30,295.8037,295.8037,78.2315,1.5467
600369.SH,2019-03-31,312.1745,312.1745,137.6172,1.6788
600369.SH,2019-02-28,292.9812,292.9812,78.0753,1.5406
600369.SH,2019-01-31,217.3367,217.3367,57.9171,1.1428
600369.SH,2018-12-31,196.4498,196.4498,52.3511,1.033
600369.SH,2018-11-30,215.6432,215.6432,57.4658,1.1339
600369.SH,2018-10-31,230.3205,230.3205,61.3771,1.2111
600369.SH,2018-09-30,201.5304,201.5304,33.213,1.0774
600369.SH,2018-08-31,206.0465,206.0465,33.9573,1.1016
600369.SH,2018-07-31,218.4657,218.4657,24.0928,1.1441
600369.SH,2018-06-30,217.3367,217.3367,23.9683,1.1216
600369.SH,2018-05-31,235.4011,235.4011,25.9605,1.2148
600369.SH,2018-04-30,235.4011,235.4011,25.9605,1.2148
600369.SH,2018-03-31,246.1268,246.1268,36.8012,1.2698
600369.SH,2018-02-28,254.5944,254.5944,56.3835,1.3121
600369.SH,2018-01-31,270.4007,270.4007,59.884,1.3936
600369.SH,2017-12-31,261.3686,261.3686,57.8837,1.347
600369.SH,2017-11-30,290.1586,290.1586,64.2597,1.4954
600369.SH,2017-10-31,308.223,308.223,68.2603,1.5885
600369.SH,2017-09-30,328.5454,328.5454,77.5028,1.7278
600369.SH,2017-08-31,348.8677,348.8677,82.2968,1.8347
600369.SH,2017-07-31,336.4485,336.4485,56.2963,1.8132
600369.SH,2017-06-30,316.6906,316.6906,52.9903,1.6563
600369.SH,2017-05-31,308.7875,308.7875,51.6679,1.615
600369.SH,2017-04-30,344.9162,344.9162,57.7131,1.8039
600369.SH,2017-03-31,350.5613,350.5613,23.351,1.847
600369.SH,2017-02-28,394.5931,394.5931,26.284,2.079
600369.SH,2017-01-31,391.7706,322.3706,26.0959,2.0642
600369.SH,2016-12-31,402.4963,331.1963,26.8104,2.1207
600369.SH,2016-11-30,440.3185,362.3185,29.3297,2.32
600369.SH,2016-10-31,412.093,339.093,27.4496,2.1712
600369.SH,2016-09-30,407.0124,334.9124,25.8828,2.1877
600369.SH,2016-08-31,426.2057,350.7057,27.1034,2.2909
600369.SH,2016-07-31,409.2704,336.7704,13.9528,2.3607
600369.SH,2016-06-30,409.8349,337.2349,13.9721,2.364
600369.SH,2016-05-31,457.8183,376.7183,15.6079,2.6408
600369.SH,2016-04-30,454.9958,374.3958,15.5117,2.5179
600369.SH,2016-03-31,480.3988,395.2988,13.5147,2.5261
600369.SH,2016-02-29,412.093,339.093,11.581,2.3147
600369.SH,2016-01-31,462.8989,380.8989,13.0088,2.6001
600362.SH,2020-12-31,556.2451,414.0119,35.726,1.3083
600362.SH,2020-11-30,606.0988,456.5544,39.3971,1.4428
600362.SH,2020-10-31,418.0765,307.1366,26.5035,0.9706
600362.SH,2020-09-30,399.5241,294.0626,25.6702,0.952
600362.SH,2020-08-31,436.411,324.1536,28.297,1.0494
600362.SH,2020-07-31,451.4008,335.9826,29.7516,1.1498
600362.SH,2020-06-30,378.3108,279.3283,24.7348,0.9559
600362.SH,2020-05-31,355.2135,264.594,23.4301,0.9055
600362.SH,2020-04-30,361.5709,265.6317,23.522,0.909
600362.SH,2020-03-31,352.8741,262.1037,17.732,0.8292
600362.SH,2020-02-29,398.0657,284.1014,19.2097,0.9236
600362.SH,2020-01-31,427.3183,313.9849,21.2303,1.0207
600362.SH,2019-12-31,484.576,351.3394,23.756,1.1422
600362.SH,2019-11-30,404.9149,292.4024,19.771,0.9506
600362.SH,2019-10-31,408.1999,293.44,19.8411,0.954
600362.SH,2019-09-30,411.8513,298.2131,20.1445,0.9839
600362.SH,2019-08-31,407.5125,296.9679,20.0604,0.9798
600362.SH,2019-07-31,425.1233,306.099,21.0718,1.0257
600362.SH,2019-06-30,453.5772,326.6439,22.4862,1.0795
600362.SH,2019-05-31,428.0055,308.5893,21.2433,1.0198
600362.SH,2019-04-30,441.9201,318.1354,21.9004,1.0514
600362.SH,2019-03-31,447.7541,323.7386,22.0711,1.0854
600362.SH,2019-02-28,449.4719,322.701,26.0321,1.0915
600362.SH,2019-01-31,393.244,275.3853,22.2152,0.9314
600362.SH,2018-12-31,385.0696,273.1026,22.031,0.9237
600362.SH,2018-11-30,391.8701,275.5929,22.2319,0.9321
600362.SH,2018-10-31,386.3682,279.9509,22.5835,0.9469
600362.SH,2018-09-30,411.7578,300.2883,24.4236,1.0478
600362.SH,2018-08-31,413.3138,301.1184,24.4911,1.0507
600362.SH,2018-07-31,439.3037,320.0031,29.1967,1.1218
600362.SH,2018-06-30,445.9053,328.9267,30.0108,1.1366
600362.SH,2018-05-31,471.7285,342.4158,31.2416,1.1832
600362.SH,2018-04-30,482.3232,356.1125,32.4912,1.2305
600362.SH,2018-03-31,483.671,358.8103,37.3233,1.2596
600362.SH,2018-02-28,521.3581,382.4681,46.2481,1.3362
600362.SH,2018-01-31,579.1926,430.4063,52.0448,1.5037
600362.SH,2017-12-31,562.3939,418.5774,50.6144,1.4624
600362.SH,2017-11-30,525.3721,382.6756,46.2732,1.337
600362.SH,2017-10-31,513.0069,366.0736,44.2657,1.279
600362.SH,2017-09-30,528.5654,383.0907,55.8576,1.3604
600362.SH,2017-08-31,564.4507,405.5033,59.1255,1.44
600362.SH,2017-07-31,600.6666,430.1988,63.6698,1.5376
600362.SH,2017-06-30,504.2681,349.8867,51.7835,1.2368
600362.SH,2017-05-31,456.5837,313.3624,46.3779,1.1077
600362.SH,2017-04-30,489.9668,340.7556,50.4321,1.2045
600362.SH,2017-03-31,507.0271,357.9802,75.8466,1.2819
600362.SH,2017-02-28,553.3941,392.6368,165.2755,1.3978
600362.SH,2017-01-31,596.3559,431.2364,181.5235,1.5352
600362.SH,2016-12-31,481.4777,347.1889,146.1447,1.236
600362.SH,2016-11-30,542.6951,396.5798,166.9352,1.4118
600362.SH,2016-10-31,414.0508,303.1936,127.6255,1.0793
600362.SH,2016-09-30,395.1293,289.2895,225.3186,1.043
600362.SH,2016-08-31,408.343,301.1184,234.5318,1.0857
600362.SH,2016-07-31,406.4748,300.7033,71.3031,1.088
600362.SH,2016-06-30,382.0813,279.7434,66.333,1.0122
600362.SH,2016-05-31,374.7421,276.6305,65.5949,1.0009
600362.SH,2016-04-30,398.7082,289.082,68.5474,1.046
600362.SH,2016-03-31,401.4897,293.855,76.9473,1.0681
600362.SH,2016-02-29,354.9661,260.236,24.7387,0.9354
600362.SH,2016-01-31,348.3112,257.5382,24.4823,0.9257
600352.SH,2020-12-31,443.1038,443.1038,10.3033,1.6509
600352.SH,2020-11-30,484.7464,484.7464,11.2716,1.8061
600352.SH,2020-10-31,432.3678,432.3678,10.0537,1.6109
600352.SH,2020-09-30,442.1278,442.1278,9.2872,1.6638
600352.SH,2020-08-31,466.8531,466.8531,9.8065,1.7569
600352.SH,2020-07-31,480.8424,480.8424,9.7402,1.9368
600352.SH,2020-06-30,416.1011,416.1011,8.4288,1.623
600352.SH,2020-05-31,396.2558,396.2558,8.0268,1.5456
600352.SH,2020-04-30,393.6532,393.6532,7.9741,1.5354
600352.SH,2020-03-31,387.4718,387.4718,8.0472,1.6405
600352.SH,2020-02-29,420.3305,420.3305,8.7296,1.7797
600352.SH,2020-01-31,434.9705,434.9705,9.0337,1.8416
600352.SH,2019-12-31,470.7571,470.7571,9.7769,1.9932
600352.SH,2019-11-30,428.4638,428.4638,8.8985,1.8141
600352.SH,2019-10-31,449.9358,449.9358,9.3445,1.905
600352.SH,2019-09-30,457.4185,457.4185,9.5601,2.0682
600352.SH,2019-08-31,453.8398,453.8398,9.4853,2.052
600352.SH,2019-07-31,490.9278,490.9278,10.6793,2.3697
600352.SH,2019-06-30,513.0504,513.0504,11.1606,2.4765
600352.SH,2019-05-31,539.0771,539.0771,11.7267,2.5059
600352.SH,2019-04-30,660.7517,660.7517,14.3736,3.0715
600352.SH,2019-03-31,559.5731,559.5731,14.8023,2.8792
600352.SH,2019-02-28,353.3118,353.3118,9.3461,1.8179
600352.SH,2019-01-31,322.4052,322.4052,8.5285,1.6589
600352.SH,2018-12-31,313.9465,313.9465,8.3048,1.6154
600352.SH,2018-11-30,295.0772,295.0772,7.8056,1.5183
600352.SH,2018-10-31,288.8959,288.8959,7.6421,1.4865
600352.SH,2018-09-30,317.5252,317.5252,9.5673,1.7761
600352.SH,2018-08-31,342.2505,342.2505,10.3123,1.9144
600352.SH,2018-07-31,379.9892,379.9892,12.7015,2.1647
600352.SH,2018-06-30,388.7732,388.7732,12.9951,2.2147
600352.SH,2018-05-31,424.5598,424.5598,14.1913,2.3115
600352.SH,2018-04-30,354.6132,354.6132,11.8533,1.9306
600352.SH,2018-03-31,363.0718,363.0718,14.6476,2.2109
600352.SH,2018-02-28,411.8718,387.3874,16.6164,2.508
600352.SH,2018-01-31,405.6905,381.5735,16.367,2.4704
600352.SH,2017-12-31,380.9652,358.318,15.3695,2.3198
600352.SH,2017-11-30,354.9385,333.8386,14.3195,2.1613
600352.SH,2017-10-31,334.4425,314.561,13.4926,2.0365
600352.SH,2017-09-30,333.7918,313.949,16.0595,2.0894
600352.SH,2017-08-31,361.4452,339.9584,17.3899,2.2625
600352.SH,2017-07-31,352.9865,332.0026,16.983,2.2096
600352.SH,2017-06-30,310.0425,291.6115,13.9249,1.9925
600352.SH,2017-05-31,303.5359,285.4916,13.6327,1.8724
600352.SH,2017-04-30,309.3919,290.9995,13.8957,1.9085
600352.SH,2017-03-31,305.8132,287.6336,18.6032,2.0186
600352.SH,2017-02-28,313.6212,294.9774,19.0782,2.0701
600352.SH,2017-01-31,315.8985,297.1194,19.2167,2.0851
600352.SH,2016-12-31,299.6319,281.8197,18.2272,1.9778
600352.SH,2016-11-30,308.4159,290.0815,18.7615,2.0357
600352.SH,2016-10-31,297.0292,279.3718,18.0689,1.9606
600352.SH,2016-09-30,299.3065,281.5137,18.316,2.0683
600352.SH,2016-08-31,315.5732,296.8134,19.3115,2.1807
600352.SH,2016-07-31,310.0425,291.6115,18.4628,2.2792
600352.SH,2016-06-30,280.4372,263.7661,16.6998,2.0616
600352.SH,2016-05-31,283.0399,266.2141,16.8548,2.0086
600352.SH,2016-04-30,304.5119,286.4096,18.1335,2.161
600352.SH,2016-03-31,345.1785,324.6588,12.1857,2.5874
600352.SH,2016-02-29,268.0745,252.1384,9.4637,2.0095
600352.SH,2016-01-31,253.1092,238.0627,8.9354,1.8973
600372.SH,2020-12-31,378.8941,378.8941,53.7812,3.6352
600372.SH,2020-11-30,346.8857,346.8857,49.2379,3.3281
600372.SH,2020-10-31,309.864,309.864,43.9829,2.9729
600372.SH,2020-09-30,328.5677,328.5677,50.5202,3.3045
600372.SH,2020-08-31,316.601,316.601,48.6802,4.072
600372.SH,2020-07-31,307.5652,307.5652,46.0179,4.1191
600372.SH,2020-06-30,234.3689,234.3689,35.0662,3.1388
600372.SH,2020-05-31,233.1372,233.1372,34.882,3.1223
600372.SH,2020-04-30,243.6943,243.6943,36.4615,3.2637
600372.SH,2020-03-31,227.3307,227.3307,40.8853,3.0737
600372.SH,2020-02-29,248.6206,248.6206,49.9109,3.4041
600372.SH,2020-01-31,252.4915,252.4915,50.688,3.4571
600372.SH,2019-12-31,250.5561,250.5561,50.2994,3.4306
600372.SH,2019-11-30,240.7026,240.7026,48.3213,3.2957
600372.SH,2019-10-31,247.2128,247.2128,49.6282,3.3848
600372.SH,2019-09-30,249.8521,249.8521,49.8988,3.5283
600372.SH,2019-08-31,263.4001,263.4001,52.6046,3.7196
600372.SH,2019-07-31,266.5672,266.5672,53.1605,3.7833
600372.SH,2019-06-30,261.0991,261.0991,52.07,3.6608
600372.SH,2019-05-31,263.7382,263.7382,52.5963,3.6978
600372.SH,2019-04-30,269.1924,269.1924,53.684,3.7743
600372.SH,2019-03-31,292.376,292.376,60.997,4.1085
600372.SH,2019-02-28,290.4409,290.4409,51.0231,4.2146
600372.SH,2019-01-31,235.9063,235.9063,41.4427,3.4233
600372.SH,2018-12-31,228.3414,228.3414,40.1137,3.3135
600372.SH,2018-11-30,265.1082,265.1082,46.5727,3.6135
600372.SH,2018-10-31,238.7205,238.7205,41.9371,3.2538
600372.SH,2018-09-30,254.3753,254.3753,46.6727,3.7703
600372.SH,2018-08-31,226.4046,226.4046,41.5406,3.3557
600372.SH,2018-07-31,254.9031,254.9031,50.0833,3.6627
600372.SH,2018-06-30,229.7467,229.7467,45.1406,3.3013
600372.SH,2018-05-31,239.7739,239.7739,47.1107,3.3939
600372.SH,2018-04-30,256.486,256.486,50.3943,3.6304
600372.SH,2018-03-31,274.4294,274.4294,50.5917,3.865
600372.SH,2018-02-28,235.0242,235.0242,51.1757,3.7897
600372.SH,2018-01-31,232.5613,232.5613,50.6395,3.75
600372.SH,2017-12-31,240.8294,240.8294,52.4398,3.8834
600372.SH,2017-11-30,250.3289,250.3289,54.5083,4.0365
600372.SH,2017-10-31,270.3833,270.3833,58.8751,4.3599
600372.SH,2017-09-30,285.864,285.864,59.7627,4.6956
600372.SH,2017-08-31,289.7341,289.7341,60.5717,4.7592
600372.SH,2017-07-31,278.6514,278.6514,72.5416,4.7094
600372.SH,2017-06-30,305.5666,305.5666,79.5484,5.0886
600372.SH,2017-05-31,264.4022,264.4022,68.832,4.4031
600372.SH,2017-04-30,326.8525,326.8525,85.0898,5.4431
600372.SH,2017-03-31,339.5184,339.5184,73.7421,5.6542
600372.SH,2017-02-28,354.4713,354.4713,72.6316,6.0495
600372.SH,2017-01-31,359.397,359.397,73.6409,6.1335
600372.SH,2016-12-31,326.5006,326.5006,66.9004,5.5721
600372.SH,2016-11-30,341.6294,341.6294,70.0003,5.8303
600372.SH,2016-10-31,338.1111,338.1111,69.2794,5.7703
600372.SH,2016-09-30,334.9446,334.9446,74.153,5.82
600372.SH,2016-08-31,363.619,363.619,80.5012,6.3183
600372.SH,2016-07-31,352.0085,352.0085,75.235,6.2293
600372.SH,2016-06-30,342.509,342.509,73.2046,5.9683
600372.SH,2016-05-31,329.3153,329.3153,70.3847,5.7384
600372.SH,2016-04-30,334.4169,334.4169,71.4751,5.8273
600372.SH,2016-03-31,348.1383,348.1383,72.9833,6.1591
600372.SH,2016-02-29,302.2242,302.2242,69.0263,5.726
600372.SH,2016-01-31,321.9268,321.9268,73.5263,6.0993
600373.SH,2020-12-31,136.7259,136.7259,7.9597,0.9353
600373.SH,2020-11-30,159.3555,159.3555,9.2771,1.0901
600373.SH,2020-10-31,156.7809,156.7809,9.1273,1.0724
600373.SH,2020-09-30,158.1359,158.1359,9.3622,1.1126
600373.SH,2020-08-31,179.0039,179.0039,10.5976,1.2594
600373.SH,2020-07-31,171.6866,171.6866,10.825,1.2522
600373.SH,2020-06-30,159.6265,159.6265,10.0646,1.1642
600373.SH,2020-05-31,153.6642,153.6642,9.6886,1.068
600373.SH,2020-04-30,162.7432,162.7432,10.2611,1.1311
600373.SH,2020-03-31,163.1497,163.1497,9.678,1.2231
600373.SH,2020-02-29,192.6901,192.6901,11.4303,1.4446
600373.SH,2020-01-31,194.7227,194.7227,11.5509,1.4598
600373.SH,2019-12-31,184.4242,184.4242,10.94,1.3826
600373.SH,2019-11-30,161.7946,161.7946,9.5976,1.2129
600373.SH,2019-10-31,163.8371,163.8371,9.7188,1.2012
600373.SH,2019-09-30,179.959,179.959,10.8235,1.3456
600373.SH,2019-08-31,172.7937,172.7937,10.3926,1.292
600373.SH,2019-07-31,177.7543,177.7543,10.676,1.3577
600373.SH,2019-06-30,173.0693,173.0693,10.3946,1.322
600373.SH,2019-05-31,185.4707,185.4707,11.1394,1.3463
600373.SH,2019-04-30,195.1163,195.1163,11.7188,1.4163
600373.SH,2019-03-31,209.3091,209.3091,12.9274,1.575
600373.SH,2019-02-28,193.325,193.325,12.4163,1.5065
600373.SH,2019-01-31,175.6874,175.6874,11.2835,1.369
600373.SH,2018-12-31,179.27,179.27,11.5136,1.3969
600373.SH,2018-11-30,164.3882,164.3882,10.5579,1.281
600373.SH,2018-10-31,158.3253,158.3253,10.1685,1.2337
600373.SH,2018-09-30,150.3333,150.3333,9.9618,1.2025
600373.SH,2018-08-31,148.8175,148.8175,9.8613,1.1904
600373.SH,2018-07-31,171.1402,171.1402,11.9748,1.4147
600373.SH,2018-06-30,177.0653,177.0653,12.3894,1.4637
600373.SH,2018-05-31,219.0925,219.0925,15.3301,1.8111
600373.SH,2018-04-30,196.2187,196.2187,13.7296,1.5513
600373.SH,2018-03-31,212.6161,212.6161,14.6456,1.7437
600373.SH,2018-02-28,226.5333,226.5333,16.0868,1.9211
600373.SH,2018-01-31,229.1514,229.1514,16.2727,1.9433
600373.SH,2017-12-31,233.2852,217.0548,16.5662,1.9784
600373.SH,2017-11-30,247.0646,229.8755,17.5447,2.0952
600373.SH,2017-10-31,275.588,256.4144,19.5703,2.3371
600373.SH,2017-09-30,304.8003,283.5943,20.9393,2.6488
600373.SH,2017-08-31,325.3316,302.6972,22.3498,2.8273
600373.SH,2017-07-31,315.8239,293.8509,22.7643,2.8014
600373.SH,2017-06-30,323.9537,301.4151,23.3503,2.8735
600373.SH,2017-05-31,276.1392,256.9272,19.9039,2.414
600373.SH,2017-04-30,297.4973,276.7994,21.4434,2.6007
600373.SH,2017-03-31,307.4184,286.0303,23.7322,2.7934
600373.SH,2017-02-28,300.8043,279.8763,24.4138,2.8263
600373.SH,2017-01-31,293.0878,272.6967,23.7875,2.7538
600373.SH,2016-12-31,278.3439,255.3147,22.5908,2.6153
600373.SH,2016-11-30,313.4814,287.5451,25.4427,2.9455
600373.SH,2016-10-31,317.8908,291.5897,25.8005,2.9869
600373.SH,2016-09-30,322.0246,295.3815,27.5164,3.1318
600373.SH,2016-08-31,317.4774,291.2105,27.1279,3.0876
600373.SH,2016-07-31,305.2137,279.9615,27.267,3.0435
600373.SH,2016-06-30,285.9226,262.2664,25.5436,2.8511
600373.SH,2016-05-31,289.2296,265.2998,25.839,2.8527
600373.SH,2016-04-30,286.4737,262.772,25.5928,2.8255
600373.SH,2016-03-31,266.4936,244.4449,25.1895,2.7306
600373.SH,2016-02-29,231.4939,212.341,23.9676,2.4291
600373.SH,2016-01-31,274.2101,239.0444,28.3902,2.8773
600383.SH,2020-12-31,609.4688,609.4688,6.3206,1.1604
600383.SH,2020-11-30,683.0565,683.0565,7.0837,1.3005
600383.SH,2020-10-31,602.6969,602.6969,6.2504,1.1475
600383.SH,2020-09-30,656.8719,656.8719,6.9692,1.3715
600383.SH,2020-08-31,646.4884,646.4884,6.859,1.3498
600383.SH,2020-07-31,631.5902,631.5902,6.3994,1.3187
600383.SH,2020-06-30,618.4979,618.4979,6.2668,1.1721
600383.SH,2020-05-31,575.6094,575.6094,5.8322,1.0909
600383.SH,2020-04-30,606.3086,606.3086,6.1433,1.149
600383.SH,2020-03-31,636.1048,636.1048,7.6848,1.2975
600383.SH,2020-02-29,645.5855,645.5855,7.7993,1.3168
600383.SH,2020-01-31,594.5707,594.5707,7.183,1.2128
600383.SH,2019-12-31,654.6146,654.6146,7.9084,1.3352
600383.SH,2019-11-30,537.2354,537.2354,6.4903,1.0958
600383.SH,2019-10-31,537.2354,537.2354,6.4903,1.0958
600383.SH,2019-09-30,521.4344,521.4344,5.5856,1.1025
600383.SH,2019-08-31,506.9877,506.9877,5.4309,1.0719
600383.SH,2019-07-31,550.7792,550.7792,6.4784,1.219
600383.SH,2019-06-30,538.5898,538.5898,6.335,1.1265
600383.SH,2019-05-31,523.2402,523.2402,6.1545,1.0944
600383.SH,2019-04-30,547.619,547.619,6.4412,1.1454
600383.SH,2019-03-31,620.7552,620.7552,6.3216,1.4282
600383.SH,2019-02-28,510.5994,510.5994,5.1998,1.1748
600383.SH,2019-01-31,494.7984,494.7984,5.0389,1.1384
600383.SH,2018-12-31,434.3029,434.3029,4.4228,0.9992
600383.SH,2018-11-30,429.3369,429.3369,4.3722,0.9859
600383.SH,2018-10-31,413.5359,413.5359,4.2113,0.9496
600383.SH,2018-09-30,409.4727,409.4727,5.0645,1.0079
600383.SH,2018-08-31,413.0844,413.0844,5.1092,1.0168
600383.SH,2018-07-31,413.5359,413.5359,5.8518,1.0564
600383.SH,2018-06-30,460.0361,460.0361,6.5099,1.1075
600383.SH,2018-05-31,479.9002,479.9002,6.7909,1.1553
600383.SH,2018-04-30,506.0848,506.0848,7.1615,1.2183
600383.SH,2018-03-31,526.4004,526.4004,7.6795,1.4265
600383.SH,2018-02-28,577.8667,577.8667,8.4303,1.5659
600383.SH,2018-01-31,706.9838,706.9838,10.3139,1.9158
600383.SH,2017-12-31,570.1919,570.1919,8.3183,1.5451
600383.SH,2017-11-30,559.239,559.239,8.1585,1.5157
600383.SH,2017-10-31,533.9626,533.9626,7.7898,1.4472
600383.SH,2017-09-30,517.7136,517.7136,7.7563,1.4533
600383.SH,2017-08-31,528.9976,528.9976,7.9253,1.485
600383.SH,2017-07-31,544.344,544.344,7.9622,1.5496
600383.SH,2017-06-30,517.7136,517.7136,7.5727,1.4738
600383.SH,2017-05-31,536.6708,536.6708,7.85,1.4017
600383.SH,2017-04-30,520.8731,520.8731,7.6189,1.3604
600383.SH,2017-03-31,501.0131,501.0131,12.2726,1.537
600383.SH,2017-02-28,545.6981,545.6981,13.3672,1.6741
600383.SH,2017-01-31,574.134,574.134,14.0638,1.7613
600383.SH,2016-12-31,584.9667,584.9667,14.3291,1.8064
600383.SH,2016-11-30,660.2746,660.2746,16.1739,2.031
600383.SH,2016-10-31,539.6518,539.6518,13.2191,1.66
600383.SH,2016-09-30,539.6518,539.6518,15.6079,1.7079
600383.SH,2016-08-31,540.552,540.552,15.634,1.7108
600383.SH,2016-07-31,436.1323,436.1323,12.6178,1.3626
600383.SH,2016-06-30,466.288,466.288,13.4902,1.3756
600383.SH,2016-05-31,501.8447,501.8447,14.5189,1.4805
600383.SH,2016-04-30,546.8532,546.8532,15.8211,1.6133
600383.SH,2016-03-31,522.9987,522.9987,11.9275,1.6453
600383.SH,2016-02-29,642.7213,642.7213,14.6578,2.0219
600383.SH,2016-01-31,728.6875,728.6875,16.6184,2.2924
600398.SH,2020-12-31,277.3178,277.3178,14.717,2.1826
600398.SH,2020-11-30,289.4125,289.4125,15.3589,2.2778
600398.SH,2020-10-31,290.7084,290.7084,15.4277,2.288
600398.SH,2020-09-30,269.1104,269.1104,13.2394,2.2835
600398.SH,2020-08-31,304.0991,304.0991,14.9608,2.5804
600398.SH,2020-07-31,269.179,269.179,11.7231,2.038
600398.SH,2020-06-30,257.245,257.245,11.2033,1.9477
600398.SH,2020-05-31,269.179,269.179,11.7231,2.038
600398.SH,2020-04-30,282.881,282.881,12.3198,2.1418
600398.SH,2020-03-31,279.787,279.787,8.1264,2.213
600398.SH,2020-02-29,301.0028,301.0028,8.7426,2.3808
600398.SH,2020-01-31,328.8489,328.8489,9.5514,2.6011
600398.SH,2019-12-31,339.457,339.457,9.8595,2.685
600398.SH,2019-11-30,339.4568,339.4568,9.8595,2.685
600398.SH,2019-10-31,339.4568,339.4568,9.8595,2.685
600398.SH,2019-09-30,358.9049,358.9049,10.2136,2.9403
600398.SH,2019-08-31,371.7226,371.7226,10.5783,3.0453
600398.SH,2019-07-31,397.8006,397.8006,11.2581,3.5746
600398.SH,2019-06-30,400.8944,400.8944,11.3457,3.6024
600398.SH,2019-05-31,390.8733,390.8733,11.0621,3.3136
600398.SH,2019-04-30,407.496,407.496,11.5325,3.0208
600398.SH,2019-03-31,438.9424,438.9424,12.7054,3.5376
600398.SH,2019-02-28,442.5367,442.5367,12.8477,3.8064
600398.SH,2019-01-31,397.1598,397.1598,11.5303,3.4161
600398.SH,2018-12-31,380.9859,380.9859,11.0608,3.277
600398.SH,2018-11-30,353.1308,353.1308,10.2521,2.8547
600398.SH,2018-10-31,347.7395,347.7395,10.0956,2.8111
600398.SH,2018-09-30,462.3048,462.3048,13.1348,4.1735
600398.SH,2018-08-31,447.4787,447.4787,12.7136,4.0396
600398.SH,2018-07-31,521.6092,521.6092,15.1199,5.133
600398.SH,2018-06-30,572.3774,572.3774,16.5916,5.6326
600398.SH,2018-05-31,653.247,653.247,18.9357,5.3031
600398.SH,2018-04-30,534.1889,534.1889,15.4846,4.3365
600398.SH,2018-03-31,516.2179,516.2179,15.5073,4.6184
600398.SH,2018-02-28,554.4063,554.4063,17.213,5.3456
600398.SH,2018-01-31,513.9715,513.9715,15.9576,4.9557
600398.SH,2017-12-31,435.7975,435.7975,13.5305,4.202
600398.SH,2017-11-30,398.5076,398.5076,12.3727,3.8424
600398.SH,2017-10-31,437.1453,437.1453,13.5723,4.215
600398.SH,2017-09-30,451.9714,451.9714,14.0146,4.6536
600398.SH,2017-08-31,427.2613,427.2613,13.2484,4.3992
600398.SH,2017-07-31,424.1163,424.1163,13.3579,5.4079
600398.SH,2017-06-30,426.3627,426.3627,13.4286,5.4365
600398.SH,2017-05-31,425.9135,425.9135,13.4145,5.4308
600398.SH,2017-04-30,455.5657,455.5657,14.3484,5.8089
600398.SH,2017-03-31,470.3918,470.3918,15.0639,4.6833
600398.SH,2017-02-28,468.1454,159.5531,15.2095,5.0128
600398.SH,2017-01-31,475.7831,162.1561,15.4576,5.0946
600398.SH,2016-12-31,484.7686,165.2186,15.7496,5.1908
600398.SH,2016-11-30,496.0005,169.0466,16.1145,5.3111
600398.SH,2016-10-31,493.7541,168.281,16.0415,5.287
600398.SH,2016-09-30,482.0729,164.2998,15.7535,5.6184
600398.SH,2016-08-31,504.0874,171.8028,16.4729,5.875
600398.SH,2016-07-31,532.8411,181.6026,17.5114,6.863
600398.SH,2016-06-30,507.6816,173.0278,16.6845,6.539
600398.SH,2016-05-31,503.1889,171.4966,16.5369,6.4811
600398.SH,2016-04-30,481.1744,163.9936,15.8134,5.2038
600398.SH,2016-03-31,517.1164,176.2434,16.9471,6.7835
600398.SH,2016-02-29,458.2613,156.1844,15.0183,6.0114
600398.SH,2016-01-31,438.0439,149.2939,14.3557,5.7462
600406.SH,2020-12-31,1227.9951,1217.8796,25.8777,3.8609
600406.SH,2020-11-30,1090.2674,692.3426,22.9754,3.4279
600406.SH,2020-10-31,959.5149,609.285,20.22,3.0166
600406.SH,2020-09-30,911.4467,578.7621,20.1723,2.9773
600406.SH,2020-08-31,1035.3147,657.4174,22.9137,3.3819
600406.SH,2020-07-31,982.1624,623.666,22.6186,3.2083
600406.SH,2020-06-30,935.943,594.317,21.5542,3.0573
600406.SH,2020-05-31,855.5212,543.2498,19.7021,2.7946
600406.SH,2020-04-30,929.0101,589.9147,21.3945,3.0347
600406.SH,2020-03-31,912.8333,579.6425,22.8638,2.9908
600406.SH,2020-02-29,916.5309,581.9905,22.9565,3.0029
600406.SH,2020-01-31,839.8066,533.2711,21.0347,2.7515
600406.SH,2019-12-31,978.964,621.6116,24.5202,3.4591
600406.SH,2019-11-30,1061.2376,673.8528,26.5809,3.7498
600406.SH,2019-10-31,1014.5543,644.2103,25.4117,3.5849
600406.SH,2019-09-30,945.2225,600.1868,23.5654,3.6876
600406.SH,2019-08-31,799.6259,507.7375,19.9355,3.1196
600406.SH,2019-07-31,871.7309,553.5219,21.0343,3.4009
600406.SH,2019-06-30,861.5623,547.0652,20.7889,3.0923
600406.SH,2019-05-31,845.8471,537.0865,20.4097,3.0359
600406.SH,2019-04-30,921.1875,584.9253,22.2276,3.3063
600406.SH,2019-03-31,975.7285,538.9816,20.7786,3.6962
600406.SH,2019-02-28,847.0611,471.8323,18.0385,3.2518
600406.SH,2019-01-31,877.7717,488.9388,18.6925,3.3697
600406.SH,2018-12-31,849.353,473.1089,18.0874,3.2606
600406.SH,2018-11-30,805.8082,387.7715,17.16,3.0934
600406.SH,2018-10-31,795.2657,382.6982,16.9355,3.0529
600406.SH,2018-09-30,809.0167,389.3155,19.066,3.225
600406.SH,2018-08-31,736.5948,354.4646,17.3592,2.9363
600406.SH,2018-07-31,728.3442,350.4942,21.9582,3.0545
600406.SH,2018-06-30,724.2189,348.5091,21.8338,3.0372
600406.SH,2018-05-31,782.4315,376.5221,23.5888,3.069
600406.SH,2018-04-30,792.9739,381.5954,23.9066,3.1103
600406.SH,2018-03-31,706.3513,370.7872,45.8638,2.1309
600406.SH,2018-02-28,681.9798,357.9938,44.2813,2.0573
600406.SH,2018-01-31,711.3936,373.4341,46.1912,2.1461
600406.SH,2017-12-31,768.1202,403.2118,49.8745,2.3172
600406.SH,2017-11-30,460.5296,418.2109,29.9024,5.127
600406.SH,2017-10-31,410.9789,373.2135,26.6851,4.5754
600406.SH,2017-09-30,401.2631,364.3905,26.4644,4.7367
600406.SH,2017-08-31,410.9789,373.2135,27.1052,4.8514
600406.SH,2017-07-31,422.6379,383.8011,27.8741,4.989
600406.SH,2017-06-30,428.7103,389.3155,29.546,5.267
600406.SH,2017-05-31,403.9349,366.8168,27.8386,4.5548
600406.SH,2017-04-30,403.9349,366.8168,27.8386,4.5548
600406.SH,2017-03-31,403.9349,366.8168,27.9119,4.564
600406.SH,2017-02-28,403.9349,366.8168,22.793,4.9442
600406.SH,2017-01-31,403.9349,366.8168,22.793,4.9442
600406.SH,2016-12-31,403.9349,366.8168,22.793,4.9442
600406.SH,2016-11-30,375.5162,341.0095,21.1894,4.5964
600406.SH,2016-10-31,371.6299,337.4803,20.9701,4.5488
600406.SH,2016-09-30,396.4052,359.979,25.4954,5.1598
600406.SH,2016-08-31,368.7151,334.8334,23.7145,4.7993
600406.SH,2016-07-31,362.6427,329.319,27.8103,4.8899
600406.SH,2016-06-30,324.7511,294.9093,24.9044,4.379
600406.SH,2016-05-31,325.9655,296.0121,24.9976,4.3954
600406.SH,2016-04-30,339.3248,308.1438,26.0221,4.2037
600406.SH,2016-03-31,349.7693,317.6285,37.8512,4.9588
600406.SH,2016-02-29,305.5623,277.4838,33.0672,4.3321
600406.SH,2016-01-31,315.2781,286.3068,34.1186,4.4698
600415.SH,2020-12-31,299.9211,299.9211,22.3347,2.211
600415.SH,2020-11-30,297.7438,297.7438,22.1726,2.195
600415.SH,2020-10-31,289.0347,289.0347,21.524,2.1308
600415.SH,2020-09-30,304.82,304.82,23.4262,2.2856
600415.SH,2020-08-31,327.1372,327.1372,25.1414,2.453
600415.SH,2020-07-31,402.2535,402.2535,30.4695,3.1306
600415.SH,2020-06-30,265.0845,265.0845,20.0793,2.0037
600415.SH,2020-05-31,187.7909,187.7909,14.2246,1.4194
600415.SH,2020-04-30,179.0817,179.0817,13.5649,1.3536
600415.SH,2020-03-31,180.1704,180.1704,24.1557,1.432
600415.SH,2020-02-29,187.7909,187.7909,25.1774,1.4926
600415.SH,2020-01-31,212.8297,212.8297,28.5344,1.6916
600415.SH,2019-12-31,210.6524,210.6524,28.2425,1.6743
600415.SH,2019-11-30,207.3865,207.3865,27.8046,1.6483
600415.SH,2019-10-31,212.2854,212.2854,28.4614,1.6873
600415.SH,2019-09-30,205.7535,205.7535,37.9333,1.6826
600415.SH,2019-08-31,207.3865,207.3865,38.2344,1.696
600415.SH,2019-07-31,216.6399,216.6399,38.5281,1.8399
600415.SH,2019-06-30,224.2604,224.2604,39.8833,1.9046
600415.SH,2019-05-31,217.7286,217.7286,38.7217,1.7992
600415.SH,2019-04-30,234.0582,234.0582,41.6258,1.9342
600415.SH,2019-03-31,259.097,259.097,16.3855,2.1296
600415.SH,2019-02-28,237.3241,237.3241,15.0086,1.9507
600415.SH,2019-01-31,195.4114,195.4114,12.358,1.6062
600415.SH,2018-12-31,189.9682,189.9682,12.0137,1.5614
600415.SH,2018-11-30,197.0444,197.0444,12.4613,1.6196
600415.SH,2018-10-31,199.2216,199.2216,12.5989,1.6375
600415.SH,2018-09-30,221.5388,221.5388,13.525,1.8447
600415.SH,2018-08-31,222.6275,222.6275,13.5915,1.8538
600415.SH,2018-07-31,238.4128,238.4128,15.8722,2.0841
600415.SH,2018-06-30,234.6025,234.6025,15.6186,1.9747
600415.SH,2018-05-31,280.8699,280.8699,18.6988,2.3641
600415.SH,2018-04-30,273.2494,273.2494,18.1915,2.3
600415.SH,2018-03-31,291.212,291.212,19.8588,2.6584
600415.SH,2018-02-28,292.3006,292.3006,19.9331,2.6683
600415.SH,2018-01-31,323.8712,323.8712,22.086,2.9565
600415.SH,2017-12-31,314.6178,314.6178,21.455,2.872
600415.SH,2017-11-30,333.1247,333.1247,22.717,3.041
600415.SH,2017-10-31,381.5693,381.5693,26.0206,3.4832
600415.SH,2017-09-30,382.658,382.658,25.1556,3.5472
600415.SH,2017-08-31,393.0001,393.0001,25.8354,3.643
600415.SH,2017-07-31,398.9876,398.9876,26.0814,3.8037
600415.SH,2017-06-30,394.0887,394.0887,25.7611,3.757
600415.SH,2017-05-31,426.2037,426.2037,27.8605,3.9405
600415.SH,2017-04-30,390.8228,390.8228,25.5476,3.6134
600415.SH,2017-03-31,431.1026,431.1026,40.6595,4.2514
600415.SH,2017-02-28,431.6469,431.6469,37.9371,4.3549
600415.SH,2017-01-31,437.6344,437.6344,38.4633,4.4153
600415.SH,2016-12-31,470.838,470.838,41.3815,4.7503
600415.SH,2016-11-30,452.8754,452.8754,39.8028,4.5691
600415.SH,2016-10-31,413.6843,413.6843,36.3583,4.1737
600415.SH,2016-09-30,441.989,441.989,42.4226,4.5791
600415.SH,2016-08-31,393.0001,393.0001,37.7206,4.0715
600415.SH,2016-07-31,354.3532,354.3532,45.5873,3.8011
600415.SH,2016-06-30,336.3906,336.3906,43.2764,3.6084
600415.SH,2016-05-31,353.2646,353.2646,45.4472,3.6819
600415.SH,2016-04-30,384.2909,384.2909,49.4387,4.0053
600415.SH,2016-03-31,416.4059,416.4059,60.4888,4.3957
600415.SH,2016-02-29,352.176,352.176,75.0299,3.9693
600415.SH,2016-01-31,322.7826,322.7826,68.7678,3.638
600485.SH,2020-12-31,40.64,40.64,,
600485.SH,2020-11-30,40.64,40.64,,
600485.SH,2020-10-31,40.64,40.64,,
600485.SH,2020-09-30,40.64,40.64,,
600485.SH,2020-08-31,40.64,40.64,,
600485.SH,2020-07-31,40.64,40.64,,
600485.SH,2020-06-30,40.64,40.64,,
600485.SH,2020-05-31,40.64,40.64,,
600485.SH,2020-04-30,40.64,40.64,-0.2209,-0.3534
600485.SH,2020-03-31,42.1019,42.1019,-0.2348,-0.4831
600485.SH,2020-02-29,44.4409,44.4409,-0.2478,-0.5099
600485.SH,2020-01-31,71.3393,71.3393,-0.3978,-0.8185
600485.SH,2019-12-31,89.4665,89.4665,-0.4989,-1.0265
600485.SH,2019-11-30,47.657,47.657,-0.2657,-0.5468
600485.SH,2019-10-31,36.8392,36.8392,-0.2054,-0.4227
600485.SH,2019-09-30,43.2714,43.2714,-0.2404,-0.5143
600485.SH,2019-08-31,67.5385,67.5385,-0.3752,-0.8027
600485.SH,2019-07-31,208.4629,208.4629,-7.9846,3.0091
600485.SH,2019-06-30,426.5741,426.5741,-16.3387,6.1576
600485.SH,2019-05-31,426.5741,426.5741,-16.3387,6.1576
600485.SH,2019-04-30,426.5741,426.5741,-16.3387,6.1576
600485.SH,2019-03-31,426.5741,426.5741,-14.1122,4.649
600485.SH,2019-02-28,426.5741,426.5741,-14.1122,4.649
600485.SH,2019-01-31,426.5741,426.5741,-14.1122,4.649
600485.SH,2018-12-31,426.5741,426.5741,-14.1122,4.649
600485.SH,2018-11-30,426.5741,426.5741,-14.1122,4.649
600485.SH,2018-10-31,426.5741,426.5741,-14.1122,4.649
600485.SH,2018-09-30,426.5741,426.5741,-14.487,4.4663
600485.SH,2018-08-31,426.5741,426.5741,-14.487,4.4663
600485.SH,2018-07-31,426.5741,426.5741,-21.4956,4.5005
600485.SH,2018-06-30,426.5741,426.5741,-21.4956,4.5005
600485.SH,2018-05-31,426.5741,426.5741,-21.4956,4.5005
600485.SH,2018-04-30,426.5741,426.5741,-21.4956,4.5005
600485.SH,2018-03-31,426.5741,426.5741,79.596,3.4982
600485.SH,2018-02-28,426.5741,426.5741,79.596,3.4982
600485.SH,2018-01-31,426.5741,426.5741,79.596,3.4982
600485.SH,2017-12-31,426.5741,426.5741,79.596,3.4982
600485.SH,2017-11-30,426.5741,426.5741,79.596,3.4982
600485.SH,2017-10-31,426.5741,426.5741,79.596,3.4982
600485.SH,2017-09-30,426.5741,426.5741,50.563,3.4117
600485.SH,2017-08-31,426.5741,426.5741,50.563,3.4117
600485.SH,2017-07-31,426.5741,426.5741,54.3258,3.703
600485.SH,2017-06-30,426.5741,426.5741,54.3258,3.703
600485.SH,2017-05-31,426.8664,426.8664,54.3631,3.697
600485.SH,2017-04-30,426.8664,426.8664,54.3631,3.697
600485.SH,2017-03-31,426.8664,426.8664,19.782,3.6479
600485.SH,2017-02-28,426.8664,426.8664,19.782,3.6479
600485.SH,2017-01-31,426.8664,426.8664,19.782,3.6479
600485.SH,2016-12-31,426.8664,426.8664,19.782,3.6479
600485.SH,2016-11-30,508.1465,508.1465,23.5487,4.3425
600485.SH,2016-10-31,511.9474,511.9474,23.7249,4.375
600485.SH,2016-09-30,501.1295,501.1295,16.878,4.2947
600485.SH,2016-08-31,536.2144,536.2144,18.0596,4.5954
600485.SH,2016-07-31,494.1125,494.1125,23.9881,4.6009
600485.SH,2016-06-30,521.5957,521.5957,25.3224,4.8471
600485.SH,2016-05-31,518.9643,518.9643,25.1946,4.8226
600485.SH,2016-04-30,535.3373,535.3373,25.9895,4.9748
600485.SH,2016-03-31,535.3373,535.3373,17.9993,4.665
600485.SH,2016-02-29,535.3373,535.3373,17.9993,4.665
600485.SH,2016-01-31,535.3373,535.3373,17.9993,4.665
600489.SH,2020-12-31,427.0482,304.0452,39.349,1.8418
600489.SH,2020-11-30,461.9489,328.8934,42.5648,1.9924
600489.SH,2020-10-31,450.8001,320.9558,41.5375,1.9443
600489.SH,2020-09-30,487.1549,346.8393,78.452,2.1871
600489.SH,2020-08-31,528.3571,376.174,85.0872,2.372
600489.SH,2020-07-31,526.4713,391.359,172.1557,2.2539
600489.SH,2020-06-30,424.334,315.4339,138.7569,1.8167
600489.SH,2020-05-31,430.8337,320.2655,140.8822,1.8445
600489.SH,2020-04-30,289.8955,289.8955,94.7956,1.8797
600489.SH,2020-03-31,278.5068,278.5068,206.88,2.0343
600489.SH,2020-02-29,279.8872,279.8872,207.9054,2.0444
600489.SH,2020-01-31,279.8872,279.8872,207.9054,2.0444
600489.SH,2019-12-31,292.6564,292.6564,217.3907,2.1376
600489.SH,2019-11-30,270.5692,270.5692,200.9838,1.9763
600489.SH,2019-10-31,284.0286,284.0286,210.9817,2.0746
600489.SH,2019-09-30,299.5587,299.5587,206.8962,2.208
600489.SH,2019-08-31,337.5212,337.5212,233.1158,2.4878
600489.SH,2019-07-31,323.3716,323.3716,189.5066,2.3835
600489.SH,2019-06-30,354.4318,354.4318,207.7089,2.5842
600489.SH,2019-05-31,279.5421,279.5421,163.8211,2.0382
600489.SH,2019-04-30,274.0203,274.0203,160.5851,1.9979
600489.SH,2019-03-31,295.0722,295.0722,164.9204,2.2234
600489.SH,2019-02-28,299.9038,299.9038,167.6209,2.2598
600489.SH,2019-01-31,273.6752,273.6752,152.9613,2.0622
600489.SH,2018-12-31,296.1076,296.1076,165.4991,2.2312
600489.SH,2018-11-30,269.8789,269.8789,150.8395,2.0336
600489.SH,2018-10-31,272.6398,272.6398,152.3826,2.0544
600489.SH,2018-09-30,234.3322,234.3322,115.2045,1.7341
600489.SH,2018-08-31,229.1555,229.1555,112.6595,1.6958
600489.SH,2018-07-31,241.2345,241.2345,92.4224,1.7794
600489.SH,2018-06-30,235.3676,235.3676,90.1746,1.7362
600489.SH,2018-05-31,298.8685,298.8685,114.5033,2.2046
600489.SH,2018-04-30,302.3196,302.3196,115.8255,2.23
600489.SH,2018-03-31,320.2655,320.2655,124.1429,2.3705
600489.SH,2018-02-28,299.2136,299.2136,115.9826,2.2147
600489.SH,2018-01-31,337.8663,337.8663,130.9654,2.5008
600489.SH,2017-12-31,341.3175,341.3175,132.3031,2.5263
600489.SH,2017-11-30,335.7956,335.7956,130.1627,2.4854
600489.SH,2017-10-31,347.8746,347.8746,134.8448,2.5748
600489.SH,2017-09-30,369.9619,369.9619,97.1823,2.7618
600489.SH,2017-08-31,384.8018,384.8018,101.0805,2.8726
600489.SH,2017-07-31,377.5544,377.5544,96.7754,2.8267
600489.SH,2017-06-30,346.1491,346.1491,88.7255,2.5916
600489.SH,2017-05-31,344.4235,344.4235,88.2832,2.5787
600489.SH,2017-04-30,395.1552,395.1552,101.2868,2.9585
600489.SH,2017-03-31,404.4733,404.4733,98.0002,3.0211
600489.SH,2017-02-28,431.3921,431.3921,104.5224,3.2222
600489.SH,2017-01-31,419.6583,419.6583,101.6794,3.1346
600489.SH,2016-12-31,417.2425,417.2425,101.094,3.1165
600489.SH,2016-11-30,446.5772,446.5772,108.2016,3.3356
600489.SH,2016-10-31,430.0117,430.0117,104.1879,3.2119
600489.SH,2016-09-30,418.6229,418.6229,183.0154,3.1783
600489.SH,2016-08-31,458.311,458.311,200.3663,3.4796
600489.SH,2016-07-31,489.3713,489.3713,380.0035,3.756
600489.SH,2016-06-30,387.9078,387.9078,301.2157,2.9772
600489.SH,2016-05-31,334.0701,334.0701,259.41,3.3643
600489.SH,2016-04-30,334.0565,334.0565,259.3994,3.3642
600489.SH,2016-03-31,315.5141,315.5141,-139.2616,3.1569
600489.SH,2016-02-29,300.2093,300.2093,-132.5064,3.0038
600489.SH,2016-01-31,236.9299,236.9299,-104.5761,2.3706
600519.SH,2020-12-31,25098.832,25098.832,56.3023,16.907
600519.SH,2020-11-30,21530.0997,21530.0997,48.2968,14.503
600519.SH,2020-10-31,20978.7545,20978.7545,47.06,14.1317
600519.SH,2020-09-30,20959.6603,20959.6603,47.7908,15.2738
600519.SH,2020-08-31,22441.9737,22441.9737,51.1707,16.354
600519.SH,2020-07-31,21081.2602,21081.2602,48.0681,15.3624
600519.SH,2020-06-30,18376.6664,18376.6664,42.6582,14.3885
600519.SH,2020-05-31,17167.1991,17167.1991,39.8507,11.5136
600519.SH,2020-04-30,15899.6956,15899.6956,36.9084,10.6635
600519.SH,2020-03-31,13956.3576,13956.3576,34.1023,11.1421
600519.SH,2020-02-29,13278.0107,13278.0107,32.4448,10.6005
600519.SH,2020-01-31,13225.2504,13225.2504,32.3159,10.5584
600519.SH,2019-12-31,14860.82,14860.82,36.3124,11.8641
600519.SH,2019-11-30,14182.4732,14182.4732,34.6549,11.3226
600519.SH,2019-10-31,14823.2597,14823.2597,36.2206,11.8342
600519.SH,2019-09-30,14446.2747,14446.2747,36.6745,12.5888
600519.SH,2019-08-31,14345.7789,14345.7789,36.4194,12.5012
600519.SH,2019-07-31,12217.7798,12217.7798,31.0171,10.6468
600519.SH,2019-06-30,12360.9864,12360.9864,32.5991,11.684
600519.SH,2019-05-31,11180.1604,11180.1604,29.485,9.0121
600519.SH,2019-04-30,12235.3666,12235.3666,32.2678,9.8626
600519.SH,2019-03-31,10727.8036,10727.8036,30.4736,9.5072
600519.SH,2019-02-28,9484.419,9484.419,29.798,9.2649
600519.SH,2019-01-31,8662.74,8662.74,27.2164,8.4622
600519.SH,2018-12-31,7411.6926,7411.6926,23.2859,7.2401
600519.SH,2018-11-30,7097.5176,7097.5176,22.2989,6.9332
600519.SH,2018-10-31,6895.2697,6895.2697,21.6634,6.7357
600519.SH,2018-09-30,9170.2439,9170.2439,29.0265,9.8185
600519.SH,2018-08-31,8280.7303,8280.7303,26.2109,8.8661
600519.SH,2018-07-31,9125.5233,9125.5233,30.9727,10.5937
600519.SH,2018-06-30,9188.5844,9188.5844,31.1867,10.6669
600519.SH,2018-05-31,9435.6785,9435.6785,32.0254,9.4396
600519.SH,2018-04-30,8322.6873,8322.6873,28.2478,8.3262
600519.SH,2018-03-31,8587.6194,8587.6194,31.7128,9.3904
600519.SH,2018-02-28,9115.2225,9115.2225,37.6093,10.8056
600519.SH,2018-01-31,9604.1347,9604.1347,39.6265,11.3852
600519.SH,2017-12-31,8761.854,8761.854,36.1513,10.3867
600519.SH,2017-11-30,7926.6081,7926.6081,32.7051,9.3966
600519.SH,2017-10-31,7763.6793,7763.6793,32.0328,9.2035
600519.SH,2017-09-30,6502.5823,6502.5823,33.9267,8.5987
600519.SH,2017-08-31,6169.8155,6169.8155,32.1905,8.1587
600519.SH,2017-07-31,6045.0751,6045.0751,31.5397,7.9937
600519.SH,2017-06-30,5927.3693,5927.3693,33.0175,7.5013
600519.SH,2017-05-31,5564.2025,5564.2025,30.9945,7.0417
600519.SH,2017-04-30,5194.1267,5194.1267,28.9331,6.5734
600519.SH,2017-03-31,4853.4458,4853.4458,29.3365,7.0706
600519.SH,2017-02-28,4455.2311,4455.2311,26.9295,6.4905
600519.SH,2017-01-31,4326.5965,4326.5965,26.152,6.3031
600519.SH,2016-12-31,4197.5849,4197.5849,25.3722,6.1151
600519.SH,2016-11-30,4008.2759,4008.2759,24.2279,5.8393
600519.SH,2016-10-31,3994.0809,3994.0809,24.1421,5.8186
600519.SH,2016-09-30,3742.3389,3742.3389,22.7948,5.7593
600519.SH,2016-08-31,3896.6,3896.6,23.7344,5.9967
600519.SH,2016-07-31,3933.7834,3933.7834,24.544,5.7161
600519.SH,2016-06-30,3667.0926,3667.0926,22.8801,5.3286
600519.SH,2016-05-31,3322.2663,3322.2663,20.7286,4.8276
600519.SH,2016-04-30,3155.5689,3155.5689,19.6885,4.5853
600519.SH,2016-03-31,3110.8482,3110.8482,20.066,4.8663
600519.SH,2016-02-29,2699.6947,2699.6947,16.788,4.5109
600519.SH,2016-01-31,2520.5609,2520.5609,15.674,4.2116
600518.SH,2020-12-31,133.2995,133.2995,-1.8867,0.8774
600518.SH,2020-11-30,150.708,150.708,-2.133,0.9919
600518.SH,2020-10-31,160.6557,160.6557,-2.2738,1.0574
600518.SH,2020-09-30,163.1427,163.1427,-2.6441,1.0107
600518.SH,2020-08-31,146.7289,146.7289,-2.3781,0.909
600518.SH,2020-07-31,146.7289,146.7289,-2.8336,0.7912
600518.SH,2020-06-30,126.8335,126.8335,-2.4494,0.6839
600518.SH,2020-05-31,123.8492,123.8492,-2.973,0.6678
600518.SH,2020-04-30,133.7969,133.7969,-3.2117,0.7214
600518.SH,2020-03-31,153.1949,153.1949,-5.7185,0.6139
600518.SH,2020-02-29,159.661,159.661,-5.9599,0.6398
600518.SH,2020-01-31,171.1008,171.1008,-6.3869,0.6856
600518.SH,2019-12-31,185.525,185.525,-6.9253,0.7434
600518.SH,2019-11-30,180.0538,180.0538,-6.7211,0.7215
600518.SH,2019-10-31,185.525,185.525,-6.9253,0.7434
600518.SH,2019-09-30,193.4832,193.4832,-13.9811,0.7774
600518.SH,2019-08-31,172.593,172.593,-12.4716,0.6934
600518.SH,2019-07-31,160.1583,160.1583,-238.976,0.6294
600518.SH,2019-06-30,172.593,172.593,-257.5301,0.6782
600518.SH,2019-05-31,208.4048,208.4048,-310.9657,0.8189
600518.SH,2019-04-30,474.5064,474.5064,-708.0222,1.8646
600518.SH,2019-03-31,519.7685,519.7685,10.8347,1.6421
600518.SH,2019-02-28,528.2241,528.2241,11.011,1.6688
600518.SH,2019-01-31,290.4735,290.4735,6.055,0.9177
600518.SH,2018-12-31,458.0927,458.0927,9.5491,1.4473
600518.SH,2018-11-30,523.7476,523.7476,10.9177,1.6547
600518.SH,2018-10-31,614.2719,614.2719,12.8047,1.9407
600518.SH,2018-09-30,1088.2809,1088.2809,23.8974,3.5836
600518.SH,2018-08-31,1036.0554,1036.0554,22.7506,3.4117
600518.SH,2018-07-31,1061.9195,1061.9195,23.8299,3.2847
600518.SH,2018-06-30,1138.0196,1138.0196,25.5376,3.3972
600518.SH,2018-05-31,1331.1103,1331.1103,29.8706,4.3595
600518.SH,2018-04-30,1118.7097,1118.7097,25.1043,3.6639
600518.SH,2018-03-31,1117.7148,1117.7148,28.662,3.566
600518.SH,2018-02-28,1049.0701,1049.0701,26.9017,3.347
600518.SH,2018-01-31,1036.137,1036.137,26.5701,3.3057
600518.SH,2017-12-31,1112.2431,1112.2431,28.5217,3.5485
600518.SH,2017-11-30,1050.6884,1050.6884,26.9432,3.7411
600518.SH,2017-10-31,1056.6244,1056.6244,27.0954,3.7622
600518.SH,2017-09-30,993.3061,993.3061,26.6594,3.6732
600518.SH,2017-08-31,1028.9227,1028.9227,27.6153,3.8049
600518.SH,2017-07-31,1025.9546,1025.9546,30.0063,3.5222
600518.SH,2017-06-30,1075.4221,1075.4221,31.4531,3.692
600518.SH,2017-05-31,1054.7481,1054.7481,30.8485,3.8809
600518.SH,2017-04-30,961.2456,961.2456,28.1138,3.5368
600518.SH,2017-03-31,933.0464,933.0464,28.789,3.6538
600518.SH,2017-02-28,871.2061,871.2061,26.8809,3.4117
600518.SH,2017-01-31,889.5108,889.5108,27.4457,3.4833
600518.SH,2016-12-31,883.0794,883.0794,27.2473,3.4582
600518.SH,2016-11-30,854.8803,854.8803,26.3772,3.3477
600518.SH,2016-10-31,840.0386,840.0386,25.9193,3.2896
600518.SH,2016-09-30,802.4397,802.4397,25.9701,3.2491
600518.SH,2016-08-31,808.3763,808.3763,26.1622,3.2732
600518.SH,2016-07-31,823.218,823.218,28.1183,2.9475
600518.SH,2016-06-30,751.4833,751.4833,25.6681,2.6907
600518.SH,2016-05-31,660.3593,660.3593,22.5556,3.4693
600518.SH,2016-04-30,654.617,654.617,22.3595,3.2939
600518.SH,2016-03-31,685.5592,685.5592,23.6793,4.5313
600518.SH,2016-02-29,573.8645,573.8645,19.8214,3.793
600518.SH,2016-01-31,574.744,574.744,19.8518,3.7988
600535.SH,2020-12-31,223.7233,223.7233,23.0808,1.9116
600535.SH,2020-11-30,251.2539,251.2539,25.9211,2.1469
600535.SH,2020-10-31,264.7166,264.7166,27.31,2.2619
600535.SH,2020-09-30,255.3381,255.3381,32.3669,2.2414
600535.SH,2020-08-31,272.885,272.885,34.5911,2.3954
600535.SH,2020-07-31,262.2963,262.2963,30.9274,2.3997
600535.SH,2020-06-30,245.3545,245.3545,28.9298,2.2447
600535.SH,2020-05-31,223.2695,223.2695,26.3258,1.9537
600535.SH,2020-04-30,211.9245,211.9245,24.9881,1.8544
600535.SH,2020-03-31,209.0505,209.0505,15.9801,1.8799
600535.SH,2020-02-29,231.1354,231.1354,17.6683,2.0785
600535.SH,2020-01-31,236.8835,236.8835,18.1077,2.1301
600535.SH,2019-12-31,233.2531,233.2531,17.8302,2.0975
600535.SH,2019-11-30,230.8329,230.8329,17.6452,2.0757
600535.SH,2019-10-31,221.3031,221.3031,16.9167,1.99
600535.SH,2019-09-30,235.6734,235.6734,15.5184,2.1467
600535.SH,2019-08-31,257.1533,257.1533,16.9328,2.3424
600535.SH,2019-07-31,245.3545,245.3545,15.1281,2.3252
600535.SH,2019-06-30,250.3463,250.3463,15.4359,2.3725
600535.SH,2019-05-31,277.7255,277.7255,17.1241,2.5238
600535.SH,2019-04-30,331.5764,331.5764,20.4444,3.0131
600535.SH,2019-03-31,340.6524,340.6524,21.1977,3.2822
600535.SH,2019-02-28,314.0295,314.0295,19.5411,3.0257
600535.SH,2019-01-31,272.885,272.885,16.9808,2.6293
600535.SH,2018-12-31,290.4319,290.4319,18.0727,2.7984
600535.SH,2018-11-30,318.5675,318.5675,19.8234,3.0694
600535.SH,2018-10-31,304.4997,304.4997,18.9481,2.9339
600535.SH,2018-09-30,346.098,346.098,22.3966,3.7746
600535.SH,2018-08-31,334.2992,334.2992,21.6331,3.6459
600535.SH,2018-07-31,375.8976,375.8976,26.2882,4.3736
600535.SH,2018-06-30,390.5704,390.5704,27.3144,4.5443
600535.SH,2018-05-31,456.1769,456.1769,31.9026,5.0536
600535.SH,2018-04-30,481.1359,481.1359,33.6481,5.33
600535.SH,2018-03-31,491.8326,491.8326,35.7296,5.6829
600535.SH,2018-02-28,388.1069,370.9971,29.5846,4.5653
600535.SH,2018-01-31,387.1345,370.0675,29.5105,4.5538
600535.SH,2017-12-31,384.4333,367.4854,29.3046,4.5221
600535.SH,2017-11-30,396.5346,379.0533,30.2271,4.6644
600535.SH,2017-10-31,411.3372,393.2032,31.3554,4.8385
600535.SH,2017-09-30,379.7873,363.0442,30.4349,4.678
600535.SH,2017-08-31,410.0406,391.9638,32.8593,5.0507
600535.SH,2017-07-31,405.8267,387.9357,33.3319,5.2862
600535.SH,2017-06-30,448.8297,429.0428,36.8639,5.8464
600535.SH,2017-05-31,429.8133,410.8648,35.302,5.1897
600535.SH,2017-04-30,451.0987,431.2118,37.0503,5.4467
600535.SH,2017-03-31,431.6501,412.6206,36.6917,5.4201
600535.SH,2017-02-28,412.3096,394.1328,32.6451,5.1635
600535.SH,2017-01-31,432.0823,413.0338,34.2106,5.4111
600535.SH,2016-12-31,448.2894,428.5264,35.4938,5.6141
600535.SH,2016-11-30,446.2365,426.564,35.3313,5.5884
600535.SH,2016-10-31,446.4526,426.7706,35.3484,5.5911
600535.SH,2016-09-30,455.7447,435.653,34.1829,5.9444
600535.SH,2016-08-31,427.8684,409.0057,32.092,5.5808
600535.SH,2016-07-31,443.1032,423.5688,31.4241,6.0759
600535.SH,2016-06-30,386.3782,369.3445,27.4013,5.2981
600535.SH,2016-05-31,393.0771,375.7482,27.8763,5.39
600535.SH,2016-04-30,380.4356,363.6639,26.9798,4.911
600535.SH,2016-03-31,419.5488,401.0528,28.3757,5.6168
600535.SH,2016-02-29,363.4721,347.4483,25.1237,5.0394
600535.SH,2016-01-31,358.9341,343.1103,24.81,4.9765
600570.SH,2020-12-31,1095.2512,1095.2512,105.5693,28.5981
600570.SH,2020-11-30,923.2895,923.2895,88.9942,24.108
600570.SH,2020-10-31,970.3779,970.3779,93.533,25.3376
600570.SH,2020-09-30,1029.3691,1029.3691,95.2052,23.1497
600570.SH,2020-08-31,1163.5347,1163.5347,107.6141,26.167
600570.SH,2020-07-31,1143.5926,1143.5926,117.5218,28.5103
600570.SH,2020-06-30,1124.4857,1124.4857,115.5583,28.0339
600570.SH,2020-05-31,845.7938,845.7938,86.9184,19.063
600570.SH,2020-04-30,824.1089,824.1089,84.6899,18.5743
600570.SH,2020-03-31,705.966,705.966,64.8609,18.5284
600570.SH,2020-02-29,772.5468,772.5468,70.978,20.2758
600570.SH,2020-01-31,712.3108,712.3108,65.4438,18.6949
600570.SH,2019-12-31,624.286,624.286,57.3565,16.3847
600570.SH,2019-11-30,584.7711,584.7711,53.7261,15.3476
600570.SH,2019-10-31,612.4797,612.4797,56.2718,16.0748
600570.SH,2019-09-30,593.7664,593.7664,58.021,16.1173
600570.SH,2019-08-31,596.738,596.738,58.3114,16.198
600570.SH,2019-07-31,570.957,570.957,57.9146,16.7983
600570.SH,2019-06-30,547.3445,547.3445,55.5194,16.1036
600570.SH,2019-05-31,500.6817,500.6817,50.7862,14.7307
600570.SH,2019-04-30,513.0872,513.0872,52.0446,14.2659
600570.SH,2019-03-31,540.9502,540.9502,83.8201,17.003
600570.SH,2019-02-28,533.969,533.969,98.5181,16.771
600570.SH,2019-01-31,385.3251,385.3251,71.093,12.1024
600570.SH,2018-12-31,321.1351,321.1351,59.2499,10.0863
600570.SH,2018-11-30,334.7886,334.7886,61.769,10.5151
600570.SH,2018-10-31,288.7004,288.7004,53.2656,9.0675
600570.SH,2018-09-30,341.0902,341.0902,62.8225,10.6986
600570.SH,2018-08-31,329.5373,329.5373,60.6946,10.3362
600570.SH,2018-07-31,316.0691,316.0691,64.9914,10.6323
600570.SH,2018-06-30,327.1278,327.1278,67.2654,11.0043
600570.SH,2018-05-31,356.4118,356.4118,73.2869,11.9894
600570.SH,2018-04-30,376.1198,376.1198,77.3393,11.9332
600570.SH,2018-03-31,369.3239,369.3239,78.3763,12.0183
600570.SH,2018-02-28,294.9402,294.9402,286.947,10.6543
600570.SH,2018-01-31,318.1079,318.1079,309.4868,11.4912
600570.SH,2017-12-31,286.6616,286.6616,278.8928,10.3553
600570.SH,2017-11-30,290.1213,290.1213,282.2587,10.4803
600570.SH,2017-10-31,315.5749,315.5749,307.0225,11.3997
600570.SH,2017-09-30,315.3278,315.3278,380.5311,12.1524
600570.SH,2017-08-31,317.1812,317.1812,382.7678,12.2239
600570.SH,2017-07-31,261.0227,261.0227,-2338.9753,10.8171
600570.SH,2017-06-30,288.3915,288.3915,-2584.2217,11.9513
600570.SH,2017-05-31,230.9356,230.9356,-2069.3704,9.5703
600570.SH,2017-04-30,240.944,240.944,-2159.0542,9.7358
600570.SH,2017-03-31,261.0227,261.0227,1427.0264,10.8716
600570.SH,2017-02-28,287.6501,287.6501,57.6695,11.7277
600570.SH,2017-01-31,273.4406,273.4406,54.8207,11.1484
600570.SH,2016-12-31,291.2334,291.2334,58.3879,11.8738
600570.SH,2016-11-30,352.6432,352.6432,70.6996,14.3775
600570.SH,2016-10-31,364.6904,364.6904,73.1149,14.8687
600570.SH,2016-09-30,345.6002,345.6002,84.9712,14.3486
600570.SH,2016-08-31,365.8024,365.8024,89.9382,15.1873
600570.SH,2016-07-31,347.1447,347.1447,84.894,14.4101
600570.SH,2016-06-30,412.5085,412.5085,90.7284,17.8868
600570.SH,2016-05-31,377.9114,377.9114,83.119,16.3867
600570.SH,2016-04-30,337.1363,337.1363,74.1508,13.6667
600570.SH,2016-03-31,360.4275,360.4275,79.436,14.8198
600570.SH,2016-02-29,215.058,215.058,55.5703,10.3128
600570.SH,2016-01-31,246.3189,246.3189,63.648,11.8119
600549.SH,2020-12-31,236.9188,236.9188,45.4939,3.2075
600549.SH,2020-11-30,213.2972,213.2972,40.958,2.8877
600549.SH,2020-10-31,188.6914,188.6914,36.2331,2.5546
600549.SH,2020-09-30,188.2696,188.2696,45.178,2.5114
600549.SH,2020-08-31,206.6888,206.6888,49.5979,2.7571
600549.SH,2020-07-31,210.9069,210.9069,50.6958,2.8131
600549.SH,2020-06-30,166.4759,166.4759,46.3744,2.278
600549.SH,2020-05-31,174.7715,174.7715,48.6852,2.3463
600549.SH,2020-04-30,158.3208,158.3208,44.1026,2.1255
600549.SH,2020-03-31,159.305,159.305,100.8832,2.2194
600549.SH,2020-02-29,167.8819,167.8819,106.3147,2.3389
600549.SH,2020-01-31,175.7558,175.7558,111.301,2.4486
600549.SH,2019-12-31,183.3484,183.3484,116.1092,2.5543
600549.SH,2019-11-30,170.2722,170.2722,107.8284,2.3722
600549.SH,2019-10-31,178.5679,178.5679,113.0818,2.4877
600549.SH,2019-09-30,189.5244,188.5508,78.182,2.6386
600549.SH,2019-08-31,183.1645,182.2236,75.5585,2.55
600549.SH,2019-07-31,183.4472,182.5048,75.665,2.554
600549.SH,2019-06-30,202.2441,201.2052,45.6805,2.7988
600549.SH,2019-05-31,216.5185,215.4063,48.9046,2.9964
600549.SH,2019-04-30,188.9591,187.9884,42.6798,2.615
600549.SH,2019-03-31,213.1266,212.0318,42.9787,2.9516
600549.SH,2019-02-28,201.8201,200.7834,40.6986,2.795
600549.SH,2019-01-31,166.4875,165.6322,33.5735,2.3057
600549.SH,2018-12-31,170.7274,169.8504,35.5093,2.3793
600549.SH,2018-11-30,187.1218,186.1605,38.9191,2.6077
600549.SH,2018-10-31,193.199,192.2065,40.1831,2.6924
600549.SH,2018-09-30,202.8095,201.7676,40.6151,2.8808
600549.SH,2018-08-31,192.4923,191.5035,38.5489,2.7343
600549.SH,2018-07-31,214.3986,213.2972,42.9359,3.0454
600549.SH,2018-06-30,214.5399,213.4378,41.478,3.1944
600549.SH,2018-05-31,227.5423,226.3734,43.9918,3.2817
600549.SH,2018-04-30,247.1112,245.8418,47.7751,3.564
600549.SH,2018-03-31,287.2273,285.7519,46.4485,4.1606
600549.SH,2018-02-28,272.1158,270.718,43.5959,3.9598
600549.SH,2018-01-31,271.8984,270.5017,46.759,3.9566
600549.SH,2017-12-31,279.6982,278.3971,48.1004,4.0743
600549.SH,2017-11-30,279.2636,227.8495,48.0257,4.068
600549.SH,2017-10-31,301.4308,245.9356,51.8378,4.3909
600549.SH,2017-09-30,349.1338,284.8562,65.673,5.1444
600549.SH,2017-08-31,374.7782,305.7794,70.4968,5.5223
600549.SH,2017-07-31,331.4218,270.4051,62.0513,4.905
600549.SH,2017-06-30,232.4303,190.5248,90.2586,3.5098
600549.SH,2017-05-31,215.5577,176.6942,83.7065,3.255
600549.SH,2017-04-30,219.7758,180.1518,85.3445,3.3187
600549.SH,2017-03-31,232.8629,190.8794,161.7202,3.5901
600549.SH,2017-02-28,264.9856,217.2106,184.029,4.0854
600549.SH,2017-01-31,236.3239,193.7164,164.1239,3.6435
600549.SH,2016-12-31,238.1626,195.2236,-53.742,3.6179
600549.SH,2016-11-30,288.8884,236.8039,-65.1884,4.3884
600549.SH,2016-10-31,282.399,231.4845,-63.7241,4.2898
600549.SH,2016-09-30,274.7198,225.1898,-43.7393,4.2299
600549.SH,2016-08-31,305.6528,250.5458,-48.6643,4.7062
600549.SH,2016-07-31,290.9434,238.4884,-46.3223,4.4797
600549.SH,2016-06-30,321.3356,263.4011,-48.1859,4.9889
600549.SH,2016-05-31,289.97,237.6905,-43.4825,4.3556
600549.SH,2016-04-30,255.4678,209.4088,-38.3087,3.8374
600549.SH,2016-03-31,206.5806,169.3356,-32.7594,3.0981
600549.SH,2016-02-29,190.2489,155.9484,-30.1695,2.8532
600549.SH,2016-01-31,148.5001,121.7266,-23.5491,2.2271
600547.SH,2020-12-31,959.1142,777.2027,46.6213,4.152
600547.SH,2020-11-30,971.7718,784.4416,47.3338,4.2154
600547.SH,2020-10-31,976.1076,782.4674,47.2147,4.2048
600547.SH,2020-09-30,1045.4666,839.063,62.2491,4.666
600547.SH,2020-08-31,1190.208,953.8995,70.7687,5.3046
600547.SH,2020-07-31,1271.1242,1010.8711,89.6514,5.6134
600547.SH,2020-06-30,1057.2796,860.6859,76.3319,4.7794
600547.SH,2020-05-31,1069.8402,871.9674,77.3324,4.8421
600547.SH,2020-04-30,1048.5866,797.1086,75.644,4.7363
600547.SH,2020-03-31,977.8336,754.2769,82.5462,4.605
600547.SH,2020-02-29,967.2207,745.0516,99.8805,4.731
600547.SH,2020-01-31,928.1357,713.2024,95.6108,4.5288
600547.SH,2019-12-31,930.9994,716.4971,96.0525,4.5497
600547.SH,2019-11-30,854.6589,660.9258,88.6027,4.1968
600547.SH,2019-10-31,909.1914,698.0466,93.579,4.4325
600547.SH,2019-09-30,968.6516,688.679,113.1642,4.7595
600547.SH,2019-08-31,1125.6902,810.4019,133.1657,5.6007
600547.SH,2019-07-31,850.2796,611.5172,110.9777,4.5326
600547.SH,2019-06-30,829.8756,597.5828,101.8799,4.1611
600547.SH,2019-05-31,633.5399,451.2716,76.9358,3.1423
600547.SH,2019-04-30,593.5841,423.4028,72.1845,2.9482
600547.SH,2019-03-31,634.44,451.1264,78.5759,3.1827
600547.SH,2019-02-28,669.7549,473.1892,71.2601,3.3409
600547.SH,2019-01-31,632.4389,445.3204,67.0632,3.1442
600547.SH,2018-12-31,621.4429,439.079,66.1233,3.1001
600547.SH,2018-11-30,556.4716,392.6309,59.1284,2.7721
600547.SH,2018-10-31,542.3441,381.7447,57.489,2.6953
600547.SH,2018-09-30,481.9728,343.5702,45.6982,2.4509
600547.SH,2018-08-31,419.7089,328.0392,37.0875,2.4892
600547.SH,2018-07-31,454.2513,355.0371,39.2678,2.7377
600547.SH,2018-06-30,444.2228,347.199,38.4009,2.6773
600547.SH,2018-05-31,526.4932,411.5005,45.5127,3.1731
600547.SH,2018-04-30,518.5076,405.259,44.8224,3.111
600547.SH,2018-03-31,539.3073,421.5158,47.4148,3.334
600547.SH,2018-02-28,481.7366,376.5193,33.1177,2.9781
600547.SH,2018-01-31,590.1924,461.2869,40.5736,3.6388
600547.SH,2017-12-31,579.0496,452.5779,39.8076,3.5701
600547.SH,2017-11-30,559.5499,437.3372,38.4671,3.4498
600547.SH,2017-10-31,548.0358,428.3379,37.6755,3.3788
600547.SH,2017-09-30,583.6924,447.2717,43.0261,3.6587
600547.SH,2017-08-31,606.1636,464.4908,44.6826,3.7996
600547.SH,2017-07-31,592.7923,454.2447,42.372,3.785
600547.SH,2017-06-30,537.2645,411.6948,38.403,3.4304
600547.SH,2017-05-31,530.2074,406.2872,37.8985,3.3457
600547.SH,2017-04-30,670.7913,514.0138,47.9473,4.2328
600547.SH,2017-03-31,664.4771,509.1753,51.3992,4.2816
600547.SH,2017-02-28,688.4339,527.5329,65.9762,4.2087
600547.SH,2017-01-31,687.5054,526.8214,65.8872,4.203
600547.SH,2016-12-31,678.0341,519.5637,64.9795,4.1451
600547.SH,2016-11-30,708.3051,542.7598,67.8805,4.3302
600547.SH,2016-10-31,756.2188,579.4751,72.4724,4.6231
600547.SH,2016-09-30,543.4714,543.4714,49.7283,5.3969
600547.SH,2016-08-31,593.9904,593.9904,54.3508,5.8986
600547.SH,2016-07-31,651.9095,651.9095,74.3605,6.6964
600547.SH,2016-06-30,553.7175,553.7175,63.1602,5.6877
600547.SH,2016-05-31,421.2294,421.2294,48.0478,4.2645
600547.SH,2016-04-30,433.8948,433.8948,49.4925,4.3927
600547.SH,2016-03-31,374.1257,374.1257,63.7323,3.8749
600547.SH,2016-02-29,359.4681,359.4681,69.5575,3.8491
600547.SH,2016-01-31,237.5108,237.5108,45.9586,2.5432
600583.SH,2020-12-31,198.5188,198.5188,26.7298,0.8807
600583.SH,2020-11-30,206.4773,206.4773,27.8013,0.916
600583.SH,2020-10-31,187.0233,187.0233,25.1819,0.8297
600583.SH,2020-09-30,199.4031,199.4031,40.0018,0.8994
600583.SH,2020-08-31,217.5307,217.5307,43.6383,0.9812
600583.SH,2020-07-31,212.6672,212.6672,-1348.464,0.9634
600583.SH,2020-06-30,201.1716,201.1716,-1275.5741,0.9113
600583.SH,2020-05-31,202.498,202.498,-1283.9845,0.9064
600583.SH,2020-04-30,218.8571,218.8571,-1387.7124,0.9796
600583.SH,2020-03-31,216.2042,216.2042,774.183,0.9541
600583.SH,2020-02-29,256.8807,256.8807,-61.7884,1.1656
600583.SH,2020-01-31,317.8954,317.8954,-76.4645,1.4425
600583.SH,2019-12-31,326.296,326.296,-78.4851,1.4806
600583.SH,2019-11-30,308.6106,308.6106,-74.2312,1.4003
600583.SH,2019-10-31,266.6077,266.6077,-64.1281,1.2097
600583.SH,2019-09-30,238.311,238.311,-52.7344,1.0835
600583.SH,2019-08-31,236.1003,236.1003,-52.2452,1.0734
600583.SH,2019-07-31,238.7532,238.7532,133.3564,1.0643
600583.SH,2019-06-30,247.5959,247.5959,138.2956,1.1037
600583.SH,2019-05-31,256.4386,256.4386,143.2347,1.132
600583.SH,2019-04-30,253.3436,253.3436,141.506,1.1183
600583.SH,2019-03-31,284.7352,284.7352,356.9095,1.2438
600583.SH,2019-02-28,268.3762,268.3762,544.4342,1.1838
600583.SH,2019-01-31,231.679,231.679,469.9893,1.0219
600583.SH,2018-12-31,216.6464,216.6464,439.4938,0.9556
600583.SH,2018-11-30,233.0054,233.0054,472.6801,1.0278
600583.SH,2018-10-31,246.7116,246.7116,500.4848,1.0882
600583.SH,2018-09-30,298.8836,298.8836,274.7224,1.3197
600583.SH,2018-08-31,265.2813,265.2813,243.8365,1.1714
600583.SH,2018-07-31,235.6582,235.6582,78.2753,1.047
600583.SH,2018-06-30,232.5633,232.5633,77.2473,1.0333
600583.SH,2018-05-31,264.8392,264.8392,87.9679,1.1652
600583.SH,2018-04-30,258.2071,258.2071,85.765,1.136
600583.SH,2018-03-31,273.2397,273.2397,55.6433,1.182
600583.SH,2018-02-28,287.3881,287.3881,57.5267,1.2515
600583.SH,2018-01-31,309.4948,309.4948,61.9518,1.3478
600583.SH,2017-12-31,271.9133,271.9133,54.4291,1.1841
600583.SH,2017-11-30,268.3762,268.3762,53.7211,1.1687
600583.SH,2017-10-31,273.6819,273.6819,54.7831,1.1918
600583.SH,2017-09-30,272.3555,272.3555,42.2279,1.1915
600583.SH,2017-08-31,282.9667,282.9667,43.8731,1.238
600583.SH,2017-07-31,281.6403,281.6403,43.5279,1.25
600583.SH,2017-06-30,275.8925,275.8925,42.6396,1.2245
600583.SH,2017-05-31,281.6403,281.6403,43.5279,1.226
600583.SH,2017-04-30,306.842,306.842,47.4229,1.3357
600583.SH,2017-03-31,337.3494,337.3494,25.648,1.4569
600583.SH,2017-02-28,356.8033,356.8033,14.0372,1.5522
600583.SH,2017-01-31,351.4977,351.4977,13.8284,1.5292
600583.SH,2016-12-31,326.296,326.296,12.837,1.4195
600583.SH,2016-11-30,324.9696,324.9696,12.7848,1.4138
600583.SH,2016-10-31,314.3583,314.3583,12.3673,1.3676
600583.SH,2016-09-30,302.4207,276.9526,11.1,1.3298
600583.SH,2016-08-31,317.0111,290.3143,11.6356,1.394
600583.SH,2016-07-31,325.4117,298.0074,8.8624,1.4185
600583.SH,2016-06-30,305.5156,279.7869,8.3205,1.3317
600583.SH,2016-05-31,319.2218,292.3388,8.6938,1.3609
600583.SH,2016-04-30,325.8538,298.4123,8.8744,1.3892
600583.SH,2016-03-31,317.0111,290.3143,9.2967,1.3797
600583.SH,2016-02-29,283.851,259.9467,7.7549,1.3178
600583.SH,2016-01-31,274.124,251.0389,7.4892,1.2726
600585.SH,2020-12-31,2595.6841,2064.6465,7.9299,1.8053
600585.SH,2020-11-30,2806.886,2259.832,8.6795,1.976
600585.SH,2020-10-31,2578.3722,2033.4488,7.8101,1.778
600585.SH,2020-09-30,2818.9134,2210.2356,8.5122,2.0481
600585.SH,2020-08-31,3082.747,2436.2188,9.3825,2.2575
600585.SH,2020-07-31,3142.3927,2456.6173,10.0381,2.4716
600585.SH,2020-06-30,2735.9123,2116.2426,8.6473,2.1292
600585.SH,2020-05-31,2965.8125,2271.8311,9.283,2.1154
600585.SH,2020-04-30,3121.3895,2398.2217,9.7995,2.2331
600585.SH,2020-03-31,2843.275,2203.8361,8.6921,2.1257
600585.SH,2020-02-29,2861.6908,2194.2368,8.8328,2.2782
600585.SH,2020-01-31,2496.6859,1919.8572,7.7283,1.9933
600585.SH,2019-12-31,2853.0774,2191.837,8.8231,2.2757
600585.SH,2019-11-30,2415.9807,1831.8638,7.3741,1.902
600585.SH,2019-10-31,2235.4267,1686.2746,6.788,1.7508
600585.SH,2019-09-30,2199.1604,1653.477,6.8179,1.8406
600585.SH,2019-08-31,2095.3837,1577.0827,6.5029,1.7556
600585.SH,2019-07-31,2104.2063,1581.0824,6.732,1.9068
600585.SH,2019-06-30,2219.476,1659.8766,7.0674,2.0019
600585.SH,2019-05-31,2105.1553,1581.8824,6.7354,1.764
600585.SH,2019-04-30,2131.3364,1597.8812,6.8035,1.7818
600585.SH,2019-03-31,2061.6253,1527.0864,6.7863,1.7955
600585.SH,2019-02-28,1915.2348,1417.8946,7.0196,1.8126
600585.SH,2019-01-31,1769.5975,1298.7034,6.4295,1.6602
600585.SH,2018-12-31,1603.8225,1171.1129,5.7979,1.4971
600585.SH,2018-11-30,1743.1062,1272.3054,6.2989,1.6265
600585.SH,2018-10-31,1776.3382,1309.1027,6.481,1.6735
600585.SH,2018-09-30,2011.8336,1471.4906,8.8298,2.0326
600585.SH,2018-08-31,2025.2244,1485.0896,8.9114,2.0514
600585.SH,2018-07-31,2108.2715,1541.0854,11.0491,2.3268
600585.SH,2018-06-30,1832.1622,1339.1004,9.6009,2.0219
600585.SH,2018-05-31,1880.5486,1369.4982,9.8189,1.928
600585.SH,2018-04-30,1876.1407,1357.4991,9.7328,1.9111
600585.SH,2018-03-31,1733.1065,1286.7043,10.7526,1.9068
600585.SH,2018-02-28,1741.5267,1300.7033,13.9314,2.0662
600585.SH,2018-01-31,1830.7617,1377.0976,14.7496,2.1876
600585.SH,2017-12-31,1572.3459,1173.1128,12.5648,1.8635
600585.SH,2017-11-30,1664.8929,1252.7068,13.4173,1.99
600585.SH,2017-10-31,1413.6812,1044.7223,11.1897,1.6596
600585.SH,2017-09-30,1342.6897,998.7257,11.1274,1.6462
600585.SH,2017-08-31,1259.2546,939.1302,10.4634,1.5479
600585.SH,2017-07-31,1294.3238,970.7278,13.4985,1.6873
600585.SH,2017-06-30,1215.3705,909.1324,12.642,1.5803
600585.SH,2017-05-31,1149.0215,853.1366,11.8633,1.4331
600585.SH,2017-04-30,1161.6492,847.9369,11.791,1.4244
600585.SH,2017-03-31,1134.1341,829.5383,12.8849,1.4347
600585.SH,2017-02-28,1130.5348,819.1391,14.7018,1.4687
600585.SH,2017-01-31,1086.1246,797.1407,14.3069,1.4293
600585.SH,2016-12-31,923.6382,678.3496,12.1749,1.2163
600585.SH,2016-11-30,984.6116,725.546,13.022,1.3009
600585.SH,2016-10-31,925.2682,681.5493,12.2323,1.222
600585.SH,2016-09-30,911.7197,673.9499,14.4816,1.2486
600585.SH,2016-08-31,925.5066,681.1493,14.6363,1.2619
600585.SH,2016-07-31,860.3374,633.5529,12.064,1.2118
600585.SH,2016-06-30,788.3745,581.5568,11.0739,1.1124
600585.SH,2016-05-31,816.0612,609.1547,11.5994,1.1281
600585.SH,2016-04-30,869.1045,646.7519,12.3154,1.1977
600585.SH,2016-03-31,900.7912,675.5498,11.908,1.2697
600585.SH,2016-02-29,732.4842,563.5581,8.368,1.0914
600585.SH,2016-01-31,692.0364,526.3609,7.8157,1.0194
600578.SH,2020-12-31,203.7514,203.7514,13.2779,0.8488
600578.SH,2020-11-30,207.1247,207.1247,13.4978,0.8628
600578.SH,2020-10-31,199.0287,199.0287,12.9702,0.8291
600578.SH,2020-09-30,204.4261,204.4261,13.4601,0.8668
600578.SH,2020-08-31,216.5702,216.5702,14.2597,0.9183
600578.SH,2020-07-31,214.5462,214.5462,15.3481,0.8899
600578.SH,2020-06-30,197.6793,197.6793,14.1415,0.82
600578.SH,2020-05-31,196.33,196.33,14.045,0.8144
600578.SH,2020-04-30,194.9806,194.9806,13.9485,0.8088
600578.SH,2020-03-31,184.8605,184.8605,13.1915,0.7919
600578.SH,2020-02-29,183.5112,183.5112,13.0952,0.7861
600578.SH,2020-01-31,197.0046,155.7827,14.0581,0.8439
600578.SH,2019-12-31,210.4981,166.4528,15.021,0.9017
600578.SH,2019-11-30,205.1007,162.1847,14.6359,0.8786
600578.SH,2019-10-31,205.7754,162.7182,14.684,0.8815
600578.SH,2019-09-30,203.0767,160.5842,16.0652,0.8861
600578.SH,2019-08-31,207.7994,164.3187,16.4389,0.9067
600578.SH,2019-07-31,217.9195,172.3213,18.4855,0.9333
600578.SH,2019-06-30,218.5942,172.8548,18.5428,0.9362
600578.SH,2019-05-31,209.8234,165.9193,17.7988,0.8987
600578.SH,2019-04-30,230.0636,181.9243,19.5157,0.9853
600578.SH,2019-03-31,226.0156,178.7233,24.9083,0.9992
600578.SH,2019-02-28,217.9195,172.3213,24.016,0.9634
600578.SH,2019-01-31,191.6073,151.5147,21.1163,0.8471
600578.SH,2018-12-31,197.6793,156.3162,21.7854,0.8739
600578.SH,2018-11-30,205.7754,162.7182,22.6777,0.9097
600578.SH,2018-10-31,210.4981,166.4528,23.1982,0.9306
600578.SH,2018-09-30,215.2208,170.1873,27.6349,0.9638
600578.SH,2018-08-31,209.1488,165.3858,26.8553,0.9366
600578.SH,2018-07-31,227.365,179.7903,31.1761,1.0071
600578.SH,2018-06-30,210.4981,166.4528,28.8633,0.9324
600578.SH,2018-05-31,244.2318,193.1279,33.4889,1.0818
600578.SH,2018-04-30,230.7383,182.4578,31.6387,1.022
600578.SH,2018-03-31,234.1117,160.221,29.4418,1.0585
600578.SH,2018-02-28,228.7143,156.5272,28.763,1.0341
600578.SH,2018-01-31,246.2558,168.5322,30.969,1.1134
600578.SH,2017-12-31,249.6292,170.8409,31.3932,1.1286
600578.SH,2017-11-30,251.6532,172.2261,31.6478,1.1378
600578.SH,2017-10-31,269.8694,184.6928,33.9386,1.2202
600578.SH,2017-09-30,277.2908,189.7719,25.9123,1.2629
600578.SH,2017-08-31,290.1096,198.5448,27.1102,1.3212
600578.SH,2017-07-31,296.1816,202.7004,22.7085,1.2639
600578.SH,2017-06-30,289.4349,198.0831,22.1913,1.2351
600578.SH,2017-05-31,286.7362,196.2361,21.9844,1.2236
600578.SH,2017-04-30,310.3498,212.3968,23.7948,1.2607
600578.SH,2017-03-31,267.689,205.0091,14.8619,1.2351
600578.SH,2017-02-28,264.6745,202.7004,14.6945,1.2212
600578.SH,2017-01-31,197.6213,197.6213,10.9718,1.2212
600578.SH,2016-12-31,193.9275,193.9275,10.7667,1.1984
600578.SH,2016-11-30,206.856,206.856,11.4845,1.2783
600578.SH,2016-10-31,198.5448,198.5448,11.0231,1.2269
600578.SH,2016-09-30,194.3892,194.3892,9.7078,1.1661
600578.SH,2016-08-31,201.7769,201.7769,10.0767,1.31
600578.SH,2016-07-31,210.0881,210.0881,8.4179,1.2868
600578.SH,2016-06-30,197.6213,197.6213,7.9183,1.2105
600578.SH,2016-05-31,202.7004,202.7004,8.1218,1.2416
600578.SH,2016-04-30,218.861,218.861,8.7694,1.3405
600578.SH,2016-03-31,226.2487,226.2487,8.6215,1.414
600578.SH,2016-02-29,213.3202,213.3202,9.1373,1.3939
600578.SH,2016-01-31,280.2714,280.2714,12.0051,1.8314
600588.SH,2020-12-31,1434.7461,1434.7461,199.1509,22.3781
600588.SH,2020-11-30,1429.0755,1429.0755,198.3638,22.3085
600588.SH,2020-10-31,1411.0895,1411.0895,195.8672,22.0278
600588.SH,2020-09-30,1249.5418,1249.5418,172.0632,20.0855
600588.SH,2020-08-31,1361.5391,1361.5391,187.4853,21.8858
600588.SH,2020-07-31,1527.5487,1527.5487,177.0117,24.1889
600588.SH,2020-06-30,1432.6861,1432.6861,166.0191,22.6868
600588.SH,2020-05-31,1133.8037,1133.8037,131.3847,17.9539
600588.SH,2020-04-30,1161.5224,1161.5224,134.5968,16.6859
600588.SH,2020-03-31,1013.2851,1013.2851,85.6546,14.1179
600588.SH,2020-02-29,1153.5321,1153.5321,127.0006,18.0474
600588.SH,2020-01-31,815.2692,815.2692,89.7588,12.7552
600588.SH,2019-12-31,711.1071,711.1071,78.2908,11.1255
600588.SH,2019-11-30,694.9709,694.9709,76.5143,10.873
600588.SH,2019-10-31,735.15,735.15,80.9379,11.7938
600588.SH,2019-09-30,767.9669,767.9669,79.1022,12.2593
600588.SH,2019-08-31,797.3034,797.3034,82.124,12.7276
600588.SH,2019-07-31,714.7637,714.7637,89.0912,12.2716
600588.SH,2019-06-30,668.273,668.273,83.2964,11.4734
600588.SH,2019-05-31,567.5845,567.5845,70.7462,9.7447
600588.SH,2019-04-30,605.349,605.349,75.4533,9.6072
600588.SH,2019-03-31,650.0264,650.0264,106.1908,10.5573
600588.SH,2019-02-28,584.2567,584.2567,73.0437,9.4891
600588.SH,2019-01-31,461.9214,461.9214,57.7494,7.5022
600588.SH,2018-12-31,408.4984,408.4984,51.0704,6.6598
600588.SH,2018-11-30,453.1114,453.1114,56.6479,7.3871
600588.SH,2018-10-31,459.6255,459.6255,57.4623,7.4933
600588.SH,2018-09-30,533.0046,533.0046,92.4543,8.8656
600588.SH,2018-08-31,529.5281,529.5281,91.8513,9.1251
600588.SH,2018-07-31,490.0953,490.0953,109.3552,8.7529
600588.SH,2018-06-30,465.5905,465.5905,103.8875,8.3152
600588.SH,2018-05-31,467.3001,467.3001,104.2689,8.3457
600588.SH,2018-04-30,537.2929,537.2929,119.8865,9.2343
600588.SH,2018-03-31,559.1848,559.1848,143.7194,9.5601
600588.SH,2018-02-28,479.8242,479.8242,164.2915,9.3677
600588.SH,2018-01-31,336.9165,336.9165,115.36,6.5777
600588.SH,2017-12-31,309.6821,309.6821,106.035,6.046
600588.SH,2017-11-30,300.0182,300.0182,102.7261,5.8573
600588.SH,2017-10-31,339.845,339.845,116.3627,6.6349
600588.SH,2017-09-30,346.4339,346.4339,110.478,6.7182
600588.SH,2017-08-31,305.5823,305.5823,97.4503,5.926
600588.SH,2017-07-31,262.8271,262.8271,106.3851,4.7806
600588.SH,2017-06-30,250.6741,250.6741,101.4659,4.5596
600588.SH,2017-05-31,222.1218,222.1218,89.9087,4.0402
600588.SH,2017-04-30,250.9669,250.9669,101.5844,4.5649
600588.SH,2017-03-31,260.4843,260.4843,131.9632,4.5794
600588.SH,2017-02-28,281.2908,281.2908,77.3126,5.407
600588.SH,2017-01-31,279.5336,279.5336,76.8296,5.3732
600588.SH,2016-12-31,304.8659,304.8659,83.7922,5.8602
600588.SH,2016-11-30,363.2912,363.2912,99.8503,6.9832
600588.SH,2016-10-31,333.2732,333.2732,91.5999,6.4062
600588.SH,2016-09-30,331.2232,331.2232,106.0045,6.3486
600588.SH,2016-08-31,383.6449,383.6449,122.7815,7.3534
600588.SH,2016-07-31,332.2482,332.2482,139.9567,6.4817
600588.SH,2016-06-30,286.7087,286.7087,120.7735,5.5933
600588.SH,2016-05-31,278.5086,278.5086,117.3193,5.4333
600588.SH,2016-04-30,279.8265,279.8265,117.8745,5.2789
600588.SH,2016-03-31,305.598,305.598,94.3946,5.5358
600588.SH,2016-02-29,238.3048,238.3048,112.9043,4.9641
600588.SH,2016-01-31,272.8714,272.8714,128.8315,5.7209
600600.SH,2020-12-31,1152.5409,691.7381,60.4178,6.3657
600600.SH,2020-11-30,1063.9144,633.2814,55.3121,5.8277
600600.SH,2020-10-31,925.6209,551.3028,48.1519,5.0733
600600.SH,2020-09-30,895.5452,522.7007,49.3428,5.026
600600.SH,2020-08-31,1028.8679,607.9501,57.3903,6.2498
600600.SH,2020-07-31,995.9273,577.6083,71.5833,5.9379
600600.SH,2020-06-30,876.4346,532.3739,65.339,5.5006
600600.SH,2020-05-31,763.7341,440.4437,54.0563,4.3776
600600.SH,2020-04-30,648.8474,367.0944,45.054,3.6486
600600.SH,2020-03-31,554.8234,318.1021,33.3423,3.2211
600600.SH,2020-02-29,535.5723,297.1551,30.2311,2.8983
600600.SH,2020-01-31,587.6246,336.3351,34.217,3.2804
600600.SH,2019-12-31,662.1046,354.9159,36.1074,3.4617
600600.SH,2019-11-30,637.479,352.7586,35.8879,3.4406
600600.SH,2019-10-31,595.628,327.0794,33.2754,3.1902
600600.SH,2019-09-30,617.0038,337.5181,37.431,3.4573
600600.SH,2019-08-31,680.9064,367.5816,40.7651,3.7652
600600.SH,2019-07-31,581.0186,315.3185,39.1746,3.2593
600600.SH,2019-06-30,634.1482,347.4697,43.169,3.5916
600600.SH,2019-05-31,612.6957,338.2836,42.0277,3.4966
600600.SH,2019-04-30,635.8882,354.9159,44.0941,3.6685
600600.SH,2019-03-31,508.3333,300.4259,41.0083,3.2454
600600.SH,2019-02-28,452.317,266.3957,34.6323,2.77
600600.SH,2019-01-31,455.4202,262.5682,34.1347,2.7302
600600.SH,2018-12-31,423.9705,242.5955,31.5382,2.5225
600600.SH,2018-11-30,399.5759,214.5502,27.8922,2.2309
600600.SH,2018-10-31,390.1437,210.1659,27.3223,2.1853
600600.SH,2018-09-30,454.0947,241.9692,33.1554,2.6273
600600.SH,2018-08-31,450.4543,238.0025,32.6118,2.5842
600600.SH,2018-07-31,547.3779,308.7073,44.3639,3.3632
600600.SH,2018-06-30,543.0554,305.0189,43.8339,3.3231
600600.SH,2018-05-31,634.7914,368.6254,52.9747,4.016
600600.SH,2018-04-30,499.0799,283.1673,40.6936,3.085
600600.SH,2018-03-31,497.1579,281.3579,43.2458,3.1857
600600.SH,2018-02-28,493.1125,265.3519,48.0117,2.9071
600600.SH,2018-01-31,508.9242,277.5999,50.2278,3.0413
600600.SH,2017-12-31,494.3771,273.7028,49.5227,2.9986
600600.SH,2017-11-30,389.1363,213.5063,38.631,2.3391
600600.SH,2017-10-31,422.6492,240.5773,43.5291,2.6357
600600.SH,2017-09-30,380.8302,214.411,37.0673,2.4492
600600.SH,2017-08-31,402.4297,223.1099,38.5711,2.5486
600600.SH,2017-07-31,421.4377,232.3656,41.425,2.7469
600600.SH,2017-06-30,440.6989,244.2657,43.5465,2.8068
600600.SH,2017-05-31,435.6526,230.8345,41.1521,2.6524
600600.SH,2017-04-30,425.723,222.6228,39.6881,2.5581
600600.SH,2017-03-31,436.1812,227.9813,42.4138,2.7129
600600.SH,2017-02-28,437.4307,230.2778,24.7276,2.6089
600600.SH,2017-01-31,402.7476,222.6228,23.9055,2.5221
600600.SH,2016-12-31,376.565,204.877,22,2.3211
600600.SH,2016-11-30,392.8867,214.8981,23.0761,2.4346
600600.SH,2016-10-31,393.8366,216.7075,23.2704,2.4551
600600.SH,2016-09-30,391.6966,221.3701,27.1402,2.5284
600600.SH,2016-08-31,353.2377,206.3384,25.2973,2.4327
600600.SH,2016-07-31,363.5203,209.8875,23.6067,2.4745
600600.SH,2016-06-30,352.6266,202.3021,22.7536,2.3111
600600.SH,2016-05-31,361.2505,206.1992,23.1919,2.3557
600600.SH,2016-04-30,362.5078,202.1629,22.7379,2.3096
600600.SH,2016-03-31,360.476,199.7272,22.633,2.3559
600600.SH,2016-02-29,339.6604,184.6955,23.0443,2.1715
600600.SH,2016-01-31,343.067,191.3067,23.8691,2.2493
600633.SH,2020-12-31,105.9766,105.9766,20.2014,1.2669
600633.SH,2020-11-30,118.6053,118.6053,22.6086,1.4179
600633.SH,2020-10-31,119.6468,119.6468,22.8072,1.4304
600633.SH,2020-09-30,127.8489,127.8489,23.4579,1.5411
600633.SH,2020-08-31,145.4249,145.4249,26.6828,1.7529
600633.SH,2020-07-31,137.7436,137.7436,30.6583,1.6945
600633.SH,2020-06-30,127.3282,127.3282,28.3401,1.5663
600633.SH,2020-05-31,120.6884,120.6884,26.8622,1.4664
600633.SH,2020-04-30,124.5941,124.5941,27.7316,1.5138
600633.SH,2020-03-31,133.968,133.968,27.1819,1.6903
600633.SH,2020-02-29,130.583,130.583,26.4951,1.6476
600633.SH,2020-01-31,119.777,119.777,24.3026,1.5112
600633.SH,2019-12-31,119.126,119.126,24.1705,1.503
600633.SH,2019-11-30,107.7993,107.7993,21.8723,1.3601
600633.SH,2019-10-31,119.2562,119.2562,24.1969,1.5047
600633.SH,2019-09-30,111.8353,111.8353,22.4841,1.4194
600633.SH,2019-08-31,111.0541,111.0541,22.3271,1.4095
600633.SH,2019-07-31,131.4943,131.4943,20.5263,1.6741
600633.SH,2019-06-30,121.7299,121.7299,19.002,1.5498
600633.SH,2019-05-31,123.813,123.813,19.3272,1.5562
600633.SH,2019-04-30,130.1924,130.1924,20.323,1.6364
600633.SH,2019-03-31,133.968,133.968,28.0063,1.7225
600633.SH,2019-02-28,141.3889,141.3889,28.0138,1.7835
600633.SH,2019-01-31,98.4255,98.4255,19.5013,1.2416
600633.SH,2018-12-31,106.1068,106.1068,21.0233,1.3384
600633.SH,2018-11-30,112.2258,112.2258,22.2357,1.4156
600633.SH,2018-10-31,100.7689,100.7689,19.9657,1.2711
600633.SH,2018-09-30,114.8297,114.8297,17.8465,1.4558
600633.SH,2018-08-31,110.9239,110.9239,17.2395,1.4063
600633.SH,2018-07-31,112.0957,112.0957,23.0776,1.4546
600633.SH,2018-06-30,108.5805,108.5805,22.3539,1.409
600633.SH,2018-05-31,122.511,122.511,25.2219,1.5429
600633.SH,2018-04-30,142.3003,142.3003,29.296,1.7921
600633.SH,2018-03-31,179.6655,179.6655,10.1782,2.302
600633.SH,2018-02-28,181.0976,181.0976,10.2593,2.3204
600633.SH,2018-01-31,197.6321,197.6321,11.196,2.5322
600633.SH,2017-12-31,197.8924,197.8924,11.2107,2.5356
600633.SH,2017-11-30,188.3884,188.3884,10.6723,2.4138
600633.SH,2017-10-31,212.7344,212.7344,12.0515,2.7257
600633.SH,2017-09-30,227.7065,227.7065,14.003,3.0032
600633.SH,2017-08-31,244.2409,244.2409,15.0198,3.2213
600633.SH,2017-07-31,270.4096,270.4096,15.9026,3.5595
600633.SH,2017-06-30,251.5317,251.5317,14.7924,3.311
600633.SH,2017-05-31,249.4486,249.4486,14.6699,3.2836
600633.SH,2017-04-30,236.4294,236.4294,13.9043,3.0624
600633.SH,2017-03-31,259.0829,259.0829,42.3593,4.0021
600633.SH,2017-02-28,227.0555,227.0555,37.1869,3.5659
600633.SH,2017-01-31,227.0555,227.0555,37.1869,3.5659
600633.SH,2016-12-31,229.9198,229.9198,37.656,3.6109
600633.SH,2016-11-30,193.3344,193.3344,31.6641,4.3629
600633.SH,2016-10-31,183.3528,183.3528,30.0293,4.1376
600633.SH,2016-09-30,171.4699,171.4699,27.117,3.9508
600633.SH,2016-08-31,185.254,185.254,29.2969,4.2684
600633.SH,2016-07-31,179.9067,179.9067,28.1515,4.2766
600633.SH,2016-06-30,178.7185,178.7185,27.9655,4.2484
600633.SH,2016-05-31,180.9762,180.9762,28.3188,4.116
600633.SH,2016-04-30,185.1352,185.1352,28.9696,4.2106
600633.SH,2016-03-31,203.1972,203.1972,40.1031,5.172
600633.SH,2016-02-29,143.9016,143.9016,28.4005,3.6627
600633.SH,2016-01-31,141.2874,141.2874,27.8845,3.5962
600637.SH,2020-12-31,305.2563,305.2563,14.9654,1.043
600637.SH,2020-11-30,324.719,324.719,15.9196,1.1095
600637.SH,2020-10-31,313.4511,313.4511,15.3672,1.071
600637.SH,2020-09-30,330.8651,330.8651,16.7552,1.1414
600637.SH,2020-08-31,363.9857,363.9857,18.4325,1.2557
600637.SH,2020-07-31,346.2303,346.2303,19.5985,1.1878
600637.SH,2020-06-30,329.4993,329.4993,18.6515,1.1304
600637.SH,2020-05-31,341.45,341.45,19.3279,1.1714
600637.SH,2020-04-30,307.6465,307.6465,17.4145,1.0554
600637.SH,2020-03-31,298.7688,298.7688,16.4606,1.0524
600637.SH,2020-02-29,346.9132,346.9132,19.1131,1.222
600637.SH,2020-01-31,362.6199,362.6199,19.9785,1.2774
600637.SH,2019-12-31,319.5972,319.5972,17.6081,1.1258
600637.SH,2019-11-30,302.6126,301.1589,16.6724,1.0604
600637.SH,2019-10-31,308.9457,307.305,17.0213,1.082
600637.SH,2019-09-30,314.0948,312.4268,17.0102,1.1101
600637.SH,2019-08-31,320.617,318.9143,17.3634,1.1331
600637.SH,2019-07-31,340.5268,338.7184,15.9083,1.1851
600637.SH,2019-06-30,361.8098,359.8883,16.9025,1.2592
600637.SH,2019-05-31,348.7654,346.9132,16.2931,1.2138
600637.SH,2019-04-30,389.6149,387.5458,18.2015,1.356
600637.SH,2019-03-31,423.9422,421.6908,15.4989,1.501
600637.SH,2019-02-28,390.6447,388.5701,14.2816,1.3831
600637.SH,2019-01-31,339.1537,337.3526,12.3991,1.2008
600637.SH,2018-12-31,351.6035,349.6448,12.8543,1.2584
600637.SH,2018-11-30,347.8265,345.8889,12.7162,1.2448
600637.SH,2018-10-31,313.4902,311.7439,11.4609,1.122
600637.SH,2018-09-30,346.1097,344.1816,15.3596,1.2479
600637.SH,2018-08-31,340.2725,338.377,15.1006,1.2269
600637.SH,2018-07-31,374.7937,372.7058,16.6997,1.3408
600637.SH,2018-06-30,397.7726,395.5567,17.7236,1.423
600637.SH,2018-05-31,474.633,447.1394,21.1483,1.6979
600637.SH,2018-04-30,444.2586,269.4307,19.7949,1.5893
600637.SH,2018-03-31,432.1089,262.0622,21.4208,1.6246
600637.SH,2018-02-28,406.4887,246.5243,20.1507,1.5282
600637.SH,2018-01-31,446.6358,270.8723,22.1409,1.6792
600637.SH,2017-12-31,440.0326,266.8677,21.8136,1.6543
600637.SH,2017-11-30,474.984,288.0121,23.5462,1.7853
600637.SH,2017-10-31,538.1215,326.2963,26.6761,2.0227
600637.SH,2017-09-30,536.0081,325.0148,18.6179,1.9984
600637.SH,2017-08-31,557.4061,337.9897,19.3612,2.0782
600637.SH,2017-07-31,552.9152,335.2666,18.3135,2.0571
600637.SH,2017-06-30,572.464,347.1203,18.9609,2.1298
600637.SH,2017-05-31,566.6522,467.5882,18.7684,2.1082
600637.SH,2017-04-30,550.2734,454.0728,18.226,2.0472
600637.SH,2017-03-31,595.4471,491.3491,25.7637,2.2822
600637.SH,2017-02-28,625.0346,515.7639,27.0439,2.3956
600637.SH,2017-01-31,611.5617,504.6465,26.4609,2.344
600637.SH,2016-12-31,611.9835,507.9163,26.4792,2.3632
600637.SH,2016-11-30,650.5936,539.9608,28.1497,2.5123
600637.SH,2016-10-31,628.268,521.4317,27.1838,2.4261
600637.SH,2016-09-30,648.755,538.4349,23.8309,2.5688
600637.SH,2016-08-31,662.9383,550.2063,24.3519,2.6949
600637.SH,2016-07-31,613.2968,509.0063,20.0972,2.4931
600637.SH,2016-06-30,637.4609,529.0613,20.889,2.5292
600637.SH,2016-05-31,657.16,540.0407,21.5345,2.6074
600637.SH,2016-04-30,673.7072,553.6388,22.0768,2.673
600637.SH,2016-03-31,752.5033,618.3919,27.308,3.0942
600637.SH,2016-02-29,646.6538,531.407,23.4667,2.659
600637.SH,2016-01-31,674.7578,554.5022,24.4866,2.7745
600642.SH,2020-12-31,256.4084,237.6164,10.0081,0.8415
600642.SH,2020-11-30,274.0917,254.0037,10.6983,0.8995
600642.SH,2020-10-31,256.4084,237.6164,10.0081,0.8415
600642.SH,2020-09-30,270.1621,250.3621,12.5887,0.9112
600642.SH,2020-08-31,281.4598,260.8318,13.1151,0.9493
600642.SH,2020-07-31,279.9862,259.4662,12.7921,0.9322
600642.SH,2020-06-30,290.3015,269.0255,13.2633,0.9666
600642.SH,2020-05-31,264.2677,244.8997,12.0739,0.8799
600642.SH,2020-04-30,260.338,241.258,11.8944,0.8668
600642.SH,2020-03-31,259.3556,240.3476,11.5245,0.8941
600642.SH,2020-02-29,258.8644,239.8924,11.5027,0.8924
600642.SH,2020-01-31,272.1269,252.1829,12.092,0.9382
600642.SH,2019-12-31,285.3894,264.4734,12.6813,0.9839
600642.SH,2019-11-30,291.2839,269.9359,12.9432,1.0042
600642.SH,2019-10-31,284.407,263.563,12.6377,0.9805
600642.SH,2019-09-30,272.6181,252.6381,12.3408,0.9524
600642.SH,2019-08-31,282.9334,262.1974,12.8078,0.9884
600642.SH,2019-07-31,287.8454,266.7494,14.1098,1.0324
600642.SH,2019-06-30,295.2135,273.5775,14.4709,1.0588
600642.SH,2019-05-31,269.4807,269.4807,13.2096,1.0049
600642.SH,2019-04-30,254.9141,254.9141,12.4955,0.9506
600642.SH,2019-03-31,255.8246,255.8246,16.8346,1
600642.SH,2019-02-28,249.4517,249.4517,16.4152,0.9751
600642.SH,2019-01-31,229.8779,229.8779,15.1272,0.8986
600642.SH,2018-12-31,222.1395,222.1395,14.618,0.8684
600642.SH,2018-11-30,224.4155,224.4155,14.7677,0.8773
600642.SH,2018-10-31,229.8779,229.8779,15.1272,0.8986
600642.SH,2018-09-30,239.4372,239.4372,14.2272,0.9877
600642.SH,2018-08-31,230.3331,230.3331,13.6863,0.9501
600642.SH,2018-07-31,240.8028,240.8028,15.3532,0.9373
600642.SH,2018-06-30,228.5123,228.5123,14.5696,0.8895
600642.SH,2018-05-31,244.8997,244.8997,15.6145,0.9533
600642.SH,2018-04-30,249.9069,249.9069,15.9337,0.9727
600642.SH,2018-03-31,262.1974,262.1974,12.4412,1.0304
600642.SH,2018-02-28,264.9286,264.9286,12.5708,1.0412
600642.SH,2018-01-31,274.4879,274.4879,13.0244,1.0787
600642.SH,2017-12-31,266.7494,266.7494,12.6572,1.0483
600642.SH,2017-11-30,259.4662,259.4662,12.3116,1.0197
600642.SH,2017-10-31,267.6599,267.6599,12.7004,1.0519
600642.SH,2017-09-30,271.3015,271.3015,11.947,1.0779
600642.SH,2017-08-31,279.0399,279.0399,12.2878,1.1086
600642.SH,2017-07-31,283.592,283.592,11.8932,1.1486
600642.SH,2017-06-30,286.7784,286.7784,12.0268,1.1162
600642.SH,2017-05-31,273.5775,273.5775,11.4732,1.0648
600642.SH,2017-04-30,274.0327,274.0327,11.4923,1.0666
600642.SH,2017-03-31,284.9576,284.9576,14.4591,1.1506
600642.SH,2017-02-28,286.7784,286.7784,14.5514,1.158
600642.SH,2017-01-31,276.3087,276.3087,14.0202,1.1157
600642.SH,2016-12-31,267.2046,267.2046,13.5582,1.0789
600642.SH,2016-11-30,278.5847,278.5847,14.1357,1.1249
600642.SH,2016-10-31,267.6599,267.6599,13.5813,1.0808
600642.SH,2016-09-30,263.563,263.563,15.1606,1.0998
600642.SH,2016-08-31,275.3983,275.3983,15.8414,1.1492
600642.SH,2016-07-31,270.8463,270.8463,13.3633,1.1608
600642.SH,2016-06-30,261.287,261.287,12.8917,1.0777
600642.SH,2016-05-31,263.1078,263.1078,12.9815,1.0852
600642.SH,2016-04-30,268.5703,268.5703,13.251,1.1078
600642.SH,2016-03-31,276.3087,276.3087,10.5396,1.1789
600642.SH,2016-02-29,254.4589,254.4589,9.7062,1.0856
600642.SH,2016-01-31,256.2798,256.2798,9.7756,1.0934
600648.SH,2020-12-31,142.6297,130.5904,27.2807,1.4792
600648.SH,2020-11-30,149.9048,137.1339,28.6477,1.5533
600648.SH,2020-10-31,165.2527,151.9036,31.7331,1.7206
600648.SH,2020-09-30,143.3304,130.123,28.0308,1.4832
600648.SH,2020-08-31,160.6814,146.4818,31.5548,1.6697
600648.SH,2020-07-31,157.0551,143.1166,44.4115,1.676
600648.SH,2020-06-30,144.8872,132.1795,41.0175,1.5083
600648.SH,2020-05-31,139.4848,127.5991,39.5961,1.456
600648.SH,2020-04-30,146.7109,134.1426,41.6267,1.5307
600648.SH,2020-03-31,150.1964,136.8535,18.9912,1.5757
600648.SH,2020-02-29,151.5888,137.2274,18.3664,1.5606
600648.SH,2020-01-31,174.4083,158.2602,21.1814,1.7998
600648.SH,2019-12-31,179.5266,162.3733,21.7319,1.8466
600648.SH,2019-11-30,170.6255,154.708,20.706,1.7594
600648.SH,2019-10-31,190.2598,170.8799,22.8704,1.9433
600648.SH,2019-09-30,186.3115,166.5799,20.2936,1.9036
600648.SH,2019-08-31,185.3841,165.7386,20.1911,1.894
600648.SH,2019-07-31,210.428,189.8562,21.9838,2.1921
600648.SH,2019-06-30,216.6354,196.1193,22.709,2.2119
600648.SH,2019-05-31,220.7183,200.7932,23.2502,2.2646
600648.SH,2019-04-30,230.9016,210.889,24.4192,2.3785
600648.SH,2019-03-31,185.0686,166.4864,24.3501,1.9848
600648.SH,2019-02-28,161.9369,144.0514,16.5805,1.6588
600648.SH,2019-01-31,140.0604,123.486,14.2134,1.422
600648.SH,2018-12-31,145.3021,128.4404,14.7837,1.4791
600648.SH,2018-11-30,151.0528,133.5817,15.3754,1.5383
600648.SH,2018-10-31,140.1616,122.9251,14.1489,1.4156
600648.SH,2018-09-30,169.1609,150.3145,18.4795,1.8424
600648.SH,2018-08-31,188.6215,169.6647,20.8584,2.0796
600648.SH,2018-07-31,195.5756,176.3952,21.1193,2.1345
600648.SH,2018-06-30,189.2988,170.8799,20.459,2.022
600648.SH,2018-05-31,193.6346,175.3669,20.9962,2.0751
600648.SH,2018-04-30,190.0098,172.3756,20.638,2.0397
600648.SH,2018-03-31,185.3351,167.9821,27.5841,2.0538
600648.SH,2018-02-28,185.3545,167.6081,45.4821,1.9994
600648.SH,2018-01-31,191.5547,172.843,46.9027,2.0618
600648.SH,2017-12-31,192.2792,172.9365,46.928,2.0629
600648.SH,2017-11-30,188.1918,167.9821,45.5836,2.0038
600648.SH,2017-10-31,202.8287,181.2561,49.1856,2.1622
600648.SH,2017-09-30,186.5028,165.5516,31.868,2.1299
600648.SH,2017-08-31,189.1004,168.2625,32.3898,2.1648
600648.SH,2017-07-31,189.9196,168.356,26.0599,2.2089
600648.SH,2017-06-30,195.2695,173.1234,26.7979,2.2171
600648.SH,2017-05-31,183.7972,162.1863,25.1049,2.077
600648.SH,2017-04-30,200.4,177.4235,27.4635,2.2722
600648.SH,2017-03-31,206.7459,183.4996,30.8447,2.3667
600648.SH,2017-02-28,218.1374,194.9041,31.364,2.5406
600648.SH,2017-01-31,212.6358,189.8562,30.5517,2.4748
600648.SH,2016-12-31,207.8316,184.5279,29.6942,2.4054
600648.SH,2016-11-30,214.3468,190.9779,30.7322,2.4894
600648.SH,2016-10-31,210.5196,187.9866,30.2508,2.4505
600648.SH,2016-09-30,210.5423,187.2388,38.2596,2.5216
600648.SH,2016-08-31,221.2877,197.241,40.3034,2.6563
600648.SH,2016-07-31,211.3301,187.7996,69.3094,2.5874
600648.SH,2016-06-30,207.8139,184.2474,67.9984,2.4904
600648.SH,2016-05-31,195.9303,172.5625,63.686,2.3324
600648.SH,2016-04-30,191.0468,166.4864,61.4435,2.2503
600648.SH,2016-03-31,206.5611,181.1626,40.7905,2.4403
600648.SH,2016-02-29,187.1103,163.4951,35.4355,2.2597
600648.SH,2016-01-31,180.3766,156.7646,33.9767,2.1667
600660.SH,2020-12-31,1143.7233,962.4349,52.9887,5.7406
600660.SH,2020-11-30,962.3988,803.1975,44.2216,4.7908
600660.SH,2020-10-31,894.7644,750.7193,41.3323,4.4778
600660.SH,2020-09-30,774.9508,648.7673,34.4761,3.9624
600660.SH,2020-08-31,692.1378,580.4654,30.8464,3.5453
600660.SH,2020-07-31,587.3877,488.7287,22.2393,3.0053
600660.SH,2020-06-30,503.2833,418.0232,19.0219,2.3939
600660.SH,2020-05-31,472.4578,393.3865,17.9008,2.2528
600660.SH,2020-04-30,475.2642,396.391,18.0376,2.27
600660.SH,2020-03-31,460.7716,384.1728,16.6004,2.2515
600660.SH,2020-02-29,565.1938,464.0919,18.136,2.7822
600660.SH,2020-01-31,592.876,492.5343,19.2475,2.9527
600660.SH,2019-12-31,588.5413,480.5164,18.7779,2.8807
600660.SH,2019-11-30,550.1533,445.2639,17.4003,2.6694
600660.SH,2019-10-31,526.6608,425.6346,16.6332,2.5517
600660.SH,2019-09-30,529.4398,430.2415,14.3409,2.7087
600660.SH,2019-08-31,541.3378,439.2549,14.6413,2.7655
600660.SH,2019-07-31,557.5978,451.2728,13.5736,2.9999
600660.SH,2019-06-30,563.1388,455.2788,13.694,3.0266
600660.SH,2019-05-31,541.2686,437.2519,13.1518,2.9067
600660.SH,2019-04-30,622.6485,503.1502,15.1339,3.0411
600660.SH,2019-03-31,601.6132,487.3266,14.8125,3.0229
600660.SH,2019-02-28,606.6069,485.7242,14.2559,3.106
600660.SH,2019-01-31,583.6411,465.8946,13.6739,2.9792
600660.SH,2018-12-31,567.2603,456.2803,13.3917,2.9177
600660.SH,2018-11-30,545.3412,437.0516,12.8273,2.7948
600660.SH,2018-10-31,537.9568,434.0471,12.7392,2.7756
600660.SH,2018-09-30,636.3427,509.76,17.5822,3.3602
600660.SH,2018-08-31,636.4353,509.1591,17.5615,3.3563
600660.SH,2018-07-31,629.8913,504.9529,20.9516,3.6187
600660.SH,2018-06-30,627.9367,514.9678,21.3672,3.6905
600660.SH,2018-05-31,619.2293,499.1442,20.7106,3.5771
600660.SH,2018-04-30,560.5633,450.071,18.6745,2.9119
600660.SH,2018-03-31,619.0363,496.1397,19.7343,3.2703
600660.SH,2018-02-28,652.7586,524.3818,21.1014,3.6316
600660.SH,2018-01-31,678.3668,542.609,21.8349,3.7579
600660.SH,2017-12-31,720.1332,580.866,23.3744,4.0228
600660.SH,2017-11-30,655.6806,527.3863,21.2224,3.6524
600660.SH,2017-10-31,671.0487,543.2099,21.8591,3.762
600660.SH,2017-09-30,632.357,510.5612,20.8045,3.667
600660.SH,2017-08-31,566.5078,460.086,18.7477,3.3045
600660.SH,2017-07-31,581.7928,465.6943,17.924,3.3828
600660.SH,2017-06-30,652.793,521.5776,20.0749,3.7887
600660.SH,2017-05-31,609.8201,479.1143,18.4405,3.4803
600660.SH,2017-04-30,573.8467,450.6719,17.3458,3.0113
600660.SH,2017-03-31,573.8522,452.8752,18.0394,3.1452
600660.SH,2017-02-28,499.7725,391.3835,15.59,2.7182
600660.SH,2017-01-31,479.6073,376.5614,16.0852,2.796
600660.SH,2016-12-31,481.9326,373.1564,15.9397,2.7707
600660.SH,2016-11-30,484.3211,378.3641,16.1622,2.8094
600660.SH,2016-10-31,454.7836,355.3298,15.1783,2.6384
600660.SH,2016-09-30,430.595,338.3044,14.8842,2.6352
600660.SH,2016-08-31,418.8577,329.8918,14.5141,2.5696
600660.SH,2016-07-31,414.0731,329.0907,15.7973,2.725
600660.SH,2016-06-30,358.0318,280.4181,13.4609,2.3219
600660.SH,2016-05-31,371.6271,294.0384,14.1147,2.1654
600660.SH,2016-04-30,361.3515,287.4285,13.7974,2.1167
600660.SH,2016-03-31,377.2838,298.2447,14.337,2.2764
600660.SH,2016-02-29,328.4002,262.5915,13.1971,2.1003
600660.SH,2016-01-31,325.1401,258.3852,12.9857,2.0667
600649.SH,2020-12-31,137.356,137.356,33.8857,0.7095
600649.SH,2020-11-30,141.4033,141.4033,34.8842,0.7304
600649.SH,2020-10-31,139.6326,139.6326,34.4473,0.7213
600649.SH,2020-09-30,144.1858,144.1858,38.6575,0.7561
600649.SH,2020-08-31,146.9683,146.9683,39.4035,0.7707
600649.SH,2020-07-31,146.9683,146.9683,43.1138,0.7707
600649.SH,2020-06-30,150.2568,150.2568,44.0785,0.7771
600649.SH,2020-05-31,135.5853,135.5853,39.7745,0.7012
600649.SH,2020-04-30,130.5261,130.5261,38.2904,0.6751
600649.SH,2020-03-31,138.8737,132.9015,21.5571,0.7238
600649.SH,2020-02-29,131.285,125.6391,20.3791,0.6842
600649.SH,2020-01-31,138.6207,132.6594,21.5178,0.7224
600649.SH,2019-12-31,144.6917,138.4693,22.4602,0.7541
600649.SH,2019-11-30,139.3796,133.3857,21.6356,0.7264
600649.SH,2019-10-31,144.4388,138.2272,22.421,0.7528
600649.SH,2019-09-30,139.3796,133.3857,20.0626,0.736
600649.SH,2019-08-31,144.1858,137.9852,20.7544,0.7613
600649.SH,2019-07-31,159.1103,152.2678,16.9343,0.8317
600649.SH,2019-06-30,163.6635,156.6253,17.4189,0.8555
600649.SH,2019-05-31,171.2523,163.8876,18.2266,0.8951
600649.SH,2019-04-30,196.801,188.3376,20.9458,1.0287
600649.SH,2019-03-31,202.1131,193.4213,19.655,1.0735
600649.SH,2019-02-28,159.8692,152.9941,9.8948,0.8437
600649.SH,2019-01-31,134.3205,128.5441,8.3135,0.7088
600649.SH,2018-12-31,138.3678,132.4173,8.564,0.7302
600649.SH,2018-11-30,151.7745,145.2475,9.3938,0.8009
600649.SH,2018-10-31,132.0438,126.3654,8.1726,0.6968
600649.SH,2018-09-30,144.9447,138.7114,9.273,0.7762
600649.SH,2018-08-31,144.9447,138.7114,9.273,0.7762
600649.SH,2018-07-31,155.3159,148.6366,10.027,0.8094
600649.SH,2018-06-30,154.81,148.1525,9.9944,0.8068
600649.SH,2018-05-31,176.0585,168.4871,11.3662,0.9175
600649.SH,2018-04-30,186.9356,178.8965,12.0684,0.9742
600649.SH,2018-03-31,202.1131,193.4213,11.4929,1.0596
600649.SH,2018-02-28,212.4844,203.3465,12.0592,1.1129
600649.SH,2018-01-31,224.3734,214.7243,12.734,1.1752
600649.SH,2017-12-31,222.6027,213.0297,18.4179,1.2062
600649.SH,2017-11-30,226.1441,216.4188,18.7109,1.2254
600649.SH,2017-10-31,242.3333,231.9119,20.0504,1.3131
600649.SH,2017-09-30,248.4043,237.7218,16.4636,1.3611
600649.SH,2017-08-31,262.317,251.0362,17.3857,1.4373
600649.SH,2017-07-31,271.1705,259.5089,13.6197,1.4959
600649.SH,2017-06-30,265.8584,254.4253,13.3529,1.4666
600649.SH,2017-05-31,258.7756,247.647,12.9971,1.4275
600649.SH,2017-04-30,300.2606,287.348,15.0807,1.6564
600649.SH,2017-03-31,463.1653,443.2471,22.1108,2.0525
600649.SH,2017-02-28,514.5157,492.3891,21.5358,2.2321
600649.SH,2017-01-31,657.4131,629.1413,27.517,2.852
600649.SH,2016-12-31,657.4131,629.1413,27.517,2.852
600649.SH,2016-11-30,559.2644,559.2644,23.4088,2.6117
600649.SH,2016-10-31,542.2355,542.2355,22.6961,2.5321
600649.SH,2016-09-30,429.0084,429.0084,19.9936,2.0326
600649.SH,2016-08-31,429.0084,429.0084,19.9936,2.0326
600649.SH,2016-07-31,429.0084,429.0084,13.2199,2.1018
600649.SH,2016-06-30,429.0084,429.0084,13.2199,2.1018
600649.SH,2016-05-31,436.7759,436.7759,13.4593,2.1399
600649.SH,2016-04-30,437.3734,437.3734,13.4777,2.1428
600649.SH,2016-03-31,457.6886,457.6886,12.6715,2.2604
600649.SH,2016-02-29,383.2993,383.2993,9.4717,1.9484
600649.SH,2016-01-31,397.3406,397.3406,9.8187,2.0198
600663.SH,2020-12-31,370.0451,313.8804,12.4238,2.327
600663.SH,2020-11-30,398.0822,341.7483,13.5268,2.5336
600663.SH,2020-10-31,398.1799,337.3481,13.3527,2.501
600663.SH,2020-09-30,398.8423,336.1747,13.9725,2.5762
600663.SH,2020-08-31,430.0842,365.2159,15.1796,2.7987
600663.SH,2020-07-31,433.3188,368.7361,15.3259,2.8257
600663.SH,2020-06-30,389.2341,328.841,12.6795,2.654
600663.SH,2020-05-31,389.249,333.8279,12.8718,2.6943
600663.SH,2020-04-30,408.2158,343.5083,13.2451,2.5022
600663.SH,2020-03-31,388.1794,325.3209,12.1661,2.4692
600663.SH,2020-02-29,398.1371,337.0547,12.5421,2.7368
600663.SH,2020-01-31,450.7235,379.0032,14.103,3.0774
600663.SH,2019-12-31,470.5661,396.3106,14.747,3.2179
600663.SH,2019-11-30,459.4859,388.6836,14.4632,3.156
600663.SH,2019-10-31,486.5615,401.0042,14.9217,3.256
600663.SH,2019-09-30,488.063,400.7108,15.4853,3.3423
600663.SH,2019-08-31,493.4504,405.9911,15.6893,3.3863
600663.SH,2019-07-31,527.523,438.2591,16.9363,3.6554
600663.SH,2019-06-30,546.25,454.6865,17.6817,4.0839
600663.SH,2019-05-31,514.8458,426.5253,16.5865,3.831
600663.SH,2019-04-30,531.5078,438.0636,17.0352,3.5461
600663.SH,2019-03-31,523.1122,432.4411,17.7512,3.695
600663.SH,2019-02-28,473.9284,387.2169,13.956,3.6506
600663.SH,2019-01-31,403.361,319.7473,11.5243,3.0145
600663.SH,2018-12-31,397.8145,317.5472,11.445,2.9938
600663.SH,2018-11-30,442.7276,356.9045,12.8635,3.3648
600663.SH,2018-10-31,405.7702,324.6364,11.7005,3.0606
600663.SH,2018-09-30,467.7991,381.35,13.7473,4.0787
600663.SH,2018-08-31,457.9758,373.5274,13.4654,3.9951
600663.SH,2018-07-31,470.5868,383.5501,13.8267,4.1023
600663.SH,2018-06-30,472.9067,385.9946,15.7723,3.5527
600663.SH,2018-05-31,488.3306,400.6619,16.3716,3.6877
600663.SH,2018-04-30,524.6392,441.4859,18.0397,4.0634
600663.SH,2018-03-31,544.6474,461.5313,20.2789,4.4326
600663.SH,2018-02-28,555.2374,470.8206,23.4597,4.6563
600663.SH,2018-01-31,566.4777,478.3987,23.8373,4.7313
600663.SH,2017-12-31,551.8669,465.1981,23.1796,4.6007
600663.SH,2017-11-30,626.1623,536.3345,26.7241,5.3042
600663.SH,2017-10-31,664.3489,569.8249,28.3928,5.6355
600663.SH,2017-09-30,643.4601,546.6016,25.7358,5.5679
600663.SH,2017-08-31,696.0927,598.4261,28.1758,6.0958
600663.SH,2017-07-31,676.8841,578.1364,27.2205,5.8891
600663.SH,2017-06-30,677.5648,577.8919,28.8789,6.2407
600663.SH,2017-05-31,679.3323,579.3586,28.9522,5.6671
600663.SH,2017-04-30,677.7644,576.9141,28.8301,5.6432
600663.SH,2017-03-31,662.1119,562.2468,29.1921,5.6615
600663.SH,2017-02-28,656.2425,563.2246,36.4439,5.4912
600663.SH,2017-01-31,631.9462,541.2236,35.0203,5.2767
600663.SH,2016-12-31,634.136,540.9792,35.0045,5.2743
600663.SH,2016-11-30,680.5191,582.2921,37.6777,5.6771
600663.SH,2016-10-31,678.7732,582.2921,37.6777,5.6771
600663.SH,2016-09-30,704.6942,601.8485,39.2689,6.4557
600663.SH,2016-08-31,737.0969,635.0944,41.4381,6.8123
600663.SH,2016-07-31,637.0181,547.0906,35.6961,5.8684
600663.SH,2016-06-30,650.8425,556.1354,39.3329,6.2144
600663.SH,2016-05-31,665.886,562.9258,39.8132,5.8401
600663.SH,2016-04-30,634.1592,524.3562,37.0853,5.4399
600663.SH,2016-03-31,634.1983,524.3562,37.9528,5.5482
600663.SH,2016-02-29,635.6263,524.3562,41.4034,5.9468
600663.SH,2016-01-31,635.7351,524.3562,41.4034,5.9468
600674.SH,2020-12-31,442.4157,442.4157,14.6231,1.5988
600674.SH,2020-11-30,459.1436,459.1436,15.176,1.6592
600674.SH,2020-10-31,443.2959,443.2959,14.6522,1.602
600674.SH,2020-09-30,431.8504,431.8504,14.223,1.6479
600674.SH,2020-08-31,441.0947,441.0947,14.5275,1.6832
600674.SH,2020-07-31,420.4046,420.4046,13.8388,1.6494
600674.SH,2020-06-30,408.0786,408.0786,14.935,1.5122
600674.SH,2020-05-31,390.9101,390.9101,14.3066,1.4486
600674.SH,2020-04-30,394.872,394.872,14.4516,1.4633
600674.SH,2020-03-31,404.9969,404.9969,13.8198,1.4938
600674.SH,2020-02-29,402.7959,402.7959,13.7447,1.4857
600674.SH,2020-01-31,401.035,401.035,13.6846,1.4792
600674.SH,2019-12-31,433.6108,433.6108,12.6439,1.6587
600674.SH,2019-11-30,420.4044,420.4044,12.2589,1.6081
600674.SH,2019-10-31,425.2468,425.2468,12.4001,1.6267
600674.SH,2019-09-30,439.3336,439.3336,12.3382,1.8819
600674.SH,2019-08-31,435.3717,435.3717,12.2269,1.865
600674.SH,2019-07-31,412.4806,412.4806,11.5863,1.7002
600674.SH,2019-06-30,391.7905,391.7905,11.2598,1.5315
600674.SH,2019-05-31,396.6329,396.6329,11.399,1.5505
600674.SH,2019-04-30,390.0296,390.0296,11.2092,1.5247
600674.SH,2019-03-31,410.7197,410.7197,11.5662,1.6542
600674.SH,2019-02-28,404.9969,404.9969,11.4051,1.6312
600674.SH,2019-01-31,400.5948,400.5948,11.2811,1.6134
600674.SH,2018-12-31,381.6656,381.6656,12.0083,1.5867
600674.SH,2018-11-30,352.6115,352.6115,11.0942,1.4659
600674.SH,2018-10-31,354.8125,354.8125,11.1635,1.475
600674.SH,2018-09-30,368.8994,368.8994,11.5354,1.645
600674.SH,2018-08-31,357.0136,357.0136,11.1637,1.592
600674.SH,2018-07-31,389.5894,389.5894,12.1824,1.7633
600674.SH,2018-06-30,383.8666,383.8666,11.6742,1.6472
600674.SH,2018-05-31,413.361,413.361,12.5711,1.7737
600674.SH,2018-04-30,389.1492,389.1492,11.8348,1.6698
600674.SH,2018-03-31,400.5948,400.5948,12.3597,1.7844
600674.SH,2018-02-28,404.1165,404.1165,12.4684,1.8001
600674.SH,2018-01-31,428.3283,428.3283,13.2154,1.9079
600674.SH,2017-12-31,448.1379,448.1379,12.5425,2.0309
600674.SH,2017-11-30,437.5728,437.5728,12.2468,1.983
600674.SH,2017-10-31,440.6543,440.6543,12.3331,1.997
600674.SH,2017-09-30,414.6816,414.6816,12.3815,2.0289
600674.SH,2017-08-31,426.5674,426.5674,12.7364,2.0871
600674.SH,2017-07-31,440.214,440.214,13.1473,2.1539
600674.SH,2017-06-30,432.2902,432.2902,12.7022,2.026
600674.SH,2017-05-31,420.4044,420.4044,12.3529,1.9703
600674.SH,2017-04-30,413.361,413.361,12.146,1.9373
600674.SH,2017-03-31,398.3937,398.3937,11.1848,1.9362
600674.SH,2017-02-28,389.1492,389.1492,10.9252,1.8912
600674.SH,2017-01-31,389.1492,389.1492,10.9252,1.8912
600674.SH,2016-12-31,382.9862,382.9862,11.0406,1.9327
600674.SH,2016-11-30,404.5567,404.5567,11.6624,2.0416
600674.SH,2016-10-31,382.9862,382.9862,11.0406,1.9327
600674.SH,2016-09-30,381.6656,381.6656,10.2251,2.073
600674.SH,2016-08-31,402.3556,402.3556,10.7794,2.1854
600674.SH,2016-07-31,402.3556,402.3556,10.779,2.1854
600674.SH,2016-06-30,363.6168,363.6168,9.0413,2.0274
600674.SH,2016-05-31,375.9428,375.9428,9.3477,1.9659
600674.SH,2016-04-30,372.4211,372.4211,9.2602,1.9475
600674.SH,2016-03-31,376.383,376.383,9.6926,2.0662
600674.SH,2016-02-29,339.8452,339.8452,8.7517,1.8656
600674.SH,2016-01-31,341.1659,341.1659,8.7857,1.8729
600690.SH,2020-12-31,2421.7485,1842.7282,39.1606,4.0915
600690.SH,2020-11-30,1701.4167,1701.4167,26.3519,3.5485
600690.SH,2020-10-31,1568.3062,1568.3062,24.2903,3.2709
600690.SH,2020-09-30,1376.5262,1376.5262,24.5993,2.9973
600690.SH,2020-08-31,1406.8072,1406.8072,25.1405,3.0632
600690.SH,2020-07-31,1135.5395,1135.5395,16.5864,2.5828
600690.SH,2020-06-30,1116.6138,1116.6138,16.31,2.4152
600690.SH,2020-05-31,1044.0655,1044.0655,15.2503,2.2582
600690.SH,2020-04-30,975.3022,975.3022,14.2459,2.1095
600690.SH,2020-03-31,908.4316,908.4316,10.4273,2.017
600690.SH,2020-02-29,1073.7157,1073.7157,12.3245,2.384
600690.SH,2020-01-31,1171.4982,1171.4982,13.4469,2.6011
600690.SH,2019-12-31,1230.1678,1230.1678,14.1203,2.7313
600690.SH,2019-11-30,1048.1475,1048.1475,11.9572,2.4705
600690.SH,2019-10-31,975.595,975.595,11.2142,2.317
600690.SH,2019-09-30,932.9127,932.9127,12.6014,2.3606
600690.SH,2019-08-31,970.1067,970.1067,13.1038,2.589
600690.SH,2019-07-31,1026.2026,1026.2026,14.1093,2.668
600690.SH,2019-06-30,1054.2494,1054.2494,14.4948,2.7409
600690.SH,2019-05-31,969.487,969.487,13.3295,2.5206
600690.SH,2019-04-30,1047.5338,1047.5338,14.4026,2.7235
600690.SH,2019-03-31,1043.2656,1043.2656,14.7843,2.9049
600690.SH,2019-02-28,1004.852,1004.852,14.2399,2.7979
600690.SH,2019-01-31,975.5844,975.5844,13.8252,2.7164
600690.SH,2018-12-31,844.4903,844.4903,11.9674,2.3514
600690.SH,2018-11-30,838.3929,838.3929,11.8698,2.3353
600690.SH,2018-10-31,771.9312,771.9312,10.9289,2.1502
600690.SH,2018-09-30,1007.2909,1007.2909,13.6906,2.8915
600690.SH,2018-08-31,907.9033,907.9033,12.3398,2.6062
600690.SH,2018-07-31,1050.5825,1050.5825,14.6586,3.3048
600690.SH,2018-06-30,1174.3598,1174.3598,16.3856,3.6941
600690.SH,2018-05-31,1225.5779,1225.5779,17.1002,3.6179
600690.SH,2018-04-30,1045.0948,1045.0948,14.582,3.1249
600690.SH,2018-03-31,1074.3624,1074.3624,15.5797,3.5569
600690.SH,2018-02-28,1192.652,1192.652,17.2951,3.9485
600690.SH,2018-01-31,1292.6494,1292.6494,18.7452,4.2796
600690.SH,2017-12-31,1148.7507,1148.7507,16.6584,3.8032
600690.SH,2017-11-30,1054.2409,1054.2409,15.2879,3.4903
600690.SH,2017-10-31,1054.8507,1054.8507,15.2968,3.4923
600690.SH,2017-09-30,920.0981,920.0981,14.9645,3.1358
600690.SH,2017-08-31,855.4656,855.4656,13.9133,2.9155
600690.SH,2017-07-31,856.0753,856.0753,16.531,3.0226
600690.SH,2017-06-30,917.6934,826.4582,17.7209,3.2401
600690.SH,2017-05-31,864.0343,778.1338,16.6847,3.0506
600690.SH,2017-04-30,743.3012,669.4037,14.3533,2.6244
600690.SH,2017-03-31,742.6914,668.8546,15.8271,2.9633
600690.SH,2017-02-28,665.2515,599.1136,14.1768,2.6544
600690.SH,2017-01-31,616.4705,555.1822,13.1372,2.4597
600690.SH,2016-12-31,602.4459,542.552,12.8384,2.4038
600690.SH,2016-11-30,652.4465,587.5816,13.9039,2.6033
600690.SH,2016-10-31,608.5435,548.0434,12.9683,2.4281
600690.SH,2016-09-30,618.2998,556.8297,12.398,2.4257
600690.SH,2016-08-31,639.0317,575.5005,12.8138,2.8415
600690.SH,2016-07-31,667.0808,600.761,13.5634,2.9662
600690.SH,2016-06-30,542.1332,487.6378,11.0229,2.277
600690.SH,2016-05-31,558.617,502.4646,11.3581,2.3462
600690.SH,2016-04-30,508.5552,457.435,10.3402,2.136
600690.SH,2016-03-31,517.1023,465.123,12.2924,2.1184
600690.SH,2016-02-29,456.6618,410.758,10.8556,1.8708
600690.SH,2016-01-31,607.4169,546.5391,14.4393,2.4884
600703.SH,2020-12-31,1209.8701,1101.5826,111.5617,4.1389
600703.SH,2020-11-30,1202.7031,1095.0571,110.9008,4.1144
600703.SH,2020-10-31,995.7576,906.6339,91.8184,3.4064
600703.SH,2020-09-30,1094.3031,996.3592,104.1958,3.7809
600703.SH,2020-08-31,1215.6932,1106.8845,115.7542,4.2003
600703.SH,2020-07-31,1206.7345,1098.7277,112.8924,4.2047
600703.SH,2020-06-30,1119.8353,1019.6062,104.7628,3.9019
600703.SH,2020-05-31,948.6416,948.6416,88.7473,4.2849
600703.SH,2020-04-30,895.6221,895.6221,83.7873,4.0454
600703.SH,2020-03-31,781.0184,781.0184,56.2296,3.6153
600703.SH,2020-02-29,1005.3317,1005.3317,72.3791,4.6537
600703.SH,2020-01-31,920.0927,920.0927,66.2423,4.2591
600703.SH,2019-12-31,748.7988,748.7988,53.91,3.4662
600703.SH,2019-11-30,678.2421,678.2421,48.8302,3.1396
600703.SH,2019-10-31,619.9206,619.9206,44.6313,2.8696
600703.SH,2019-09-30,574.2422,574.2422,30.8681,2.693
600703.SH,2019-08-31,441.2856,441.2856,23.7211,2.0695
600703.SH,2019-07-31,466.9797,466.9797,18.807,2.1359
600703.SH,2019-06-30,460.0463,460.0463,18.5277,2.1042
600703.SH,2019-05-31,437.2072,437.2072,17.6079,1.9997
600703.SH,2019-04-30,532.6423,532.6423,21.4514,2.4362
600703.SH,2019-03-31,598.3049,598.3049,17.6998,2.8007
600703.SH,2019-02-28,587.2932,587.2932,17.3741,2.7491
600703.SH,2019-01-31,400.0935,400.0935,11.8361,1.8729
600703.SH,2018-12-31,461.2699,461.2699,13.6459,2.1592
600703.SH,2018-11-30,581.9912,581.9912,17.2172,2.7243
600703.SH,2018-10-31,573.4265,573.4265,16.9639,2.6842
600703.SH,2018-09-30,667.2303,667.2303,19.0511,3.2378
600703.SH,2018-08-31,663.5597,663.5597,18.9463,3.22
600703.SH,2018-07-31,772.0458,772.0458,22.4331,3.9179
600703.SH,2018-06-30,783.8733,783.8733,22.7768,3.9779
600703.SH,2018-05-31,845.8653,845.8653,24.5781,4.0813
600703.SH,2018-04-30,794.4772,794.4772,23.0849,3.8334
600703.SH,2018-03-31,951.4965,951.4965,31.2123,5.0111
600703.SH,2018-02-28,1045.7082,1045.7082,34.3027,5.5072
600703.SH,2018-01-31,947.0103,947.0103,31.0651,4.9874
600703.SH,2017-12-31,1035.5121,1035.5121,33.9683,5.4535
600703.SH,2017-11-30,992.2808,992.2808,32.5502,5.2259
600703.SH,2017-10-31,1053.4572,1053.4572,34.5569,5.548
600703.SH,2017-09-30,943.7475,943.7475,34.7585,5.195
600703.SH,2017-08-31,800.187,800.187,29.4712,4.4047
600703.SH,2017-07-31,783.8733,783.8733,28.8703,4.3149
600703.SH,2017-06-30,803.4497,803.4497,33.471,4.6241
600703.SH,2017-05-31,741.8655,741.8655,30.9055,4.2696
600703.SH,2017-04-30,699.042,699.042,29.1215,3.8428
600703.SH,2017-03-31,652.1401,652.1401,37.4016,3.8907
600703.SH,2017-02-28,612.5794,612.5794,35.1327,3.6547
600703.SH,2017-01-31,599.1206,593.7837,34.3608,3.5744
600703.SH,2016-12-31,546.1011,541.2365,31.32,3.2581
600703.SH,2016-11-30,514.6972,478.6268,29.5189,3.0707
600703.SH,2016-10-31,496.3443,461.5601,28.4664,2.9612
600703.SH,2016-09-30,489.8188,455.4919,27.8803,3.0203
600703.SH,2016-08-31,477.1757,443.7348,27.1606,2.9424
600703.SH,2016-07-31,500.0149,464.9734,27.8189,3.1817
600703.SH,2016-06-30,509.0384,473.3646,28.3209,3.1129
600703.SH,2016-05-31,518.2149,481.8979,28.8314,3.169
600703.SH,2016-04-30,496.5482,461.7497,27.626,3.0365
600703.SH,2016-03-31,501.1365,466.0164,26.9533,3.2344
600703.SH,2016-02-29,460.0973,427.8533,24.746,2.9696
600703.SH,2016-01-31,487.6267,453.4534,26.2267,3.1473
600688.SH,2020-12-31,300.6465,252.1112,-369.9897,1.3311
600688.SH,2020-11-30,310.4569,259.44,-380.7453,1.3698
600688.SH,2020-10-31,285.9261,242.5837,-356.0076,1.2808
600688.SH,2020-09-30,287.3524,244.0495,-56.3531,1.3396
600688.SH,2020-08-31,305.276,255.7756,-59.0608,1.404
600688.SH,2020-07-31,317.5971,263.1044,96.975,1.4226
600688.SH,2020-06-30,314.4227,255.0427,94.0036,1.3164
600688.SH,2020-05-31,322.3126,260.9058,96.1646,1.3467
600688.SH,2020-04-30,362.5272,294.6183,108.5904,1.5207
600688.SH,2020-03-31,346.4038,285.0908,19.0199,1.4089
600688.SH,2020-02-29,355.6548,293.1525,18.9153,1.476
600688.SH,2020-01-31,345.9748,284.358,18.3478,1.4317
600688.SH,2019-12-31,357.1977,283.6251,18.3005,1.4281
600688.SH,2019-11-30,354.6638,286.5566,18.4897,1.4428
600688.SH,2019-10-31,358.7937,290.221,18.7261,1.4613
600688.SH,2019-09-30,377.4891,305.6115,15.6162,1.7295
600688.SH,2019-08-31,380.6265,309.2759,15.8034,1.7503
600688.SH,2019-07-31,434.5734,350.3173,12.5689,1.829
600688.SH,2019-06-30,473.4735,378.1668,13.5681,1.802
600688.SH,2019-05-31,489.1114,384.0298,13.7785,1.83
600688.SH,2019-04-30,482.4025,375.9681,13.4893,1.7915
600688.SH,2019-03-31,505.6816,393.5573,11.0142,1.9139
600688.SH,2019-02-28,522.3748,403.8176,8.9007,2.0057
600688.SH,2019-01-31,488.9742,378.1668,8.3354,1.8783
600688.SH,2018-12-31,470.7453,365.7078,8.0607,1.8164
600688.SH,2018-11-30,477.9364,367.9064,8.1092,1.8274
600688.SH,2018-10-31,493.689,386.9614,8.5292,1.922
600688.SH,2018-09-30,576.4738,429.4685,8.9458,2.2182
600688.SH,2018-08-31,543.1765,403.0847,8.3962,2.082
600688.SH,2018-07-31,538.7269,395.7559,9.7671,2.1782
600688.SH,2018-06-30,557.8586,417.0095,10.2917,2.0474
600688.SH,2018-05-31,587.5775,422.1397,10.4183,2.0726
600688.SH,2018-04-30,574.485,426.5369,10.5268,2.0942
600688.SH,2018-03-31,571.4812,437.5302,10.5215,2.2839
600688.SH,2018-02-28,562.2899,429.4685,10.7014,2.4138
600688.SH,2018-01-31,614.9969,479.4061,11.9509,2.6994
600688.SH,2017-12-31,593.3109,463.3039,11.5495,2.6087
600688.SH,2017-11-30,600.897,464.0358,11.5677,2.6128
600688.SH,2017-10-31,602.3837,464.0358,11.5677,2.6128
600688.SH,2017-09-30,599.9247,461.84,12.5566,2.7677
600688.SH,2017-08-31,615.7806,471.903,12.8383,2.8298
600688.SH,2017-07-31,632.6298,498.9315,10.9455,3.073
600688.SH,2017-06-30,609.6558,482.8605,10.593,2.6733
600688.SH,2017-05-31,627.4955,486.513,10.6731,2.6935
600688.SH,2017-04-30,617.537,482.8605,10.593,2.6733
600688.SH,2017-03-31,601.2518,467.52,11.6059,2.7927
600688.SH,2017-02-28,634.9409,489.435,14.1047,3.153
600688.SH,2017-01-31,645.683,496.74,14.3152,3.2
600688.SH,2016-12-31,601.7471,470.442,13.5574,3.0306
600688.SH,2016-11-30,572.9522,446.3355,12.8626,2.8753
600688.SH,2016-10-31,550.9856,430.2645,12.3995,2.7718
600688.SH,2016-09-30,547.9199,430.2645,13.7946,2.9038
600688.SH,2016-08-31,569.4059,448.527,14.3801,3.0271
600688.SH,2016-07-31,547.934,174.0375,14.8102,3.223
600688.SH,2016-06-30,551.3473,178.425,15.1835,3.1345
600688.SH,2016-05-31,562.4581,180.18,15.3329,3.1653
600688.SH,2016-04-30,602.0516,196.56,16.7268,3.453
600688.SH,2016-03-31,612.6508,199.485,22.6924,3.7127
600688.SH,2016-02-29,536.8569,176.085,38.6682,3.4434
600688.SH,2016-01-31,473.7477,152.9775,33.5938,2.9915
600705.SH,2020-12-31,390.6949,389.2525,10.8017,1.2292
600705.SH,2020-11-30,414.7788,413.2475,11.4676,1.305
600705.SH,2020-10-31,389.8029,388.3638,10.7771,1.2264
600705.SH,2020-09-30,391.5869,390.1412,12.6321,1.2385
600705.SH,2020-08-31,451.5092,449.8527,14.5651,1.4281
600705.SH,2020-07-31,425.4778,423.9169,13.9649,1.3857
600705.SH,2020-06-30,355.4625,354.1584,11.6669,1.1577
600705.SH,2020-05-31,340.2027,338.9546,11.166,1.108
600705.SH,2020-04-30,352.7696,351.4754,11.5785,1.1489
600705.SH,2020-03-31,352.7696,351.4754,11.499,1.2393
600705.SH,2020-02-29,382.3915,382.3915,12.4646,1.3433
600705.SH,2020-01-31,407.5252,407.5252,13.2838,1.4316
600705.SH,2019-12-31,435.3518,435.3518,14.1909,1.5294
600705.SH,2019-11-30,407.5252,407.5252,13.2838,1.4159
600705.SH,2019-10-31,410.2181,410.2181,13.3716,1.4252
600705.SH,2019-09-30,419.1944,419.1944,13.6798,1.4686
600705.SH,2019-08-31,419.1944,419.1944,13.6798,1.4686
600705.SH,2019-07-31,462.2808,462.2808,14.6324,1.5995
600705.SH,2019-06-30,486.5169,486.5169,15.3996,1.6833
600705.SH,2019-05-31,487.4145,487.4145,15.428,1.6864
600705.SH,2019-04-30,518.8316,518.8316,16.4224,1.7951
600705.SH,2019-03-31,530.5009,530.5009,16.7564,1.9145
600705.SH,2019-02-28,522.4222,522.4222,17.286,2.1375
600705.SH,2019-01-31,391.3678,391.3678,12.9496,1.6013
600705.SH,2018-12-31,380.5962,380.5962,12.5932,1.5572
600705.SH,2018-11-30,412.0134,349.6915,13.6327,1.662
600705.SH,2018-10-31,412.911,350.4534,13.6624,1.6656
600705.SH,2018-09-30,419.1944,355.7863,13.603,1.7522
600705.SH,2018-08-31,398.5489,338.2637,12.933,1.6659
600705.SH,2018-07-31,439.84,373.309,14.4476,1.8621
600705.SH,2018-06-30,419.1944,355.7863,13.7694,1.7384
600705.SH,2018-05-31,468.5642,397.6884,15.3911,1.9431
600705.SH,2018-04-30,473.95,402.2595,15.568,1.9654
600705.SH,2018-03-31,482.0287,409.1162,17.3167,2.072
600705.SH,2018-02-28,492.8003,418.2585,18.8396,2.1232
600705.SH,2018-01-31,498.1861,422.8296,19.0455,2.1464
600705.SH,2017-12-31,495.4932,420.544,18.9425,2.1348
600705.SH,2017-11-30,541.2724,459.3986,20.6926,2.332
600705.SH,2017-10-31,550.2488,467.0172,21.0358,2.357
600705.SH,2017-09-30,525.1151,445.6852,21.2559,2.3552
600705.SH,2017-08-31,551.1464,467.779,22.3096,2.4719
600705.SH,2017-07-31,528.7056,448.7327,22.9197,2.3871
600705.SH,2017-06-30,507.1624,430.4481,21.9857,2.2293
600705.SH,2017-05-31,553.8393,470.0646,24.0092,2.4345
600705.SH,2017-04-30,554.7369,470.8265,24.0481,2.4384
600705.SH,2017-03-31,552.044,468.5409,23.7526,2.4825
600705.SH,2017-02-28,569.9967,483.778,26.2155,2.6578
600705.SH,2017-01-31,558.3275,473.8739,25.6788,2.6034
600705.SH,2016-12-31,549.3511,466.2553,25.2659,2.5615
600705.SH,2016-11-30,603.2091,501.6747,27.743,2.8126
600705.SH,2016-10-31,593.3351,493.4627,27.2889,2.7666
600705.SH,2016-09-30,581.6659,483.7577,29.0966,2.8266
600705.SH,2016-08-31,621.1617,516.6055,31.0723,3.0185
600705.SH,2016-07-31,522.4222,434.4861,21.4656,2.6251
600705.SH,2016-06-30,527.808,438.9653,21.6869,2.6522
600705.SH,2016-05-31,523.7686,435.6059,21.5209,2.5374
600705.SH,2016-04-30,513.8947,427.394,21.1152,2.4896
600705.SH,2016-03-31,558.3275,464.3477,24.1463,2.6695
600705.SH,2016-02-29,418.7456,348.2608,19.5854,2.0119
600705.SH,2016-01-31,443.8793,369.1639,20.761,2.1327
600717.SH,2020-12-31,115.2777,115.2777,18.567,0.6875
600717.SH,2020-11-30,116.7247,116.7247,18.8,0.6961
600717.SH,2020-10-31,110.6955,110.6955,17.8289,0.6602
600717.SH,2020-09-30,109.7309,109.7309,18.4697,0.6649
600717.SH,2020-08-31,116.4835,116.4835,19.6062,0.7058
600717.SH,2020-07-31,112.3837,112.3837,19.1139,0.6926
600717.SH,2020-06-30,106.5957,106.5957,18.1295,0.657
600717.SH,2020-05-31,108.525,108.525,18.4576,0.6615
600717.SH,2020-04-30,107.7211,107.7211,18.3209,0.6566
600717.SH,2020-03-31,109.9318,109.9318,18.2609,0.6731
600717.SH,2020-02-29,111.5396,111.5396,17.7898,0.676
600717.SH,2020-01-31,124.2009,124.2009,19.8092,0.7528
600717.SH,2019-12-31,126.2106,126.2106,20.1298,0.7649
600717.SH,2019-11-30,125.0048,125.0048,19.9374,0.7576
600717.SH,2019-10-31,123.7989,123.7989,19.7451,0.7503
600717.SH,2019-09-30,123.7989,123.7989,21.4608,0.7635
600717.SH,2019-08-31,122.995,122.995,21.3215,0.7585
600717.SH,2019-07-31,126.8135,126.8135,24.6118,0.7968
600717.SH,2019-06-30,129.0242,129.0242,25.0408,0.8107
600717.SH,2019-05-31,127.2825,127.2825,24.7028,0.7908
600717.SH,2019-04-30,137.8335,137.8335,26.7505,0.8563
600717.SH,2019-03-31,147.7146,147.7146,24.5997,0.9305
600717.SH,2019-02-28,138.5034,138.5034,20.6393,0.8671
600717.SH,2019-01-31,121.4208,121.4208,18.0937,0.7601
600717.SH,2018-12-31,118.4062,118.4062,17.6445,0.7413
600717.SH,2018-11-30,121.2533,121.2533,18.0687,0.7591
600717.SH,2018-10-31,118.7411,118.7411,17.6944,0.7434
600717.SH,2018-09-30,128.2873,128.2873,18.0875,0.8149
600717.SH,2018-08-31,125.6077,125.6077,17.7096,0.7979
600717.SH,2018-07-31,130.1296,130.1296,16.7177,0.8369
600717.SH,2018-06-30,126.1101,126.1101,16.2013,0.8111
600717.SH,2018-05-31,149.0545,149.0545,19.1489,0.9436
600717.SH,2018-04-30,153.0739,153.0739,19.6653,0.969
600717.SH,2018-03-31,163.1225,163.1225,19.7994,1.0403
600717.SH,2018-02-28,170.1565,170.1565,16.0015,1.0892
600717.SH,2018-01-31,177.693,177.693,16.7102,1.1374
600717.SH,2017-12-31,175.6833,175.6833,16.5212,1.1246
600717.SH,2017-11-30,180.5401,180.5401,16.9779,1.1557
600717.SH,2017-10-31,191.0912,191.0912,17.9702,1.2232
600717.SH,2017-09-30,196.9528,196.9528,16.7459,1.2621
600717.SH,2017-08-31,202.982,202.982,17.2585,1.3008
600717.SH,2017-07-31,204.9917,204.9917,16.3123,1.3428
600717.SH,2017-06-30,209.1787,209.1787,16.6454,1.3702
600717.SH,2017-05-31,212.8632,212.8632,16.9386,1.3605
600717.SH,2017-04-30,252.2202,252.2202,20.0705,1.6121
600717.SH,2017-03-31,196.9528,196.9528,15.5856,1.2827
600717.SH,2017-02-28,185.7319,185.7319,15.0591,1.2306
600717.SH,2017-01-31,170.1565,170.1565,13.7962,1.1274
600717.SH,2016-12-31,168.8167,168.8167,13.6876,1.1185
600717.SH,2016-11-30,176.3532,176.3532,14.2986,1.1684
600717.SH,2016-10-31,170.659,170.659,13.837,1.1307
600717.SH,2016-09-30,161.2803,161.2803,13.3373,1.0949
600717.SH,2016-08-31,169.9891,169.9891,14.0575,1.154
600717.SH,2016-07-31,172.6687,172.6687,13.939,1.2019
600717.SH,2016-06-30,145.5374,145.5374,11.7488,1.013
600717.SH,2016-05-31,149.7244,149.7244,12.0868,1.0161
600717.SH,2016-04-30,154.2462,154.2462,12.4519,1.0468
600717.SH,2016-03-31,167.9793,167.9793,13.7083,1.1609
600717.SH,2016-02-29,140.8481,140.8481,11.3987,0.9915
600717.SH,2016-01-31,141.6855,141.6855,11.4664,0.9974
600718.SH,2020-12-31,129.3307,129.3307,180.9843,1.542
600718.SH,2020-11-30,137.9031,137.9031,192.9804,1.6442
600718.SH,2020-10-31,141.506,141.506,198.0222,1.6871
600718.SH,2020-09-30,153.6812,153.6812,200.8608,1.8231
600718.SH,2020-08-31,149.5814,149.5814,195.5024,1.7745
600718.SH,2020-07-31,148.9602,148.9602,-485.6159,1.7976
600718.SH,2020-06-30,142.8726,142.8726,-465.77,1.7241
600718.SH,2020-05-31,132.4367,132.4367,-431.7486,1.5982
600718.SH,2020-04-30,137.7789,137.7789,-449.1643,1.6627
600718.SH,2020-03-31,143.2453,143.2453,665.1686,1.6451
600718.SH,2020-02-29,172.5652,172.5652,801.3176,1.9818
600718.SH,2020-01-31,142.6241,142.6241,662.2841,1.6379
600718.SH,2019-12-31,141.009,141.009,654.7844,1.6194
600718.SH,2019-11-30,132.3124,132.3124,614.4012,1.5195
600718.SH,2019-10-31,136.6607,136.6607,634.5928,1.5695
600718.SH,2019-09-30,136.0395,136.0395,620.5343,1.5689
600718.SH,2019-08-31,141.1333,141.1333,643.7689,1.6277
600718.SH,2019-07-31,138.2758,138.2758,160.8505,1.6044
600718.SH,2019-06-30,159.2719,159.2719,185.2743,1.8481
600718.SH,2019-05-31,155.4205,155.4205,180.7942,1.8034
600718.SH,2019-04-30,169.3351,169.3351,196.9804,1.9648
600718.SH,2019-03-31,182.0072,182.0072,17.8839,2.009
600718.SH,2019-02-28,150.451,150.451,14.7832,1.6606
600718.SH,2019-01-31,122.7462,122.7462,12.0609,1.3548
600718.SH,2018-12-31,143.4938,143.4938,14.0996,1.5839
600718.SH,2018-11-30,140.0151,140.0151,13.7577,1.5455
600718.SH,2018-10-31,121.4087,120.8658,11.9295,1.3397
600718.SH,2018-09-30,144.1495,143.4486,13.7215,1.6006
600718.SH,2018-08-31,149.7427,149.0134,14.254,1.6627
600718.SH,2018-07-31,160.4297,159.6484,15.1518,1.8146
600718.SH,2018-06-30,162.2937,161.5033,15.3279,1.8128
600718.SH,2018-05-31,164.0335,163.2346,15.4922,1.8322
600718.SH,2018-04-30,202.4322,201.4463,19.1188,2.2611
600718.SH,2018-03-31,180.064,179.187,17.0114,2.0184
600718.SH,2018-02-28,159.6841,158.9064,-565.9792,2.0307
600718.SH,2018-01-31,165.1519,164.3475,-585.3591,2.1002
600718.SH,2017-12-31,182.1766,181.2893,-645.7008,2.3167
600718.SH,2017-11-30,188.1414,187.2251,-666.8425,2.3926
600718.SH,2017-10-31,195.4307,193.7448,-692.6782,2.4838
600718.SH,2017-09-30,212.0895,210.26,11.2848,2.7052
600718.SH,2017-08-31,210.5977,208.781,11.2054,2.6862
600718.SH,2017-07-31,193.8145,192.1426,10.4654,2.5025
600718.SH,2017-06-30,193.3172,191.5726,10.4386,2.496
600718.SH,2017-05-31,181.6312,179.992,9.8076,2.3081
600718.SH,2017-04-30,221.2892,219.2921,11.949,2.8121
600718.SH,2017-03-31,239.9372,237.7717,12.9627,3.1112
600718.SH,2017-02-28,240.9317,238.7573,10.6197,3.5812
600718.SH,2017-01-31,231.8564,229.7639,10.2197,3.4463
600718.SH,2016-12-31,244.4127,242.2068,10.7731,3.6329
600718.SH,2016-11-30,240.5588,238.3877,10.6033,3.5756
600718.SH,2016-10-31,223.7756,220.967,9.8635,3.3262
600718.SH,2016-09-30,214.1425,211.3917,54.9486,3.1772
600718.SH,2016-08-31,217.2514,214.4607,55.7463,3.2233
600718.SH,2016-07-31,217.5752,214.9518,55.8012,3.2819
600718.SH,2016-06-30,227.6401,224.8953,58.3825,3.4338
600718.SH,2016-05-31,225.1549,222.4401,57.7451,3.3369
600718.SH,2016-04-30,221.3029,218.6345,56.7572,3.2798
600718.SH,2016-03-31,232.7346,229.9284,60.2382,3.8304
600718.SH,2016-02-29,198.9365,196.5378,97.7366,3.5356
600718.SH,2016-01-31,232.3619,229.5601,114.1583,4.1297
600741.SH,2020-12-31,908.6151,908.6151,19.5884,1.8118
600741.SH,2020-11-30,985.5415,985.5415,21.2468,1.9652
600741.SH,2020-10-31,981.1277,981.1277,21.1516,1.9564
600741.SH,2020-09-30,785.0283,785.0283,17.8187,1.6316
600741.SH,2020-08-31,784.3977,784.3977,17.8044,1.6303
600741.SH,2020-07-31,662.072,662.072,13.931,1.4274
600741.SH,2020-06-30,655.4513,655.4513,13.7917,1.336
600741.SH,2020-05-31,603.7466,603.7466,12.7037,1.2306
600741.SH,2020-04-30,643.1557,643.1557,13.533,1.3109
600741.SH,2020-03-31,679.0967,679.0967,10.305,1.4116
600741.SH,2020-02-29,887.4918,887.4918,13.4673,1.8447
600741.SH,2020-01-31,841.7773,841.7773,12.7736,1.7497
600741.SH,2019-12-31,819.393,819.393,12.4339,1.7032
600741.SH,2019-11-30,817.1861,817.1861,12.4005,1.6986
600741.SH,2019-10-31,791.649,791.649,12.0129,1.6455
600741.SH,2019-09-30,740.8901,740.8901,11.1959,1.7431
600741.SH,2019-08-31,785.9741,785.9741,11.8772,1.8492
600741.SH,2019-07-31,728.2792,728.2792,10.462,1.6439
600741.SH,2019-06-30,680.9884,680.9884,9.7826,1.4303
600741.SH,2019-05-31,633.067,633.067,9.0942,1.3296
600741.SH,2019-04-30,741.836,741.836,10.6567,1.558
600741.SH,2019-03-31,642.5251,642.5251,8.0044,1.4164
600741.SH,2019-02-28,654.1902,654.1902,8.0749,1.4888
600741.SH,2019-01-31,637.1655,637.1655,7.8648,1.45
600741.SH,2018-12-31,580.1012,527.4377,7.1604,1.3202
600741.SH,2018-11-30,534.3867,485.8733,6.5962,1.2161
600741.SH,2018-10-31,549.5198,499.6325,6.783,1.2506
600741.SH,2018-09-30,709.3629,644.9646,8.763,1.6799
600741.SH,2018-08-31,644.1015,585.6278,7.9568,1.5254
600741.SH,2018-07-31,735.2152,668.4699,9.2636,1.8116
600741.SH,2018-06-30,747.8261,679.936,9.4225,1.7037
600741.SH,2018-05-31,804.5752,731.5331,10.1375,1.833
600741.SH,2018-04-30,699.5895,636.0784,8.8147,1.5938
600741.SH,2018-03-31,763.905,694.5552,11.6557,1.8504
600741.SH,2018-02-28,828.2206,753.0319,12.8901,2.0937
600741.SH,2018-01-31,834.8413,759.0516,12.9931,2.1104
600741.SH,2017-12-31,936.0438,851.0666,14.5682,2.3662
600741.SH,2017-11-30,805.521,732.3931,12.5368,2.0363
600741.SH,2017-10-31,801.7377,728.9533,12.4779,2.0267
600741.SH,2017-09-30,710.9393,646.3978,11.3843,1.8742
600741.SH,2017-08-31,661.7568,601.6803,10.5967,1.7445
600741.SH,2017-07-31,673.1066,611.9997,10.8964,1.851
600741.SH,2017-06-30,764.2203,694.8418,12.3713,1.9338
600741.SH,2017-05-31,630.2295,573.0152,10.2023,1.5948
600741.SH,2017-04-30,592.0816,538.3304,9.5847,1.4983
600741.SH,2017-03-31,574.111,521.9913,9.4492,1.507
600741.SH,2017-02-28,530.9187,482.7201,9.4533,1.4604
600741.SH,2017-01-31,523.3522,475.8405,9.3186,1.4396
600741.SH,2016-12-31,502.8595,412.0204,8.9537,1.3833
600741.SH,2016-11-30,531.8645,435.7859,9.4702,1.463
600741.SH,2016-10-31,520.1995,426.228,9.2625,1.431
600741.SH,2016-09-30,496.554,406.854,9.4334,1.4237
600741.SH,2016-08-31,497.8151,407.8873,9.4574,1.4273
600741.SH,2016-07-31,513.2635,420.545,10.4124,1.5371
600741.SH,2016-06-30,441.6966,361.9063,8.9606,1.3228
600741.SH,2016-05-31,463.7657,379.9887,9.4083,1.2902
600741.SH,2016-04-30,471.017,385.9301,9.5554,1.3104
600741.SH,2016-03-31,479.8446,393.1631,10.0315,1.3262
600741.SH,2016-02-29,401.3418,328.8414,8.6773,1.1738
600741.SH,2016-01-31,436.0217,357.2566,9.4271,1.2752
600739.SH,2020-12-31,372.0254,372.0254,13.9486,1.5637
600739.SH,2020-11-30,345.2555,345.2555,12.9449,1.4512
600739.SH,2020-10-31,344.9496,344.9496,12.9334,1.4499
600739.SH,2020-09-30,356.1164,356.1164,25.711,1.5973
600739.SH,2020-08-31,400.9369,400.9369,28.947,1.7983
600739.SH,2020-07-31,427.5539,427.5539,60.8968,1.982
600739.SH,2020-06-30,289.5741,289.5741,41.2442,1.3424
600739.SH,2020-05-31,250.2605,250.2605,35.6448,1.1536
600739.SH,2020-04-30,269.3819,269.3819,38.3682,1.2417
600739.SH,2020-03-31,277.6423,277.6423,24.9887,1.2907
600739.SH,2020-02-29,268.4641,268.4641,24.1626,1.248
600739.SH,2020-01-31,249.8016,249.8016,22.483,1.1613
600739.SH,2019-12-31,232.9748,232.9748,20.9685,1.0831
600739.SH,2019-11-30,221.502,221.502,19.9359,1.0297
600739.SH,2019-10-31,214.4653,214.4653,19.3026,0.997
600739.SH,2019-09-30,202.3806,202.3806,19.0526,0.9547
600739.SH,2019-08-31,213.0886,213.0886,20.0606,1.0052
600739.SH,2019-07-31,213.2415,213.2415,17.321,1.0118
600739.SH,2019-06-30,222.4198,222.4198,18.0665,1.0553
600739.SH,2019-05-31,194.2731,194.2731,15.7802,0.9218
600739.SH,2019-04-30,216.6069,216.6069,17.5943,1.0278
600739.SH,2019-03-31,228.9976,228.9976,25.1116,1.1216
600739.SH,2019-02-28,201.7687,201.7687,22.1257,0.9883
600739.SH,2019-01-31,151.5942,151.5942,16.6236,0.7425
600739.SH,2018-12-31,160.0076,160.0076,17.5462,0.7837
600739.SH,2018-11-30,176.6815,176.6815,19.3747,0.8654
600739.SH,2018-10-31,166.7384,166.7384,18.2843,0.8167
600739.SH,2018-09-30,211.5589,211.5589,20.4922,1.0684
600739.SH,2018-08-31,208.6524,208.6524,20.2107,1.0537
600739.SH,2018-07-31,224.8673,224.8673,25.0633,1.1307
600739.SH,2018-06-30,232.21,232.21,25.8817,1.1516
600739.SH,2018-05-31,248.7308,248.7308,27.7231,1.2336
600739.SH,2018-04-30,264.1809,264.1809,29.4451,1.3102
600739.SH,2018-03-31,275.9597,246.1937,20.457,1.3764
600739.SH,2018-02-28,270.7586,241.5536,20.0715,1.3505
600739.SH,2018-01-31,270.2997,241.1442,20.0374,1.3482
600739.SH,2017-12-31,269.2289,240.1889,19.9581,1.3428
600739.SH,2017-11-30,265.2517,236.6407,19.6632,1.323
600739.SH,2017-10-31,283.1493,252.6078,20.99,1.4123
600739.SH,2017-09-30,277.0304,247.1489,25.3736,1.418
600739.SH,2017-08-31,286.0557,255.2007,26.2003,1.4642
600739.SH,2017-07-31,291.2567,259.8407,21.5621,1.5006
600739.SH,2017-06-30,275.8067,246.0572,20.4183,1.421
600739.SH,2017-05-31,258.6739,230.7724,19.15,1.3328
600739.SH,2017-04-30,261.8863,233.6383,19.3878,1.3493
600739.SH,2017-03-31,270.2997,241.1442,28.5185,1.4561
600739.SH,2017-02-28,268.1581,239.2336,-216.1594,1.4716
600739.SH,2017-01-31,272.1354,242.7819,-219.3654,1.4934
600739.SH,2016-12-31,274.7359,245.1019,-221.4617,1.5077
600739.SH,2016-11-30,327.5109,292.1844,-264.003,1.7973
600739.SH,2016-10-31,297.5286,265.4361,-239.8346,1.6328
600739.SH,2016-09-30,285.5968,254.7913,4961.2017,1.5851
600739.SH,2016-08-31,272.5943,243.1913,4735.3301,1.513
600739.SH,2016-07-31,237.5639,211.9394,69.138,1.356
600739.SH,2016-06-30,238.1758,212.4853,69.316,1.3595
600739.SH,2016-05-31,245.9773,219.4453,71.5865,1.404
600739.SH,2016-04-30,242.7649,216.5794,70.6516,1.3857
600739.SH,2016-03-31,269.5349,240.4619,52.3877,1.5461
600739.SH,2016-02-29,235.5753,210.1653,14.7561,1.2965
600739.SH,2016-01-31,238.9407,213.1677,14.9669,1.315
600783.SH,2020-12-31,110.3885,110.3885,18.1188,2.8593
600783.SH,2020-11-30,124.9035,124.9035,20.5012,3.2352
600783.SH,2020-10-31,119.2464,119.2464,19.5727,3.0887
600783.SH,2020-09-30,108.8253,108.8253,52.7882,3.0384
600783.SH,2020-08-31,121.2561,121.2561,58.8181,3.4503
600783.SH,2020-07-31,119.8418,119.8418,86.518,3.41
600783.SH,2020-06-30,113.887,113.887,82.219,3.1408
600783.SH,2020-05-31,100.7862,100.7862,72.7611,2.7795
600783.SH,2020-04-30,102.7216,102.7216,74.1583,2.8329
600783.SH,2020-03-31,92.7472,92.7472,235.9617,2.6383
600783.SH,2020-02-29,100.1908,100.1908,254.8992,2.85
600783.SH,2020-01-31,106.8156,106.8156,271.7536,3.0385
600783.SH,2019-12-31,117.1622,117.1622,298.0768,3.3328
600783.SH,2019-11-30,96.6178,96.6178,245.8092,2.7484
600783.SH,2019-10-31,110.3885,110.3885,280.8437,3.1401
600783.SH,2019-09-30,97.8088,97.8088,9215.2314,2.8423
600783.SH,2019-08-31,99.6697,99.6697,9390.5596,2.8452
600783.SH,2019-07-31,113.2915,113.2915,52.7479,3.2341
600783.SH,2019-06-30,131.9005,131.9005,61.4122,3.687
600783.SH,2019-05-31,143.6613,143.6613,66.888,4.0157
600783.SH,2019-04-30,146.0433,146.0433,67.997,4.0823
600783.SH,2019-03-31,169.6395,169.6395,1209.8423,4.5506
600783.SH,2019-02-28,174.3289,174.3289,1243.2867,4.6764
600783.SH,2019-01-31,111.7283,111.7283,796.829,2.9971
600783.SH,2018-12-31,116.7155,116.7155,832.3969,3.1309
600783.SH,2018-11-30,132.4215,132.4215,944.4095,3.5522
600783.SH,2018-10-31,70.0442,70.0442,499.5443,1.8789
600783.SH,2018-09-30,76.2224,76.2224,82.4426,2.0465
600783.SH,2018-08-31,69.4487,69.4487,75.1162,1.8647
600783.SH,2018-07-31,73.9149,73.9149,137.4473,2.0821
600783.SH,2018-06-30,71.9051,71.9051,133.7101,2.0255
600783.SH,2018-05-31,82.1028,82.1028,152.6731,2.2887
600783.SH,2018-04-30,81.5073,81.5073,151.5658,2.2721
600783.SH,2018-03-31,99.4464,99.4464,34.7372,2.6475
600783.SH,2018-02-28,86.1224,86.1224,30.0831,2.2927
600783.SH,2018-01-31,95.799,95.799,33.4632,2.5504
600783.SH,2017-12-31,114.2592,114.2592,39.9114,3.0418
600783.SH,2017-11-30,108.4531,108.4531,37.8833,2.8872
600783.SH,2017-10-31,119.3952,119.3952,41.7055,3.1785
600783.SH,2017-09-30,135.6967,135.6967,53.6863,3.6163
600783.SH,2017-08-31,123.9358,123.9358,49.0333,3.3029
600783.SH,2017-07-31,119.5441,119.5441,34.3067,3.2943
600783.SH,2017-06-30,126.7644,126.7644,36.3788,3.389
600783.SH,2017-05-31,124.6057,124.6057,35.7593,3.3313
600783.SH,2017-04-30,156.8365,156.8365,45.0089,4.193
600783.SH,2017-03-31,169.4906,169.4906,51.9053,4.5727
600783.SH,2017-02-28,184.6011,184.6011,56.5327,4.9803
600783.SH,2017-01-31,180.8049,180.8049,55.3702,4.8779
600783.SH,2016-12-31,168.3741,168.3741,51.5633,4.5425
600783.SH,2016-11-30,189.7372,189.7372,58.1056,5.1189
600783.SH,2016-10-31,182.368,182.368,55.8489,4.9201
600783.SH,2016-09-30,179.465,179.465,58.244,4.906
600783.SH,2016-08-31,171.2771,171.2771,55.5867,5.1427
600783.SH,2016-07-31,161.0794,161.0794,84.1468,4.8365
600783.SH,2016-06-30,160.856,160.856,84.0301,4.7242
600783.SH,2016-05-31,167.6297,167.6297,87.5687,4.9231
600783.SH,2016-04-30,168.8207,168.8207,88.1908,4.9581
600783.SH,2016-03-31,183.559,183.559,86.5089,5.4431
600783.SH,2016-02-29,173.4357,173.4357,81.738,5.1429
600783.SH,2016-01-31,175.5199,175.5199,82.7202,5.2047
600795.SH,2020-12-31,442.134,442.134,43.7333,0.8652
600795.SH,2020-11-30,422.4836,422.4836,41.7896,0.8267
600795.SH,2020-10-31,385.1478,385.1478,38.0965,0.7537
600795.SH,2020-09-30,396.938,396.938,180.4722,0.7827
600795.SH,2020-08-31,402.8332,402.8332,183.1525,0.7943
600795.SH,2020-07-31,400.8681,400.8681,-143.1526,0.8146
600795.SH,2020-06-30,363.5324,363.5324,-129.8198,0.7243
600795.SH,2020-05-31,357.6372,357.6372,-127.7146,0.7125
600795.SH,2020-04-30,391.0429,391.0429,-139.644,0.7791
600795.SH,2020-03-31,398.9031,398.9031,21.905,0.7485
600795.SH,2020-02-29,412.6584,412.6584,22.6603,0.7743
600795.SH,2020-01-31,436.2388,436.2388,23.9552,0.8185
600795.SH,2019-12-31,459.8193,459.8193,25.2501,0.8628
600795.SH,2019-11-30,444.099,444.099,24.3869,0.8333
600795.SH,2019-10-31,457.8543,457.8543,25.1422,0.8591
600795.SH,2019-09-30,469.6445,469.6445,25.7159,0.8953
600795.SH,2019-08-31,483.3998,483.3998,26.469,0.9215
600795.SH,2019-07-31,501.0851,501.0851,31.6347,0.9409
600795.SH,2019-06-30,499.1201,499.1201,31.5106,0.9372
600795.SH,2019-05-31,495.19,495.19,31.2625,0.9642
600795.SH,2019-04-30,532.5258,532.5258,33.6196,1.0369
600795.SH,2019-03-31,526.6307,526.6307,21.7211,1.0561
600795.SH,2019-02-28,520.7355,520.7355,21.478,1.0443
600795.SH,2019-01-31,471.6095,471.6095,19.4518,0.9458
600795.SH,2018-12-31,503.0502,503.0502,20.7486,1.0088
600795.SH,2018-11-30,489.2949,489.2949,20.1812,0.9313
600795.SH,2018-10-31,479.4697,479.4697,19.776,0.9126
600795.SH,2018-09-30,501.0851,501.0851,21.5511,0.9685
600795.SH,2018-08-31,508.9453,508.9453,21.8892,0.9837
600795.SH,2018-07-31,546.2811,546.2811,22.7335,1.0696
600795.SH,2018-06-30,514.8404,514.8404,21.4251,0.9779
600795.SH,2018-05-31,558.0713,558.0713,23.2241,1.0601
600795.SH,2018-04-30,558.0713,558.0713,23.2241,1.0601
600795.SH,2018-03-31,583.6168,583.6168,27.2797,1.1927
600795.SH,2018-02-28,589.5119,589.5119,25.4384,1.1274
600795.SH,2018-01-31,613.0924,613.0924,26.456,1.1725
600795.SH,2017-12-31,613.0924,613.0924,26.456,1.1725
600795.SH,2017-11-30,670.0786,670.0786,28.915,1.2815
600795.SH,2017-10-31,664.1834,664.1834,28.6606,1.2702
600795.SH,2017-09-30,652.3932,652.3932,22.9401,1.2636
600795.SH,2017-08-31,685.7989,685.7989,24.1148,1.3283
600795.SH,2017-07-31,685.7989,685.7989,17.4366,1.3478
600795.SH,2017-06-30,707.4143,707.4143,17.9862,1.3336
600795.SH,2017-05-31,691.694,691.694,17.5865,1.304
600795.SH,2017-04-30,662.2184,662.2184,16.8371,1.2484
600795.SH,2017-03-31,640.603,640.603,13.8664,1.2961
600795.SH,2017-02-28,652.3932,652.3932,15.6615,1.2298
600795.SH,2017-01-31,638.6379,638.6379,15.3313,1.2039
600795.SH,2016-12-31,622.9176,622.9176,14.9539,1.1742
600795.SH,2016-11-30,642.568,642.568,15.4256,1.2113
600795.SH,2016-10-31,591.477,591.477,14.1991,1.115
600795.SH,2016-09-30,581.6518,581.6518,12.6676,1.1246
600795.SH,2016-08-31,595.4071,595.4071,12.9672,1.1512
600795.SH,2016-07-31,587.5469,587.5469,13.0908,1.1768
600795.SH,2016-06-30,575.7567,575.7567,12.8281,1.1053
600795.SH,2016-05-31,579.6867,579.6867,12.9156,1.1129
600795.SH,2016-04-30,579.6867,579.6867,12.9156,1.1129
600795.SH,2016-03-31,605.2323,605.2323,14.3512,1.2694
600795.SH,2016-02-29,569.8615,569.8615,13.5125,1.1952
600795.SH,2016-01-31,565.9315,565.9315,11.5962,1.1707
600804.SH,2020-12-31,96.2569,96.2544,-2.3577,3.8744
600804.SH,2020-11-30,112.1565,112.1536,-2.7471,4.5144
600804.SH,2020-10-31,96.8299,96.8274,-2.3717,3.8975
600804.SH,2020-09-30,110.7241,110.7213,-2.0211,10.3445
600804.SH,2020-08-31,136.7937,136.7902,-2.497,12.7801
600804.SH,2020-07-31,131.4938,131.4905,-2.2984,17.2033
600804.SH,2020-06-30,128.629,128.6257,-2.2484,16.8285
600804.SH,2020-05-31,97.2596,97.2571,-1.7,12.7244
600804.SH,2020-04-30,101.8432,101.8406,-1.7802,13.3241
600804.SH,2020-03-31,83.2221,83.22,97.5049,1.1973
600804.SH,2020-02-29,101.7,101.6974,119.154,1.4631
600804.SH,2020-01-31,77.779,77.777,91.1277,1.119
600804.SH,2019-12-31,87.6625,87.6603,102.7074,1.2611
600804.SH,2019-11-30,85.6572,85.655,100.3579,1.2323
600804.SH,2019-10-31,93.2489,93.2465,109.2525,1.3415
600804.SH,2019-09-30,95.3975,95.395,52.1093,1.3718
600804.SH,2019-08-31,93.6786,93.6762,51.1703,1.3471
600804.SH,2019-07-31,104.7126,104.7054,30.6893,1.5067
600804.SH,2019-06-30,107.7207,107.7133,31.571,1.55
600804.SH,2019-05-31,115.8857,115.8778,33.964,1.6675
600804.SH,2019-04-30,135.9401,135.9308,39.8416,1.9561
600804.SH,2019-03-31,151.6971,151.6867,31.7472,2.1613
600804.SH,2019-02-28,139.2348,139.2252,29.1391,1.9838
600804.SH,2019-01-31,108.8667,108.8592,22.7836,1.5511
600804.SH,2018-12-31,100.7017,100.6948,21.0749,1.4348
600804.SH,2018-11-30,117.1749,117.1669,24.5224,1.6695
600804.SH,2018-10-31,102.4206,102.4136,21.4346,1.4593
600804.SH,2018-09-30,150.2647,150.2543,24.9656,2.0975
600804.SH,2018-08-31,159.8621,159.8511,26.5602,2.2314
600804.SH,2018-07-31,165.1622,165.1509,24.008,2.3555
600804.SH,2018-06-30,171.8948,171.8829,24.9866,2.3716
600804.SH,2018-05-31,221.7443,221.729,32.2328,3.0594
600804.SH,2018-04-30,198.1087,198.0951,28.7971,2.7333
600804.SH,2018-03-31,215.4415,215.4266,28.1341,3.1054
600804.SH,2018-02-28,179.3436,179.3312,23.4201,2.5851
600804.SH,2018-01-31,236.3553,236.339,30.8652,3.4069
600804.SH,2017-12-31,243.9473,243.9305,31.8566,3.5163
600804.SH,2017-11-30,282.3372,282.3177,36.8699,4.0697
600804.SH,2017-10-31,279.6155,279.5963,36.5145,4.0305
600804.SH,2017-09-30,283.6151,283.5956,37.6649,4.2213
600804.SH,2017-08-31,248.9685,248.9514,33.0637,3.7057
600804.SH,2017-07-31,241.601,237.4759,32.0765,3.76
600804.SH,2017-06-30,254.2038,249.8635,33.7497,3.8158
600804.SH,2017-05-31,235.1585,231.0921,31.2211,3.5999
600804.SH,2017-04-30,280.5499,275.6985,37.2476,4.2948
600804.SH,2017-03-31,278.9944,274.17,36.3931,4.3944
600804.SH,2017-02-28,291.0139,285.9817,40.0767,4.7883
600804.SH,2017-01-31,324.3858,318.7764,44.6725,5.3374
600804.SH,2016-12-31,310.1038,304.7414,42.7056,5.1024
600804.SH,2016-11-30,337.678,331.8388,46.503,5.5561
600804.SH,2016-10-31,311.8361,306.442,42.9442,5.1335
600804.SH,2016-09-30,296.5695,291.4394,42.208,5.06
600804.SH,2016-08-31,290.3497,285.3272,41.3228,4.9539
600804.SH,2016-07-31,267.0256,262.4066,36.4859,4.7953
600804.SH,2016-06-30,257.696,253.2383,35.2112,4.4471
600804.SH,2016-05-31,262.9789,255.6623,35.5922,4.5708
600804.SH,2016-04-30,264.6858,257.2512,36.1662,4.6445
600804.SH,2016-03-31,297.3164,288.9653,41.9139,5.4145
600804.SH,2016-02-29,240.598,233.84,33.9181,4.3816
600804.SH,2016-01-31,234.5761,227.9872,33.0692,4.2719
600820.SH,2020-12-31,170.0956,170.0956,8.4621,0.7571
600820.SH,2020-11-30,181.7288,181.7288,9.0408,0.8089
600820.SH,2020-10-31,175.4406,175.4406,8.728,0.7809
600820.SH,2020-09-30,176.6982,176.6982,9.7028,0.814
600820.SH,2020-08-31,188.0169,188.0169,10.3243,0.8661
600820.SH,2020-07-31,189.2746,189.2746,9.5609,0.8853
600820.SH,2020-06-30,177.6414,177.6414,8.9732,0.8309
600820.SH,2020-05-31,196.8204,196.8204,9.942,0.893
600820.SH,2020-04-30,179.8423,179.8423,9.0844,0.816
600820.SH,2020-03-31,173.8685,173.8685,8.3265,0.8113
600820.SH,2020-02-29,176.0694,176.0694,8.4319,0.8216
600820.SH,2020-01-31,182.9864,182.9864,8.7632,0.8539
600820.SH,2019-12-31,189.9034,189.9034,9.0944,0.8862
600820.SH,2019-11-30,184.8729,184.8729,8.8535,0.8627
600820.SH,2019-10-31,182.9864,182.9864,8.7632,0.8539
600820.SH,2019-09-30,185.1873,185.1873,9.1716,0.8845
600820.SH,2019-08-31,186.1305,186.1305,9.2184,0.889
600820.SH,2019-07-31,193.9907,193.9907,9.6644,0.9224
600820.SH,2019-06-30,198.3925,198.3925,9.8837,0.9433
600820.SH,2019-05-31,201.2222,201.2222,10.0247,0.9567
600820.SH,2019-04-30,216.9426,216.9426,10.8079,1.0315
600820.SH,2019-03-31,230.7767,230.7767,11.9559,1.1588
600820.SH,2019-02-28,226.3749,226.3749,11.7278,1.1367
600820.SH,2019-01-31,202.4798,202.4798,10.4899,1.0167
600820.SH,2018-12-31,196.8204,196.8204,10.1967,0.9883
600820.SH,2018-11-30,182.3576,182.3576,9.4474,0.9157
600820.SH,2018-10-31,179.2135,179.2135,9.2845,0.8999
600820.SH,2018-09-30,192.1043,192.1043,10.1924,0.988
600820.SH,2018-08-31,189.2746,189.2746,10.0423,0.9734
600820.SH,2018-07-31,199.9645,199.9645,10.8403,1.0546
600820.SH,2018-06-30,185.8161,185.8161,10.0733,0.9516
600820.SH,2018-05-31,220.0867,220.0867,11.9312,1.1271
600820.SH,2018-04-30,219.4579,219.4579,11.8971,1.1239
600820.SH,2018-03-31,227.6326,227.6326,12.909,1.229
600820.SH,2018-02-28,238.9513,238.9513,13.5508,1.2901
600820.SH,2018-01-31,259.7023,259.7023,14.7276,1.4022
600820.SH,2017-12-31,262.8464,262.8464,14.9059,1.4192
600820.SH,2017-11-30,281.0822,281.0822,15.9401,1.5176
600820.SH,2017-10-31,299.9468,299.9468,17.0099,1.6195
600820.SH,2017-09-30,304.6629,304.6629,17.7739,1.6826
600820.SH,2017-08-31,318.4969,318.4969,18.5809,1.759
600820.SH,2017-07-31,300.2612,300.2612,17.8053,1.7013
600820.SH,2017-06-30,317.5537,317.5537,18.8307,1.7494
600820.SH,2017-05-31,301.8332,301.8332,17.8985,1.6628
600820.SH,2017-04-30,321.9554,321.9554,19.0918,1.7737
600820.SH,2017-03-31,328.558,328.558,20.5962,1.9077
600820.SH,2017-02-28,368.8025,368.8025,23.119,2.1413
600820.SH,2017-01-31,352.1388,352.1388,22.0744,2.0446
600820.SH,2016-12-31,346.165,346.165,21.6999,2.0099
600820.SH,2016-11-30,329.5013,329.5013,20.6553,1.9131
600820.SH,2016-10-31,322.8987,322.8987,20.2414,1.8748
600820.SH,2016-09-30,305.2917,305.2917,19.7754,1.8094
600820.SH,2016-08-31,308.1214,308.1214,19.9587,1.8262
600820.SH,2016-07-31,291.4577,291.4577,19.356,1.7628
600820.SH,2016-06-30,263.7897,263.7897,17.5185,1.5954
600820.SH,2016-05-31,271.3355,271.3355,18.0196,1.5956
600820.SH,2016-04-30,286.7416,286.7416,19.0428,1.6862
600820.SH,2016-03-31,259.0735,259.0735,18.607,1.6087
600820.SH,2016-02-29,232.9775,232.9775,16.7328,1.4466
600820.SH,2016-01-31,248.3836,248.3836,17.8393,1.5423
600827.SH,2020-12-31,243.7598,234.2497,38.4585,1.4408
600827.SH,2020-11-30,220.1626,210.5038,34.56,1.2948
600827.SH,2020-10-31,241.6239,230.399,37.8263,1.4171
600827.SH,2020-09-30,285.0117,273.2378,49.6733,1.7111
600827.SH,2020-08-31,263.7353,252.2195,45.8523,1.5795
600827.SH,2020-07-31,331.4898,319.1251,54.0895,2.0057
600827.SH,2020-06-30,241.309,231.843,39.2958,1.4572
600827.SH,2020-05-31,165.1754,156.7548,26.5688,0.9852
600827.SH,2020-04-30,136.0266,127.0724,21.5379,0.7987
600827.SH,2020-03-31,134.0858,125.1471,15.6609,0.7819
600827.SH,2020-02-29,130.7433,121.7777,15.2393,0.7609
600827.SH,2020-01-31,144.5293,134.2925,16.8054,0.8391
600827.SH,2019-12-31,154.6863,144.0796,18.0302,0.9002
600827.SH,2019-11-30,151.564,141.1916,17.6688,0.8822
600827.SH,2019-10-31,152.4693,140.8707,17.6286,0.8802
600827.SH,2019-09-30,152.6286,140.8707,17.5935,0.9031
600827.SH,2019-08-31,154.1892,142.6356,17.814,0.9144
600827.SH,2019-07-31,160.9193,148.5721,18.5249,0.9357
600827.SH,2019-06-30,169.764,157.3965,19.6252,0.9912
600827.SH,2019-05-31,162.5508,144.404,18.725,0.9458
600827.SH,2019-04-30,176.651,157.8261,20.4655,1.0337
600827.SH,2019-03-31,175.9153,156.9005,20.9105,1.1198
600827.SH,2019-02-28,167.9232,149.3409,19.903,1.0659
600827.SH,2019-01-31,151.2232,134.2216,17.8881,0.958
600827.SH,2018-12-31,147.4787,130.3647,17.374,0.9304
600827.SH,2018-11-30,151.7044,134.0674,17.8675,0.9569
600827.SH,2018-10-31,144.6687,127.4334,16.9834,0.9095
600827.SH,2018-09-30,161.4059,142.3984,20.4511,1.0239
600827.SH,2018-08-31,159.3268,140.7013,20.2074,1.0117
600827.SH,2018-07-31,175.3242,155.2034,22.5653,1.0996
600827.SH,2018-06-30,177.2694,157.3633,22.8793,1.0934
600827.SH,2018-05-31,206.0253,184.5162,26.8271,1.2821
600827.SH,2018-04-30,176.7757,156.9005,22.812,1.0902
600827.SH,2018-03-31,189.4157,168.0085,23.3022,1.1569
600827.SH,2018-02-28,201.2085,178.6536,24.7786,1.2302
600827.SH,2018-01-31,225.7746,201.641,27.9669,1.3885
600827.SH,2017-12-31,232.9746,208.1207,28.8656,1.4331
600827.SH,2017-11-30,229.9052,205.0351,28.4377,1.4119
600827.SH,2017-10-31,274.7543,246.8444,34.2365,1.6998
600827.SH,2017-09-30,261.6683,234.0394,32.1739,1.6174
600827.SH,2017-08-31,261.9084,234.5022,32.2375,1.6206
600827.SH,2017-07-31,260.1737,232.6509,31.4794,1.6069
600827.SH,2017-06-30,279.1436,250.7014,33.9217,1.7316
600827.SH,2017-05-31,263.5265,236.1992,31.9595,1.6314
600827.SH,2017-04-30,264.6907,237.1249,32.0847,1.6378
600827.SH,2017-03-31,277.5805,249.3129,34.0849,1.7509
600827.SH,2017-02-28,314.5801,283.8711,38.8095,1.9936
600827.SH,2017-01-31,260.5901,233.7308,31.9546,1.6415
600827.SH,2016-12-31,248.0399,221.5429,30.2883,1.5559
600827.SH,2016-11-30,227.5455,202.5667,27.694,1.4226
600827.SH,2016-10-31,223.2416,199.1726,27.2299,1.3988
600827.SH,2016-09-30,217.0882,192.2301,25.7182,1.366
600827.SH,2016-08-31,231.3287,205.498,27.4933,1.4603
600827.SH,2016-07-31,223.0089,198.0926,25.1616,1.4187
600827.SH,2016-06-30,211.7772,186.3675,23.6723,1.3347
600827.SH,2016-05-31,210.5219,192.3844,23.5919,1.4094
600827.SH,2016-04-30,221.8608,203.1838,24.9162,1.4885
600827.SH,2016-03-31,237.9621,218.303,18.1492,1.6333
600827.SH,2016-02-29,205.6565,187.4475,15.584,1.4025
600827.SH,2016-01-31,217.2049,198.4012,16.4946,1.4844
600837.SH,2020-12-31,1440.4509,1040.6481,15.7904,1.1142
600837.SH,2020-11-30,1496.3782,1092.4377,16.5762,1.1696
600837.SH,2020-10-31,1548.888,1136.1352,17.2393,1.1876
600837.SH,2020-09-30,1562.6716,1145.0366,19.5,1.2244
600837.SH,2020-08-31,1677.0853,1227.5763,20.9056,1.3126
600837.SH,2020-07-31,1362.2374,1140.9905,20.1811,1.2687
600837.SH,2020-06-30,1212.9538,1017.9901,18.0055,1.1319
600837.SH,2020-05-31,1118.4358,934.6412,16.5313,1.0393
600837.SH,2020-04-30,1262.9723,1043.0757,18.4492,1.1598
600837.SH,2020-03-31,1259.906,1039.0296,15.5075,1.1712
600837.SH,2020-02-29,1406.3522,1149.8918,18.1417,1.3176
600837.SH,2020-01-31,1407.2757,1177.4051,18.5758,1.3492
600837.SH,2019-12-31,1532.3375,1251.0435,19.7375,1.4336
600837.SH,2019-11-30,1351.2964,1111.8588,17.5416,1.2741
600837.SH,2019-10-31,1387.4028,1140.9905,18.0013,1.3074
600837.SH,2019-09-30,1409.978,1157.1748,21.3418,1.363
600837.SH,2019-08-31,1335.456,1105.3851,20.3867,1.2993
600837.SH,2019-07-31,1357.0596,1121.5694,20.695,1.3183
600837.SH,2019-06-30,1411.0087,1148.2734,22.5147,1.3307
600837.SH,2019-05-31,1220.1432,979.1479,19.1986,1.1347
600837.SH,2019-04-30,1426.6913,1131.2799,22.1815,1.311
600837.SH,2019-03-31,1432.4749,1135.326,30.9664,1.3692
600837.SH,2019-02-28,1331.3161,1028.5099,28.0441,1.2406
600837.SH,2019-01-31,1072.6765,815.6868,22.2411,0.9839
600837.SH,2018-12-31,936.1674,712.1075,16.6998,0.8596
600837.SH,2018-11-30,1009.4195,763.8972,17.9143,0.9222
600837.SH,2018-10-31,1001.086,762.2788,17.8763,0.9202
600837.SH,2018-09-30,938.6728,725.055,13.5139,0.9012
600837.SH,2018-08-31,899.2379,693.4956,12.9257,0.862
600837.SH,2018-07-31,1000.8581,766.3248,14.2806,0.9309
600837.SH,2018-06-30,994.2812,766.3248,13.4299,0.9146
600837.SH,2018-05-31,1121.7838,848.0553,14.8622,1.0121
600837.SH,2018-04-30,1220.7895,923.3122,16.1811,1.1019
600837.SH,2018-03-31,1214.1516,929.7859,15.334,1.1223
600837.SH,2018-02-28,1287.9217,979.1479,16.1651,1.1848
600837.SH,2018-01-31,1472.8722,1119.951,18.4896,1.3552
600837.SH,2017-12-31,1364.6578,1041.4573,18.9191,1.2748
600837.SH,2017-11-30,1492.0295,1156.3655,21.0066,1.4155
600837.SH,2017-10-31,1529.9088,1171.7406,21.2859,1.4343
600837.SH,2017-09-30,1561.6151,1196.017,21.7872,1.5115
600837.SH,2017-08-31,1614.6501,1237.2869,22.539,1.5637
600837.SH,2017-07-31,1569.3269,1203.2999,21.9073,1.5197
600837.SH,2017-06-30,1575.1367,1201.6815,20.0251,1.5177
600837.SH,2017-05-31,1630.285,1238.0961,20.6319,1.5637
600837.SH,2017-04-30,1589.4922,1201.6815,20.0251,1.5177
600837.SH,2017-03-31,1579.1965,1181.4512,20.8775,1.5248
600837.SH,2017-02-28,1697.5088,1268.037,22.4195,1.6381
600837.SH,2017-01-31,1735.3927,1313.3529,23.2207,1.6966
600837.SH,2016-12-31,1680.1465,1274.5107,16.2638,1.6747
600837.SH,2016-11-30,1809.1541,1356.2412,17.3068,1.7821
600837.SH,2016-10-31,1726.6209,1317.399,16.8111,1.7311
600837.SH,2016-09-30,1672.6005,1287.4581,18.394,1.8315
600837.SH,2016-08-31,1678.7952,1281.7936,18.3131,1.8235
600837.SH,2016-07-31,1603.2504,1234.8592,17.6435,1.7567
600837.SH,2016-06-30,1627.7996,1247.8066,13.1459,1.637
600837.SH,2016-05-31,1649.3017,1282.6028,13.5125,1.6827
600837.SH,2016-04-30,1582.4402,1216.2473,12.8134,1.5956
600837.SH,2016-03-31,1533.0852,1156.3655,10.377,1.5262
600837.SH,2016-02-29,1328.3512,1003.4243,9.0078,1.3248
600837.SH,2016-01-31,1314.2657,979.9571,8.7971,1.2938
600839.SH,2020-12-31,133.8711,133.8338,-123.1027,1.0429
600839.SH,2020-11-30,134.3327,134.2953,-123.5272,1.0465
600839.SH,2020-10-31,126.0235,125.971,-115.8864,0.9818
600839.SH,2020-09-30,132.4862,132.431,-52.8417,1.0422
600839.SH,2020-08-31,145.8733,145.8126,-58.1811,1.1475
600839.SH,2020-07-31,138.949,138.8911,-40.9612,1.0969
600839.SH,2020-06-30,132.4862,132.431,-39.056,1.0459
600839.SH,2020-05-31,120.9456,120.8952,-35.6539,0.9548
600839.SH,2020-04-30,120.484,120.4338,-35.5178,0.9511
600839.SH,2020-03-31,125.1002,125.0481,79.8706,0.9668
600839.SH,2020-02-29,145.4117,145.3511,92.8385,1.1237
600839.SH,2020-01-31,121.8688,121.8181,77.8075,0.9418
600839.SH,2019-12-31,134.3327,134.2768,85.7651,1.0381
600839.SH,2019-11-30,123.7153,123.6638,78.9864,0.9561
600839.SH,2019-10-31,120.9456,120.8952,77.218,0.9347
600839.SH,2019-09-30,123.7153,123.6638,60.1992,0.9498
600839.SH,2019-08-31,125.1002,125.0481,60.8731,0.9604
600839.SH,2019-07-31,136.6408,136.5839,44.0631,1.0403
600839.SH,2019-06-30,136.1792,136.1225,43.9143,1.0368
600839.SH,2019-05-31,142.1803,142.1201,45.8495,1.0825
600839.SH,2019-04-30,149.5663,149.503,48.2313,1.1387
600839.SH,2019-03-31,164.3383,164.2687,41.6716,1.2688
600839.SH,2019-02-28,132.0246,131.9687,33.4777,1.0193
600839.SH,2019-01-31,108.4817,108.4358,27.5079,0.8375
600839.SH,2018-12-31,106.6352,106.5901,27.0397,0.8233
600839.SH,2018-11-30,113.5596,113.5115,28.7955,0.8767
600839.SH,2018-10-31,110.3282,110.2815,27.9761,0.8518
600839.SH,2018-09-30,124.177,124.1244,33.4976,0.9553
600839.SH,2018-08-31,125.5618,125.5087,33.8712,0.966
600839.SH,2018-07-31,135.7176,135.6601,35.2939,1.0448
600839.SH,2018-06-30,132.0246,131.9687,34.3335,1.0164
600839.SH,2018-05-31,137.5641,137.5059,35.7741,1.059
600839.SH,2018-04-30,139.8722,139.813,36.3743,1.0768
600839.SH,2018-03-31,144.4884,144.4273,72.1988,1.1409
600839.SH,2018-02-28,142.1803,142.1201,71.0455,1.1227
600839.SH,2018-01-31,153.7209,153.6559,76.8121,1.2138
600839.SH,2017-12-31,160.6453,160.5773,80.2722,1.2685
600839.SH,2017-11-30,170.801,170.7288,85.3468,1.3487
600839.SH,2017-10-31,171.7243,171.5156,85.8082,1.356
600839.SH,2017-09-30,162.0302,161.8333,65.4948,1.2812
600839.SH,2017-08-31,168.0313,167.8271,67.9205,1.3287
600839.SH,2017-07-31,170.3394,170.1324,45.8485,1.3606
600839.SH,2017-06-30,167.108,166.905,44.9788,1.3154
600839.SH,2017-05-31,156.0291,155.8394,41.9967,1.2282
600839.SH,2017-04-30,174.494,174.282,46.9668,1.3735
600839.SH,2017-03-31,195.2671,195.0298,-20.363,1.5484
600839.SH,2017-02-28,204.038,203.7619,-21.2776,1.6179
600839.SH,2017-01-31,200.8066,200.5349,-20.9407,1.5923
600839.SH,2016-12-31,192.959,192.6979,-20.1223,1.5301
600839.SH,2016-11-30,215.5786,215.2869,-22.4811,1.7094
600839.SH,2016-10-31,198.0369,197.7689,-20.6518,1.5703
600839.SH,2016-09-30,196.652,196.3859,-14.8634,1.5662
600839.SH,2016-08-31,210.9624,210.6769,-15.945,1.6802
600839.SH,2016-07-31,206.8077,206.5279,-15.631,1.6471
600839.SH,2016-06-30,204.038,203.7619,-11.4825,1.6549
600839.SH,2016-05-31,229.4273,229.1169,-12.9113,1.8608
600839.SH,2016-04-30,169.4162,169.1869,-9.5341,1.3741
600839.SH,2016-03-31,183.7265,183.4779,-150.6763,1.3532
600839.SH,2016-02-29,161.5685,161.3499,-132.5042,1.19
600839.SH,2016-01-31,166.1848,165.9599,-136.2901,1.224
600863.SH,2020-12-31,149.2794,149.2794,13.7575,1.2628
600863.SH,2020-11-30,151.0217,151.0217,13.9181,1.2775
600863.SH,2020-10-31,149.2792,149.2792,13.7575,1.2628
600863.SH,2020-09-30,148.6983,148.6983,14.1855,1.299
600863.SH,2020-08-31,152.1833,152.1833,14.518,1.3295
600863.SH,2020-07-31,146.9556,146.9556,13.9231,1.3296
600863.SH,2020-06-30,142.8893,142.8893,13.5379,1.2126
600863.SH,2020-05-31,148.1168,148.1168,14.0331,1.2569
600863.SH,2020-04-30,146.9551,146.9551,13.9231,1.2471
600863.SH,2020-03-31,149.8593,149.8593,11.9372,1.2922
600863.SH,2020-02-29,163.7995,163.7995,13.0476,1.4124
600863.SH,2020-01-31,147.5357,147.5357,11.7521,1.2721
600863.SH,2019-12-31,159.7336,159.7336,12.7237,1.3773
600863.SH,2019-11-30,150.4395,150.4395,11.9834,1.2972
600863.SH,2019-10-31,160.3139,160.3139,12.77,1.3823
600863.SH,2019-09-30,173.0925,173.0925,14.0771,1.537
600863.SH,2019-08-31,181.2238,181.2238,14.7384,1.6092
600863.SH,2019-07-31,182.9658,182.9658,19.1696,1.6028
600863.SH,2019-06-30,182.3671,182.3671,19.1069,1.5975
600863.SH,2019-05-31,169.5898,169.5898,17.7682,1.4856
600863.SH,2019-04-30,184.6902,184.6902,19.3503,1.6179
600863.SH,2019-03-31,170.1698,170.1698,30.0217,1.6065
600863.SH,2019-02-28,171.9122,171.9122,30.3291,1.6229
600863.SH,2019-01-31,135.3227,135.3227,23.8739,1.2775
600863.SH,2018-12-31,134.1606,134.1606,23.6689,1.2666
600863.SH,2018-11-30,127.772,127.772,22.5418,1.1686
600863.SH,2018-10-31,121.9642,121.9642,21.5172,1.1155
600863.SH,2018-09-30,131.2563,131.2563,23.7233,1.2677
600863.SH,2018-08-31,130.0948,130.0948,23.5133,1.2565
600863.SH,2018-07-31,138.8065,138.8065,20.2703,1.3348
600863.SH,2018-06-30,131.8358,131.8358,19.2523,1.2469
600863.SH,2018-05-31,149.259,149.259,21.7967,1.4588
600863.SH,2018-04-30,150.4206,150.4206,21.9663,1.4701
600863.SH,2018-03-31,157.3899,157.3899,57.7301,1.474
600863.SH,2018-02-28,159.713,159.713,58.5823,1.4958
600863.SH,2018-01-31,169.0054,169.0054,61.9907,1.5828
600863.SH,2017-12-31,172.49,172.49,63.2688,1.6155
600863.SH,2017-11-30,173.0708,173.0708,63.4819,1.6209
600863.SH,2017-10-31,176.5554,176.5554,64.76,1.6535
600863.SH,2017-09-30,179.4593,179.4593,84.1515,1.7194
600863.SH,2017-08-31,187.5902,187.5902,87.9642,1.7973
600863.SH,2017-07-31,189.9133,189.9133,116.4198,1.9
600863.SH,2017-06-30,174.8131,174.8131,107.1632,1.7258
600863.SH,2017-05-31,175.3939,175.3939,107.5192,1.7316
600863.SH,2017-04-30,192.8171,192.8171,118.1999,1.9036
600863.SH,2017-03-31,194.5595,194.5595,61.7661,1.8499
600863.SH,2017-02-28,189.9133,189.9133,60.291,1.8057
600863.SH,2017-01-31,180.6209,180.6209,57.341,1.7173
600863.SH,2016-12-31,178.8785,178.8785,56.7879,1.7008
600863.SH,2016-11-30,190.494,190.494,60.4754,1.8112
600863.SH,2016-10-31,183.5247,183.5247,58.2629,1.745
600863.SH,2016-09-30,178.2978,178.2978,29.7586,1.7264
600863.SH,2016-08-31,184.1055,184.1055,30.7279,1.7826
600863.SH,2016-07-31,177.717,177.717,25.7179,1.7881
600863.SH,2016-06-30,175.3939,175.3939,25.3817,1.7049
600863.SH,2016-05-31,179.4593,179.4593,25.97,1.7444
600863.SH,2016-04-30,187.0094,187.0094,27.0626,1.8178
600863.SH,2016-03-31,200.948,200.948,20.3802,1.9021
600863.SH,2016-02-29,182.3632,182.3632,18.4953,1.7262
600863.SH,2016-01-31,184.1055,184.1055,18.672,1.7427
600875.SH,2020-12-31,293.3676,199.091,19.6284,1.0287
600875.SH,2020-11-30,311.889,212.0708,20.9081,1.0958
600875.SH,2020-10-31,310.4741,211.6714,20.8622,1.0936
600875.SH,2020-09-30,299.5341,202.8851,21.0916,1.0632
600875.SH,2020-08-31,291.3997,199.8897,20.7802,1.0475
600875.SH,2020-07-31,301.4268,206.8789,24.4823,1.082
600875.SH,2020-06-30,258.5012,176.7257,20.9139,0.9243
600875.SH,2020-05-31,255.2133,174.9285,20.7013,0.9149
600875.SH,2020-04-30,252.0944,171.9331,20.3468,0.8992
600875.SH,2020-03-31,246.4283,168.5384,20.602,0.8887
600875.SH,2020-02-29,270.2989,184.7133,22.8267,0.9789
600875.SH,2020-01-31,259.0162,177.3248,21.9137,0.9397
600875.SH,2019-12-31,267.1134,183.5151,22.4752,0.9692
600875.SH,2019-11-30,257.3702,177.5244,21.7415,0.9376
600875.SH,2019-10-31,256.6964,176.526,21.6192,0.9323
600875.SH,2019-09-30,266.7204,183.9145,21.1767,0.9936
600875.SH,2019-08-31,271.5991,187.5089,21.5906,1.0148
600875.SH,2019-07-31,293.6013,202.8851,24.7461,1.0851
600875.SH,2019-06-30,307.3886,212.0708,25.8665,1.1342
600875.SH,2019-05-31,298.6366,205.6807,25.0871,1.1
600875.SH,2019-04-30,346.4669,238.8293,29.1303,1.2773
600875.SH,2019-03-31,310.4383,211.8711,29.0507,1.1473
600875.SH,2019-02-28,288.8482,196.8944,26.6752,1.0996
600875.SH,2019-01-31,271.7218,184.913,25.0519,1.0327
600875.SH,2018-12-31,230.8017,157.5554,21.3455,0.8799
600875.SH,2018-11-30,222.9384,152.1638,20.6151,0.8498
600875.SH,2018-10-31,211.3147,144.1762,19.5329,0.8052
600875.SH,2018-09-30,227.8647,155.3588,29.6763,0.8801
600875.SH,2018-08-31,209.5422,142.7784,27.2733,0.8089
600875.SH,2018-07-31,220.5047,149.5678,31.5515,0.8009
600875.SH,2018-06-30,218.6259,147.9703,31.2145,0.7924
600875.SH,2018-05-31,188.2723,171.7334,27.3908,0.9089
600875.SH,2018-04-30,194.0447,177.1251,28.2508,0.9375
600875.SH,2018-03-31,196.8121,180.1204,31.317,0.966
600875.SH,2018-02-28,207.4579,189.5058,-76.9236,1.0276
600875.SH,2018-01-31,250.586,230.0429,-93.3783,1.2474
600875.SH,2017-12-31,242.4697,224.2519,-91.0276,1.216
600875.SH,2017-11-30,228.3645,209.8742,-85.1915,1.1381
600875.SH,2017-10-31,237.4626,215.4655,-87.4611,1.1684
600875.SH,2017-09-30,230.5497,208.2767,-22.8741,1.1316
600875.SH,2017-08-31,237.761,213.6683,-23.4662,1.1609
600875.SH,2017-07-31,235.3862,211.0724,-15.1009,1.1587
600875.SH,2017-06-30,211.9891,191.3031,-13.6866,1.0502
600875.SH,2017-05-31,207.3128,187.3093,-13.4008,1.0283
600875.SH,2017-04-30,210.3669,189.7055,-13.5723,1.0414
600875.SH,2017-03-31,222.4448,200.2891,-13.1363,1.1085
600875.SH,2017-02-28,239.9207,215.4655,-28.9194,1.1537
600875.SH,2017-01-31,239.0335,215.4655,-28.9194,1.1537
600875.SH,2016-12-31,236.2987,215.4655,-28.9194,1.1537
600875.SH,2016-11-30,224.0341,204.6823,-27.4721,1.0959
600875.SH,2016-10-31,211.9223,194.0987,-26.0516,1.0393
600875.SH,2016-09-30,209.6468,191.7024,-316.2079,0.9934
600875.SH,2016-08-31,216.6622,198.8913,-328.0656,1.0307
600875.SH,2016-07-31,214.9954,197.0941,68.6969,1.0059
600875.SH,2016-06-30,213.7343,196.0956,68.3489,0.9947
600875.SH,2016-05-31,218.0469,201.0879,70.089,1.0201
600875.SH,2016-04-30,223.4058,206.2798,71.8986,1.0464
600875.SH,2016-03-31,242.2121,224.0522,59.7168,1.1374
600875.SH,2016-02-29,216.5198,199.8897,53.7817,1.0235
600875.SH,2016-01-31,228.9703,211.0724,56.7905,1.0807
600887.SH,2020-12-31,2698.8606,2631.2462,36.8322,9.5056
600887.SH,2020-11-30,2298.8458,2241.0366,31.3731,8.0942
600887.SH,2020-10-31,2416.8601,2356.0832,32.9837,8.5098
600887.SH,2020-09-30,2342.0366,2271.4992,33.9994,9.1581
600887.SH,2020-08-31,2551.299,2474.4591,37.0372,9.9764
600887.SH,2020-07-31,2228.364,2161.2527,38.4144,10.0488
600887.SH,2020-06-30,1888.3106,1831.1101,32.5523,8.6083
600887.SH,2020-05-31,1725.7448,1673.4687,29.7499,6.4276
600887.SH,2020-04-30,1773.6653,1719.9376,30.576,6.6061
600887.SH,2020-03-31,1811.2738,1756.4069,25.792,7.4409
600887.SH,2020-02-29,1762.4631,1709.3418,25.0969,7.2404
600887.SH,2020-01-31,1867.9305,1811.6303,26.5988,7.6736
600887.SH,2019-12-31,1886.2196,1827.4995,26.8592,7.7488
600887.SH,2019-11-30,1773.6537,1718.2275,25.2563,7.2833
600887.SH,2019-10-31,1768.1663,1757.0496,25.1781,7.2608
600887.SH,2019-09-30,1738.9001,1727.9674,25.6685,6.8424
600887.SH,2019-08-31,1746.8263,1735.8438,25.7855,6.8736
600887.SH,2019-07-31,1902.303,1890.343,28.7562,7.1555
600887.SH,2019-06-30,2037.0495,2024.2423,30.7931,7.6624
600887.SH,2019-05-31,1829.7472,1818.2434,27.6594,6.8844
600887.SH,2019-04-30,1889.9635,1878.0801,28.5697,7.1834
600887.SH,2019-03-31,1769.3429,1758.1841,27.4753,6.3382
600887.SH,2019-02-28,1643.5257,1633.1603,25.5216,5.8875
600887.SH,2019-01-31,1469.6913,1460.4222,24.0482,5.5632
600887.SH,2018-12-31,1390.6756,1380.4349,22.7553,5.2641
600887.SH,2018-11-30,1448.4178,1437.7519,23.7001,5.4827
600887.SH,2018-10-31,1342.1312,1332.1679,21.961,5.0794
600887.SH,2018-09-30,1560.9569,1549.3692,25.6626,6.3669
600887.SH,2018-08-31,1470.9952,1460.0753,24.1836,6
600887.SH,2018-07-31,1607.1534,1595.2228,25.2401,7.0121
600887.SH,2018-06-30,1695.8994,1683.31,26.6338,7.3993
600887.SH,2018-05-31,1886.1563,1872.1545,29.6218,6.9408
600887.SH,2018-04-30,1597.4279,1585.5694,25.0873,5.8784
600887.SH,2018-03-31,1731.7625,1718.9069,27.8906,7.1626
600887.SH,2018-02-28,1972.4709,1957.8283,31.7673,8.1582
600887.SH,2018-01-31,2072.766,2057.3789,33.3825,8.573
600887.SH,2017-12-31,1956.6668,1942.1415,31.5127,8.0928
600887.SH,2017-11-30,1743.3117,1730.3703,28.0766,7.2104
600887.SH,2017-10-31,1796.3445,1782.8606,28.9307,7.4274
600887.SH,2017-09-30,1671.725,1659.1765,28.7513,7.347
600887.SH,2017-08-31,1417.6228,1406.9817,24.3811,6.2302
600887.SH,2017-07-31,1254.0977,1244.6841,21.4679,5.9276
600887.SH,2017-06-30,1312.4561,1302.6044,22.4669,6.2034
600887.SH,2017-05-31,1179.9339,1171.077,20.1984,5.577
600887.SH,2017-04-30,1110.0254,1101.6932,19.0017,4.4751
600887.SH,2017-03-31,1149.5389,1140.9101,20.3034,5.2616
600887.SH,2017-02-28,1097.8674,1089.6265,20.3897,5.0251
600887.SH,2017-01-31,1116.5297,1110.7433,20.7363,5.162
600887.SH,2016-12-31,1067.4048,1061.873,19.8239,4.9349
600887.SH,2016-11-30,1199.6175,1193.4004,22.2794,5.5461
600887.SH,2016-10-31,1091.0575,1085.4031,20.2632,5.0442
600887.SH,2016-09-30,977.0393,971.9758,18.8577,4.7887
600887.SH,2016-08-31,1021.9188,1016.6227,19.724,5.0087
600887.SH,2016-07-31,1124.4139,1118.5866,23.0282,5.9738
600887.SH,2016-06-30,1011.0022,1005.7626,20.7055,5.3713
600887.SH,2016-05-31,934.5857,929.7422,19.1405,4.9653
600887.SH,2016-04-30,911.5395,906.8154,18.6685,4.2296
600887.SH,2016-03-31,883.6414,879.0619,19.0777,4.4217
600887.SH,2016-02-29,787.8175,783.7347,18.6531,4.303
600887.SH,2016-01-31,809.0443,804.8514,19.1557,4.4189
600873.SH,2020-12-31,144.461,143.8544,15.1615,1.6113
600873.SH,2020-11-30,168.0212,167.3156,17.6342,1.8741
600873.SH,2020-10-31,160.5811,159.9068,16.8533,1.7911
600873.SH,2020-09-30,162.1311,161.4503,16.8827,1.8496
600873.SH,2020-08-31,189.1013,188.3072,19.6911,2.1573
600873.SH,2020-07-31,184.1413,183.368,20.6328,2.1999
600873.SH,2020-06-30,140.741,139.8659,15.7699,1.6814
600873.SH,2020-05-31,135.6575,134.6286,15.2003,1.479
600873.SH,2020-04-30,141.5556,140.482,15.8612,1.5433
600873.SH,2020-03-31,136.8992,135.8609,12.1453,1.5411
600873.SH,2020-02-29,135.6575,134.6286,12.0352,1.5271
600873.SH,2020-01-31,133.174,132.164,11.8148,1.4992
600873.SH,2019-12-31,138.1409,137.0932,12.2555,1.5551
600873.SH,2019-11-30,128.5176,127.5429,11.4017,1.4468
600873.SH,2019-10-31,129.7593,128.7752,11.5119,1.4607
600873.SH,2019-09-30,134.1053,133.0882,11.2132,1.7359
600873.SH,2019-08-31,137.52,136.4771,11.4988,1.7801
600873.SH,2019-07-31,149.1924,147.8758,12.4748,1.7037
600873.SH,2019-06-30,148.8816,147.2298,13.592,1.5774
600873.SH,2019-05-31,146.395,144.7709,13.365,1.5511
600873.SH,2019-04-30,160.3818,158.6025,14.6419,1.6993
600873.SH,2019-03-31,161.6251,159.832,16.1376,1.7741
600873.SH,2019-02-28,152.9222,151.2256,12.6635,1.732
600873.SH,2019-01-31,135.5164,134.013,11.2221,1.5349
600873.SH,2018-12-31,131.165,129.7098,10.8618,1.4856
600873.SH,2018-11-30,127.746,126.3287,10.5787,1.4469
600873.SH,2018-10-31,123.0837,121.7182,10.1926,1.3941
600873.SH,2018-09-30,125.8811,124.4845,12.3075,1.4724
600873.SH,2018-08-31,125.2595,123.8698,12.2467,1.4652
600873.SH,2018-07-31,127.746,126.3287,11.8273,1.3658
600873.SH,2018-06-30,129.9239,129.9239,12.0289,1.3891
600873.SH,2018-05-31,150.1273,150.1273,13.8994,1.6051
600873.SH,2018-04-30,147.6408,147.6408,13.6692,1.5785
600873.SH,2018-03-31,160.6953,160.6953,13.6924,1.7649
600873.SH,2018-02-28,157.2763,157.2763,14.6646,1.7818
600873.SH,2018-01-31,170.3308,170.3308,15.8818,1.9297
600873.SH,2017-12-31,160.3845,160.3845,14.9544,1.817
600873.SH,2017-11-30,173.439,173.439,16.1716,1.9649
600873.SH,2017-10-31,180.8988,180.8988,16.8672,2.0494
600873.SH,2017-09-30,198.9265,198.9265,15.8125,2.2729
600873.SH,2017-08-31,193.0209,193.0209,15.343,2.2055
600873.SH,2017-07-31,192.71,192.71,16.5932,2.3699
600873.SH,2017-06-30,176.2364,176.2364,15.1748,2.1673
600873.SH,2017-05-31,173.1282,173.1282,14.9071,2.1291
600873.SH,2017-04-30,207.6295,207.6295,17.8778,2.5534
600873.SH,2017-03-31,227.5222,227.5222,21.8416,2.5102
600873.SH,2017-02-28,215.7109,215.7109,20.7078,2.3799
600873.SH,2017-01-31,211.6702,211.6702,29.9623,2.4367
600873.SH,2016-12-31,202.6564,202.6564,28.6864,2.3329
600873.SH,2016-11-30,215.4001,215.4001,30.4902,2.4796
600873.SH,2016-10-31,195.1966,195.1966,27.6304,2.247
600873.SH,2016-09-30,187.1152,187.1152,38.0683,2.2206
600873.SH,2016-08-31,196.1291,196.1291,39.9021,2.3275
600873.SH,2016-07-31,197.0616,197.0616,42.297,2.3903
600873.SH,2016-06-30,193.0209,193.0209,41.4297,2.3413
600873.SH,2016-05-31,213.846,213.846,45.8996,2.4997
600873.SH,2016-04-30,284.0919,284.0919,60.977,3.3208
600873.SH,2016-03-31,284.0919,284.0919,66.7734,3.4092
600873.SH,2016-02-29,284.0919,284.0919,46.3796,3.429
600873.SH,2016-01-31,284.0919,284.0919,46.3796,3.429
600867.SH,2020-12-31,272.1477,271.2124,30.9691,5.149
600867.SH,2020-11-30,274.7918,274.7918,31.27,5.199
600867.SH,2020-10-31,291.2672,291.2672,33.1448,5.5107
600867.SH,2020-09-30,276.8258,276.8258,33.7419,5.4588
600867.SH,2020-08-31,289.4366,289.4366,35.279,5.7075
600867.SH,2020-07-31,278.8598,278.8598,34.214,5.8008
600867.SH,2020-06-30,354.5242,354.5242,43.4974,7.3748
600867.SH,2020-05-31,322.1838,322.1838,39.5295,6.702
600867.SH,2020-04-30,257.9097,257.9097,31.6436,4.9495
600867.SH,2020-03-31,215.8062,215.8062,25.7181,4.3113
600867.SH,2020-02-29,231.8747,231.8747,27.633,4.6323
600867.SH,2020-01-31,247.333,247.333,29.4752,4.9411
600867.SH,2019-12-31,257.2995,257.2995,30.6629,5.1402
600867.SH,2019-11-30,269.9103,269.9103,32.1658,5.3921
600867.SH,2019-10-31,325.2348,325.2348,38.7589,6.4974
600867.SH,2019-09-30,355.948,355.948,42.6773,7.3397
600867.SH,2019-08-31,354.3208,354.3208,42.4822,7.3061
600867.SH,2019-07-31,319.5396,306.9328,38.1116,6.9599
600867.SH,2019-06-30,313.2342,300.8762,37.3595,6.8226
600867.SH,2019-05-31,303.4711,291.4983,36.1951,6.61
600867.SH,2019-04-30,321.3702,308.6912,38.3299,6.4301
600867.SH,2019-03-31,353.1004,339.1696,40.3279,7.7208
600867.SH,2019-02-28,296.7589,285.0509,33.8931,6.4889
600867.SH,2019-01-31,227.8067,218.8191,26.018,4.9812
600867.SH,2018-12-31,282.7244,271.5701,32.2902,6.182
600867.SH,2018-11-30,304.953,293.0364,34.829,6.2578
600867.SH,2018-10-31,274.7658,264.0287,31.3813,5.6383
600867.SH,2018-09-30,372.515,357.9582,38.6881,7.8884
600867.SH,2018-08-31,355.8812,341.9744,36.9605,7.5362
600867.SH,2018-07-31,447.4698,429.984,49.7155,10.0343
600867.SH,2018-06-30,492.2373,473.0021,54.6893,11.0382
600867.SH,2018-05-31,539.8798,518.7829,59.9826,12.1066
600867.SH,2018-04-30,492.8534,473.5941,54.7578,10.2642
600867.SH,2018-03-31,457.6007,439.719,57.9944,10.5199
600867.SH,2018-02-28,400.1011,384.4664,50.7072,9.198
600867.SH,2018-01-31,390.3467,375.0931,49.4709,8.9738
600867.SH,2017-12-31,391.7158,376.4087,49.6444,9.0052
600867.SH,2017-11-30,386.4107,371.311,48.9721,8.8833
600867.SH,2017-10-31,369.9823,355.5245,46.89,8.5056
600867.SH,2017-09-30,330.2802,317.3739,44.8665,8.0566
600867.SH,2017-08-31,316.2476,303.8896,42.9602,7.7793
600867.SH,2017-07-31,292.4633,280.4041,42.4072,7.581
600867.SH,2017-06-30,311.2328,298.3997,45.1288,8.0675
600867.SH,2017-05-31,291.3542,279.3407,42.2464,7.0337
600867.SH,2017-04-30,307.2798,294.6097,44.5556,7.4182
600867.SH,2017-03-31,288.6525,276.7504,47.7633,7.657
600867.SH,2017-02-28,304.7203,292.1557,50.4221,8.0832
600867.SH,2017-01-31,296.8997,284.6576,49.128,7.8758
600867.SH,2016-12-31,311.83,298.9722,51.5985,8.2718
600867.SH,2016-11-30,325.765,312.3326,53.9043,8.6415
600867.SH,2016-10-31,335.7185,321.8757,55.5513,8.9055
600867.SH,2016-09-30,322.3342,309.0132,59.0757,9.0621
600867.SH,2016-08-31,325.0297,311.0984,59.5697,9.1379
600867.SH,2016-07-31,302.1765,301.0498,56.7415,12.6238
600867.SH,2016-06-30,282.0041,280.9527,52.9536,11.781
600867.SH,2016-05-31,283.0491,281.9937,53.1498,10.7998
600867.SH,2016-04-30,286.6838,285.6149,53.8324,10.9385
600867.SH,2016-03-31,274.4168,273.3936,61.0437,11.7776
600867.SH,2016-02-29,262.4906,261.5119,58.3907,11.2657
600867.SH,2016-01-31,261.3547,260.3803,58.1381,11.217
600886.SH,2020-12-31,601.8515,601.8515,10.683,1.4154
600886.SH,2020-11-30,659.6682,659.6682,11.7093,1.5513
600886.SH,2020-10-31,642.136,642.136,11.3981,1.5587
600886.SH,2020-09-30,612.0993,612.0993,11.0185,1.6252
600886.SH,2020-08-31,614.8137,614.8137,11.0673,1.6324
600886.SH,2020-07-31,584.9552,584.9552,11.2855,1.546
600886.SH,2020-06-30,533.3814,533.3814,10.2905,1.4097
600886.SH,2020-05-31,512.3448,512.3448,9.8847,1.3541
600886.SH,2020-04-30,521.8452,521.8452,10.0679,1.3792
600886.SH,2020-03-31,538.8103,538.8103,10.5619,1.4934
600886.SH,2020-02-29,513.0234,513.0234,10.0565,1.422
600886.SH,2020-01-31,553.7395,553.7395,10.8546,1.5348
600886.SH,2019-12-31,622.9569,622.9569,12.2114,1.7267
600886.SH,2019-11-30,567.9902,567.9902,11.1339,1.5743
600886.SH,2019-10-31,565.9543,565.9543,11.094,1.5687
600886.SH,2019-09-30,611.4207,611.4207,12.0605,1.8767
600886.SH,2019-08-31,657.5657,657.5657,12.9707,2.0183
600886.SH,2019-07-31,578.1692,578.1692,13.0665,1.5491
600886.SH,2019-06-30,527.274,527.274,11.9163,1.5129
600886.SH,2019-05-31,534.06,534.06,12.0697,1.5324
600886.SH,2019-04-30,548.9893,548.9893,12.407,1.5753
600886.SH,2019-03-31,563.2399,563.2399,12.9062,1.6717
600886.SH,2019-02-28,548.3107,548.3107,14.1506,1.6611
600886.SH,2019-01-31,551.7037,551.7037,14.2382,1.6714
600886.SH,2018-12-31,546.2749,546.2749,14.0981,1.6549
600886.SH,2018-11-30,495.3797,495.3797,12.7846,1.5007
600886.SH,2018-10-31,482.4863,482.4863,12.4518,1.4617
600886.SH,2018-09-30,521.1666,521.1666,14.8363,1.6805
600886.SH,2018-08-31,500.1299,500.1299,14.2375,1.6127
600886.SH,2018-07-31,529.9884,529.9884,16.1016,1.6527
600886.SH,2018-06-30,493.3439,493.3439,14.9883,1.5385
600886.SH,2018-05-31,511.6662,511.6662,15.5449,1.5956
600886.SH,2018-04-30,462.1282,462.1282,14.0399,1.4639
600886.SH,2018-03-31,482.4863,482.4863,14.927,1.5791
600886.SH,2018-02-28,466.8784,466.8784,13.4935,1.5433
600886.SH,2018-01-31,487.9151,487.9151,14.1014,1.6129
600886.SH,2017-12-31,498.0941,498.0941,14.3956,1.6465
600886.SH,2017-11-30,510.309,510.309,14.7487,1.6869
600886.SH,2017-10-31,508.9518,508.9518,14.7094,1.6824
600886.SH,2017-09-30,498.0941,498.0941,13.3891,1.7424
600886.SH,2017-08-31,504.8801,504.8801,13.5715,1.7662
600886.SH,2017-07-31,559.1683,559.1683,15.5097,1.8889
600886.SH,2017-06-30,536.0958,536.0958,14.8697,1.8109
600886.SH,2017-05-31,529.3098,529.3098,14.6815,1.788
600886.SH,2017-04-30,508.2731,508.2731,14.098,1.7169
600886.SH,2017-03-31,510.9876,510.9876,11.8816,1.8196
600886.SH,2017-02-28,477.0574,477.0574,11.0927,1.6988
600886.SH,2017-01-31,466.8784,466.8784,10.856,1.6626
600886.SH,2016-12-31,452.6278,452.6278,10.5246,1.6118
600886.SH,2016-11-30,473.6644,473.6644,11.0138,1.6867
600886.SH,2016-10-31,445.1631,445.1631,10.3511,1.5852
600886.SH,2016-09-30,443.8059,443.8059,9.9423,1.6978
600886.SH,2016-08-31,470.95,470.95,10.5504,1.8169
600886.SH,2016-07-31,479.7719,479.7719,8.8152,1.851
600886.SH,2016-06-30,447.8775,447.8775,8.2292,1.6099
600886.SH,2016-05-31,450.592,450.592,8.279,1.6197
600886.SH,2016-04-30,443.8059,443.8059,8.1543,1.5953
600886.SH,2016-03-31,468.2356,468.2356,8.527,1.8237
600886.SH,2016-02-29,416.6618,416.6618,7.5878,1.6228
600886.SH,2016-01-31,420.0548,420.0548,7.6496,1.636
600893.SH,2020-12-31,1582.0302,1251.1807,121.914,4.4414
600893.SH,2020-11-30,1208.0473,955.4087,93.0942,3.3915
600893.SH,2020-10-31,974.0081,770.3141,75.0588,2.7344
600893.SH,2020-09-30,1099.5576,869.6075,94.5428,2.9515
600893.SH,2020-08-31,1004.3306,869.4651,86.3549,3.4894
600893.SH,2020-07-31,829.5176,718.1268,71.5268,2.9156
600893.SH,2020-06-30,528.2635,457.3262,45.5505,1.8358
600893.SH,2020-05-31,541.0876,468.4282,46.6563,1.8804
600893.SH,2020-04-30,556.8365,482.0623,48.0143,1.9351
600893.SH,2020-03-31,476.967,412.918,57.6967,1.6771
600893.SH,2020-02-29,519.7141,449.9248,62.8677,1.8274
600893.SH,2020-01-31,485.7414,420.5142,58.7581,1.7079
600893.SH,2019-12-31,487.7663,422.2671,59.0031,1.715
600893.SH,2019-11-30,456.2685,394.9989,55.1929,1.6043
600893.SH,2019-10-31,475.6171,411.7494,57.5334,1.6723
600893.SH,2019-09-30,492.041,425.9678,47.9168,1.8558
600893.SH,2019-08-31,530.0634,458.8844,51.6195,1.9992
600893.SH,2019-07-31,528.7134,457.7157,46.9752,2.0206
600893.SH,2019-06-30,510.9397,442.3287,45.396,1.9527
600893.SH,2019-05-31,525.5637,454.9889,46.6953,2.0085
600893.SH,2019-04-30,546.9372,473.4923,48.5943,2.065
600893.SH,2019-03-31,593.9589,514.1998,55.828,2.2474
600893.SH,2019-02-28,567.8607,491.6062,45.5907,2.1741
600893.SH,2019-01-31,494.9658,428.4998,39.7384,1.895
600893.SH,2018-12-31,488.6662,423.0462,39.2326,1.8709
600893.SH,2018-11-30,528.2635,457.3262,42.4117,2.0225
600893.SH,2018-10-31,512.7396,443.8869,41.1653,1.963
600893.SH,2018-09-30,541.3126,468.623,46.6407,2.0958
600893.SH,2018-08-31,530.7383,459.4687,45.7296,2.0548
600893.SH,2018-07-31,536.1379,464.1432,54.0194,2.1064
600893.SH,2018-06-30,502.1653,434.7326,50.5964,1.973
600893.SH,2018-05-31,541.3126,468.623,54.5407,2.1028
600893.SH,2018-04-30,603.4083,522.3803,60.7973,2.344
600893.SH,2018-03-31,635.806,550.4275,66.2302,2.4651
600893.SH,2018-02-28,582.9347,504.6559,61.0171,2.3022
600893.SH,2018-01-31,560.4363,485.1787,58.6622,2.2134
600893.SH,2017-12-31,605.4331,524.1332,63.3721,2.3911
600893.SH,2017-11-30,616.6824,533.8718,64.5496,2.4355
600893.SH,2017-10-31,684.1777,592.3036,71.6145,2.7021
600893.SH,2017-09-30,703.5264,609.0541,72.9749,2.8014
600893.SH,2017-08-31,572.3387,572.0473,59.3672,3.6901
600893.SH,2017-07-31,564.7387,564.4512,62.605,3.6808
600893.SH,2017-06-30,532.0002,373.3277,58.9757,3.4674
600893.SH,2017-05-31,478.6053,335.8582,53.0566,3.1194
600893.SH,2017-04-30,669.3849,469.7366,74.2057,4.3628
600893.SH,2017-03-31,656.1336,460.4375,73.6653,4.2028
600893.SH,2017-02-28,653.0157,458.2495,79.8438,4.3372
600893.SH,2017-01-31,676.4003,474.6596,82.7031,4.4925
600893.SH,2016-12-31,638.0105,447.7198,78.0092,4.2376
600893.SH,2016-11-30,682.8311,479.1723,83.4894,4.5352
600893.SH,2016-10-31,682.0516,478.6253,83.3941,4.5301
600893.SH,2016-09-30,668.6054,469.1896,89.9385,4.5124
600893.SH,2016-08-31,737.2003,517.3256,99.1657,4.9754
600893.SH,2016-07-31,684.39,480.2663,70.3357,4.6806
600893.SH,2016-06-30,675.231,473.8391,69.3944,4.5215
600893.SH,2016-05-31,657.8875,461.6683,67.612,4.4054
600893.SH,2016-04-30,709.7234,498.0438,72.9392,4.7525
600893.SH,2016-03-31,769.549,540.0261,77.9753,5.3354
600893.SH,2016-02-29,682.8311,478.3464,69.1886,4.7342
600893.SH,2016-01-31,695.8875,487.4928,70.5115,4.8247
600895.SH,2020-12-31,263.8967,263.8967,23.5926,2.6171
600895.SH,2020-11-30,288.6757,288.6757,25.8079,2.8628
600895.SH,2020-10-31,292.8572,292.8572,26.1817,2.9043
600895.SH,2020-09-30,293.7864,293.7864,24.0298,2.9145
600895.SH,2020-08-31,342.1055,342.1055,27.982,3.3938
600895.SH,2020-07-31,311.7512,311.7512,43.8289,3.2988
600895.SH,2020-06-30,315.4681,315.4681,44.3514,3.2738
600895.SH,2020-05-31,241.7504,241.7504,33.9875,2.5088
600895.SH,2020-04-30,206.2854,206.2854,29.0015,2.1407
600895.SH,2020-03-31,187.856,187.856,32.2322,2.0187
600895.SH,2020-02-29,199.6261,199.6261,35.7792,2.1715
600895.SH,2020-01-31,224.56,224.56,40.2481,2.4428
600895.SH,2019-12-31,237.1044,237.1044,42.4964,2.5792
600895.SH,2019-11-30,220.2237,220.2237,39.4709,2.3956
600895.SH,2019-10-31,250.578,250.578,44.9113,2.7258
600895.SH,2019-09-30,240.0469,240.0469,52.076,2.6768
600895.SH,2019-08-31,244.6929,244.6929,53.0839,2.7741
600895.SH,2019-07-31,267.4587,267.4587,58.6116,3.0321
600895.SH,2019-06-30,317.7911,317.7911,69.6416,3.5345
600895.SH,2019-05-31,309.583,309.583,67.8428,3.4432
600895.SH,2019-04-30,313.4548,313.4548,68.6913,3.4863
600895.SH,2019-03-31,351.7074,351.7074,64.6175,4.0131
600895.SH,2019-02-28,292.3926,292.3926,55.0955,3.286
600895.SH,2019-01-31,213.7192,213.7192,40.2711,2.4018
600895.SH,2018-12-31,231.5291,231.5291,43.627,2.602
600895.SH,2018-11-30,229.6707,229.6707,43.2768,2.5811
600895.SH,2018-10-31,137.059,137.059,25.826,1.5403
600895.SH,2018-09-30,154.869,154.869,30.0027,1.7792
600895.SH,2018-08-31,154.5592,154.5592,29.9427,1.7756
600895.SH,2018-07-31,170.9753,170.9753,35.8608,2.0122
600895.SH,2018-06-30,178.0993,178.0993,37.355,2.0585
600895.SH,2018-05-31,199.4712,199.4712,41.8376,2.3055
600895.SH,2018-04-30,201.9491,201.9491,42.3574,2.3342
600895.SH,2018-03-31,208.6085,208.6085,44.618,2.4787
600895.SH,2018-02-28,187.5463,187.5463,25.5762,2.237
600895.SH,2018-01-31,220.0688,220.0688,30.0114,2.6249
600895.SH,2017-12-31,221.4626,221.4626,30.2014,2.6415
600895.SH,2017-11-30,244.8478,244.8478,33.3905,2.9205
600895.SH,2017-10-31,269.3171,269.3171,36.7275,3.2123
600895.SH,2017-09-30,259.7152,259.7152,34.794,3.13
600895.SH,2017-08-31,267.4587,267.4587,35.8314,3.2233
600895.SH,2017-07-31,261.7285,261.7285,35.4401,3.1821
600895.SH,2017-06-30,261.4188,261.4188,35.3982,3.1783
600895.SH,2017-05-31,250.2682,250.2682,33.8883,2.9592
600895.SH,2017-04-30,251.3523,251.3523,34.0351,2.972
600895.SH,2017-03-31,267.1489,267.1489,36.3465,3.234
600895.SH,2017-02-28,281.5518,281.5518,53.5985,3.6047
600895.SH,2017-01-31,269.6269,269.6269,51.3284,3.4521
600895.SH,2016-12-31,274.4278,274.4278,52.2423,3.5135
600895.SH,2016-11-30,287.127,287.127,54.6599,3.6761
600895.SH,2016-10-31,285.1137,285.1137,54.2766,3.6503
600895.SH,2016-09-30,282.3261,282.3261,57.8583,3.7158
600895.SH,2016-08-31,305.7113,305.7113,62.6508,4.0236
600895.SH,2016-07-31,279.6933,279.6933,56.1598,3.7343
600895.SH,2016-06-30,280.0031,280.0031,56.222,3.7384
600895.SH,2016-05-31,294.0961,294.0961,59.0518,3.8315
600895.SH,2016-04-30,313.9194,313.9194,63.0321,4.0898
600895.SH,2016-03-31,338.3887,338.3887,70.2622,4.4915
600895.SH,2016-02-29,282.6358,282.6358,44.4919,3.889
600895.SH,2016-01-31,279.8482,279.8482,44.053,3.8507
600900.SH,2020-12-31,4357.3402,4357.3402,18.1846,2.6186
600900.SH,2020-11-30,4573.3879,4573.3879,19.0863,2.7485
600900.SH,2020-10-31,4311.8565,4311.8565,17.9948,2.5913
600900.SH,2020-09-30,4340.7883,4340.7883,20.7956,3.0615
600900.SH,2020-08-31,4246,4246,20.3415,2.9947
600900.SH,2020-07-31,4041.4,4041.4,19.3202,2.9559
600900.SH,2020-06-30,4166.8,4166.8,19.9197,2.747
600900.SH,2020-05-31,3825.8,3825.8,18.2895,2.5222
600900.SH,2020-04-30,3839,3839,18.3526,2.5309
600900.SH,2020-03-31,3803.8,3803.8,17.6429,2.5449
600900.SH,2020-02-29,3746.6,3746.6,17.3776,2.5066
600900.SH,2020-01-31,3773,3773,17.5,2.5243
600900.SH,2019-12-31,4043.6,4043.6,17.9546,2.7853
600900.SH,2019-11-30,3988.6,3988.6,17.7104,2.7474
600900.SH,2019-10-31,3929.2,3929.2,17.4467,2.7065
600900.SH,2019-09-30,4010.6,4010.6,17.6983,2.9436
600900.SH,2019-08-31,4096.4,4096.4,18.0769,3.143
600900.SH,2019-07-31,4118.4,4118.4,18.1469,3.1599
600900.SH,2019-06-30,3938,3938,17.352,2.7103
600900.SH,2019-05-31,3896.2,3896.2,17.1678,2.6816
600900.SH,2019-04-30,3711.4,3711.4,16.3536,2.5544
600900.SH,2019-03-31,3711.4,1941.0523,16.4004,2.6095
600900.SH,2019-02-28,3586,1875.4685,15.8462,2.5214
600900.SH,2019-01-31,3614.6,1890.4262,15.9726,2.5415
600900.SH,2018-12-31,3493.6,1827.1435,15.5772,2.5413
600900.SH,2018-11-30,3157,1651.1026,14.0764,2.2964
600900.SH,2018-10-31,3434.2,1796.0775,15.3123,2.4981
600900.SH,2018-09-30,3603.6,1884.6732,15.8899,2.8137
600900.SH,2018-08-31,3480.4,1820.2399,15.3467,2.7175
600900.SH,2018-07-31,3704.8,1937.6005,16.5503,3.016
600900.SH,2018-06-30,3550.8,1857.059,15.8623,2.8906
600900.SH,2018-05-31,3764.2,1968.6666,16.8156,2.7317
600900.SH,2018-04-30,3544.2,1853.6072,15.8328,2.572
600900.SH,2018-03-31,3524.4,1843.2518,15.8657,2.6087
600900.SH,2018-02-28,3623.4,1895.0286,16.3113,2.682
600900.SH,2018-01-31,3498,1829.4447,15.7468,2.5892
600900.SH,2017-12-31,3429.8,1793.7763,15.4508,2.6311
600900.SH,2017-11-30,3621.2,1893.878,16.313,2.778
600900.SH,2017-10-31,3500.2,1830.5953,15.7679,2.6851
600900.SH,2017-09-30,3315.4,1733.9454,15.6348,2.745
600900.SH,2017-08-31,3295.6,1723.59,15.5414,2.7286
600900.SH,2017-07-31,3346.2,1750.0537,15.4913,2.5503
600900.SH,2017-06-30,3383.6,1769.6138,15.6645,2.5788
600900.SH,2017-05-31,3258.2,1443.3739,15.0839,2.4832
600900.SH,2017-04-30,3055.8,1353.7113,14.1469,2.329
600900.SH,2017-03-31,2919.4,1293.2864,13.892,2.2729
600900.SH,2017-02-28,2853.4,1264.0486,13.5779,2.2215
600900.SH,2017-01-31,2866.6,1269.8962,13.6407,2.2318
600900.SH,2016-12-31,2785.2,1233.8362,15.1655,2.2471
600900.SH,2016-11-30,2934.8,1300.1086,15.9801,2.3678
600900.SH,2016-10-31,2959,1310.8291,16.1119,2.3874
600900.SH,2016-09-30,2926,1296.2102,20.8991,2.557
600900.SH,2016-08-31,3033.8,1343.9653,21.6691,2.6512
600900.SH,2016-07-31,2912.8,1290.3627,25.2805,1.8299
600900.SH,2016-06-30,2747.8,1217.2681,23.8485,1.7262
600900.SH,2016-05-31,2741.2,1214.3443,23.7912,1.7221
600900.SH,2016-04-30,2712.6,1201.6746,23.543,1.7041
600900.SH,2016-03-31,2026.2,1196.8016,17.6992,2.2375
600900.SH,2016-02-29,1881,1111.0373,16.4308,2.0772
600900.SH,2016-01-31,1998.15,1180.2335,17.4541,2.2065
600958.SH,2020-12-31,741.1107,667.1638,21.7212,1.4663
600958.SH,2020-11-30,739.963,659.1416,21.6839,1.4638
600958.SH,2020-10-31,686.1471,609.7485,20.059,1.3541
600958.SH,2020-09-30,704.5026,626.2129,28.0358,1.4165
600958.SH,2020-08-31,749.202,670.4963,30.0183,1.5167
600958.SH,2020-07-31,746.9127,664.8189,41.3897,1.5154
600958.SH,2020-06-30,606.382,538.7815,33.543,1.2281
600958.SH,2020-05-31,582.1871,520.614,32.4119,1.1674
600958.SH,2020-04-30,598.2413,533.6719,33.2249,1.1966
600958.SH,2020-03-31,582.3463,517.7753,26.193,1.1819
600958.SH,2020-02-29,636.6793,566.0328,28.8941,1.2926
600958.SH,2020-01-31,653.2692,584.2004,34.7896,1.351
600958.SH,2019-12-31,686.9934,610.884,36.3786,1.4127
600958.SH,2019-11-30,620.6263,551.8394,32.8625,1.2762
600958.SH,2019-10-31,637.238,567.7361,33.8091,1.3129
600958.SH,2019-09-30,651.7627,579.0908,41.3528,1.3698
600958.SH,2019-08-31,638.3934,564.8974,40.3393,1.3362
600958.SH,2019-07-31,665.0932,591.581,41.7407,1.3755
600958.SH,2019-06-30,683.3078,606.3421,36.1819,1.3941
600958.SH,2019-05-31,656.5403,581.9295,34.7251,1.338
600958.SH,2019-04-30,716.4232,634.1612,37.8419,1.4581
600958.SH,2019-03-31,766.72,676.7414,67.7201,1.6112
600958.SH,2019-02-28,793.2887,696.6121,69.2517,1.6566
600958.SH,2019-01-31,526.2846,454.7566,45.2083,1.0814
600958.SH,2018-12-31,519.7225,452.4856,30.4826,1.0836
600958.SH,2018-11-30,599.7179,478.8867,35.3017,1.2549
600958.SH,2018-10-31,597.0734,478.3679,35.2635,1.2536
600958.SH,2018-09-30,578.1849,463.3216,24.8425,1.2542
600958.SH,2018-08-31,571.1069,455.5391,24.4252,1.2331
600958.SH,2018-07-31,595.773,473.6984,20.2995,1.252
600958.SH,2018-06-30,597.6568,473.6984,20.2995,1.2186
600958.SH,2018-05-31,697.7671,558.7877,23.9458,1.4375
600958.SH,2018-04-30,781.7911,628.474,27.0363,1.623
600958.SH,2018-03-31,800.6952,641.395,24.4233,1.638
600958.SH,2018-02-28,863.0002,421.1404,26.411,1.7713
600958.SH,2018-01-31,937.9558,453.6051,28.5562,1.9152
600958.SH,2017-12-31,890.414,433.2851,31.6041,1.8413
600958.SH,2017-11-30,876.7951,487.6802,31.6136,2.326
600958.SH,2017-10-31,859.7859,476.1134,30.8638,2.2708
600958.SH,2017-09-30,904.5496,502.0605,35.832,2.4422
600958.SH,2017-08-31,943.732,525.5066,37.5053,2.5563
600958.SH,2017-07-31,921.9756,512.0642,36.5459,2.4909
600958.SH,2017-06-30,788.2027,434.8481,31.6093,2.11
600958.SH,2017-05-31,786.0914,433.9103,31.5411,2.1055
600958.SH,2017-04-30,823.8731,454.8555,33.0636,2.2071
600958.SH,2017-03-31,830.7698,458.9195,39.4312,2.2539
600958.SH,2017-02-28,864.7474,477.6765,28.8653,2.3445
600958.SH,2017-01-31,856.5319,475.4882,28.7331,2.3337
600958.SH,2016-12-31,876.4966,485.4918,29.3376,2.3828
600958.SH,2016-11-30,957.5073,531.7589,32.1335,2.6099
600958.SH,2016-10-31,899.1963,498.9343,30.1499,2.4488
600958.SH,2016-09-30,890.6472,494.8703,36.0267,2.3792
600958.SH,2016-08-31,938.5036,521.4426,37.9611,2.5069
600958.SH,2016-07-31,923.1947,515.243,37.099,2.5376
600958.SH,2016-06-30,887.861,530.9713,15.2859,2.7775
600958.SH,2016-05-31,935.3967,559.3993,16.1043,2.7662
600958.SH,2016-04-30,954.4109,570.7705,16.4316,2.8225
600958.SH,2016-03-31,1072.722,641.5246,14.6442,3.0686
600958.SH,2016-02-29,912.157,172.7,12.4092,2.6076
600958.SH,2016-01-31,960.2209,181.8,13.0631,2.745
600959.SH,2020-12-31,165.5238,149.8517,70.4971,0.7598
600959.SH,2020-11-30,183.0263,165.697,77.9515,0.8402
600959.SH,2020-10-31,176.0253,159.3589,74.9697,0.808
600959.SH,2020-09-30,183.0263,165.697,88.7788,0.8464
600959.SH,2020-08-31,194.5279,176.1097,94.3577,0.8996
600959.SH,2020-07-31,190.5273,172.4879,74.9103,0.8874
600959.SH,2020-06-30,188.027,170.2243,73.9272,0.8697
600959.SH,2020-05-31,182.0261,162.2342,71.5678,0.8419
600959.SH,2020-04-30,173.0248,154.2116,68.0287,0.8003
600959.SH,2020-03-31,181.026,161.3428,36.6066,0.8341
600959.SH,2020-02-29,185.5266,165.3541,37.5167,0.8549
600959.SH,2020-01-31,190.5273,169.8111,38.528,0.8779
600959.SH,2019-12-31,199.0286,177.3879,40.247,0.9171
600959.SH,2019-11-30,193.5278,150.3313,39.1347,0.8917
600959.SH,2019-10-31,198.0284,153.8274,40.0448,0.9125
600959.SH,2019-09-30,205.0294,159.2657,36.2422,0.9504
600959.SH,2019-08-31,212.5305,165.0925,37.5681,0.9852
600959.SH,2019-07-31,211.5304,164.3156,37.0303,0.9892
600959.SH,2019-06-30,222.5319,172.8616,38.9562,1.0406
600959.SH,2019-05-31,216.4472,170.5309,37.891,1.0263
600959.SH,2019-04-30,248.4952,195.7803,43.5013,1.1513
600959.SH,2019-03-31,271.6684,214.0376,42.9748,0.9306
600959.SH,2019-02-28,243.0717,191.5073,38.4511,0.8327
600959.SH,2019-01-31,197.2184,155.3812,31.1977,0.6756
600959.SH,2018-12-31,203.135,160.0426,32.1336,0.6958
600959.SH,2018-11-30,180.2422,180.2422,28.5122,0.8414
600959.SH,2018-10-31,166.2579,166.2579,26.3001,0.7761
600959.SH,2018-09-30,179.8537,179.8537,24.1001,1.3125
600959.SH,2018-08-31,175.5807,175.5807,23.5275,1.2814
600959.SH,2018-07-31,191.8958,191.8958,26.8901,1.4219
600959.SH,2018-06-30,198.111,198.111,27.761,1.468
600959.SH,2018-05-31,233.4602,233.4602,32.7144,1.7299
600959.SH,2018-04-30,261.0404,93.8232,36.5792,1.9343
600959.SH,2018-03-31,278.1323,99.9664,33.2578,2.0956
600959.SH,2018-02-28,291.3397,104.7134,34.8371,2.1951
600959.SH,2018-01-31,309.597,111.2754,37.0202,2.3327
600959.SH,2017-12-31,317.7545,114.2074,37.9956,2.3942
600959.SH,2017-11-30,340.6733,122.4448,40.7361,2.5669
600959.SH,2017-10-31,390.7837,140.4555,46.7281,2.9444
600959.SH,2017-09-30,410.5948,147.5761,49.1901,3.169
600959.SH,2017-08-31,410.5948,147.5761,49.1901,3.169
600959.SH,2017-07-31,410.5948,147.5761,47.9603,3.2123
600959.SH,2017-06-30,410.5948,147.5761,47.9603,3.2123
600959.SH,2017-05-31,421.083,151.3457,49.1854,3.1972
600959.SH,2017-04-30,402.8257,144.7837,47.0528,3.0586
600959.SH,2017-03-31,405.1565,145.6214,45.8131,3.1226
600959.SH,2017-02-28,435.0673,156.372,52.0529,3.3926
600959.SH,2017-01-31,423.4137,152.1834,50.6587,3.3017
600959.SH,2016-12-31,438.9519,157.7682,52.5177,3.4229
600959.SH,2016-11-30,417.9754,150.2288,50.008,3.2593
600959.SH,2016-10-31,401.2719,144.2252,48.0095,3.129
600959.SH,2016-09-30,395.8336,142.2706,51.804,3.1641
600959.SH,2016-08-31,415.2562,149.2515,54.3459,3.3193
600959.SH,2016-07-31,414.8678,149.1118,53.4229,3.369
600959.SH,2016-06-30,417.1387,149.9281,53.7153,3.3875
600959.SH,2016-05-31,417.7364,150.1429,53.7923,3.3923
600959.SH,2016-04-30,421.0233,151.3243,54.2155,3.419
600959.SH,2016-03-31,442.5376,88.4157,55.8443,3.6546
600959.SH,2016-02-29,388.7518,77.6697,47.6028,3.3774
600959.SH,2016-01-31,430.884,86.0874,52.7619,3.7435
600998.SH,2020-12-31,340.2851,340.2819,11.9428,1.8135
600998.SH,2020-11-30,329.6033,329.6003,11.568,1.7566
600998.SH,2020-10-31,340.2841,307.0106,11.9428,1.8135
600998.SH,2020-09-30,316.674,285.7092,14.1233,1.7602
600998.SH,2020-08-31,332.7222,299.572,14.839,1.8494
600998.SH,2020-07-31,351.4989,316.4779,17.7864,2.0502
600998.SH,2020-06-30,349.6212,314.7873,17.6914,2.0392
600998.SH,2020-05-31,337.9795,304.3055,17.1023,1.9713
600998.SH,2020-04-30,336.6652,300.0505,17.0358,1.9637
600998.SH,2020-03-31,319.2029,284.4874,20.1038,2.0304
600998.SH,2020-02-29,304.3694,271.2671,19.1696,1.936
600998.SH,2020-01-31,309.0635,275.4507,19.4653,1.9659
600998.SH,2019-12-31,265.6895,236.7939,16.7335,1.69
600998.SH,2019-11-30,253.6724,226.0838,15.9766,1.6136
600998.SH,2019-10-31,242.5942,216.2104,15.2789,1.5431
600998.SH,2019-09-30,267.9427,238.8021,17.32,1.6689
600998.SH,2019-08-31,250.2926,223.0716,16.1791,1.559
600998.SH,2019-07-31,225.5075,200.982,15.591,1.4643
600998.SH,2019-06-30,232.0793,206.8391,16.0453,1.507
600998.SH,2019-05-31,245.0351,218.3858,16.9411,1.5719
600998.SH,2019-04-30,294.7932,260.6262,20.3812,1.8911
600998.SH,2019-03-31,294.4177,260.2942,23.3303,1.9961
600998.SH,2019-02-28,289.9113,256.3101,22.9732,1.9655
600998.SH,2019-01-31,274.1389,242.3658,21.7233,1.8586
600998.SH,2018-12-31,274.1389,242.3658,21.7233,1.8586
600998.SH,2018-11-30,271.1346,239.7097,21.4853,1.5165
600998.SH,2018-10-31,286.7192,253.4881,22.7202,1.6036
600998.SH,2018-09-30,284.6538,251.662,23.9352,1.9437
600998.SH,2018-08-31,287.4703,254.1521,24.1721,1.9629
600998.SH,2018-07-31,304.1815,268.9264,20.5364,1.6618
600998.SH,2018-06-30,318.4517,281.5427,21.4998,1.7398
600998.SH,2018-05-31,347.5553,307.2732,23.4647,1.8795
600998.SH,2018-04-30,352.4373,308.915,23.7943,2.4529
600998.SH,2018-03-31,364.6421,319.6126,26.5332,2.0492
600998.SH,2018-02-28,320.7245,280.9365,23.3376,1.8012
600998.SH,2018-01-31,330.3068,289.3301,24.0348,1.855
600998.SH,2017-12-31,356.0475,311.8774,25.9078,1.9996
600998.SH,2017-11-30,353.7928,309.9024,25.7438,1.9869
600998.SH,2017-10-31,350.6622,340.3468,25.516,2.4632
600998.SH,2017-09-30,349.6448,339.3593,25.716,2.6812
600998.SH,2017-08-31,352.3578,341.9925,25.9156,2.702
600998.SH,2017-07-31,339.1317,329.1554,36.8203,2.6297
600998.SH,2017-06-30,365.584,351.671,39.6923,2.8349
600998.SH,2017-05-31,320.8408,317.7426,34.8344,3.4956
600998.SH,2017-04-30,320.182,317.0901,34.7629,3.4884
600998.SH,2017-03-31,321.3349,318.2319,41.3776,2.9542
600998.SH,2017-02-28,328.9112,287.9715,42.3531,3.8071
600998.SH,2017-01-31,346.0402,302.9686,44.5588,4.0054
600998.SH,2016-12-31,341.5929,299.0748,43.9861,3.1404
600998.SH,2016-11-30,341.5929,299.0748,43.9861,3.1404
600998.SH,2016-10-31,364.1572,318.8304,46.8917,3.3479
600998.SH,2016-09-30,353.7809,309.7457,46.9159,4.1847
600998.SH,2016-08-31,330.0607,288.9776,43.7707,3.9042
600998.SH,2016-07-31,338.2957,296.1876,47.1487,3.2183
600998.SH,2016-06-30,288.3914,250.4648,40.1935,2.7436
600998.SH,2016-05-31,290.5325,252.3243,40.4919,3.4231
600998.SH,2016-04-30,290.8619,252.6104,40.5378,3.427
600998.SH,2016-03-31,275.0506,238.8784,42.957,2.9634
600998.SH,2016-02-29,242.7692,210.8424,37.9153,2.6156
600998.SH,2016-01-31,273.733,237.7341,42.7512,2.9492
600999.SH,2020-12-31,1856.7279,1732.296,20.861,2.2863
600999.SH,2020-11-30,1747.0632,1632.8412,19.6634,2.0866
600999.SH,2020-10-31,1641.7208,1535.6129,18.4925,1.9624
600999.SH,2020-09-30,1706.9305,1603.8953,23.163,2.1058
600999.SH,2020-08-31,1712.2628,1599.4421,23.0987,2.1
600999.SH,2020-07-31,1706.8509,1597.9577,26.0184,1.8073
600999.SH,2020-06-30,1333.055,1255.3223,21.1497,2.0307
600999.SH,2020-05-31,1018.1674,949.3554,15.9947,1.5357
600999.SH,2020-04-30,1133.6072,1056.8727,17.8062,1.7097
600999.SH,2020-03-31,1056.1324,979.0942,15.7495,1.6374
600999.SH,2020-02-29,1092.1353,1009.4049,19.1432,1.7283
600999.SH,2020-01-31,1150.3113,1072.314,20.3362,1.836
600999.SH,2019-12-31,1133.4777,1046.0066,19.8373,1.791
600999.SH,2019-11-30,1019.2652,942.4925,17.8742,1.6137
600999.SH,2019-10-31,1018.7359,940.2049,17.8308,1.6098
600999.SH,2019-09-30,1019.1286,940.7768,18.0041,1.6833
600999.SH,2019-08-31,991.7431,913.8975,17.4897,1.6352
600999.SH,2019-07-31,1045.6668,967.0843,20.7478,1.6701
600999.SH,2019-06-30,1060.4295,977.3785,20.9686,1.6879
600999.SH,2019-05-31,962.5054,884.1587,18.9687,1.5269
600999.SH,2019-04-30,1092.7003,859.6185,21.5085,1.7313
600999.SH,2019-03-31,1095.487,859.1282,26.5252,1.7859
600999.SH,2019-02-28,1098.1094,860.5993,25.0884,1.8135
600999.SH,2019-01-31,913.9235,706.6231,20.5997,1.489
600999.SH,2018-12-31,855.8578,657.0957,19.1558,1.3846
600999.SH,2018-11-30,878.8217,673.7683,19.6419,1.4198
600999.SH,2018-10-31,833.9955,648.7594,18.9128,1.3671
600999.SH,2018-09-30,832.345,643.8557,17.4519,1.1569
600999.SH,2018-08-31,826.6777,642.3846,17.4121,1.1543
600999.SH,2018-07-31,856.2424,661.0187,16.41,1.1278
600999.SH,2018-06-30,870.308,670.8261,16.6534,1.1445
600999.SH,2018-05-31,993.7848,775.2749,19.2464,1.3227
600999.SH,2018-04-30,1027.0717,805.6778,20.0012,1.3746
600999.SH,2018-03-31,1081.3621,851.2822,20.1007,1.4679
600999.SH,2018-02-28,1070.5416,838.5326,20.4709,1.4623
600999.SH,2018-01-31,1202.6107,941.0199,22.9728,1.6411
600999.SH,2017-12-31,1080.7085,841.4748,20.5427,1.4675
600999.SH,2017-11-30,1194.2873,938.5681,22.913,1.6368
600999.SH,2017-10-31,1176.2363,915.5207,22.3503,1.5966
600999.SH,2017-09-30,1331.087,1048.9013,25.0793,1.8723
600999.SH,2017-08-31,1222.5291,958.1829,22.9102,1.7104
600999.SH,2017-07-31,1128.5096,878.2526,20.7984,1.7385
600999.SH,2017-06-30,1089.3049,844.4171,19.9971,1.6414
600999.SH,2017-05-31,1076.0227,833.6289,19.7417,1.6204
600999.SH,2017-04-30,1014.6115,751.4072,18.5107,1.7425
600999.SH,2017-03-31,1034.0591,766.9633,20.1722,1.8219
600999.SH,2017-02-28,1067.7661,793.3637,18.6249,2.2948
600999.SH,2017-01-31,1062.1798,790.064,18.5475,2.2853
600999.SH,2016-12-31,1039.8552,769.7938,18.0716,2.2266
600999.SH,2016-11-30,1200.7028,899.4284,21.1149,2.6016
600999.SH,2016-10-31,1126.4464,846.1604,19.8644,2.4475
600999.SH,2016-09-30,998.4185,825.6529,17.1082,2.128
600999.SH,2016-08-31,1043.1411,862.6367,17.8745,2.1817
600999.SH,2016-07-31,975.7668,806.9208,10.5434,2.0928
600999.SH,2016-06-30,958.3424,792.5115,10.3551,2.0555
600999.SH,2016-05-31,962.4081,795.8736,10.399,2.0026
600999.SH,2016-04-30,971.7011,803.5586,10.4994,2.0219
600999.SH,2016-03-31,1039.0754,859.2746,9.5252,2.149
600999.SH,2016-02-29,811.3965,670.993,7.9935,1.7722
600999.SH,2016-01-31,870.0587,719.5044,8.5715,1.9004
601009.SH,2020-12-31,808.567,685.3624,6.3906,0.8617
601009.SH,2020-11-30,862.6049,731.1663,6.8177,0.9193
601009.SH,2020-10-31,765.5368,648.8889,6.0505,0.8159
601009.SH,2020-09-30,789.5536,669.2462,6.1704,0.8614
601009.SH,2020-08-31,859.6028,728.6217,6.7178,0.9379
601009.SH,2020-07-31,776.5445,658.2193,6.0273,0.8745
601009.SH,2020-06-30,733.5143,621.7458,5.6934,0.8261
601009.SH,2020-05-31,790.5543,670.0944,6.1361,0.8527
601009.SH,2020-04-30,769.5396,652.2818,5.973,0.83
601009.SH,2020-03-31,614.9601,614.9601,4.9643,0.8242
601009.SH,2020-02-29,658.2193,658.2193,5.3135,0.8822
601009.SH,2020-01-31,701.4786,701.4786,5.6627,0.9401
601009.SH,2019-12-31,743.8896,743.8896,6.0051,0.997
601009.SH,2019-11-30,701.4786,701.4786,5.6627,0.9401
601009.SH,2019-10-31,732.0145,732.0145,5.9092,0.9811
601009.SH,2019-09-30,728.6217,728.6217,6.0851,1.0638
601009.SH,2019-08-31,661.6122,661.6122,5.5254,0.966
601009.SH,2019-07-31,703.175,703.175,6.1104,1.0266
601009.SH,2019-06-30,700.6304,700.6304,6.0883,0.9755
601009.SH,2019-05-31,704.8715,704.8715,6.1252,0.9814
601009.SH,2019-04-30,735.4074,735.4074,6.3905,1.0239
601009.SH,2019-03-31,670.9426,670.9426,6.0609,0.9872
601009.SH,2019-02-28,631.0763,631.0763,5.8383,0.9734
601009.SH,2019-01-31,592.0581,592.0581,5.4773,0.9132
601009.SH,2018-12-31,547.9506,547.9506,5.0693,0.8452
601009.SH,2018-11-30,592.0581,592.0581,5.4773,0.9132
601009.SH,2018-10-31,621.7458,621.7458,5.752,0.959
601009.SH,2018-09-30,648.8889,648.8889,6.1556,1.0987
601009.SH,2018-08-31,625.1387,625.1387,5.9303,1.0585
601009.SH,2018-07-31,655.6747,655.6747,6.4916,1.0678
601009.SH,2018-06-30,655.6747,655.6747,6.4916,1.0678
601009.SH,2018-05-31,688.7553,655.2437,6.8192,1.1217
601009.SH,2018-04-30,716.7466,681.873,7.0963,1.1672
601009.SH,2018-03-31,692.9964,659.2784,7.1687,1.2065
601009.SH,2018-02-28,767.6398,730.29,7.9408,1.3364
601009.SH,2018-01-31,864.337,822.2824,8.9411,1.5048
601009.SH,2017-12-31,656.5229,624.5795,7.0272,1.1669
601009.SH,2017-11-30,692.1482,658.4715,7.4085,1.2302
601009.SH,2017-10-31,676.032,643.1394,7.236,1.2015
601009.SH,2017-09-30,670.9426,638.2977,7.4513,1.2725
601009.SH,2017-08-31,683.666,650.402,7.5926,1.2966
601009.SH,2017-07-31,677.7284,644.7533,7.8842,1.2916
601009.SH,2017-06-30,679.1825,646.1366,7.9011,1.2567
601009.SH,2017-05-31,671.912,639.2199,7.8165,1.2432
601009.SH,2017-04-30,639.8008,608.6711,7.443,1.1838
601009.SH,2017-03-31,728.2581,692.8245,8.9089,1.4071
601009.SH,2017-02-28,741.5873,705.5051,9.072,1.4329
601009.SH,2017-01-31,696.1469,662.2757,8.5161,1.3451
601009.SH,2016-12-31,656.7652,624.8101,8.0344,1.269
601009.SH,2016-11-30,697.9645,664.0048,8.5384,1.3486
601009.SH,2016-10-31,635.5597,604.6363,7.7749,1.228
601009.SH,2016-09-30,621.6247,591.3793,7.9748,1.2547
601009.SH,2016-08-31,659.7946,627.6921,8.4645,1.3318
601009.SH,2016-07-31,625.8658,595.4141,8.5196,1.3117
601009.SH,2016-06-30,568.9138,541.2331,7.7444,1.1923
601009.SH,2016-05-31,602.1694,531.1421,8.1971,1.2274
601009.SH,2016-04-30,565.8171,499.0777,7.7022,1.1533
601009.SH,2016-03-31,541.9188,477.9982,7.7384,1.1492
601009.SH,2016-02-29,491.0929,433.1674,7.0126,1.0414
601009.SH,2016-01-31,492.1027,434.058,7.027,1.0436
601006.SH,2020-12-31,960.3947,960.3947,9.163,0.8264
601006.SH,2020-11-30,1007.9685,1007.9685,9.6169,0.8673
601006.SH,2020-10-31,952.9613,952.9613,9.0921,0.82
601006.SH,2020-09-30,947.0146,947.0146,8.4521,0.8404
601006.SH,2020-08-31,984.1816,984.1816,8.7838,0.8734
601006.SH,2020-07-31,964.8548,964.8548,7.8867,0.8836
601006.SH,2020-06-30,1046.6221,1046.6221,8.5551,0.8997
601006.SH,2020-05-31,1013.9152,1013.9152,8.2878,0.8716
601006.SH,2020-04-30,1067.4356,1067.4356,8.7252,0.9176
601006.SH,2020-03-31,1010.9418,1010.9418,6.9727,0.9074
601006.SH,2020-02-29,1052.5688,1052.5688,7.2598,0.9448
601006.SH,2020-01-31,1144.7429,1144.7429,7.8956,1.0275
601006.SH,2019-12-31,1220.5636,1220.5636,8.4186,1.0956
601006.SH,2019-11-30,1178.9366,1178.9366,8.1314,1.0582
601006.SH,2019-10-31,1134.3362,1134.3362,7.8238,1.0182
601006.SH,2019-09-30,1128.3895,1128.3895,7.8402,1.0505
601006.SH,2019-08-31,1150.6897,1150.6897,7.9952,1.0712
601006.SH,2019-07-31,1174.4765,1174.4765,8.1261,1.1373
601006.SH,2019-06-30,1202.7234,1202.7234,8.3215,1.1647
601006.SH,2019-05-31,1242.8638,1242.8638,8.5992,1.1257
601006.SH,2019-04-30,1266.6506,1266.6506,8.7638,1.1473
601006.SH,2019-03-31,1239.8904,1239.8904,8.7032,1.1853
601006.SH,2019-02-28,1327.6045,1327.6045,9.3189,1.2691
601006.SH,2019-01-31,1271.1107,1271.1107,8.9223,1.2151
601006.SH,2018-12-31,1223.5369,1223.5369,8.5884,1.1697
601006.SH,2018-11-30,1146.2296,1146.2296,8.0458,1.0957
601006.SH,2018-10-31,1198.2634,1198.2634,8.411,1.1455
601006.SH,2018-09-30,1223.5369,1223.5369,8.7902,1.2155
601006.SH,2018-08-31,1283.0041,1283.0041,9.2174,1.2745
601006.SH,2018-07-31,1330.5778,1330.5778,9.3146,1.3784
601006.SH,2018-06-30,1220.5636,1220.5636,8.5444,1.2644
601006.SH,2018-05-31,1248.8105,1248.8105,8.7422,1.2064
601006.SH,2018-04-30,1232.457,1232.457,8.6277,1.1906
601006.SH,2018-03-31,1230.9703,1230.9703,9.2835,1.2637
601006.SH,2018-02-28,1385.585,1385.585,10.4495,1.4224
601006.SH,2018-01-31,1434.6454,1434.6454,10.8195,1.4728
601006.SH,2017-12-31,1348.418,1348.418,10.1692,1.3843
601006.SH,2017-11-30,1315.711,1315.711,9.9226,1.3507
601006.SH,2017-10-31,1352.878,1352.878,10.2029,1.3888
601006.SH,2017-09-30,1300.8443,1300.8443,11.7079,1.388
601006.SH,2017-08-31,1358.8247,1358.8247,12.2298,1.4499
601006.SH,2017-07-31,1300.8443,1300.8443,15.7198,1.456
601006.SH,2017-06-30,1247.3238,1247.3238,15.073,1.3961
601006.SH,2017-05-31,1271.1107,1271.1107,15.3604,1.3659
601006.SH,2017-04-30,1159.6097,1159.6097,14.013,1.2461
601006.SH,2017-03-31,1125.4161,1125.4161,17.0406,1.2852
601006.SH,2017-02-28,1034.7287,1034.7287,15.6675,1.1816
601006.SH,2017-01-31,1061.4889,1061.4889,16.0727,1.2122
601006.SH,2016-12-31,1052.5688,1052.5688,15.9376,1.202
601006.SH,2016-11-30,1089.7358,1089.7358,16.5004,1.2444
601006.SH,2016-10-31,1007.9685,1007.9685,15.2623,1.1511
601006.SH,2016-09-30,942.5546,942.5546,10.4883,1.0947
601006.SH,2016-08-31,941.0679,941.0679,10.4718,1.093
601006.SH,2016-07-31,914.3077,914.3077,8.3222,1.0823
601006.SH,2016-06-30,957.4214,957.4214,8.7147,1.0502
601006.SH,2016-05-31,966.3414,966.3414,8.7959,1.06
601006.SH,2016-04-30,972.2882,972.2882,8.85,1.0665
601006.SH,2016-03-31,1021.3486,1021.3486,7.188,1.1626
601006.SH,2016-02-29,964.8548,964.8548,6.7904,1.0983
601006.SH,2016-01-31,1012.4285,1012.4285,7.1252,1.1524
601016.SH,2020-12-31,171.0428,142.5357,24.596,1.7589
601016.SH,2020-11-30,142.6188,118.849,20.5086,1.4666
601016.SH,2020-10-31,135.1388,112.6157,19.433,1.3897
601016.SH,2020-09-30,138.1308,115.109,21.3836,1.4451
601016.SH,2020-08-31,118.0179,118.0179,18.27,1.573
601016.SH,2020-07-31,128.4068,128.4068,19.8782,1.7115
601016.SH,2020-06-30,88.0979,88.0979,14.5041,1.2244
601016.SH,2020-05-31,88.929,88.929,14.6409,1.2006
601016.SH,2020-04-30,92.669,92.669,15.2567,1.2511
601016.SH,2020-03-31,88.929,88.929,15.2248,1.2094
601016.SH,2020-02-29,92.669,92.669,15.8477,1.2601
601016.SH,2020-01-31,98.4868,98.4868,16.8426,1.3392
601016.SH,2019-12-31,100.149,100.149,21.0326,1.3973
601016.SH,2019-11-30,95.1623,95.1623,19.9853,1.3277
601016.SH,2019-10-31,100.149,100.149,21.0326,1.3973
601016.SH,2019-09-30,100.9801,100.9801,20.7513,1.4305
601016.SH,2019-08-31,100.5646,100.5646,20.6659,1.4246
601016.SH,2019-07-31,102.2268,102.2268,21.0075,1.4481
601016.SH,2019-06-30,110.5379,110.5379,25.5653,1.6098
601016.SH,2019-05-31,115.9401,115.9401,26.8147,1.6424
601016.SH,2019-04-30,119.2646,119.2646,27.5836,1.6895
601016.SH,2019-03-31,132.1468,132.1468,25.6502,1.897
601016.SH,2019-02-28,120.5112,120.5112,23.3917,1.73
601016.SH,2019-01-31,98.9023,98.9023,19.1973,1.4198
601016.SH,2018-12-31,96.409,96.409,16.6648,1.3888
601016.SH,2018-11-30,103.0579,103.0579,17.8141,1.4846
601016.SH,2018-10-31,98.4868,98.4868,17.024,1.4188
601016.SH,2018-09-30,108.4601,108.4601,21.383,1.5929
601016.SH,2018-08-31,112.2001,112.2001,22.1203,1.6478
601016.SH,2018-07-31,126.7446,126.7446,24.9878,1.8614
601016.SH,2018-06-30,119.2646,119.2646,24.0556,1.7899
601016.SH,2018-05-31,129.6535,129.6535,26.151,1.8938
601016.SH,2018-04-30,125.4979,125.4979,25.3129,1.8331
601016.SH,2018-03-31,129.6535,129.6535,32.4923,1.9398
601016.SH,2018-02-28,131.7313,131.7313,32.8456,1.9703
601016.SH,2018-01-31,137.9646,137.9646,34.3998,2.0635
601016.SH,2017-12-31,136.7179,136.7179,40.3644,2.0764
601016.SH,2017-11-30,149.6002,149.6002,44.1677,2.2721
601016.SH,2017-10-31,155.4179,155.4179,45.8854,2.3604
601016.SH,2017-09-30,155.8335,155.8335,58.0656,2.3885
601016.SH,2017-08-31,160.8202,86.5162,59.9237,2.4649
601016.SH,2017-07-31,149.6002,80.4802,55.743,2.2929
601016.SH,2017-06-30,152.9246,82.2686,70.4655,2.44
601016.SH,2017-05-31,162.0668,87.1868,74.6781,2.5859
601016.SH,2017-04-30,156.6646,84.2806,72.1889,2.4997
601016.SH,2017-03-31,181.1824,97.4704,96.0686,2.8522
601016.SH,2017-02-28,179.5202,96.5762,95.1873,2.826
601016.SH,2017-01-31,169.3391,91.0991,89.7889,2.6657
601016.SH,2016-12-31,183.8835,98.9235,95.9367,2.9211
601016.SH,2016-11-30,207.3624,81.6144,108.1863,3.294
601016.SH,2016-10-31,209.0247,82.2687,109.0535,3.3204
601016.SH,2016-09-30,194.4802,76.5442,94.8783,3.0802
601016.SH,2016-08-31,199.0513,78.3433,97.1083,3.1526
601016.SH,2016-07-31,199.0513,78.3433,97.1083,3.1505
601016.SH,2016-06-30,206.3236,81.2056,97.906,3.3076
601016.SH,2016-05-31,210.8947,83.0047,100.0751,3.3809
601016.SH,2016-04-30,213.1802,83.9042,101.1596,3.3671
601016.SH,2016-03-31,236.2436,92.9816,116.1694,3.7738
601016.SH,2016-02-29,211.7258,83.3318,104.1132,3.3821
601016.SH,2016-01-31,213.5958,84.0678,105.0327,3.412
601018.SH,2020-12-31,619.6508,516.3756,19.3849,1.1951
601018.SH,2020-11-30,625.9737,521.6448,19.5827,1.2073
601018.SH,2020-10-31,575.39,479.4917,18.0002,1.1097
601018.SH,2020-09-30,589.6167,491.3472,19.7441,1.1617
601018.SH,2020-08-31,586.4552,488.7127,19.6382,1.1555
601018.SH,2020-07-31,549.3078,549.3078,17.017,1.3725
601018.SH,2020-06-30,470.2707,470.2707,14.5685,1.1379
601018.SH,2020-05-31,447.8768,447.8768,13.8748,1.0837
601018.SH,2020-04-30,438.6558,438.6558,13.5891,1.0614
601018.SH,2020-03-31,467.6361,467.6361,13.9014,1.1531
601018.SH,2020-02-29,433.3867,433.3867,12.8832,1.0687
601018.SH,2020-01-31,482.1262,468.48,14.3321,1.1889
601018.SH,2019-12-31,500.5682,486.4,14.6853,1.2489
601018.SH,2019-11-30,476.8571,463.36,13.9897,1.1897
601018.SH,2019-10-31,484.7608,471.04,14.2216,1.2094
601018.SH,2019-09-30,491.3472,477.44,14.506,1.2525
601018.SH,2019-08-31,508.4719,494.08,15.0116,1.2962
601018.SH,2019-07-31,569.067,552.96,19.5964,1.5008
601018.SH,2019-06-30,578.288,561.92,19.9139,1.5251
601018.SH,2019-05-31,598.0473,581.12,20.5943,1.5772
601018.SH,2019-04-30,704.7474,684.8,24.2687,1.8004
601018.SH,2019-03-31,573.0189,556.8,19.8675,1.4942
601018.SH,2019-02-28,516.3756,501.76,17.9622,1.3494
601018.SH,2019-01-31,439.9731,427.52,15.3045,1.1498
601018.SH,2018-12-31,439.9731,427.52,15.8687,1.1625
601018.SH,2018-11-30,482.1262,468.48,17.389,1.2739
601018.SH,2018-10-31,495.2991,481.28,17.8642,1.3087
601018.SH,2018-09-30,540.0868,524.8,18.8671,1.4606
601018.SH,2018-08-31,533.5003,518.4,18.637,1.4428
601018.SH,2018-07-31,567.7497,551.68,20.6936,1.57
601018.SH,2018-06-30,554.5769,538.88,20.2134,1.5336
601018.SH,2018-05-31,677.0844,657.92,24.6786,1.8225
601018.SH,2018-04-30,674.4498,655.36,24.5826,1.8155
601018.SH,2018-03-31,700.7955,680.96,26.1818,1.9268
601018.SH,2018-02-28,710.0165,689.92,26.797,1.9518
601018.SH,2018-01-31,695.5264,675.84,26.2502,1.912
601018.SH,2017-12-31,699.4782,679.68,25.6365,1.9396
601018.SH,2017-11-30,752.1696,730.88,27.5677,2.0857
601018.SH,2017-10-31,841.745,817.92,30.8507,2.3341
601018.SH,2017-09-30,773.2462,751.36,31.0075,2.2025
601018.SH,2017-08-31,791.6882,769.28,31.747,2.255
601018.SH,2017-07-31,857.5524,833.28,36.9229,2.4929
601018.SH,2017-06-30,744.2659,723.2,32.0452,2.1636
601018.SH,2017-05-31,745.5832,724.48,32.102,2.1124
601018.SH,2017-04-30,741.6313,720.64,31.9318,2.1012
601018.SH,2017-03-31,723.1893,702.72,31.4578,2.0907
601018.SH,2017-02-28,704.7474,684.8,31.8805,2.0417
601018.SH,2017-01-31,681.0362,661.76,30.8079,1.973
601018.SH,2016-12-31,666.5461,647.68,30.1524,1.9311
601018.SH,2016-11-30,695.5264,675.84,31.4634,2.015
601018.SH,2016-10-31,673.1325,654.08,30.4504,1.9501
601018.SH,2016-09-30,656.0078,637.44,29.5219,1.8598
601018.SH,2016-08-31,675.7671,656.64,30.4111,1.9158
601018.SH,2016-07-31,642.56,642.56,26.2566,2.0246
601018.SH,2016-06-30,633.6,633.6,25.8905,1.9963
601018.SH,2016-05-31,701.44,701.44,28.6626,2.1368
601018.SH,2016-04-30,761.6,761.6,31.1209,2.3201
601018.SH,2016-03-31,884.48,884.48,33.1081,2.7832
601018.SH,2016-02-29,728.32,728.32,27.2627,2.2918
601018.SH,2016-01-31,1044.48,1044.48,39.0972,3.2866
601021.SH,2020-12-31,507.9953,507.9953,-1881.667,3.4792
601021.SH,2020-11-30,465.5631,465.5631,-1724.4937,3.1886
601021.SH,2020-10-31,390.5964,390.5964,-1446.8094,2.6752
601021.SH,2020-09-30,412.4082,412.4082,71.3116,2.889
601021.SH,2020-08-31,404.3433,404.3433,69.9171,2.8325
601021.SH,2020-07-31,363.1942,363.1942,31.8828,2.5135
601021.SH,2020-06-30,322.9615,322.9615,28.351,2.207
601021.SH,2020-05-31,328.6469,328.5519,28.8501,2.2449
601021.SH,2020-04-30,340.5643,340.4659,29.8963,2.3263
601021.SH,2020-03-31,295.9197,295.8342,16.3555,1.9915
601021.SH,2020-02-29,326.3551,326.2607,18.0376,2.1963
601021.SH,2020-01-31,359.0822,358.9784,19.8465,2.4166
601021.SH,2019-12-31,402.3518,402.2355,22.238,2.7078
601021.SH,2019-11-30,369.3556,369.2428,20.4143,2.4857
601021.SH,2019-10-31,395.9412,395.8202,21.8836,2.6646
601021.SH,2019-09-30,390.074,389.9549,23.9284,2.8239
601021.SH,2019-08-31,410.5174,410.392,25.1825,2.9719
601021.SH,2019-07-31,395.4828,395.362,24.844,2.863
601021.SH,2019-06-30,412.604,412.4082,25.9195,2.9862
601021.SH,2019-05-31,400.6843,400.4942,25.1707,2.8999
601021.SH,2019-04-30,385.1887,385.006,24.1973,2.7512
601021.SH,2019-03-31,372.2605,372.0839,25.0513,2.8104
601021.SH,2019-02-28,323.6649,323.5113,21.7811,2.4436
601021.SH,2019-01-31,294.5075,257.0066,19.8189,2.2234
601021.SH,2018-12-31,291.6652,254.5261,19.6277,2.202
601021.SH,2018-11-30,316.6965,276.3701,21.3122,2.3909
601021.SH,2018-10-31,311.7452,272.0493,20.979,2.3536
601021.SH,2018-09-30,329.3497,287.4121,22.9615,2.6386
601021.SH,2018-08-31,305.4186,266.5283,21.2931,2.4468
601021.SH,2018-07-31,310.0031,270.529,23.0687,2.5534
601021.SH,2018-06-30,321.1893,280.2908,23.9011,2.6455
601021.SH,2018-05-31,348.3294,303.9751,25.9207,2.8291
601021.SH,2018-04-30,304.3184,265.52,22.6457,2.4717
601021.SH,2018-03-31,279.7455,244.08,28.8771,2.3627
601021.SH,2018-02-28,305.4186,266.48,31.5273,2.5795
601021.SH,2018-01-31,279.7227,279.52,28.8748,3.3367
601021.SH,2017-12-31,298.3762,74.54,30.8003,3.5592
601021.SH,2017-11-30,307.5828,76.84,31.7507,3.669
601021.SH,2017-10-31,291.8114,72.9,30.1227,3.4809
601021.SH,2017-09-30,267.4738,66.82,34.994,3.4516
601021.SH,2017-08-31,276.3602,69.04,36.1566,3.5662
601021.SH,2017-07-31,250.8217,62.66,28.2746,3.3449
601021.SH,2017-06-30,269.2351,67.26,30.3503,3.5904
601021.SH,2017-05-31,269.4752,67.32,30.3774,3.5936
601021.SH,2017-04-30,263.0706,65.72,29.6554,3.4493
601021.SH,2017-03-31,278.1215,69.48,29.26,3.7977
601021.SH,2017-02-28,302.7794,75.64,23.3778,4.0074
601021.SH,2017-01-31,297.0952,74.22,22.939,3.9322
601021.SH,2016-12-31,294.1331,73.48,22.7102,3.893
601021.SH,2016-11-30,336.9641,84.18,26.0173,4.4598
601021.SH,2016-10-31,345.68,86.42,26.6902,4.5837
601021.SH,2016-09-30,361.36,90.34,24.9474,5.081
601021.SH,2016-08-31,375.2,93.8,25.9029,5.2756
601021.SH,2016-07-31,392.08,98.02,27.2236,5.8185
601021.SH,2016-06-30,383.52,95.88,26.6293,5.6915
601021.SH,2016-05-31,400.56,100.14,27.8124,5.7998
601021.SH,2016-04-30,369.92,92.48,25.685,5.3561
601021.SH,2016-03-31,371.36,92.84,25.9862,5.7896
601021.SH,2016-02-29,352.32,88.08,24.6539,5.4927
601021.SH,2016-01-31,395.76,98.94,27.6936,6.17
601098.SH,2020-12-31,171.1588,171.1588,12.5122,1.2616
601098.SH,2020-11-30,193.2496,193.2496,14.1271,1.4245
601098.SH,2020-10-31,188.4004,188.4004,13.7726,1.3887
601098.SH,2020-09-30,195.0456,195.0456,15.6769,1.4784
601098.SH,2020-08-31,201.152,201.152,16.1677,1.5247
601098.SH,2020-07-31,191.6332,191.6332,16.2472,1.5021
601098.SH,2020-06-30,190.0168,190.0168,16.1101,1.4894
601098.SH,2020-05-31,191.274,191.274,16.2167,1.3789
601098.SH,2020-04-30,196.3028,196.3028,16.6431,1.4151
601098.SH,2020-03-31,190.9148,190.9148,14.9861,1.3973
601098.SH,2020-02-29,201.8704,201.8704,15.8461,1.4775
601098.SH,2020-01-31,219.8304,219.8304,17.0854,1.652
601098.SH,2019-12-31,214.4424,214.4424,16.6666,1.6115
601098.SH,2019-11-30,207.9768,207.9768,16.1641,1.5629
601098.SH,2019-10-31,207.6176,207.6176,16.1362,1.5602
601098.SH,2019-09-30,217.316,217.316,17.0991,1.6643
601098.SH,2019-08-31,220.7284,220.7284,17.3676,1.6904
601098.SH,2019-07-31,222.704,222.704,17.4953,1.6168
601098.SH,2019-06-30,227.0144,227.0144,17.8339,1.6481
601098.SH,2019-05-31,233.3004,233.3004,18.3277,1.6938
601098.SH,2019-04-30,224.3204,224.3204,17.6222,1.6286
601098.SH,2019-03-31,231.1452,231.1452,18.6723,1.7153
601098.SH,2019-02-28,242.8192,242.8192,19.6154,1.8019
601098.SH,2019-01-31,236.5332,236.5332,19.6292,1.8047
601098.SH,2018-12-31,224.5,224.5,18.6306,1.7129
601098.SH,2018-11-30,206.3604,206.3604,17.1253,1.5745
601098.SH,2018-10-31,210.3116,210.3116,17.4532,1.6047
601098.SH,2018-09-30,216.7772,216.7772,17.1237,1.684
601098.SH,2018-08-31,210.132,210.132,16.5988,1.6324
601098.SH,2018-07-31,225.5776,225.5776,15.8417,1.8046
601098.SH,2018-06-30,227.0144,227.0144,15.9426,1.672
601098.SH,2018-05-31,251.0808,251.0808,17.6327,1.8492
601098.SH,2018-04-30,225.0388,225.0388,15.8039,1.6574
601098.SH,2018-03-31,229.1696,229.1696,15.1528,1.7215
601098.SH,2018-02-28,238.1496,238.1496,15.7465,1.7889
601098.SH,2018-01-31,257.0076,257.0076,14.2359,1.9809
601098.SH,2017-12-31,249.4644,249.4644,13.8181,1.9228
601098.SH,2017-11-30,248.5664,248.5664,13.7683,1.9159
601098.SH,2017-10-31,258.8036,258.8036,14.3354,1.9948
601098.SH,2017-09-30,274.2492,274.2492,14.8438,2.1629
601098.SH,2017-08-31,293.2868,293.2868,15.8742,2.3131
601098.SH,2017-07-31,307.6548,307.6548,16.831,2.5246
601098.SH,2017-06-30,334.7744,334.7744,18.3147,2.7471
601098.SH,2017-05-31,312.8632,312.8632,17.116,2.3911
601098.SH,2017-04-30,301.728,301.728,16.5068,2.306
601098.SH,2017-03-31,322.7412,322.7412,17.8871,2.535
601098.SH,2017-02-28,312.3244,312.3244,17.3097,2.4532
601098.SH,2017-01-31,299.5728,299.5728,16.9945,2.475
601098.SH,2016-12-31,299.2136,299.2136,16.9741,2.472
601098.SH,2016-11-30,335.3132,335.3132,19.022,2.7702
601098.SH,2016-10-31,327.5904,327.5904,18.5839,2.7064
601098.SH,2016-09-30,320.4064,320.4064,18.3363,2.7228
601098.SH,2016-08-31,336.75,336.75,19.2716,2.8617
601098.SH,2016-07-31,338.9052,338.9052,19.6018,3.0108
601098.SH,2016-06-30,325.2556,325.2556,18.8123,2.8895
601098.SH,2016-05-31,317.7124,317.7124,18.3761,2.6977
601098.SH,2016-04-30,313.2224,313.2224,18.1164,2.6596
601098.SH,2016-03-31,340.5216,340.5216,20.0545,2.9738
601098.SH,2016-02-29,285.564,285.564,16.8179,2.4938
601098.SH,2016-01-31,322.2024,322.2024,19.5897,2.9663
601099.SH,2020-12-31,278.1057,278.1057,172.2984,2.6575
601099.SH,2020-11-30,268.5629,268.5629,166.3862,2.5663
601099.SH,2020-10-31,256.2935,256.2935,158.7848,2.4491
601099.SH,2020-09-30,277.4241,277.4241,175.6852,2.6644
601099.SH,2020-08-31,289.6934,289.6934,183.4551,2.7822
601099.SH,2020-07-31,295.1465,295.1465,142.9367,2.8272
601099.SH,2020-06-30,216.0772,216.0772,104.6442,2.0698
601099.SH,2020-05-31,213.3507,213.3507,103.3238,2.0437
601099.SH,2020-04-30,221.5303,221.5303,107.2851,2.122
601099.SH,2020-03-31,226.3017,226.3017,-30.3957,2.2107
601099.SH,2020-02-29,244.7058,244.7058,-32.8676,2.3905
601099.SH,2020-01-31,239.9343,239.9343,-32.2267,2.3439
601099.SH,2019-12-31,258.3384,258.3384,-34.6987,2.5236
601099.SH,2019-11-30,222.2119,222.2119,-29.8463,2.1707
601099.SH,2019-10-31,226.3017,226.3017,-30.3957,2.2107
601099.SH,2019-09-30,233.118,233.118,-27.1398,2.2833
601099.SH,2019-08-31,234.4813,234.4813,-27.2985,2.2967
601099.SH,2019-07-31,259.7017,259.7017,-26.6978,2.5315
601099.SH,2019-06-30,242.6609,242.6609,-24.946,2.3654
601099.SH,2019-05-31,235.8445,235.8445,-24.2452,2.299
601099.SH,2019-04-30,273.3343,273.3343,-28.0993,2.6644
601099.SH,2019-03-31,288.3302,274.0539,-195.1178,2.5621
601099.SH,2019-02-28,266.518,253.3217,-180.3571,2.3682
601099.SH,2019-01-31,167.6814,159.3789,-113.4727,1.49
601099.SH,2018-12-31,169.7263,161.3225,-114.8566,1.5082
601099.SH,2018-11-30,189.4936,180.1111,-128.2334,1.6838
601099.SH,2018-10-31,194.9466,185.2941,-131.9236,1.7323
601099.SH,2018-09-30,154.0487,146.4212,114.8783,1.3334
601099.SH,2018-08-31,154.0487,146.4212,114.8783,1.3334
601099.SH,2018-07-31,164.2732,156.1395,75.9855,1.4004
601099.SH,2018-06-30,159.5018,151.6043,73.7785,1.3598
601099.SH,2018-05-31,184.0405,174.928,85.129,1.569
601099.SH,2018-04-30,189.4936,180.1111,87.6514,1.6061
601099.SH,2018-03-31,196.3099,186.5899,168.8269,1.6736
601099.SH,2018-02-28,211.3058,200.8433,45.3305,1.8048
601099.SH,2018-01-31,249.4772,237.1247,53.5192,2.1309
601099.SH,2017-12-31,246.7507,234.5332,52.9343,2.1076
601099.SH,2017-11-30,256.2935,243.6035,54.9815,2.1891
601099.SH,2017-10-31,269.2445,255.9132,57.7598,2.2997
601099.SH,2017-09-30,284.2404,270.1666,71.378,2.4755
601099.SH,2017-08-31,294.4649,279.8849,73.9455,2.5645
601099.SH,2017-07-31,272.6527,259.1527,48.2031,2.3479
601099.SH,2017-06-30,274.0159,260.4484,48.4441,2.3596
601099.SH,2017-05-31,274.0159,260.4484,48.4441,2.3596
601099.SH,2017-04-30,291.7383,277.2933,51.5773,2.5122
601099.SH,2017-03-31,315.5954,299.9692,47.2646,2.6707
601099.SH,2017-02-28,363.9913,345.9688,54.5138,3.0819
601099.SH,2017-01-31,343.5423,326.5323,51.4512,2.9088
601099.SH,2016-12-31,351.0403,333.659,54.7507,3.0169
601099.SH,2016-11-30,415.1137,394.5599,64.7441,3.5676
601099.SH,2016-10-31,353.0852,335.6027,55.0697,3.0345
601099.SH,2016-09-30,335.3628,318.7578,92.5958,2.9377
601099.SH,2016-08-31,306.2798,291.1148,84.5658,2.6829
601099.SH,2016-07-31,277.1969,263.4719,76.3878,2.4282
601099.SH,2016-06-30,278.5601,264.7676,32.1981,2.5526
601099.SH,2016-05-31,291.7383,277.2933,33.7213,2.6734
601099.SH,2016-04-30,294.0104,279.4529,33.9839,2.6942
601099.SH,2016-03-31,313.5506,298.0256,27.673,2.6889
601099.SH,2016-02-29,267.1996,253.9696,27.4261,2.2914
601099.SH,2016-01-31,274.9248,261.3123,28.2191,3.9439
601106.SH,2020-12-31,205.0477,205.0477,154.3968,1.8472
601106.SH,2020-11-30,209.8482,209.8482,158.0114,1.8904
601106.SH,2020-10-31,190.6464,190.6464,143.5528,1.7174
601106.SH,2020-09-30,200.933,191.5634,150.5432,1.8101
601106.SH,2020-08-31,222.1922,211.8312,166.471,2.0016
601106.SH,2020-07-31,222.8779,212.485,160.6011,2.0112
601106.SH,2020-06-30,192.7037,183.7178,138.8581,1.7389
601106.SH,2020-05-31,187.9033,179.1412,135.399,1.6956
601106.SH,2020-04-30,192.7037,183.7178,138.8581,1.7389
601106.SH,2020-03-31,178.3024,169.988,229.5513,1.6229
601106.SH,2020-02-29,183.1028,174.5646,235.7316,1.6666
601106.SH,2020-01-31,197.5041,188.2944,254.2722,1.7976
601106.SH,2019-12-31,199.5615,190.2558,256.9209,1.8164
601106.SH,2019-11-30,192.0179,183.064,247.2091,1.7477
601106.SH,2019-10-31,193.3895,184.3716,248.9749,1.7602
601106.SH,2019-09-30,200.2473,190.9096,153.7793,1.8234
601106.SH,2019-08-31,209.1624,199.409,160.6256,1.9046
601106.SH,2019-07-31,213.9628,203.9856,170.424,1.9533
601106.SH,2019-06-30,215.3344,205.2932,171.5164,1.9659
601106.SH,2019-05-31,213.9628,203.9856,170.424,1.9533
601106.SH,2019-04-30,237.2793,226.2148,188.9958,2.1662
601106.SH,2019-03-31,268.1393,255.6358,184.1648,2.4524
601106.SH,2019-02-28,244.8229,233.4066,168.1505,2.2391
601106.SH,2019-01-31,185.8459,177.1798,127.6436,1.6997
601106.SH,2018-12-31,183.1028,174.5646,125.7596,1.6746
601106.SH,2018-11-30,188.589,179.795,129.5277,1.7248
601106.SH,2018-10-31,189.2748,180.4488,129.9987,1.7311
601106.SH,2018-09-30,198.1899,188.9482,179.1838,1.8225
601106.SH,2018-08-31,200.2473,190.9096,181.0439,1.8414
601106.SH,2018-07-31,214.6486,204.6394,204.0507,1.9767
601106.SH,2018-06-30,213.9628,203.9856,203.3988,1.9704
601106.SH,2018-05-31,230.4215,219.6768,219.0448,2.122
601106.SH,2018-04-30,259.2242,247.1364,246.4254,2.3873
601106.SH,2018-03-31,238.6508,227.5224,-6.3818,2.2121
601106.SH,2018-02-28,235.222,224.2534,-6.2901,2.1803
601106.SH,2018-01-31,245.5086,234.0604,-6.5652,2.2756
601106.SH,2017-12-31,258.5384,246.4826,-6.9136,2.3964
601106.SH,2017-11-30,234.5362,223.5996,-6.2718,2.1739
601106.SH,2017-10-31,277.0544,264.1352,-7.4088,2.568
601106.SH,2017-09-30,272.6346,272.6346,-5.4138,2.9544
601106.SH,2017-08-31,292.2486,292.2486,-5.8033,3.167
601106.SH,2017-07-31,249.0978,249.0978,-4.9464,2.6955
601106.SH,2017-06-30,198.1014,198.1014,-3.6625,2.1504
601106.SH,2017-05-31,198.7552,198.7552,-3.6746,2.1575
601106.SH,2017-04-30,217.7154,217.7154,-4.0251,2.3633
601106.SH,2017-03-31,275.9036,275.9036,-10.2,2.1307
601106.SH,2017-02-28,298.7866,298.7866,-11.046,2.3074
601106.SH,2017-01-31,288.9796,288.9796,-10.6834,2.2316
601106.SH,2016-12-31,353.7058,353.7058,-13.0763,2.7315
601106.SH,2016-11-30,401.4332,401.4332,-14.8408,3.1001
601106.SH,2016-10-31,367.4356,367.4356,-13.5839,2.8375
601106.SH,2016-09-30,340.6298,340.6298,-17.4122,2.3945
601106.SH,2016-08-31,348.4754,348.4754,-17.8133,2.4497
601106.SH,2016-07-31,343.8988,343.8988,-18.842,2.3582
601106.SH,2016-06-30,340.6298,340.6298,-18.6629,2.3358
601106.SH,2016-05-31,358.2824,358.2824,-19.63,2.4568
601106.SH,2016-04-30,353.7058,353.7058,-19.3793,2.4254
601106.SH,2016-03-31,405.356,405.356,-107.5846,2.5793
601106.SH,2016-02-29,347.1678,347.1678,-92.141,2.209
601106.SH,2016-01-31,354.3596,354.3596,-94.0497,2.2548
601088.SH,2020-12-31,3387.6519,2970.0359,9.0175,1.0001
601088.SH,2020-11-30,3667.606,3235.5416,9.8236,1.0895
601088.SH,2020-10-31,3140.6985,2745.7578,8.3366,0.9246
601088.SH,2020-09-30,3131.1839,2716.074,8.2587,0.9429
601088.SH,2020-08-31,3054.242,2664.9517,8.1033,0.9251
601088.SH,2020-07-31,2923.8122,2528.0761,7.5342,0.905
601088.SH,2020-06-30,2744.3665,2368.1131,7.0574,0.8477
601088.SH,2020-05-31,3143.9192,2701.232,8.0502,0.9
601088.SH,2020-04-30,3056.7177,2627.0223,7.8291,0.8753
601088.SH,2020-03-31,3136.4846,2678.1446,7.4684,0.9178
601088.SH,2020-02-29,3051.4899,2638.5661,6.967,0.9173
601088.SH,2020-01-31,3263.3499,2849.6514,7.5244,0.9907
601088.SH,2019-12-31,3505.2399,3009.6144,7.9468,1.0463
601088.SH,2019-11-30,3300.7901,2838.1076,7.4939,0.9867
601088.SH,2019-10-31,3528.5135,3040.9474,8.0295,1.0572
601088.SH,2019-09-30,3579.5353,3097.0169,8.2761,1.177
601088.SH,2019-08-31,3552.5001,3082.175,8.2365,1.1713
601088.SH,2019-07-31,3634.401,3167.9284,8.5246,1.2039
601088.SH,2019-06-30,3849.9716,3360.8735,9.0438,1.1897
601088.SH,2019-05-31,3513.737,3032.7019,8.1607,1.0735
601088.SH,2019-04-30,3752.6227,3247.0854,8.7376,1.1494
601088.SH,2019-03-31,3755.7259,3233.8925,8.8913,1.19
601088.SH,2019-02-28,3931.5588,3370.7682,9.1019,1.2668
601088.SH,2019-01-31,3845.2295,3270.1728,8.8302,1.229
601088.SH,2018-12-31,3472.7874,2961.7904,7.9975,1.1131
601088.SH,2018-11-30,3617.5399,3093.7187,8.3538,1.1627
601088.SH,2018-10-31,3840.6153,3304.804,8.9237,1.242
601088.SH,2018-09-30,3897.2388,3362.5226,9.2805,1.316
601088.SH,2018-08-31,3566.3238,3049.1929,8.4157,1.1934
601088.SH,2018-07-31,3555.1593,3032.7019,8.2316,1.2376
601088.SH,2018-06-30,3821.8402,3288.313,8.9254,1.2645
601088.SH,2018-05-31,3933.7596,3364.1717,9.1313,1.2936
601088.SH,2018-04-30,3987.5064,3453.2233,9.373,1.3279
601088.SH,2018-03-31,3970.8732,3438.3814,9.208,1.3755
601088.SH,2018-02-28,4595.6705,3984.2348,11.7049,1.6443
601088.SH,2018-01-31,5022.2464,4351.9849,12.7853,1.7961
601088.SH,2017-12-31,4396.2576,3820.9735,11.2253,1.5769
601088.SH,2017-11-30,4477.3304,3924.867,11.5305,1.6198
601088.SH,2017-10-31,3964.4709,3425.1886,10.0625,1.4136
601088.SH,2017-09-30,3983.394,3453.2233,11.1962,1.4876
601088.SH,2017-08-31,3763.7642,3186.0685,10.33,1.3725
601088.SH,2017-07-31,3755.8867,3186.0685,12.6654,1.4417
601088.SH,2017-06-30,4188.5098,3675.8524,14.6124,1.3615
601088.SH,2017-05-31,4100.509,3532.3803,14.042,1.3084
601088.SH,2017-04-30,3756.928,3210.8051,12.7637,1.1893
601088.SH,2017-03-31,3736.9728,3192.6649,16.9542,1.2328
601088.SH,2017-02-28,3282.4812,2793.5818,19.9414,1.1018
601088.SH,2017-01-31,3336.76,2839.7567,20.271,1.1201
601088.SH,2016-12-31,3112.0996,2668.2499,19.0468,1.0524
601088.SH,2016-11-30,3276.5813,2791.9327,19.9296,1.1012
601088.SH,2016-10-31,3263.7927,2785.3363,19.8826,1.0986
601088.SH,2016-09-30,2950.2311,2506.6378,21.223,1.0156
601088.SH,2016-08-31,2882.2758,2473.6557,20.9438,1.0022
601088.SH,2016-07-31,2849.4882,2417.5862,19.3601,0.9792
601088.SH,2016-06-30,2734.4945,2320.289,18.5809,0.9398
601088.SH,2016-05-31,2655.6561,2300.4998,18.4224,0.9318
601088.SH,2016-04-30,2808.6134,2437.3754,19.5185,0.9872
601088.SH,2016-03-31,2664.1279,2318.6399,17.3221,0.9551
601088.SH,2016-02-29,2560.1639,2247.7285,16.7913,0.925
601088.SH,2016-01-31,2541.8873,2209.7991,16.508,0.9094
601111.SH,2020-12-31,980.412,746.1637,-10.3953,1.3373
601111.SH,2020-11-30,1027.8037,785.016,-10.9366,1.4069
601111.SH,2020-10-31,874.2713,676.4288,-9.4238,1.2123
601111.SH,2020-09-30,909.5877,706.3151,-16.6852,1.2435
601111.SH,2020-08-31,937.9311,722.2546,-17.0617,1.2716
601111.SH,2020-07-31,878.2065,680.4136,-88.6189,1.1132
601111.SH,2020-06-30,851.0464,658.4969,-85.7645,1.0773
601111.SH,2020-05-31,839.2985,644.5499,-83.948,1.0545
601111.SH,2020-04-30,954.0875,722.2546,-94.0684,1.1816
601111.SH,2020-03-31,856.981,648.5348,13.2044,1.0075
601111.SH,2020-02-29,1000.2639,704.8695,15.1313,1.1546
601111.SH,2020-01-31,1082.1947,779.5139,16.7336,1.2768
601111.SH,2019-12-31,1288.625,915.5745,19.6544,1.4997
601111.SH,2019-11-30,1133.5337,798.4112,17.1393,1.3078
601111.SH,2019-10-31,1111.8453,784.2382,16.8351,1.2846
601111.SH,2019-09-30,1080.946,755.8922,16.5826,1.318
601111.SH,2019-08-31,1065.8663,745.4987,16.3546,1.2999
601111.SH,2019-07-31,1200.722,845.6544,17.494,1.4745
601111.SH,2019-06-30,1269.6485,904.2361,18.7059,1.5466
601111.SH,2019-05-31,1134.41,799.356,16.5363,1.3672
601111.SH,2019-04-30,1377.1203,959.0383,19.8396,1.6403
601111.SH,2019-03-31,1457.9705,1024.234,21.4616,1.6891
601111.SH,2019-02-28,1314.0306,933.5269,24.3262,1.5277
601111.SH,2019-01-31,1121.2435,775.7344,20.2143,1.2695
601111.SH,2018-12-31,1033.7584,721.8771,18.8109,1.1814
601111.SH,2018-11-30,1121.2057,772.8998,20.1405,1.2649
601111.SH,2018-10-31,1002.7363,708.649,18.4662,1.1597
601111.SH,2018-09-30,1115.4427,770.0652,16.035,1.3224
601111.SH,2018-08-31,1066.0441,734.1603,15.2874,1.2607
601111.SH,2018-07-31,1058.1781,732.2706,13.3975,1.2755
601111.SH,2018-06-30,1177.2208,839.9853,15.3682,1.4631
601111.SH,2018-05-31,1434.9075,1039.3518,19.0158,1.8104
601111.SH,2018-04-30,1552.8546,1106.4373,20.2432,1.9272
601111.SH,2018-03-31,1547.1197,1119.6654,23.7723,1.9986
601111.SH,2018-02-28,1816.2722,1176.8975,25.5012,2.3428
601111.SH,2018-01-31,1737.7614,1124.9129,24.3748,2.2393
601111.SH,2017-12-31,1588.9011,1049.9187,22.7498,2.09
601111.SH,2017-11-30,1433.1641,949.3583,20.5708,1.8899
601111.SH,2017-10-31,1233.9965,808.7442,17.524,1.6099
601111.SH,2017-09-30,1120.2976,743.1243,18.9526,1.5614
601111.SH,2017-08-31,1191.3792,789.9957,20.148,1.6599
601111.SH,2017-07-31,1158.1893,753.3508,21.9669,1.5776
601111.SH,2017-06-30,1290.0914,830.9016,24.2282,1.74
601111.SH,2017-05-31,1309.9296,865.8421,25.2471,1.8132
601111.SH,2017-04-30,1164.1141,757.6118,22.0912,1.5865
601111.SH,2017-03-31,1080.6501,706.4794,17.671,1.5037
601111.SH,2017-02-28,915.3367,673.2433,13.3895,1.5404
601111.SH,2017-01-31,871.8821,645.9727,12.8471,1.478
601111.SH,2016-12-31,815.6165,613.5889,12.203,1.4039
601111.SH,2016-11-30,893.0383,677.5044,13.4742,1.5502
601111.SH,2016-10-31,833.6028,630.633,12.542,1.4429
601111.SH,2016-09-30,821.6639,616.9977,15.0514,1.4993
601111.SH,2016-08-31,861.6333,635.7462,15.5087,1.5448
601111.SH,2016-07-31,935.9368,703.9228,14.3455,1.7493
601111.SH,2016-06-30,782.77,576.0918,11.7404,1.4316
601111.SH,2016-05-31,793.4452,594.8403,12.1225,1.4697
601111.SH,2016-04-30,804.4793,580.3528,11.8272,1.434
601111.SH,2016-03-31,794.0961,584.6138,13.2509,1.5005
601111.SH,2016-02-29,700.3315,523.255,11.6336,1.3073
601111.SH,2016-01-31,742.4507,538.9039,12.2589,1.3776
601117.SH,2020-12-31,289.5671,289.5671,8.5413,0.8547
601117.SH,2020-11-30,320.1517,320.1517,9.4434,0.9449
601117.SH,2020-10-31,260.9557,260.9557,7.6973,0.7702
601117.SH,2020-09-30,265.3954,265.3954,9.1382,0.8131
601117.SH,2020-08-31,289.0738,289.0738,9.9535,0.8857
601117.SH,2020-07-31,284.1408,284.1408,9.5721,0.8708
601117.SH,2020-06-30,270.3284,270.3284,9.1068,0.8285
601117.SH,2020-05-31,274.2748,274.2748,9.2397,0.8406
601117.SH,2020-04-30,304.3661,304.3661,10.2534,0.9328
601117.SH,2020-03-31,294.5001,294.5001,10.7026,0.9302
601117.SH,2020-02-29,342.8435,342.8435,12.4595,1.0829
601117.SH,2020-01-31,346.2966,346.2966,12.585,1.0939
601117.SH,2019-12-31,317.6852,317.6852,11.5452,1.0035
601117.SH,2019-11-30,307.3259,307.3259,11.1687,0.9708
601117.SH,2019-10-31,294.9934,294.9934,10.7206,0.9318
601117.SH,2019-09-30,286.114,286.114,11.6798,0.9298
601117.SH,2019-08-31,272.7949,272.7949,11.1361,0.8865
601117.SH,2019-07-31,286.6073,286.6073,13.304,0.8717
601117.SH,2019-06-30,296.9666,296.9666,13.7849,0.9033
601117.SH,2019-05-31,299.4331,299.4331,13.8994,0.9829
601117.SH,2019-04-30,306.3393,306.3393,14.2199,1.0055
601117.SH,2019-03-31,319.1651,319.1651,16.8826,1.0797
601117.SH,2019-02-28,302.8862,302.8862,16.0215,1.0247
601117.SH,2019-01-31,267.3686,267.3686,14.1428,0.9045
601117.SH,2018-12-31,264.4088,264.4088,13.9862,0.8945
601117.SH,2018-11-30,279.2078,279.2078,14.769,0.9446
601117.SH,2018-10-31,287.5939,287.5939,15.2126,0.9729
601117.SH,2018-09-30,329.0311,329.0311,18.3393,1.1348
601117.SH,2018-08-31,328.0445,328.0445,18.2843,1.1314
601117.SH,2018-07-31,348.2698,348.2698,21.144,1.2312
601117.SH,2018-06-30,331.9909,331.9909,20.1556,1.1737
601117.SH,2018-05-31,367.5085,367.5085,22.312,1.2781
601117.SH,2018-04-30,360.109,360.109,21.8627,1.2523
601117.SH,2018-03-31,363.5621,363.5621,22.4373,1.2881
601117.SH,2018-02-28,330.511,330.511,20.3976,1.171
601117.SH,2018-01-31,370.9616,370.9616,22.894,1.3143
601117.SH,2017-12-31,332.9775,332.9775,20.5498,1.1797
601117.SH,2017-11-30,309.7924,309.7924,19.1189,1.0976
601117.SH,2017-10-31,331.0043,331.0043,20.428,1.1727
601117.SH,2017-09-30,334.9507,334.9507,18.8754,1.2057
601117.SH,2017-08-31,365.042,365.042,20.5711,1.314
601117.SH,2017-07-31,385.2673,385.2673,22.685,1.4146
601117.SH,2017-06-30,344.8167,344.8167,20.3032,1.2418
601117.SH,2017-05-31,319.1651,319.1651,18.7928,1.1494
601117.SH,2017-04-30,368.4951,368.4951,21.6975,1.327
601117.SH,2017-03-31,431.6375,431.6375,17.9732,1.5896
601117.SH,2017-02-28,397.1065,397.1065,16.5353,1.4624
601117.SH,2017-01-31,332.9775,332.9775,13.865,1.2262
601117.SH,2016-12-31,333.9641,333.9641,13.9061,1.2299
601117.SH,2016-11-30,327.5512,327.5512,13.6391,1.2063
601117.SH,2016-10-31,294.5001,294.5001,12.2629,1.0845
601117.SH,2016-09-30,273.7815,273.7815,10.73,1.0313
601117.SH,2016-08-31,281.6743,281.6743,11.0393,1.061
601117.SH,2016-07-31,279.2078,279.2078,10.3729,1.0705
601117.SH,2016-06-30,272.7949,272.7949,10.1346,1.029
601117.SH,2016-05-31,269.8351,269.8351,10.0247,1.0178
601117.SH,2016-04-30,273.7815,273.7815,10.1713,1.0327
601117.SH,2016-03-31,290.0604,290.0604,11.7105,1.1531
601117.SH,2016-02-29,258.9825,258.9825,10.4558,1.0296
601117.SH,2016-01-31,267.8619,267.8619,10.8143,1.0649
601158.SH,2020-12-31,245.76,245.76,14.2128,1.6105
601158.SH,2020-11-30,258.24,258.24,14.9345,1.6923
601158.SH,2020-10-31,250.56,250.56,14.4904,1.6419
601158.SH,2020-09-30,249.6,249.6,15.4643,1.7197
601158.SH,2020-08-31,258.24,258.24,15.9996,1.7792
601158.SH,2020-07-31,254.4,254.4,15.9492,1.8118
601158.SH,2020-06-30,239.52,239.52,15.0163,1.7058
601158.SH,2020-05-31,251.52,251.52,15.7686,1.6466
601158.SH,2020-04-30,253.92,253.92,15.9191,1.6623
601158.SH,2020-03-31,250.08,250.08,16.992,1.6957
601158.SH,2020-02-29,253.92,253.92,17.253,1.7218
601158.SH,2020-01-31,264.96,264.96,18.0031,1.7966
601158.SH,2019-12-31,268.8,268.8,18.264,1.8227
601158.SH,2019-11-30,264,264,17.9379,1.7901
601158.SH,2019-10-31,280.32,280.32,19.0467,1.9008
601158.SH,2019-09-30,268.8,268.8,18.3074,1.9048
601158.SH,2019-08-31,267.36,267.36,18.2093,1.8946
601158.SH,2019-07-31,265.44,265.44,18.416,1.9512
601158.SH,2019-06-30,268.8,268.8,18.6492,1.9759
601158.SH,2019-05-31,281.28,281.28,19.515,1.8817
601158.SH,2019-04-30,280.32,280.32,19.4484,1.8753
601158.SH,2019-03-31,294.72,294.72,20.7327,2.084
601158.SH,2019-02-28,291.36,291.36,14.8655,2.0632
601158.SH,2019-01-31,269.28,269.28,13.739,1.9068
601158.SH,2018-12-31,266.88,266.88,13.6165,1.8898
601158.SH,2018-11-30,264.48,264.48,13.4941,1.8728
601158.SH,2018-10-31,256.8,256.8,13.1022,1.8184
601158.SH,2018-09-30,271.68,271.68,14.7739,2.0087
601158.SH,2018-08-31,258.72,258.72,14.0691,1.9129
601158.SH,2018-07-31,272.16,272.16,14.9004,2.0847
601158.SH,2018-06-30,260.16,260.16,14.2434,1.9928
601158.SH,2018-05-31,302.88,302.88,16.5823,2.0895
601158.SH,2018-04-30,309.6,309.6,16.9502,2.1359
601158.SH,2018-03-31,319.2,319.2,15.4433,2.2516
601158.SH,2018-02-28,308.64,308.64,23.5784,2.2667
601158.SH,2018-01-31,315.84,315.84,24.1285,2.3196
601158.SH,2017-12-31,310.08,310.08,23.6884,2.2773
601158.SH,2017-11-30,309.6,309.6,23.6518,2.2737
601158.SH,2017-10-31,327.84,327.84,25.0452,2.4077
601158.SH,2017-09-30,330.24,330.24,24.7287,2.512
601158.SH,2017-08-31,339.36,339.36,25.4116,2.5813
601158.SH,2017-07-31,342.72,342.72,25.9086,2.7061
601158.SH,2017-06-30,343.2,343.2,25.9448,2.7099
601158.SH,2017-05-31,364.32,364.32,27.5415,2.6006
601158.SH,2017-04-30,358.08,358.08,27.0697,2.5561
601158.SH,2017-03-31,372,372,34.8283,2.7734
601158.SH,2017-02-28,399.36,399.36,27.4628,2.9359
601158.SH,2017-01-31,376.32,376.32,25.8784,2.7666
601158.SH,2016-12-31,356.64,356.64,24.5251,2.6219
601158.SH,2016-11-30,378.24,378.24,26.0104,2.7807
601158.SH,2016-10-31,374.88,374.88,25.7794,2.756
601158.SH,2016-09-30,343.2,343.2,23.9747,2.6196
601158.SH,2016-08-31,362.4,362.4,25.3159,2.7661
601158.SH,2016-07-31,338.4,338.4,22.0216,2.6753
601158.SH,2016-06-30,308.64,308.64,20.085,2.44
601158.SH,2016-05-31,326.88,326.88,21.2719,2.3522
601158.SH,2016-04-30,332.16,332.16,21.6155,2.3902
601158.SH,2016-03-31,372.48,372.48,24.0067,2.7399
601158.SH,2016-02-29,317.28,317.28,23.1146,2.3684
601158.SH,2016-01-31,314.4,314.4,22.9047,2.3469
601118.SH,2020-12-31,206.2684,206.2684,-444.6756,2.143
601118.SH,2020-11-30,225.0979,225.0979,-485.2684,2.3386
601118.SH,2020-10-31,225.0979,225.0979,-485.2684,2.3386
601118.SH,2020-09-30,213.1155,213.1155,-142.753,2.2417
601118.SH,2020-08-31,231.517,231.517,-155.0791,2.4352
601118.SH,2020-07-31,229.3773,229.3773,-610.2953,2.3989
601118.SH,2020-06-30,207.9802,207.9802,-553.3648,2.1751
601118.SH,2020-05-31,240.0759,240.0759,-638.7606,2.5068
601118.SH,2020-04-30,216.1111,216.1111,-574.9984,2.2566
601118.SH,2020-03-31,228.5214,228.5214,-176.1992,2.3559
601118.SH,2020-02-29,179.308,179.308,-138.2536,1.8486
601118.SH,2020-01-31,204.5566,204.5566,-157.7213,2.1089
601118.SH,2019-12-31,210.5478,210.5478,-162.3408,2.1706
601118.SH,2019-11-30,196.4257,196.4257,-151.4521,2.025
601118.SH,2019-10-31,196.4257,196.4257,-151.4521,2.025
601118.SH,2019-09-30,192.1463,192.1463,27.6485,1.9839
601118.SH,2019-08-31,195.5699,195.5699,28.1411,2.0192
601118.SH,2019-07-31,214.8273,214.8273,43.0963,2.197
601118.SH,2019-06-30,220.3905,220.3905,44.2124,2.2539
601118.SH,2019-05-31,220.8185,220.8185,44.2982,2.2474
601118.SH,2019-04-30,222.1023,222.1023,44.5558,2.2605
601118.SH,2019-03-31,238.3641,238.3641,138.5619,2.3797
601118.SH,2019-02-28,227.2376,227.2376,132.0941,2.2686
601118.SH,2019-01-31,191.7184,191.7184,111.4466,1.914
601118.SH,2018-12-31,192.1463,192.1463,111.6953,1.9182
601118.SH,2018-11-30,210.1199,210.1199,122.1435,2.0977
601118.SH,2018-10-31,283.2981,283.2981,164.6822,2.8282
601118.SH,2018-09-30,283.2981,283.2981,-53.9315,3.0839
601118.SH,2018-08-31,283.2981,283.2981,-53.9315,3.0839
601118.SH,2018-07-31,283.2981,283.2981,-53.3512,3.0381
601118.SH,2018-06-30,283.2981,283.2981,-53.3512,3.0381
601118.SH,2018-05-31,283.2981,283.2981,-53.3512,3.0381
601118.SH,2018-04-30,231.945,231.945,-43.6803,2.4873
601118.SH,2018-03-31,266.1804,266.1804,75.4795,2.7812
601118.SH,2018-02-28,249.9186,249.9186,70.8682,2.6113
601118.SH,2018-01-31,229.9735,229.9735,65.2125,2.857
601118.SH,2017-12-31,218.18,218.18,61.8682,2.7105
601118.SH,2017-11-30,221.7181,221.7181,62.8715,2.7545
601118.SH,2017-10-31,243.7326,243.7326,69.1141,3.028
601118.SH,2017-09-30,252.7743,252.7743,164.3446,3.1954
601118.SH,2017-08-31,260.2436,260.2436,169.2009,3.2898
601118.SH,2017-07-31,246.4845,246.4845,151.8696,3.0623
601118.SH,2017-06-30,223.2905,223.2905,137.5789,2.7741
601118.SH,2017-05-31,208.3521,208.3521,128.3746,2.5885
601118.SH,2017-04-30,225.6492,225.6492,139.0322,2.8034
601118.SH,2017-03-31,271.2508,271.2508,-34.6344,3.5194
601118.SH,2017-02-28,287.3686,287.3686,-36.6924,3.7285
601118.SH,2017-01-31,300.7346,300.7346,-38.399,3.902
601118.SH,2016-12-31,273.6095,273.6095,-34.9356,3.55
601118.SH,2016-11-30,286.5824,286.5824,-36.592,3.7183
601118.SH,2016-10-31,248.45,248.45,-31.7231,3.2236
601118.SH,2016-09-30,231.9391,231.9391,-25.9502,2.9877
601118.SH,2016-08-31,239.4084,239.4084,-26.7859,3.0839
601118.SH,2016-07-31,228.4011,228.4011,-23.63,2.8942
601118.SH,2016-06-30,219.7525,219.7525,-22.7352,2.7846
601118.SH,2016-05-31,217.3938,217.3938,-22.4912,2.7547
601118.SH,2016-04-30,237.4428,237.4428,-24.5654,3.0088
601118.SH,2016-03-31,235.4772,235.4772,-50.1803,2.7725
601118.SH,2016-02-29,189.0894,189.0894,-40.295,2.2263
601118.SH,2016-01-31,198.9173,198.9173,-42.3893,2.342
601166.SH,2020-12-31,4335.5736,4093.7028,6.9002,0.846
601166.SH,2020-11-30,4366.7349,4123.1257,6.9497,0.8521
601166.SH,2020-10-31,3697.806,3491.5146,5.8851,0.7216
601166.SH,2020-09-30,3350.877,3163.9399,5.3546,0.6733
601166.SH,2020-08-31,3357.1092,3169.8245,5.3646,0.6746
601166.SH,2020-07-31,3253.2383,3071.7482,4.8415,0.6619
601166.SH,2020-06-30,3278.1673,3095.2865,4.8786,0.6462
601166.SH,2020-05-31,3344.6447,3158.0553,4.9775,0.6593
601166.SH,2020-04-30,3452.6705,3260.0546,5.1383,0.6806
601166.SH,2020-03-31,3305.1737,3031.2268,5.0179,0.6804
601166.SH,2020-02-29,3591.8576,3294.149,5.4531,0.7394
601166.SH,2020-01-31,3861.9221,3541.8294,5.8631,0.795
601166.SH,2019-12-31,4113.2898,3772.3627,6.3351,0.8664
601166.SH,2019-11-30,3924.2446,3598.9864,6.0439,0.8266
601166.SH,2019-10-31,3888.9285,3566.5974,5.9895,0.8191
601166.SH,2019-09-30,3641.7156,3339.8746,5.795,0.8015
601166.SH,2019-08-31,3566.9286,3271.2862,5.676,0.785
601166.SH,2019-07-31,3974.1027,3644.712,6.3461,0.8992
601166.SH,2019-06-30,3799.5995,3484.6724,6.0674,0.8597
601166.SH,2019-05-31,3650.0253,3347.4956,5.8286,0.7999
601166.SH,2019-04-30,4138.2188,3795.2255,6.6081,0.9069
601166.SH,2019-03-31,3774.6705,3461.8096,6.2295,0.8573
601166.SH,2019-02-28,3710.2705,3402.7473,6.1233,0.8427
601166.SH,2019-01-31,3406.9673,3124.5832,5.6227,0.7738
601166.SH,2018-12-31,3103.6641,2846.4191,5.1172,0.7243
601166.SH,2018-11-30,3311.406,3036.9425,5.4597,0.7728
601166.SH,2018-10-31,3348.7995,3071.2367,5.5213,0.7815
601166.SH,2018-09-30,3313.4834,3038.8477,5.5918,0.8096
601166.SH,2018-08-31,3132.748,2873.0924,5.2868,0.7654
601166.SH,2018-07-31,3209.6125,2943.586,5.5309,0.8093
601166.SH,2018-06-30,2991.4835,2743.5365,5.155,0.7543
601166.SH,2018-05-31,3309.3286,3035.0372,5.7027,0.807
601166.SH,2018-04-30,3346.7221,3069.3315,5.7671,0.8161
601166.SH,2018-03-31,3467.2124,3179.835,6.0435,0.8862
601166.SH,2018-02-28,3710.2705,3402.7473,6.4672,0.9483
601166.SH,2018-01-31,3880.6188,3558.9765,6.7641,0.9919
601166.SH,2017-12-31,3529.535,3236.992,6.1903,0.9228
601166.SH,2017-11-30,3633.406,3332.2537,6.3725,0.9499
601166.SH,2017-10-31,3623.0189,3322.7275,6.3543,0.9472
601166.SH,2017-09-30,3591.8576,3294.149,6.4129,0.9785
601166.SH,2017-08-31,3666.6447,3362.7374,6.5464,0.9988
601166.SH,2017-07-31,3689.4963,3383.695,6.7113,1.046
601166.SH,2017-06-30,3502.5286,3212.224,6.3712,0.993
601166.SH,2017-05-31,3438.1286,3153.1617,6.2541,0.9409
601166.SH,2017-04-30,3211.6899,2945.4913,5.8422,0.9337
601166.SH,2017-03-31,3088.3838,3088.3838,5.8307,0.971
601166.SH,2017-02-28,3191.2664,3191.2664,6.0249,1.0033
601166.SH,2017-01-31,3252.2339,3252.2339,6.14,1.0225
601166.SH,2016-12-31,3075.0472,3075.0472,5.8055,0.9668
601166.SH,2016-11-30,3208.4135,3208.4135,6.0573,1.0087
601166.SH,2016-10-31,3107.4361,3107.4361,5.8666,0.9769
601166.SH,2016-09-30,3042.6582,3042.6582,5.8621,1.0059
601166.SH,2016-08-31,3061.7105,3061.7105,5.8988,1.0122
601166.SH,2016-07-31,2945.4913,2945.4913,5.7623,1.0077
601166.SH,2016-06-30,2903.5761,2903.5761,5.6803,0.9933
601166.SH,2016-05-31,3086.4786,3086.4786,6.0381,1.0155
601166.SH,2016-04-30,3071.2367,3071.2367,6.0082,1.0105
601166.SH,2016-03-31,2958.8279,2958.8279,5.8874,1.0267
601166.SH,2016-02-29,2701.6214,2701.6214,5.3756,0.9375
601166.SH,2016-01-31,2754.9679,2754.9679,5.4818,0.956
601169.SH,2020-12-31,1023.3204,1023.3204,5.1353,0.5222
601169.SH,2020-11-30,1031.7776,890.5029,5.1778,0.5266
601169.SH,2020-10-31,987.3774,852.1821,4.955,0.5039
601169.SH,2020-09-30,989.4917,854.0069,4.9263,0.5849
601169.SH,2020-08-31,1029.6633,888.6781,5.1263,0.6086
601169.SH,2020-07-31,1021.2061,881.3789,4.69,0.5358
601169.SH,2020-06-30,1036.0062,894.1525,4.758,0.5257
601169.SH,2020-05-31,1031.7776,890.5029,4.7386,0.5236
601169.SH,2020-04-30,1052.9206,908.7509,4.8357,0.5343
601169.SH,2020-03-31,1021.2061,881.3789,4.7586,0.55
601169.SH,2020-02-29,1080.4065,932.4734,5.0345,0.5819
601169.SH,2020-01-31,1145.9497,989.0422,5.3399,0.6172
601169.SH,2019-12-31,1200.9215,1036.487,5.5961,0.6468
601169.SH,2019-11-30,1175.5499,1014.5894,5.4779,0.6331
601169.SH,2019-10-31,1171.3213,1010.9398,5.4582,0.6308
601169.SH,2019-09-30,1133.264,978.0934,5.3921,0.6518
601169.SH,2019-08-31,1110.0067,958.0206,5.2815,0.6385
601169.SH,2019-07-31,1190.35,1027.363,5.7922,0.685
601169.SH,2019-06-30,1249.5504,1078.4574,6.0802,0.6949
601169.SH,2019-05-31,1226.2931,1058.3846,5.9671,0.682
601169.SH,2019-04-30,1346.8081,1162.3983,6.5535,0.749
601169.SH,2019-03-31,1310.865,1131.3767,6.6059,0.7727
601169.SH,2019-02-28,1357.3796,1171.5223,6.8403,0.8001
601169.SH,2019-01-31,1262.2362,1089.4062,6.3608,0.7441
601169.SH,2018-12-31,1186.1214,1023.7134,5.9772,0.6992
601169.SH,2018-11-30,1253.779,1082.107,6.3182,0.7391
601169.SH,2018-10-31,1285.4934,1109.4791,6.478,0.7578
601169.SH,2018-09-30,1291.8363,1114.9535,6.6221,0.8146
601169.SH,2018-08-31,1232.636,1063.859,6.3186,0.7773
601169.SH,2018-07-31,1258.0076,1085.7566,6.5958,0.7961
601169.SH,2018-06-30,1274.922,1100.3551,6.6844,0.779
601169.SH,2018-05-31,1399.6656,1208.0183,7.3385,0.8552
601169.SH,2018-04-30,1437.7229,1240.8647,7.538,0.8784
601169.SH,2018-03-31,1454.6373,1255.4631,7.9216,0.9385
601169.SH,2018-02-28,1545.5522,1333.9296,8.4167,0.9972
601169.SH,2018-01-31,1587.8381,1370.4256,8.6469,1.0244
601169.SH,2017-12-31,1511.7234,1304.7328,8.2324,0.9753
601169.SH,2017-11-30,1354.0024,1354.0024,7.3735,1.0071
601169.SH,2017-10-31,1339.404,1339.404,7.294,0.9962
601169.SH,2017-09-30,1361.3016,1361.3016,7.4551,1.0462
601169.SH,2017-08-31,1394.148,1394.148,7.635,1.0715
601169.SH,2017-07-31,1423.3448,1423.3448,7.9198,1.1028
601169.SH,2017-06-30,1394.4522,1394.4522,7.759,1.0804
601169.SH,2017-05-31,1359.4768,1359.4768,7.5644,1.0533
601169.SH,2017-04-30,1367.0801,1367.0801,7.6067,1.0592
601169.SH,2017-03-31,1461.3615,1461.3615,8.2759,1.1832
601169.SH,2017-02-28,1529.7916,1529.7916,8.6634,1.2386
601169.SH,2017-01-31,1534.3536,1534.3536,8.6893,1.2423
601169.SH,2016-12-31,1484.1715,1484.1715,8.4051,1.2017
601169.SH,2016-11-30,1538.9156,1538.9156,8.7151,1.246
601169.SH,2016-10-31,1417.2622,1417.2622,8.0262,1.1475
601169.SH,2016-09-30,1383.8075,1383.8075,7.942,1.196
601169.SH,2016-08-31,1365.5595,1365.5595,7.8372,1.2013
601169.SH,2016-07-31,1277.3608,1277.3608,7.4577,1.1237
601169.SH,2016-06-30,1314.1102,1314.1102,7.6723,1.1247
601169.SH,2016-05-31,1363.5319,1363.5319,7.9608,1.1669
601169.SH,2016-04-30,1305.2397,1305.2397,7.6205,1.1171
601169.SH,2016-03-31,1277.3608,1277.3608,7.4408,1.1844
601169.SH,2016-02-29,1217.8013,1217.8013,7.0939,1.1292
601169.SH,2016-01-31,1182.319,1182.319,6.8872,1.0963
601179.SH,2020-12-31,236.3032,236.3032,70.6347,1.1932
601179.SH,2020-11-30,234.2528,234.2528,70.0218,1.1828
601179.SH,2020-10-31,226.564,226.564,67.7235,1.144
601179.SH,2020-09-30,221.9507,221.9507,66.2856,1.1254
601179.SH,2020-08-31,247.5801,247.5801,73.9399,1.2553
601179.SH,2020-07-31,275.2599,275.2599,76.7163,1.4044
601179.SH,2020-06-30,248.0927,248.0927,69.1447,1.2658
601179.SH,2020-05-31,259.3696,259.3696,72.2876,1.3063
601179.SH,2020-04-30,303.4522,303.4522,84.5736,1.5283
601179.SH,2020-03-31,261.42,261.42,42.9473,1.3256
601179.SH,2020-02-29,169.6667,169.6667,27.8736,0.8603
601179.SH,2020-01-31,180.4311,180.4311,29.6421,0.9149
601179.SH,2019-12-31,186.5821,186.5821,30.6526,0.9461
601179.SH,2019-11-30,181.9688,181.9688,29.8947,0.9227
601179.SH,2019-10-31,176.8429,176.8429,29.0526,0.8967
601179.SH,2019-09-30,175.3052,175.3052,34.3772,0.9014
601179.SH,2019-08-31,180.4311,180.4311,35.3823,0.9278
601179.SH,2019-07-31,187.6073,187.6073,39.0951,0.9584
601179.SH,2019-06-30,189.6576,189.6576,39.5224,0.9604
601179.SH,2019-05-31,190.1702,190.1702,39.6292,0.963
601179.SH,2019-04-30,205.5479,205.5479,42.8337,1.0408
601179.SH,2019-03-31,216.3122,216.3122,43.3009,1.1189
601179.SH,2019-02-28,212.2115,212.2115,42.48,1.0977
601179.SH,2019-01-31,186.5821,186.5821,37.3496,0.9651
601179.SH,2018-12-31,172.2296,172.2296,34.4766,0.8909
601179.SH,2018-11-30,178.3807,178.3807,35.7079,0.9227
601179.SH,2018-10-31,175.3052,175.3052,35.0922,0.9068
601179.SH,2018-09-30,187.6073,187.6073,33.5747,0.9705
601179.SH,2018-08-31,174.28,174.28,31.1896,0.9016
601179.SH,2018-07-31,184.5318,184.5318,23.9749,0.9583
601179.SH,2018-06-30,175.3052,175.3052,22.7761,0.9104
601179.SH,2018-05-31,191.1954,191.1954,24.8406,0.9791
601179.SH,2018-04-30,197.3465,197.3465,25.6398,1.0106
601179.SH,2018-03-31,213.7493,213.7493,20.8835,1.1179
601179.SH,2018-02-28,213.2367,213.2367,20.8335,1.1152
601179.SH,2018-01-31,232.2025,232.2025,22.6864,1.2144
601179.SH,2017-12-31,224.0011,224.0011,21.8852,1.1715
601179.SH,2017-11-30,231.6899,231.6899,22.6364,1.2117
601179.SH,2017-10-31,267.5711,267.5711,26.142,1.3994
601179.SH,2017-09-30,279.8732,279.8732,22.2396,1.4682
601179.SH,2017-08-31,293.7131,293.7131,23.3394,1.5408
601179.SH,2017-07-31,291.1501,291.1501,24.2666,1.5493
601179.SH,2017-06-30,284.9991,284.9991,23.7539,1.5166
601179.SH,2017-05-31,273.7221,273.7221,22.814,1.4179
601179.SH,2017-04-30,311.1411,311.1411,25.9328,1.6118
601179.SH,2017-03-31,326.5187,326.5187,29.6539,1.7644
601179.SH,2017-02-28,309.6033,309.6033,28.1176,1.673
601179.SH,2017-01-31,302.9396,302.9396,27.5125,1.637
601179.SH,2016-12-31,286.0242,286.0242,25.9762,1.5456
601179.SH,2016-11-30,309.6033,309.6033,28.1176,1.673
601179.SH,2016-10-31,280.8984,280.8984,25.5107,1.5179
601179.SH,2016-09-30,265.0081,265.0081,27.6891,1.4589
601179.SH,2016-08-31,271.1592,271.1592,28.3318,1.4927
601179.SH,2016-07-31,269.1088,228.7425,27.6302,1.4989
601179.SH,2016-06-30,259.8822,220.8999,26.6829,1.4475
601179.SH,2016-05-31,275.7725,234.4066,28.3144,1.477
601179.SH,2016-04-30,279.3606,237.4565,28.6828,1.4962
601179.SH,2016-03-31,288.0746,244.8634,31.8676,1.5627
601179.SH,2016-02-29,261.9326,222.6427,43.8841,1.4503
601179.SH,2016-01-31,266.5459,226.564,44.657,1.4759
601186.SH,2020-12-31,982.8501,908.7564,5.2618,0.5976
601186.SH,2020-11-30,1078.3478,988.1288,5.7214,0.6498
601186.SH,2020-10-31,1052.5721,958.2204,5.5482,0.6301
601186.SH,2020-09-30,1050.864,953.6191,5.5649,0.6442
601186.SH,2020-08-31,1136.7809,1027.2398,5.9945,0.6939
601186.SH,2020-07-31,1126.9664,1011.1353,6.1904,0.7063
601186.SH,2020-06-30,1079.4732,963.972,5.9016,0.6622
601186.SH,2020-05-31,1127.3912,995.0307,6.0918,0.6835
601186.SH,2020-04-30,1286.0107,1125.0174,6.8876,0.7728
601186.SH,2020-03-31,1295.4383,1130.769,6.6091,0.7863
601186.SH,2020-02-29,1259.2452,1092.8083,6.4575,0.8012
601186.SH,2020-01-31,1223.956,1083.6057,6.4031,0.7944
601186.SH,2019-12-31,1325.0789,1166.4291,6.8925,0.8552
601186.SH,2019-11-30,1263.0199,1112.3638,6.573,0.8155
601186.SH,2019-10-31,1239.3378,1079.0044,6.3759,0.7911
601186.SH,2019-09-30,1248.7094,1088.207,6.687,0.7564
601186.SH,2019-08-31,1205.4677,1046.7953,6.4325,0.7215
601186.SH,2019-07-31,1283.3874,1116.9651,7.1665,0.7699
601186.SH,2019-06-30,1319.5454,1144.5729,7.3436,0.8789
601186.SH,2019-05-31,1248.6882,1081.3051,6.9377,0.8303
601186.SH,2019-04-30,1411.8844,1246.9518,8.0005,0.9575
601186.SH,2019-03-31,1507.113,1324.0236,8.7147,1.0455
601186.SH,2019-02-28,1511.3402,1311.37,8.5178,1.0744
601186.SH,2019-01-31,1353.7257,1160.6775,7.539,0.9509
601186.SH,2018-12-31,1447.9734,1250.4028,8.1218,1.0244
601186.SH,2018-11-30,1448.705,1264.2067,8.2114,0.9073
601186.SH,2018-10-31,1448.1974,1265.357,8.2189,0.9082
601186.SH,2018-09-30,1475.5469,1282.6119,8.631,0.9463
601186.SH,2018-08-31,1390.6688,1219.344,8.2052,0.8996
601186.SH,2018-07-31,1348.7053,1177.9323,8.3766,0.9099
601186.SH,2018-06-30,1130.7465,991.5798,7.0514,0.7539
601186.SH,2018-05-31,1205.7514,1054.8476,7.5014,0.802
601186.SH,2018-04-30,1296.4671,1139.9716,8.1067,0.8667
601186.SH,2018-03-31,1256.1445,1125.0174,8.2709,0.8889
601186.SH,2018-02-28,1351.1649,1210.1414,9.2734,1.0244
601186.SH,2018-01-31,1511.5567,1351.6313,10.3576,1.1442
601186.SH,2017-12-31,1438.7066,1281.4615,9.8199,1.0848
601186.SH,2017-11-30,1512.7418,1350.481,10.3488,1.1432
601186.SH,2017-10-31,1549.9776,1376.9385,10.5515,1.1656
601186.SH,2017-09-30,1538.9353,1364.2849,10.9557,1.1903
601186.SH,2017-08-31,1613.0105,1433.3044,11.5099,1.2505
601186.SH,2017-07-31,1688.0882,1503.4742,12.4059,1.3463
601186.SH,2017-06-30,1567.29,1383.8404,11.4187,1.2191
601186.SH,2017-05-31,1582.9621,1387.2914,11.4472,1.2221
601186.SH,2017-04-30,1700.1354,1500.0232,12.3774,1.3215
601186.SH,2017-03-31,1697.4049,1494.2716,12.6002,1.3446
601186.SH,2017-02-28,1726.1223,1524.18,13.1774,1.4251
601186.SH,2017-01-31,1612.3778,1413.7489,12.2226,1.3219
601186.SH,2016-12-31,1561.1435,1375.7882,11.8944,1.2864
601186.SH,2016-11-30,1650.2759,1447.1083,12.511,1.3531
601186.SH,2016-10-31,1360.8683,1184.8343,10.2435,1.1078
601186.SH,2016-09-30,1193.7537,1036.4424,9.3135,0.9944
601186.SH,2016-08-31,1246.6512,1076.7038,9.6753,1.1268
601186.SH,2016-07-31,1191.6708,1026.0895,9.2889,1.0738
601186.SH,2016-06-30,1317.322,1022.0201,10.3719,1.1778
601186.SH,2016-05-31,1333.7101,1037.4119,10.5281,1.1955
601186.SH,2016-04-30,1373.5724,1072.3002,10.8822,1.2357
601186.SH,2016-03-31,1449.1996,1150.2856,12.038,1.3632
601186.SH,2016-02-29,1248.0897,998.4192,11.0476,1.2322
601186.SH,2016-01-31,1294.594,1035.3597,11.4563,1.2777
601198.SH,2020-12-31,367.3604,367.3604,26.5073,1.7543
601198.SH,2020-11-30,364.6024,364.6024,26.3083,1.7411
601198.SH,2020-10-31,336.4712,336.4712,24.2784,1.6068
601198.SH,2020-09-30,353.8464,353.8464,30.9578,1.7199
601198.SH,2020-08-31,368.1877,368.1877,32.2125,1.7896
601198.SH,2020-07-31,379.2196,379.2196,38.8791,1.8718
601198.SH,2020-06-30,300.6177,300.6177,30.8205,1.4561
601198.SH,2020-05-31,289.0343,289.0343,29.6329,1.4
601198.SH,2020-04-30,295.6534,295.6534,30.3116,1.432
601198.SH,2020-03-31,300.8935,300.8935,22.5045,1.477
601198.SH,2020-02-29,333.4374,333.4374,24.9385,1.6368
601198.SH,2020-01-31,338.4018,338.4018,25.3098,1.6611
601198.SH,2019-12-31,362.396,362.396,27.1044,1.7789
601198.SH,2019-11-30,298.6871,298.6871,22.3394,1.4662
601198.SH,2019-10-31,300.0661,300.0661,22.4426,1.4729
601198.SH,2019-09-30,301.9967,301.9967,23.3026,1.5259
601198.SH,2019-08-31,294.826,294.826,22.7493,1.4896
601198.SH,2019-07-31,310.8222,310.8222,24.1824,1.5823
601198.SH,2019-06-30,327.6457,327.6457,25.4913,1.6374
601198.SH,2019-05-31,321.854,321.854,25.0407,1.6085
601198.SH,2019-04-30,365.4298,365.4298,28.4309,1.8263
601198.SH,2019-03-31,380.5986,380.5986,32.7878,1.9489
601198.SH,2019-02-28,362.1202,362.1202,31.1959,1.8543
601198.SH,2019-01-31,261.4547,261.4547,22.5238,1.3388
601198.SH,2018-12-31,263.661,263.661,22.7139,1.3501
601198.SH,2018-11-30,289.3101,289.3101,24.9235,1.4815
601198.SH,2018-10-31,279.933,279.933,24.1157,1.4335
601198.SH,2018-09-30,282.9668,282.9668,21.4287,1.4742
601198.SH,2018-08-31,275.7961,275.7961,20.8857,1.4369
601198.SH,2018-07-31,345.5725,345.5725,26.9109,1.7764
601198.SH,2018-06-30,359.6381,359.6381,28.0062,1.8487
601198.SH,2018-05-31,390.803,390.803,30.4332,2.0089
601198.SH,2018-04-30,374.5311,374.5311,29.166,1.9253
601198.SH,2018-03-31,391.9062,391.9062,33.133,2.0634
601198.SH,2018-02-28,380.3228,380.3228,32.1537,2.0024
601198.SH,2018-01-31,401.5591,183.1591,33.9491,2.1142
601198.SH,2017-12-31,397.1463,181.1463,33.576,2.091
601198.SH,2017-11-30,452.8571,206.5571,38.286,2.3843
601198.SH,2017-10-31,465.5438,212.3438,39.3585,2.4511
601198.SH,2017-09-30,507.189,184.6356,43.8327,2.717
601198.SH,2017-08-31,528.4253,192.3664,45.668,2.8307
601198.SH,2017-07-31,497.8119,181.222,36.1645,2.7202
601198.SH,2017-06-30,475.4724,173.0896,34.5416,2.5981
601198.SH,2017-05-31,468.5775,170.5796,34.0407,2.5039
601198.SH,2017-04-30,473.8176,155.3072,34.4214,2.5319
601198.SH,2017-03-31,507.189,166.2456,36.9339,2.7812
601198.SH,2017-02-28,536.6991,175.9184,39.0829,2.943
601198.SH,2017-01-31,528.9769,173.3872,38.5205,2.9006
601198.SH,2016-12-31,553.2469,181.3424,40.2879,3.0337
601198.SH,2016-11-30,637.0889,208.824,46.3933,3.4935
601198.SH,2016-10-31,639.2953,209.5472,46.554,3.5056
601198.SH,2016-09-30,549.8784,198.5184,42.5945,4.2112
601198.SH,2016-08-31,578.424,208.824,44.8057,4.4298
601198.SH,2016-07-31,556.8896,201.0496,33.9251,4.3526
601198.SH,2016-06-30,611.9776,220.9376,37.281,4.7831
601198.SH,2016-05-31,607.4704,219.3104,37.0064,4.5264
601198.SH,2016-04-30,607.4704,219.3104,37.0064,4.5264
601198.SH,2016-03-31,675.8296,243.9896,33.0652,4.9748
601198.SH,2016-02-29,482.7712,174.2912,23.6197,3.5537
601198.SH,2016-01-31,565.4032,112.9,27.6625,4.162
601211.SH,2020-12-31,1450.0338,1303.815,14.1416,1.2587
601211.SH,2020-11-30,1541.7685,1392.3226,15.1016,1.3442
601211.SH,2020-10-31,1504.7258,1383.0582,14.8434,1.3212
601211.SH,2020-09-30,1502.3846,1371.0316,17.9129,1.3413
601211.SH,2020-08-31,1602.6958,1453.6183,18.9931,1.4222
601211.SH,2020-07-31,1549.7916,1388.9795,22.0748,1.3403
601211.SH,2020-06-30,1433.5713,1297.2826,20.6175,1.2518
601211.SH,2020-05-31,1308.1136,1177.7762,18.7182,1.1365
601211.SH,2020-04-30,1413.421,1271.7277,20.2113,1.2272
601211.SH,2020-03-31,1370.3802,1223.6246,16.7906,1.1949
601211.SH,2020-02-29,1440.5921,1277.7406,17.5562,1.2716
601211.SH,2020-01-31,1474.4685,1320.5825,18.1449,1.2903
601211.SH,2019-12-31,1561.7852,1389.7308,21.2744,1.3831
601211.SH,2019-11-30,1404.6805,1255.9438,19.2264,1.2499
601211.SH,2019-10-31,1432.5692,1282.2502,19.6291,1.2761
601211.SH,2019-09-30,1473.7464,1320.5824,20.2757,1.2386
601211.SH,2019-08-31,1425.0673,1284.505,19.7218,1.2047
601211.SH,2019-07-31,1517.1816,1361.1695,20.8988,1.2527
601211.SH,2019-06-30,1549.6356,1379.2082,21.9281,1.3745
601211.SH,2019-05-31,1371.5579,1207.8406,19.2035,1.2037
601211.SH,2019-04-30,1615.3941,1415.2855,22.5017,1.4104
601211.SH,2019-03-31,1694.307,1514.4973,26.1751,1.5633
601211.SH,2019-02-28,1644.8509,1466.3941,25.3409,1.3757
601211.SH,2019-01-31,1431.6027,1260.4522,21.782,1.3005
601211.SH,2018-12-31,1317.7151,1151.4686,15.9715,1.0802
601211.SH,2018-11-30,1378.3076,1205.5846,16.7222,1.131
601211.SH,2018-10-31,1321.8683,1146.2073,15.8986,1.0753
601211.SH,2018-09-30,1296.3639,1126.6654,14.3002,1.1796
601211.SH,2018-08-31,1267.5786,1098.8558,13.9472,1.1504
601211.SH,2018-07-31,1297.5355,1128.1686,14.3193,1.0738
601211.SH,2018-06-30,1276.3244,1107.8751,13.4107,1.0545
601211.SH,2018-05-31,1440.5745,794.6197,15.2758,1.1678
601211.SH,2018-04-30,1505.6118,835.3209,16.0582,1.2276
601211.SH,2018-03-31,1446.2489,807.3979,15.0442,1.2074
601211.SH,2018-02-28,1516.7611,844.313,15.7309,1.2878
601211.SH,2018-01-31,1700.5746,949.8521,17.6972,1.4205
601211.SH,2017-12-31,1566.2049,876.4943,17.4842,1.3369
601211.SH,2017-11-30,1694.6155,956.95,19.0891,1.4596
601211.SH,2017-10-31,1684.9064,943.6985,18.8247,1.4394
601211.SH,2017-09-30,1797.1223,1023.6809,19.6797,1.6121
601211.SH,2017-08-31,1794.765,1021.3146,19.6342,1.6083
601211.SH,2017-07-31,1747.0036,988.659,19.0114,1.7026
601211.SH,2017-06-30,1711.2192,970.6748,17.819,1.5511
601211.SH,2017-05-31,1613.235,911.5162,16.733,1.4565
601211.SH,2017-04-30,1529.3447,861.6876,15.7233,1.3767
601211.SH,2017-03-31,1391.5625,871.2567,14.1399,1.4347
601211.SH,2017-02-28,1459.425,913.7454,14.8294,1.4599
601211.SH,2017-01-31,1460.95,914.7002,14.845,1.4615
601211.SH,2016-12-31,1417.4875,887.4883,12.4497,1.4539
601211.SH,2016-11-30,1518.1375,950.5052,13.3337,1.5571
601211.SH,2016-10-31,1360.3,851.6832,11.9474,1.5547
601211.SH,2016-09-30,1352.675,846.9092,12.2051,1.4352
601211.SH,2016-08-31,1417.4875,887.4883,12.7899,1.5039
601211.SH,2016-07-31,1348.8625,844.5222,12.1707,1.4304
601211.SH,2016-06-30,1356.4875,849.2962,8.901,1.4676
601211.SH,2016-05-31,1402.2375,280.4475,9.2012,1.4547
601211.SH,2016-04-30,1393.85,278.77,9.1461,1.446
601211.SH,2016-03-31,1502.8875,300.5775,9.5723,1.5766
601211.SH,2016-02-29,1245.925,249.185,7.9356,1.307
601211.SH,2016-01-31,1325.225,265.045,8.4407,1.3902
601216.SH,2020-12-31,417.6819,417.6819,15.8383,2.3194
601216.SH,2020-11-30,445.5273,445.5273,16.8942,2.474
601216.SH,2020-10-31,593.1926,593.1926,22.4936,3.294
601216.SH,2020-09-30,609.2249,609.2249,25.5275,3.5035
601216.SH,2020-08-31,789.7984,789.7984,33.0939,4.542
601216.SH,2020-07-31,630.3199,630.3199,26.2859,3.7826
601216.SH,2020-06-30,214.3256,214.3256,8.9379,1.2862
601216.SH,2020-05-31,209.2628,209.2628,8.7268,1.2558
601216.SH,2020-04-30,242.1711,242.1711,10.0991,1.2345
601216.SH,2020-03-31,207.5752,207.5752,8.8124,1.1223
601216.SH,2020-02-29,227.8265,227.8265,9.6721,1.2318
601216.SH,2020-01-31,246.3901,246.3901,10.4602,1.3322
601216.SH,2019-12-31,264.1099,264.1099,11.2125,1.428
601216.SH,2019-11-30,254.8281,254.8281,10.8185,1.3778
601216.SH,2019-10-31,249.7653,249.7653,10.6035,1.3504
601216.SH,2019-09-30,253.9843,253.9843,11.1944,1.4177
601216.SH,2019-08-31,248.9215,248.9215,10.9713,1.3895
601216.SH,2019-07-31,272.548,272.548,12.236,1.5874
601216.SH,2019-06-30,277.6108,277.6108,12.4633,1.6169
601216.SH,2019-05-31,274.2356,274.2356,12.3117,1.5973
601216.SH,2019-04-30,306.3,306.3,13.7513,1.784
601216.SH,2019-03-31,335.8331,335.8331,13.9516,2.0978
601216.SH,2019-02-28,345.9587,345.9587,14.3723,2.161
601216.SH,2019-01-31,219.3885,219.3885,9.1141,1.3704
601216.SH,2018-12-31,221.0761,221.0761,9.1842,1.381
601216.SH,2018-11-30,239.6397,239.6397,9.9554,1.4969
601216.SH,2018-10-31,232.8893,232.8893,9.675,1.4548
601216.SH,2018-09-30,267.4852,267.4852,10.0185,1.5789
601216.SH,2018-08-31,264.9537,264.9537,9.9237,1.5639
601216.SH,2018-07-31,281.8298,281.8298,11.7704,1.7299
601216.SH,2018-06-30,284.3612,284.3612,11.8761,1.7187
601216.SH,2018-05-31,334.1455,334.1455,13.9553,2.0196
601216.SH,2018-04-30,370.429,370.429,15.4707,2.2389
601216.SH,2018-03-31,397.4306,397.4306,18.0457,2.6157
601216.SH,2018-02-28,397.4306,397.4306,18.0457,2.6157
601216.SH,2018-01-31,397.4306,397.4306,18.0457,2.6157
601216.SH,2017-12-31,397.4306,397.4306,18.0457,2.6157
601216.SH,2017-11-30,421.0571,421.0571,19.1185,2.7712
601216.SH,2017-10-31,432.0265,432.0265,19.6166,2.8434
601216.SH,2017-09-30,426.1199,426.1199,22.6731,2.9422
601216.SH,2017-08-31,454.8091,454.8091,24.1996,3.1403
601216.SH,2017-07-31,450.5901,450.5901,24.6174,3.1709
601216.SH,2017-06-30,412.6191,412.6191,22.5429,2.9037
601216.SH,2017-05-31,411.7752,411.7752,22.4968,2.8978
601216.SH,2017-04-30,395.743,395.743,21.6209,2.785
601216.SH,2017-03-31,410.0876,410.0876,35.4578,3.131
601216.SH,2017-02-28,429.4951,429.4951,37.1358,3.2791
601216.SH,2017-01-31,379.7108,379.7108,32.8313,2.899
601216.SH,2016-12-31,392.3678,342.8352,33.9257,2.9957
601216.SH,2016-11-30,439.6207,384.1229,38.0113,3.3564
601216.SH,2016-10-31,437.0893,381.911,37.7925,3.3371
601216.SH,2016-09-30,411.7752,359.7926,38.3058,3.2378
601216.SH,2016-08-31,355.2405,310.3949,33.0466,2.7932
601216.SH,2016-07-31,329.9265,288.2765,33.8103,2.6433
601216.SH,2016-06-30,315.1599,275.3741,32.2971,2.525
601216.SH,2016-05-31,312.2066,272.7936,31.9944,2.5013
601216.SH,2016-04-30,333.3017,291.2256,34.1562,2.6704
601216.SH,2016-03-31,326.9732,285.696,38.8663,2.7363
601216.SH,2016-02-29,277.6108,242.5651,32.9988,2.3232
601216.SH,2016-01-31,287.7364,251.4125,34.2024,2.4079
601225.SH,2020-12-31,934,934,6.6531,1.3897
601225.SH,2020-11-30,1044,1044,7.4367,1.5534
601225.SH,2020-10-31,875,875,6.2328,1.3019
601225.SH,2020-09-30,839,839,7.7987,1.388
601225.SH,2020-08-31,813,813,7.557,1.345
601225.SH,2020-07-31,809,809,7.2071,1.4062
601225.SH,2020-06-30,721,721,6.4232,1.1816
601225.SH,2020-05-31,717,717,6.3875,1.175
601225.SH,2020-04-30,754,754,6.7171,1.2357
601225.SH,2020-03-31,748,748,6.4505,1.2852
601225.SH,2020-02-29,790,790,6.8127,1.3574
601225.SH,2020-01-31,839,839,7.4829,1.4878
601225.SH,2019-12-31,899,899,8.018,1.5942
601225.SH,2019-11-30,848,848,7.5632,1.5038
601225.SH,2019-10-31,838,838,7.474,1.486
601225.SH,2019-09-30,873,873,7.9947,1.652
601225.SH,2019-08-31,890,890,8.1504,1.6842
601225.SH,2019-07-31,946,946,8.6583,1.915
601225.SH,2019-06-30,924,924,8.4569,1.7567
601225.SH,2019-05-31,873,873,7.9901,1.6597
601225.SH,2019-04-30,902,902,8.2556,1.7148
601225.SH,2019-03-31,891,891,8.1043,1.763
601225.SH,2019-02-28,893,893,8.1225,1.7669
601225.SH,2019-01-31,842,842,7.6586,1.666
601225.SH,2018-12-31,744,744,6.6162,1.4888
601225.SH,2018-11-30,772,772,6.8652,1.5448
601225.SH,2018-10-31,853,853,7.5855,1.7069
601225.SH,2018-09-30,870,870,7.9665,1.8613
601225.SH,2018-08-31,749,749,6.8585,1.6024
601225.SH,2018-07-31,761,761,7.1677,1.7564
601225.SH,2018-06-30,822,822,7.7423,1.7303
601225.SH,2018-05-31,805,805,7.5822,1.6945
601225.SH,2018-04-30,800,800,7.5351,1.6839
601225.SH,2018-03-31,771,771,7.3784,1.7434
601225.SH,2018-02-28,873,873,8.911,2.0612
601225.SH,2018-01-31,1005,1005,10.2584,2.3728
601225.SH,2017-12-31,816,816,8.3292,1.9266
601225.SH,2017-11-30,858,858,8.7579,2.0258
601225.SH,2017-10-31,786,786,8.023,1.8558
601225.SH,2017-09-30,880,880,11.0317,2.2269
601225.SH,2017-08-31,857,857,10.7433,2.1687
601225.SH,2017-07-31,839,839,15.3452,2.3081
601225.SH,2017-06-30,707,707,12.9309,1.8879
601225.SH,2017-05-31,597,597,10.919,1.5941
601225.SH,2017-04-30,595,595,10.8825,1.5909
601225.SH,2017-03-31,618,618,-394.7599,1.8942
601225.SH,2017-02-28,553,553,-353.2398,1.6949
601225.SH,2017-01-31,530,143.63,-338.5481,1.6244
601225.SH,2016-12-31,485,131.435,-309.8035,1.4865
601225.SH,2016-11-30,548,148.508,-350.046,1.6796
601225.SH,2016-10-31,653,176.963,-417.1168,2.0014
601225.SH,2016-09-30,569,154.199,-31.9113,1.7977
601225.SH,2016-08-31,585,158.535,-32.8086,1.8483
601225.SH,2016-07-31,568,153.928,-20.7576,1.8169
601225.SH,2016-06-30,517,140.107,-18.8938,1.6537
601225.SH,2016-05-31,443,120.053,-16.1895,1.417
601225.SH,2016-04-30,491,133.061,-17.9437,1.5706
601225.SH,2016-03-31,438,118.698,-14.6184,1.4103
601225.SH,2016-02-29,436,118.156,-14.5517,1.4038
601225.SH,2016-01-31,395,107.045,-22.2236,1.1976
601231.SH,2020-12-31,427.287,422.2702,30.4696,3.7687
601231.SH,2020-11-30,477.9923,477.9923,34.0878,4.3455
601231.SH,2020-10-31,476.901,476.901,34.01,4.3355
601231.SH,2020-09-30,557.0029,557.0029,40.3908,5.3078
601231.SH,2020-08-31,510.2022,510.2022,37.0196,4.8648
601231.SH,2020-07-31,528.0887,528.0887,38.3175,5.0354
601231.SH,2020-06-30,476.3923,476.3923,38.7212,4.6954
601231.SH,2020-05-31,377.9906,377.9906,30.7231,3.592
601231.SH,2020-04-30,389.9868,389.9868,31.6981,3.706
601231.SH,2020-03-31,346.3641,346.3641,27.4176,3.3676
601231.SH,2020-02-29,469.3756,469.3756,37.1899,4.5679
601231.SH,2020-01-31,430.8057,430.8057,34.0998,4.3937
601231.SH,2019-12-31,419.0386,419.0386,33.1202,4.2675
601231.SH,2019-11-30,351.1941,351.1941,27.7983,3.5818
601231.SH,2019-10-31,318.9904,318.9904,25.2492,3.2534
601231.SH,2019-09-30,335.3098,335.3098,28.4867,3.5853
601231.SH,2019-08-31,280.6941,280.6941,23.8467,3.0013
601231.SH,2019-07-31,299.8423,299.8423,24.6655,3.2442
601231.SH,2019-06-30,262.1988,262.1988,21.5689,2.8369
601231.SH,2019-05-31,266.5506,266.5506,21.9269,2.884
601231.SH,2019-04-30,288.0923,288.0923,23.6989,3.0012
601231.SH,2019-03-31,335.0922,335.0922,28.4045,3.5618
601231.SH,2019-02-28,279.3886,279.3886,23.6827,2.9697
601231.SH,2019-01-31,208.4535,208.4535,17.6698,2.2157
601231.SH,2018-12-31,195.8331,195.8331,15.9303,2.1624
601231.SH,2018-11-30,198.2266,198.2266,16.125,2.1889
601231.SH,2018-10-31,217.1572,217.1572,17.6649,2.3979
601231.SH,2018-09-30,208.8887,208.8887,18.1644,2.4231
601231.SH,2018-08-31,193.4396,193.4396,16.821,2.2439
601231.SH,2018-07-31,218.6803,218.6803,19.0158,2.5367
601231.SH,2018-06-30,197.3563,197.3563,16.2519,2.3494
601231.SH,2018-05-31,226.9488,226.9488,18.6888,2.5781
601231.SH,2018-04-30,241.5275,241.5275,19.8893,2.7437
601231.SH,2018-03-31,277.8654,277.8654,21.1483,3.2193
601231.SH,2018-02-28,308.9811,308.9811,23.5165,3.5796
601231.SH,2018-01-31,267.421,267.421,23.5353,3.2663
601231.SH,2017-12-31,343.1431,343.1431,30.1995,4.1912
601231.SH,2017-11-30,320.0784,320.0784,28.1696,3.9095
601231.SH,2017-10-31,333.1339,333.1339,29.3186,4.069
601231.SH,2017-09-30,310.5043,310.5043,28.3085,3.9361
601231.SH,2017-08-31,330.5228,330.5228,30.1336,4.1898
601231.SH,2017-07-31,322.4719,322.4719,29.3996,4.088
601231.SH,2017-06-30,341.8376,341.8376,33.9169,4.4801
601231.SH,2017-05-31,293.5321,293.5321,29.1241,3.7218
601231.SH,2017-04-30,248.0553,248.0553,24.6119,3.1452
601231.SH,2017-03-31,268.0738,268.0738,33.277,3.5578
601231.SH,2017-02-28,225.6433,225.6433,28.01,2.9946
601231.SH,2017-01-31,214.7637,214.7637,26.6594,2.8503
601231.SH,2016-12-31,233.0414,233.0414,31.0642,3.2234
601231.SH,2016-11-30,246.097,246.097,32.8045,3.4039
601231.SH,2016-10-31,257.1942,257.1942,34.2838,3.5574
601231.SH,2016-09-30,246.9673,246.9673,34.3926,3.5636
601231.SH,2016-08-31,250.6664,250.6664,34.9077,3.617
601231.SH,2016-07-31,246.9673,246.9673,34.3926,3.5636
601231.SH,2016-06-30,232.8238,232.8238,36.7445,3.4632
601231.SH,2016-05-31,216.2868,216.2868,34.1346,3.1163
601231.SH,2016-04-30,200.6202,200.6202,31.6621,2.8906
601231.SH,2016-03-31,216.5044,216.5044,31.354,3.1797
601231.SH,2016-02-29,185.3887,185.3887,26.8478,2.7227
601231.SH,2016-01-31,214.5461,214.5461,31.0704,3.1509
601238.SH,2020-12-31,1188.471,950.0988,26.0045,1.649
601238.SH,2020-11-30,1194.5472,975.2298,26.4645,1.6885
601238.SH,2020-10-31,1172.4404,817.1568,26.0189,1.66
601238.SH,2020-09-30,855.2841,579.2504,24.2643,1.2163
601238.SH,2020-08-31,923.7373,631.5776,26.4562,1.3211
601238.SH,2020-07-31,977.9794,657.1327,27.9353,1.4082
601238.SH,2020-06-30,800.757,547.6103,23.2789,1.1735
601238.SH,2020-05-31,841.9354,562.8015,23.9255,1.1865
601238.SH,2020-04-30,897.2115,596.2654,25.3481,1.2571
601238.SH,2020-03-31,973.7249,641.898,14.6405,1.3519
601238.SH,2020-02-29,1016.5732,660.151,15.0568,1.3903
601238.SH,2020-01-31,991.6235,660.7594,15.0707,1.4025
601238.SH,2019-12-31,1103.8005,711.2594,16.2225,1.5097
601238.SH,2019-11-30,1075.7535,718.5607,16.389,1.5252
601238.SH,2019-10-31,1039.2011,699.0908,15.945,1.4839
601238.SH,2019-09-30,1085.59,746.5486,14.101,1.6552
601238.SH,2019-08-31,1058.5395,713.6932,13.4804,1.5718
601238.SH,2019-07-31,1010.4772,674.145,11.5728,1.4846
601238.SH,2019-06-30,1007.4084,664.7985,11.4153,1.4644
601238.SH,2019-05-31,978.8009,658.6306,11.3087,1.3984
601238.SH,2019-04-30,1115.2541,759.4367,13.042,1.6127
601238.SH,2019-03-31,1079.7736,710.1858,10.9634,1.5663
601238.SH,2019-02-28,1104.646,724.1706,10.4313,1.611
601238.SH,2019-01-31,960.1786,626.8849,9.0289,1.3947
601238.SH,2018-12-31,945.9821,625.4063,9.0102,1.3918
601238.SH,2018-11-30,969.0323,635.1308,9.149,1.4133
601238.SH,2018-10-31,988.017,655.9758,9.452,1.4651
601238.SH,2018-09-30,1023.4509,670.5026,9.807,1.5651
601238.SH,2018-08-31,969.6198,630.3787,9.2242,1.4521
601238.SH,2018-07-31,954.5126,644.3197,10.018,1.5464
601238.SH,2018-06-30,992.964,675.0906,10.4983,1.6205
601238.SH,2018-05-31,1152.8781,776.9862,12.0821,1.7852
601238.SH,2018-04-30,1180.545,784.6933,12.2033,1.8091
601238.SH,2018-03-31,1386.2694,961.7145,15.0276,2.3363
601238.SH,2018-02-28,1410.0243,935.7456,16.3575,2.3486
601238.SH,2018-01-31,1537.2211,1038.7555,18.1554,2.607
601238.SH,2017-12-31,1592.7155,1064.2873,18.6261,2.684
601238.SH,2017-11-30,1586.0518,1037.9606,18.1605,2.6174
601238.SH,2017-10-31,1560.2257,1194.7029,18.7519,3.4922
601238.SH,2017-09-30,1490.7477,1150.7438,20.5525,3.5651
601238.SH,2017-08-31,1378.5707,1090.2911,19.4728,3.3336
601238.SH,2017-07-31,1454.0057,1134.0219,20.994,3.5352
601238.SH,2017-06-30,1380.4053,1117.2327,20.6831,3.4829
601238.SH,2017-05-31,1363.8855,1108.9087,20.4281,3.4908
601238.SH,2017-04-30,1321.6906,1084.4543,20.1329,3.4419
601238.SH,2017-03-31,1361.2146,1116.7753,27.0017,3.8536
601238.SH,2017-02-28,1350.2871,1095.0246,23.2791,3.856
601238.SH,2017-01-31,1214.836,1007.0143,21.4682,3.5571
601238.SH,2016-12-31,1167.9366,982.2295,20.9412,3.4698
601238.SH,2016-11-30,1265.388,1065.7158,22.7156,3.7649
601238.SH,2016-10-31,1128.5902,947.5045,20.202,3.3784
601238.SH,2016-09-30,1134.7827,944.7959,22.2095,3.4278
601238.SH,2016-08-31,1180.3131,976.4349,23.0177,3.556
601238.SH,2016-07-31,1188.7398,999.7063,27.0685,3.7966
601238.SH,2016-06-30,1166.6588,991.682,26.8513,3.7661
601238.SH,2016-05-31,1168.8645,1002.2363,27.1371,3.7343
601238.SH,2016-04-30,1112.0635,945.6653,25.6054,3.5235
601238.SH,2016-03-31,1019.3482,870.5186,31.3514,3.4382
601238.SH,2016-02-29,913.4081,788.1951,33.2311,3.2512
601238.SH,2016-01-31,957.4859,836.3227,35.2602,3.4497
601258.SH,2020-12-31,103.295,103.295,4.5623,0.9798
601258.SH,2020-11-30,116.5904,116.5904,5.1495,1.1059
601258.SH,2020-10-31,110.454,110.454,4.8785,1.0477
601258.SH,2020-09-30,113.5222,113.5222,8.352,1.0799
601258.SH,2020-08-31,118.6358,118.6358,8.7282,1.1286
601258.SH,2020-07-31,118.6358,118.6358,26.4319,1.1502
601258.SH,2020-06-30,124.7721,124.7721,27.799,1.2097
601258.SH,2020-05-31,127.8403,127.8403,28.4826,1.2394
601258.SH,2020-04-30,129.8858,129.8858,28.9383,1.2593
601258.SH,2020-03-31,123.7494,123.7494,-1.5484,2.7953
601258.SH,2020-02-29,138.0675,138.0675,-1.7276,3.1187
601258.SH,2020-01-31,153.4084,153.4084,-1.9195,3.4653
601258.SH,2019-12-31,143.1812,143.1812,-1.7916,3.2342
601258.SH,2019-11-30,81.0771,81.0771,-1.0145,1.8314
601258.SH,2019-10-31,74.5387,74.5387,-0.9327,1.6837
601258.SH,2019-09-30,79.4285,77.8079,-1.0434,1.4977
601258.SH,2019-08-31,85.4357,83.6925,-1.1223,1.611
601258.SH,2019-07-31,90.108,88.2695,-1.3468,1.5215
601258.SH,2019-06-30,86.1032,84.3464,-1.287,1.4539
601258.SH,2019-05-31,81.4309,79.7694,-1.2171,1.375
601258.SH,2019-04-30,99.4525,97.4233,-1.4865,1.6793
601258.SH,2019-03-31,113.4693,111.1541,-32.0858,0.8509
601258.SH,2019-02-28,114.8042,112.4618,-32.4633,0.8609
601258.SH,2019-01-31,84.1008,82.3848,-23.7813,0.6307
601258.SH,2018-12-31,93.4453,91.5387,-26.4236,0.7007
601258.SH,2018-11-30,99.4525,97.4233,-28.1223,0.7458
601258.SH,2018-10-31,101.4549,99.3849,-28.6885,0.7608
601258.SH,2018-09-30,114.1367,111.808,65.6,0.8257
601258.SH,2018-08-31,117.4741,115.0772,67.5181,0.8499
601258.SH,2018-07-31,123.4813,120.9619,87.6214,0.9185
601258.SH,2018-06-30,122.1463,119.6542,86.6741,0.9086
601258.SH,2018-05-31,142.8378,139.9234,101.3566,1.0625
601258.SH,2018-04-30,150.1799,147.1158,106.5665,1.1171
601258.SH,2018-03-31,155.5197,152.3465,28.099,1.1537
601258.SH,2018-02-28,153.5173,150.385,27.7372,1.1388
601258.SH,2018-01-31,161.5269,158.2312,29.1844,1.1983
601258.SH,2017-12-31,166.8666,163.462,30.1491,1.2379
601258.SH,2017-11-30,174.2087,170.6543,31.4757,1.2923
601258.SH,2017-10-31,186.8906,183.0774,33.767,1.3864
601258.SH,2017-09-30,190.2279,186.3466,30.8589,1.4262
601258.SH,2017-08-31,192.8978,188.962,31.2921,1.4462
601258.SH,2017-07-31,185.5556,181.7697,40.3023,1.4094
601258.SH,2017-06-30,186.8906,183.0774,40.5923,1.4196
601258.SH,2017-05-31,202.2544,196.3474,43.9293,1.5362
601258.SH,2017-04-30,245.6423,238.4682,53.3531,1.8657
601258.SH,2017-03-31,192.2418,186.6273,56.8993,1.5105
601258.SH,2017-02-28,191.5743,185.9793,56.7017,1.5052
601258.SH,2017-01-31,182.8967,177.5551,54.1333,1.437
601258.SH,2016-12-31,184.8993,179.4991,54.726,1.4528
601258.SH,2016-11-30,193.5768,187.9233,57.2944,1.5209
601258.SH,2016-10-31,184.2317,178.8511,54.5285,1.4475
601258.SH,2016-09-30,180.2267,174.9631,70.3421,1.4429
601258.SH,2016-08-31,187.5693,182.0912,73.2079,1.5017
601258.SH,2016-07-31,180.2267,174.9631,75.8179,1.4143
601258.SH,2016-06-30,183.5642,178.2031,77.2219,1.4405
601258.SH,2016-05-31,178.2031,178.2031,74.9666,1.4319
601258.SH,2016-04-30,184.0352,184.0352,77.4201,1.4788
601258.SH,2016-03-31,202.8275,202.8275,192.7319,1.664
601258.SH,2016-02-29,175.6111,175.6111,166.8701,1.4407
601258.SH,2016-01-31,183.3872,183.3872,174.2592,1.5045
601288.SH,2020-12-31,1.0759,0.9233,5.5852,0.5994
601288.SH,2020-11-30,1.127,0.9674,5.852,0.628
601288.SH,2020-10-31,1.0755,0.9263,5.6029,0.6013
601288.SH,2020-09-30,1.0774,0.9322,5.5615,0.64
601288.SH,2020-08-31,1.0952,0.9439,5.6317,0.6392
601288.SH,2020-07-31,1.1073,0.9498,5.2571,0.6432
601288.SH,2020-06-30,1.1666,0.9939,5.5012,0.6496
601288.SH,2020-05-31,1.1739,0.9998,5.5337,0.6534
601288.SH,2020-04-30,1.196,1.0174,5.6314,0.6649
601288.SH,2020-03-31,1.1632,0.991,5.5608,0.6746
601288.SH,2020-02-29,1.1748,1.0027,5.6336,0.6948
601288.SH,2020-01-31,1.206,1.0351,5.8153,0.7172
601288.SH,2019-12-31,1.2725,1.0851,6.0962,0.7518
601288.SH,2019-11-30,1.2432,1.0645,5.9806,0.7376
601288.SH,2019-10-31,1.2514,1.0704,6.0136,0.7416
601288.SH,2019-09-30,1.1897,1.0174,5.8096,0.7327
601288.SH,2019-08-31,1.1693,0.9998,5.7088,0.72
601288.SH,2019-07-31,1.2356,1.0586,6.1371,0.7916
601288.SH,2019-06-30,1.2377,1.0586,6.1371,0.7916
601288.SH,2019-05-31,1.2656,1.0821,6.2735,0.7794
601288.SH,2019-04-30,1.2958,1.1056,6.4099,0.7963
601288.SH,2019-03-31,1.2862,1.0968,6.4376,0.8208
601288.SH,2019-02-28,1.3116,1.1174,6.5013,0.8578
601288.SH,2019-01-31,1.2845,1.0939,6.3645,0.8397
601288.SH,2018-12-31,1.2417,1.0586,6.1592,0.8126
601288.SH,2018-11-30,1.2362,1.0498,6.1078,0.8058
601288.SH,2018-10-31,1.3293,1.138,6.6211,0.8736
601288.SH,2018-09-30,1.3457,1.1439,6.8018,0.8588
601288.SH,2018-08-31,1.2604,1.0674,6.3472,0.8014
601288.SH,2018-07-31,1.2635,1.0704,6.5001,0.8958
601288.SH,2018-06-30,1.1067,1.0116,5.7008,0.845
601288.SH,2018-05-31,1.1577,1.0557,5.9494,0.8819
601288.SH,2018-04-30,1.2311,1.1204,6.314,0.8967
601288.SH,2018-03-31,1.2599,1.1498,6.5813,0.9431
601288.SH,2018-02-28,1.3226,1.2144,7.0681,1.0116
601288.SH,2018-01-31,1.431,1.3115,7.6329,1.0924
601288.SH,2017-12-31,1.2198,1.1262,6.5547,0.9381
601288.SH,2017-11-30,1.1941,1.0998,6.4007,0.916
601288.SH,2017-10-31,1.1958,1.0998,6.4007,0.916
601288.SH,2017-09-30,1.2147,1.1233,6.6212,0.9729
601288.SH,2017-08-31,1.204,1.1086,6.5345,0.9601
601288.SH,2017-07-31,1.1876,1.0909,6.5147,0.9393
601288.SH,2017-06-30,1.1335,1.0351,6.1811,0.8912
601288.SH,2017-05-31,1.1433,1.041,6.2162,0.8963
601288.SH,2017-04-30,1.0917,0.9939,5.9353,0.8558
601288.SH,2017-03-31,1.0798,0.9821,5.8976,0.8761
601288.SH,2017-02-28,1.0532,0.9557,5.8145,0.8578
601288.SH,2017-01-31,1.0325,0.9439,5.743,0.8473
601288.SH,2016-12-31,0.999,0.9116,5.5462,0.8182
601288.SH,2016-11-30,1.0326,0.9439,5.743,0.8473
601288.SH,2016-10-31,1.0169,0.9292,5.6535,0.8341
601288.SH,2016-09-30,1.0083,0.9204,5.6038,0.9059
601288.SH,2016-08-31,1.0285,0.9439,5.747,0.929
601288.SH,2016-07-31,0.9896,0.9145,5.576,0.9001
601288.SH,2016-06-30,1.0153,0.941,5.7373,0.8795
601288.SH,2016-05-31,1.012,0.938,5.7194,0.8768
601288.SH,2016-04-30,0.9894,0.9175,5.5939,0.8575
601288.SH,2016-03-31,1.0124,0.941,5.7667,0.9504
601288.SH,2016-02-29,0.9455,0.8792,5.3882,0.888
601288.SH,2016-01-31,0.9503,0.8792,5.3882,0.888
601328.SH,2020-12-31,2966.6015,1758.4387,4.7633,0.4685
601328.SH,2020-11-30,3123.4256,1848.7157,5.0078,0.4925
601328.SH,2020-10-31,2934.894,1778.0641,4.8165,0.4737
601328.SH,2020-09-30,2926.4704,1781.9892,4.7462,0.4798
601328.SH,2020-08-31,3111.7622,1856.5659,4.9448,0.4999
601328.SH,2020-07-31,3225.1821,1868.3411,4.5517,0.4976
601328.SH,2020-06-30,3542.2724,2013.5693,4.9055,0.5362
601328.SH,2020-05-31,3519.4511,2005.7192,4.8864,0.5342
601328.SH,2020-04-30,3604.57,2033.1948,4.9533,0.5415
601328.SH,2020-03-31,3544.8857,2025.3446,4.9585,0.5527
601328.SH,2020-02-29,3614.233,2041.0449,5.0497,0.5717
601328.SH,2020-01-31,3697.9252,2147.0223,5.3119,0.6014
601328.SH,2019-12-31,3947.3298,2209.8236,5.4673,0.619
601328.SH,2019-11-30,3778.8081,2162.7226,5.3507,0.6058
601328.SH,2019-10-31,3890.9645,2201.9735,5.4479,0.6168
601328.SH,2019-09-30,3756.1219,2139.1721,5.353,0.638
601328.SH,2019-08-31,3745.9325,2123.4717,5.3137,0.6334
601328.SH,2019-07-31,4045.5924,2280.4752,5.783,0.6802
601328.SH,2019-06-30,4228.506,2402.1529,6.0915,0.6898
601328.SH,2019-05-31,4229.2422,2339.3515,5.9323,0.6718
601328.SH,2019-04-30,4442.3896,2457.1041,6.2309,0.7056
601328.SH,2019-03-31,4380.3646,2449.2539,6.2936,0.7257
601328.SH,2019-02-28,4478.5746,2512.0553,6.5011,0.7634
601328.SH,2019-01-31,4442.8648,2453.179,6.3487,0.7455
601328.SH,2018-12-31,4147.0138,2272.625,5.8815,0.6906
601328.SH,2018-11-30,4143.6041,2296.1755,5.9424,0.6978
601328.SH,2018-10-31,4182.5782,2355.0518,6.0948,0.7157
601328.SH,2018-09-30,4100.7205,2292.2505,6.0219,0.7183
601328.SH,2018-08-31,3931.9863,2205.8986,5.7951,0.6912
601328.SH,2018-07-31,3978.0459,2256.9247,6.015,0.7076
601328.SH,2018-06-30,4027.0615,2252.9996,6.0045,0.7064
601328.SH,2018-05-31,4140.4275,2362.902,6.2974,0.7408
601328.SH,2018-04-30,4252.8713,2425.7034,6.4648,0.7605
601328.SH,2018-03-31,4155.8018,2425.7034,6.5355,0.7508
601328.SH,2018-02-28,4329.1674,2551.3062,6.9906,0.8067
601328.SH,2018-01-31,4583.8239,2661.2086,7.2917,0.8415
601328.SH,2017-12-31,4134.9511,2437.4787,6.6787,0.7707
601328.SH,2017-11-30,4188.3021,2476.7295,6.7863,0.7831
601328.SH,2017-10-31,4193.9318,2441.4037,6.6895,0.772
601328.SH,2017-09-30,4176.3008,2480.6546,6.8493,0.8045
601328.SH,2017-08-31,4348.9182,2582.7069,7.1311,0.8376
601328.SH,2017-07-31,4258.6389,2512.0553,7.0447,0.807
601328.SH,2017-06-30,4092.2042,2417.8532,6.7805,0.7768
601328.SH,2017-05-31,4296.0901,2433.5536,6.8245,0.7818
601328.SH,2017-04-30,4220.695,2362.902,6.6264,0.7591
601328.SH,2017-03-31,4322.753,2445.3288,6.8837,0.8127
601328.SH,2017-02-28,4365.065,2445.3288,6.8985,0.8322
601328.SH,2017-01-31,4142.857,2362.902,6.666,0.8042
601328.SH,2016-12-31,4021.7405,2264.7749,6.3892,0.7708
601328.SH,2016-11-30,4152.9713,2300.1006,6.4888,0.7828
601328.SH,2016-10-31,4010.7592,2205.8986,6.2231,0.7507
601328.SH,2016-09-30,3952.0928,2170.5728,6.1418,0.7935
601328.SH,2016-08-31,4085.3942,2276.5501,6.4417,0.8323
601328.SH,2016-07-31,3776.1026,2205.8986,6.2644,0.8064
601328.SH,2016-06-30,3673.0871,2209.8236,6.2755,0.7761
601328.SH,2016-05-31,3596.728,2170.5728,6.164,0.7623
601328.SH,2016-04-30,3542.953,2111.6965,5.9968,0.7416
601328.SH,2016-03-31,3674.1285,2186.2731,6.2176,0.7955
601328.SH,2016-02-29,3337.9635,2029.2697,5.785,0.7617
601328.SH,2016-01-31,3486.6312,2099.9212,5.9864,0.7882
601333.SH,2020-12-31,142.3446,125.4797,-12.6497,0.5691
601333.SH,2020-11-30,151.3282,133.958,-13.5044,0.6075
601333.SH,2020-10-31,143.7527,127.7406,-12.8776,0.5793
601333.SH,2020-09-30,147.6079,131.1319,-26.1808,0.5841
601333.SH,2020-08-31,156.4809,137.3494,-27.4221,0.6118
601333.SH,2020-07-31,158.0074,139.045,-167.6148,0.6069
601333.SH,2020-06-30,146.1327,127.1753,-153.3062,0.5551
601333.SH,2020-05-31,142.0081,122.6535,-147.8553,0.5353
601333.SH,2020-04-30,155.3708,133.958,-161.4825,0.5847
601333.SH,2020-03-31,155.5364,133.958,22.4307,0.5754
601333.SH,2020-02-29,171.5528,145.8277,26.2923,0.6237
601333.SH,2020-01-31,189.6087,162.2192,29.2476,0.6938
601333.SH,2019-12-31,205.0117,172.9585,31.1839,0.7397
601333.SH,2019-11-30,198.6684,167.3062,30.1648,0.7156
601333.SH,2019-10-31,206.9875,174.6541,31.4896,0.747
601333.SH,2019-09-30,206.1069,174.0889,24.4552,0.7474
601333.SH,2019-08-31,206.2495,175.2193,24.614,0.7523
601333.SH,2019-07-31,213.11,180.8716,31.1218,0.7751
601333.SH,2019-06-30,216.1841,182.5673,31.4135,0.7824
601333.SH,2019-05-31,212.6487,178.0455,30.6355,0.763
601333.SH,2019-04-30,227.8084,193.3065,33.2614,0.8284
601333.SH,2019-03-31,238.7889,201.2196,32.1626,0.874
601333.SH,2019-02-28,259.2101,217.6111,25.0049,0.9394
601333.SH,2019-01-31,237.5805,197.8283,22.7317,0.854
601333.SH,2018-12-31,215.6068,178.6107,20.5235,0.771
601333.SH,2018-11-30,221.408,182.5673,20.9781,0.7881
601333.SH,2018-10-31,212.4473,175.2193,20.1338,0.7564
601333.SH,2018-09-30,248.1273,204.0458,22.0306,0.8903
601333.SH,2018-08-31,257.4714,214.785,23.1901,0.9372
601333.SH,2018-07-31,294.1498,244.1766,25.957,1.0523
601333.SH,2018-06-30,293.5575,240.2201,25.5364,1.0352
601333.SH,2018-05-31,303.9669,250.9593,26.6781,1.0815
601333.SH,2018-04-30,306.1776,253.2202,26.9184,1.0912
601333.SH,2018-03-31,312.7993,259.4377,32.0216,1.1335
601333.SH,2018-02-28,327.7495,267.916,35.0735,1.1833
601333.SH,2018-01-31,347.3133,286.5684,37.5153,1.2656
601333.SH,2017-12-31,377.6426,314.8296,41.215,1.3905
601333.SH,2017-11-30,336.6033,284.3075,37.2193,1.2557
601333.SH,2017-10-31,340.1898,284.8727,37.2933,1.2581
601333.SH,2017-09-30,341.7014,286.0032,36.3831,1.2803
601333.SH,2017-08-31,346.4827,295.0468,37.5336,1.3208
601333.SH,2017-07-31,330.49,280.9162,31.5978,1.2424
601333.SH,2017-06-30,303.5563,255.4811,28.7369,1.1299
601333.SH,2017-05-31,299.5746,245.8723,27.656,1.0874
601333.SH,2017-04-30,319.1606,265.6551,29.8813,1.1749
601333.SH,2017-03-31,353.6389,293.9163,31.8017,1.313
601333.SH,2017-02-28,362.1895,300.699,29.4999,1.3466
601333.SH,2017-01-31,376.096,312.5687,30.6644,1.3997
601333.SH,2016-12-31,346.487,286.5684,28.1136,1.2833
601333.SH,2016-11-30,307.5884,255.4811,25.0638,1.1441
601333.SH,2016-10-31,303.3874,249.8289,24.5093,1.1188
601333.SH,2016-09-30,280.0268,230.6113,22.4401,1.048
601333.SH,2016-08-31,293.1994,241.3505,23.4852,1.0968
601333.SH,2016-07-31,276.6855,230.046,25.3978,1.0591
601333.SH,2016-06-30,266.0195,221.0025,24.3994,0.9967
601333.SH,2016-05-31,275.6209,230.046,25.3978,1.0375
601333.SH,2016-04-30,285.983,237.9592,26.2715,1.0731
601333.SH,2016-03-31,265.8041,226.0895,26.4602,1.0317
601333.SH,2016-02-29,245.3757,204.0458,28.5697,0.9376
601333.SH,2016-01-31,232.7844,193.3065,27.066,0.8882
601318.SH,2020-12-31,1.5377,9422.2516,12.9395,2.2405
601318.SH,2020-11-30,1.5504,9752.6478,13.3932,2.3191
601318.SH,2020-10-31,1.3569,8431.0628,11.5783,2.0048
601318.SH,2020-09-30,1.3464,8260.9899,11.5772,2.028
601318.SH,2020-08-31,1.3742,8299.9875,11.6318,1.9953
601318.SH,2020-07-31,1.3733,8221.9924,10.6767,2.0817
601318.SH,2020-06-30,1.3007,7734.5225,10.0437,1.9582
601318.SH,2020-05-31,1.2901,7659.7771,9.9466,1.9393
601318.SH,2020-04-30,1.3481,8066.002,10.4741,1.9721
601318.SH,2020-03-31,1.2675,7492.954,8.4631,1.8784
601318.SH,2020-02-29,1.4218,8419.1468,9.5092,2.1106
601318.SH,2020-01-31,1.4897,9044.1916,9.6857,2.3803
601318.SH,2019-12-31,1.5402,9257.5951,9.9143,2.4364
601318.SH,2019-11-30,1.4991,9058.2741,9.7008,2.384
601318.SH,2019-10-31,1.5629,9545.744,10.2228,2.5123
601318.SH,2019-09-30,1.5478,9428.7512,10.825,2.6013
601318.SH,2019-08-31,1.5507,9459.0826,10.8598,2.5526
601318.SH,2019-07-31,1.5663,9542.4942,12.6578,2.7813
601318.SH,2019-06-30,1.5744,9598.824,12.7325,2.7977
601318.SH,2019-05-31,1.4228,8557.805,11.3516,2.4943
601318.SH,2019-04-30,1.5361,9326.9241,12.3718,2.6272
601318.SH,2019-03-31,1.3967,8351.9843,13.1225,2.5326
601318.SH,2019-02-28,1.283,7583.9484,12.5265,2.4239
601318.SH,2019-01-31,1.1653,6822.4121,11.2687,2.1805
601318.SH,2018-12-31,1.059,6077.1248,10.0377,1.9423
601318.SH,2018-11-30,1.1877,6877.6587,11.36,2.1982
601318.SH,2018-10-31,1.1775,6892.8244,11.385,2.203
601318.SH,2018-09-30,1.263,7420.3752,12.0687,2.481
601318.SH,2018-08-31,1.1718,6822.4121,11.0961,2.231
601318.SH,2018-07-31,1.1382,6672.9213,12.2749,2.3462
601318.SH,2018-06-30,1.0879,6345.7749,11.6731,2.2311
601318.SH,2018-05-31,1.1413,6730.3345,12.3805,2.2629
601318.SH,2018-04-30,1.1262,6596.0094,12.1334,2.2177
601318.SH,2018-03-31,1.185,7074.8132,13.4012,2.5222
601318.SH,2018-02-28,1.2366,7340.2135,17.1551,2.7632
601318.SH,2018-01-31,1.3722,8133.1645,19.0084,3.0617
601318.SH,2017-12-31,1.2645,7580.6986,17.7172,2.8537
601318.SH,2017-11-30,1.2424,7574.199,17.702,2.8512
601318.SH,2017-10-31,1.1315,6971.9029,16.2943,2.6245
601318.SH,2017-09-30,0.9661,5866.9711,15.2211,2.3763
601318.SH,2017-08-31,0.9974,6069.5419,15.7467,2.4056
601318.SH,2017-07-31,0.9354,5635.1521,14.687,2.311
601318.SH,2017-06-30,0.87,5374.0849,14.0066,2.204
601318.SH,2017-05-31,0.8159,4882.2819,12.7248,2.0023
601318.SH,2017-04-30,0.7002,4112.0794,10.7174,1.6864
601318.SH,2017-03-31,0.6885,4009.1691,10.8432,1.7644
601318.SH,2017-02-28,0.6656,3924.6743,10.6077,1.7457
601318.SH,2017-01-31,0.6596,3955.0058,10.6897,1.7592
601318.SH,2016-12-31,0.6423,3838.013,10.3735,1.7072
601318.SH,2016-11-30,0.6772,3935.507,10.637,1.7506
601318.SH,2016-10-31,0.6409,3749.1852,10.1334,1.6677
601318.SH,2016-09-30,0.6278,3700.4382,10.3506,1.7645
601318.SH,2016-08-31,0.6286,3706.9378,10.3688,1.7495
601318.SH,2016-07-31,0.5818,3506.5335,10.7707,1.655
601318.SH,2016-06-30,0.5645,3470.7857,10.6609,1.6845
601318.SH,2016-05-31,0.5733,3544.4478,10.8872,1.7203
601318.SH,2016-04-30,0.5743,3470.7857,10.6609,1.6845
601318.SH,2016-03-31,0.5748,3445.8706,10.7281,1.7397
601318.SH,2016-02-29,0.5205,3142.556,9.4922,1.6151
601318.SH,2016-01-31,0.5458,3269.2981,9.875,1.6803
601336.SH,2020-12-31,1472.2089,1208.9292,14.2832,1.9273
601336.SH,2020-11-30,1562.5785,1276.9145,15.0865,2.0357
601336.SH,2020-10-31,1615.5144,1338.8521,15.8183,2.1344
601336.SH,2020-09-30,1556.798,1294.6407,15.8324,2.1243
601336.SH,2020-08-31,1531.4492,1248.1354,15.2636,2.048
601336.SH,2020-07-31,1384.756,1102.3632,10.4189,1.8815
601336.SH,2020-06-30,1168.5549,923.4325,8.7277,1.5761
601336.SH,2020-05-31,1141.6346,912.3797,8.6232,1.5572
601336.SH,2020-04-30,1191.1616,937.405,8.8598,1.5999
601336.SH,2020-03-31,1058.1895,830.0049,8.5279,1.4702
601336.SH,2020-02-29,1196.8878,921.3471,10.4229,1.7271
601336.SH,2020-01-31,1270.1495,1000.8023,11.3217,1.8761
601336.SH,2019-12-31,1335.3149,1024.9934,11.5954,1.9214
601336.SH,2019-11-30,1208.4253,928.4376,10.5031,1.7404
601336.SH,2019-10-31,1279.5026,995.1717,11.258,1.8655
601336.SH,2019-09-30,1304.1436,1014.9833,11.9852,2.0465
601336.SH,2019-08-31,1294.9206,1005.8074,11.8768,2.028
601336.SH,2019-07-31,1516.0322,1158.4616,19.9644,2.3675
601336.SH,2019-06-30,1493.2891,1147.6173,19.7775,2.3454
601336.SH,2019-05-31,1407.0045,1076.0867,18.5448,2.1992
601336.SH,2019-04-30,1583.5292,1198.0849,20.6472,2.4485
601336.SH,2019-03-31,1474.4911,1119.6724,21.1422,2.5537
601336.SH,2019-02-28,1380.9808,1046.0564,19.455,2.3491
601336.SH,2019-01-31,1171.364,877.97,16.3288,1.9716
601336.SH,2018-12-31,1162.6819,880.8896,16.3831,1.9782
601336.SH,2018-11-30,1239.4049,925.3094,17.2093,2.0779
601336.SH,2018-10-31,1312.0109,975.5685,18.144,2.1908
601336.SH,2018-09-30,1394.4208,1052.7298,19.8206,2.4546
601336.SH,2018-08-31,1275.8203,956.1739,18.0027,2.2294
601336.SH,2018-07-31,1352.5597,1028.3301,24.9919,2.3488
601336.SH,2018-06-30,1178.8973,894.2364,21.7329,2.0425
601336.SH,2018-05-31,1202.0893,901.1183,21.9002,2.0582
601336.SH,2018-04-30,1211.6768,902.9952,21.9458,2.0625
601336.SH,2018-03-31,1263.4112,959.7192,26.6694,2.2532
601336.SH,2018-02-28,1491.3924,1099.6522,31.6456,2.586
601336.SH,2018-01-31,1680.7087,1253.9747,36.0866,2.9489
601336.SH,2017-12-31,1925.579,1463.9784,42.1301,3.4427
601336.SH,2017-11-30,1738.5417,1302.9825,37.497,3.0641
601336.SH,2017-10-31,1762.1663,1333.0128,38.3612,3.1347
601336.SH,2017-09-30,1569.7378,1181.8185,36.4805,2.8642
601336.SH,2017-08-31,1718.7595,1281.711,39.564,3.1063
601336.SH,2017-07-31,1647.7859,1198.2934,37.4606,2.9098
601336.SH,2017-06-30,1428.2322,1071.9158,33.5099,2.603
601336.SH,2017-05-31,1489.7298,1106.7427,34.5986,2.6875
601336.SH,2017-04-30,1287.3336,935.111,29.2331,2.2708
601336.SH,2017-03-31,1219.5328,879.8469,26.6317,2.2263
601336.SH,2017-02-28,1274.2243,923.8496,29.1368,2.3126
601336.SH,2017-01-31,1307.5407,962.8473,30.3667,2.4103
601336.SH,2016-12-31,1242.3122,913.0053,28.7948,2.2855
601336.SH,2016-11-30,1324.9191,964.5157,30.4194,2.4144
601336.SH,2016-10-31,1185.0043,881.9323,27.8148,2.2077
601336.SH,2016-09-30,1164.3494,859.4096,24.8083,2.2276
601336.SH,2016-08-31,1191.9028,910.5028,26.2832,2.4163
601336.SH,2016-07-31,1072.5856,829.1707,17.7927,2.1669
601336.SH,2016-06-30,1086.01,842.5175,18.0791,2.2017
601336.SH,2016-05-31,1114.6689,881.7238,18.9204,2.3042
601336.SH,2016-04-30,1051.2063,832.0903,17.8554,2.1745
601336.SH,2016-03-31,1081.7295,846.0627,14.7146,2.1883
601336.SH,2016-02-29,901.1746,705.2956,12.092,1.9508
601336.SH,2016-01-31,997.4308,767.8588,13.1647,2.1238
601377.SH,2020-12-31,581.2711,581.2711,19.1303,1.5768
601377.SH,2020-11-30,603.3701,603.3701,19.8576,1.6368
601377.SH,2020-10-31,518.9921,518.9921,17.0806,1.4079
601377.SH,2020-09-30,554.4844,554.4844,27.0665,1.5596
601377.SH,2020-08-31,550.4664,550.4664,26.8704,1.5483
601377.SH,2020-07-31,548.4574,548.4574,52.9821,1.5794
601377.SH,2020-06-30,458.722,458.722,44.3135,1.3209
601377.SH,2020-05-31,381.0406,381.0406,36.8093,1.0973
601377.SH,2020-04-30,403.8093,403.8093,39.0088,1.1628
601377.SH,2020-03-31,418.542,418.542,36.0319,1.2164
601377.SH,2020-02-29,462.74,462.74,39.8369,1.3449
601377.SH,2020-01-31,455.3737,455.3737,39.2027,1.3235
601377.SH,2019-12-31,474.1244,474.1244,40.8169,1.378
601377.SH,2019-11-30,414.524,414.524,35.686,1.2048
601377.SH,2019-10-31,427.2477,427.2477,36.7814,1.2417
601377.SH,2019-09-30,416.533,416.533,53.2566,1.2418
601377.SH,2019-08-31,406.488,406.488,51.9722,1.2118
601377.SH,2019-07-31,434.614,434.614,56.5809,1.2847
601377.SH,2019-06-30,451.3557,451.3557,58.7604,1.3342
601377.SH,2019-05-31,413.8543,413.8543,53.8782,1.2234
601377.SH,2019-04-30,451.3557,451.3557,58.7604,1.3342
601377.SH,2019-03-31,485.5087,485.5087,47.1815,1.4614
601377.SH,2019-02-28,458.0523,458.0523,44.5133,1.3788
601377.SH,2019-01-31,326.7976,326.7976,31.758,0.9837
601377.SH,2018-12-31,310.7256,310.7256,30.1962,0.9353
601377.SH,2018-11-30,338.8516,338.8516,32.9294,1.02
601377.SH,2018-10-31,328.1369,328.1369,31.8882,0.9877
601377.SH,2018-09-30,304.0289,304.0289,18.2916,0.9505
601377.SH,2018-08-31,303.3592,303.3592,18.2513,0.9484
601377.SH,2018-07-31,324.7886,324.7886,16.4966,0.9631
601377.SH,2018-06-30,352.9146,352.9146,17.9252,1.0465
601377.SH,2018-05-31,395.7733,395.7733,20.1021,1.1736
601377.SH,2018-04-30,428.587,428.587,21.7688,1.2709
601377.SH,2018-03-31,440.641,440.641,19.2849,1.3181
601377.SH,2018-02-28,462.74,462.74,20.0096,1.384
601377.SH,2018-01-31,515.6437,515.6437,22.2972,1.5422
601377.SH,2017-12-31,487.5177,487.5177,24.5697,1.4665
601377.SH,2017-11-30,529.7067,529.7067,26.6959,1.5934
601377.SH,2017-10-31,524.3494,524.3494,26.4259,1.5773
601377.SH,2017-09-30,567.2081,567.2081,25.2762,1.7698
601377.SH,2017-08-31,575.2441,575.2441,25.6343,1.7949
601377.SH,2017-07-31,544.4394,544.4394,24.4737,1.6735
601377.SH,2017-06-30,497.5627,497.5627,22.3665,1.5294
601377.SH,2017-05-31,497.5627,497.5627,22.3665,1.5294
601377.SH,2017-04-30,507.6077,507.6077,22.818,1.5603
601377.SH,2017-03-31,512.9651,512.9651,19.0484,1.6244
601377.SH,2017-02-28,531.7157,531.7157,19.7447,1.6837
601377.SH,2017-01-31,523.6797,523.6797,19.4463,1.6583
601377.SH,2016-12-31,512.2954,512.2954,19.0235,1.6222
601377.SH,2016-11-30,579.2621,579.2621,21.5103,1.8343
601377.SH,2016-10-31,527.6977,527.6977,19.5955,1.671
601377.SH,2016-09-30,506.2684,506.2684,21.8123,1.6662
601377.SH,2016-08-31,533.0551,533.0551,22.9664,1.7544
601377.SH,2016-07-31,516.3134,516.3134,14.3513,1.7388
601377.SH,2016-06-30,494.884,494.884,13.7557,1.6666
601377.SH,2016-05-31,547.1181,547.1181,15.2075,1.8425
601377.SH,2016-04-30,547.1181,547.1181,15.2075,1.8019
601377.SH,2016-03-31,588.6374,588.6374,14.1257,1.925
601377.SH,2016-02-29,486.848,486.848,11.5707,1.6491
601377.SH,2016-01-31,514.9741,514.9741,12.2392,1.7444
601390.SH,2020-12-31,1194.2644,1073.1585,4.8937,0.6403
601390.SH,2020-11-30,1287.2972,1150.54,5.2466,0.6865
601390.SH,2020-10-31,1223.4169,1093.5221,4.9866,0.6525
601390.SH,2020-09-30,1232.1699,1097.5948,5.3271,0.6759
601390.SH,2020-08-31,1288.5886,1043.667,5.5346,0.7022
601390.SH,2020-07-31,1282.892,1038.076,5.8439,0.7082
601390.SH,2020-06-30,1175.209,935.573,5.2669,0.6382
601390.SH,2020-05-31,1232.801,978.4379,5.5082,0.6675
601390.SH,2020-04-30,1372.1572,1092.123,6.1482,0.745
601390.SH,2020-03-31,1254.3277,1002.6658,5.583,0.696
601390.SH,2020-02-29,1259.8866,1000.8021,6.7214,0.7262
601390.SH,2020-01-31,1292.1205,1036.2123,6.9592,0.7519
601390.SH,2019-12-31,1390.8781,1107.0325,7.4348,0.8033
601390.SH,2019-11-30,1323.587,1052.9855,7.0718,0.7641
601390.SH,2019-10-31,1352.0504,1073.4861,7.2095,0.7789
601390.SH,2019-09-30,1402.4595,1118.2147,8.1184,0.7137
601390.SH,2019-08-31,1315.0502,1120.0784,7.5605,0.7044
601390.SH,2019-07-31,1389.6486,1185.3076,8.142,0.7455
601390.SH,2019-06-30,1434.9704,1215.1266,8.3468,0.9095
601390.SH,2019-05-31,1415.1056,1198.3534,8.2316,0.897
601390.SH,2019-04-30,1535.0913,1312.0386,9.0125,0.9821
601390.SH,2019-03-31,1613.312,1354.9035,9.6567,1.039
601390.SH,2019-02-28,1650.6675,1371.6767,9.3016,1.0712
601390.SH,2019-01-31,1510.0007,1246.8094,8.4548,0.9737
601390.SH,2018-12-31,1565.5686,1302.7201,8.834,1.0174
601390.SH,2018-11-30,1606.4034,1338.1302,9.0741,0.9711
601390.SH,2018-10-31,1638.7137,1377.2678,9.3395,1.0756
601390.SH,2018-09-30,1735.386,1448.088,9.9096,1.0804
601390.SH,2018-08-31,1586.1619,1338.1302,9.1572,0.9984
601390.SH,2018-07-31,1620.5279,1371.6767,10.1032,1.0667
601390.SH,2018-06-30,1602.1745,1369.1039,10.2542,1.1509
601390.SH,2018-05-31,1609.9109,1369.1039,10.2542,1.1509
601390.SH,2018-04-30,1593.6046,1356.2743,10.1581,1.1401
601390.SH,2018-03-31,1557.4448,1350.7759,10.4789,1.1737
601390.SH,2018-02-28,1613.7071,1396.596,12.1734,1.2575
601390.SH,2018-01-31,1787.076,1556.0499,13.5632,1.4011
601390.SH,2017-12-31,1766.9194,1537.7218,13.4035,1.3846
601390.SH,2017-11-30,1819.5525,1585.3747,13.8188,1.4275
601390.SH,2017-10-31,1892.5741,1640.3588,14.2981,1.477
601390.SH,2017-09-30,1843.0282,1585.3747,13.3933,1.4562
601390.SH,2017-08-31,1864.0962,1614.6996,13.641,1.4832
601390.SH,2017-07-31,1876.7056,1623.8636,15.7417,1.5306
601390.SH,2017-06-30,1840.3984,1589.0403,15.4041,1.4978
601390.SH,2017-05-31,1899.9344,1633.0276,15.8306,1.5392
601390.SH,2017-04-30,1882.3077,1609.2011,15.5996,1.5168
601390.SH,2017-03-31,1901.5138,1614.6996,16.0889,1.5675
601390.SH,2017-02-28,1937.8337,1656.854,15.1907,1.6445
601390.SH,2017-01-31,1906.0479,1623.8636,14.8883,1.6118
601390.SH,2016-12-31,1891.345,1623.8636,14.8883,1.6118
601390.SH,2016-11-30,2087.931,1796.1471,16.4678,1.7828
601390.SH,2016-10-31,1787.558,1541.3874,14.1321,1.5299
601390.SH,2016-09-30,1518.6224,1293.959,12.487,1.3263
601390.SH,2016-08-31,1598.9738,1367.2711,13.1944,1.4015
601390.SH,2016-07-31,1485.4649,1253.6373,12.5406,1.2878
601390.SH,2016-06-30,1506.1183,1191.3479,12.779,1.1947
601390.SH,2016-05-31,1563.8889,1239.207,13.2923,1.2427
601390.SH,2016-04-30,1610.5231,1278.5197,13.714,1.2822
601390.SH,2016-03-31,1706.7635,1375.9471,15.0026,1.4082
601390.SH,2016-02-29,1532.5447,1246.044,14.8761,1.324
601390.SH,2016-01-31,1679.5054,1360.5638,16.2433,1.4457
601398.SH,2020-12-31,1.7128,1.3454,6.1499,0.6892
601398.SH,2020-11-30,1.7967,1.4343,6.5566,0.7348
601398.SH,2020-10-31,1.6547,1.3265,6.0636,0.6795
601398.SH,2020-09-30,1.6331,1.3265,5.983,0.6945
601398.SH,2020-08-31,1.6707,1.3373,6.0317,0.7002
601398.SH,2020-07-31,1.6955,1.3373,5.6171,0.6912
601398.SH,2020-06-30,1.7153,1.3427,5.6398,0.6939
601398.SH,2020-05-31,1.7796,1.3804,5.7983,0.7134
601398.SH,2020-04-30,1.8111,1.3939,5.8549,0.7204
601398.SH,2020-03-31,1.8096,1.3885,5.8788,0.7431
601398.SH,2020-02-29,1.8447,1.4289,6.0981,0.7809
601398.SH,2020-01-31,1.9436,1.5422,6.5813,0.8428
601398.SH,2019-12-31,2.0518,1.5853,6.7654,0.8664
601398.SH,2019-11-30,1.996,1.5611,6.6619,0.8531
601398.SH,2019-10-31,2.034,1.5934,6.8,0.8708
601398.SH,2019-09-30,1.902,1.491,6.4586,0.878
601398.SH,2019-08-31,1.8413,1.4532,6.2951,0.8558
601398.SH,2019-07-31,1.9253,1.5206,6.6809,0.8955
601398.SH,2019-06-30,2.0232,1.588,6.977,0.9019
601398.SH,2019-05-31,1.9398,1.5125,6.6453,0.859
601398.SH,2019-04-30,2.005,1.5664,6.8822,0.8896
601398.SH,2019-03-31,1.9298,1.5017,6.6689,0.8847
601398.SH,2019-02-28,1.9971,1.5503,6.8844,0.9397
601398.SH,2019-01-31,1.9755,1.526,6.7767,0.925
601398.SH,2018-12-31,1.8514,1.4262,6.3337,0.8645
601398.SH,2018-11-30,1.865,1.437,6.3816,0.871
601398.SH,2018-10-31,1.9263,1.5179,6.7408,0.9201
601398.SH,2018-09-30,1.9925,1.5557,7.0068,1.0214
601398.SH,2018-08-31,1.9029,1.4667,6.6061,0.963
601398.SH,2018-07-31,1.9613,1.5233,6.9662,1.0001
601398.SH,2018-06-30,1.8639,1.4343,6.5594,0.9092
601398.SH,2018-05-31,1.9872,1.526,6.9786,0.9673
601398.SH,2018-04-30,2.1071,1.6177,7.3978,1.0254
601398.SH,2018-03-31,2.1113,1.6419,7.5879,1.0632
601398.SH,2018-02-28,2.2727,1.7983,8.3866,1.1869
601398.SH,2018-01-31,2.5369,2.0167,9.4051,1.331
601398.SH,2017-12-31,2.1279,1.6716,7.7956,1.1033
601398.SH,2017-11-30,2.0417,1.5961,7.4436,1.0534
601398.SH,2017-10-31,2.102,1.6446,7.6699,1.0855
601398.SH,2017-09-30,2.0454,1.6177,7.6094,1.1067
601398.SH,2017-08-31,2.0198,1.5907,7.4825,1.0883
601398.SH,2017-07-31,1.8946,1.4856,7.0319,1.0088
601398.SH,2017-06-30,1.8125,1.4155,6.7001,0.9612
601398.SH,2017-05-31,1.8137,1.4155,6.7001,0.9612
601398.SH,2017-04-30,1.7063,1.3157,6.2279,0.8934
601398.SH,2017-03-31,1.6964,1.3049,6.1995,0.9158
601398.SH,2017-02-28,1.6558,1.2645,6.0093,0.9005
601398.SH,2017-01-31,1.607,1.2402,5.8939,0.8832
601398.SH,2016-12-31,1.55,1.189,5.6505,0.8467
601398.SH,2016-11-30,1.5847,1.2186,5.7914,0.8679
601398.SH,2016-10-31,1.5479,1.1944,5.6761,0.8506
601398.SH,2016-09-30,1.5568,1.1944,5.6728,0.8884
601398.SH,2016-08-31,1.5904,1.2213,5.8008,0.9085
601398.SH,2016-07-31,1.4861,1.1593,5.5213,0.8591
601398.SH,2016-06-30,1.5153,1.1971,5.701,0.8871
601398.SH,2016-05-31,1.4783,1.1755,5.5983,0.8711
601398.SH,2016-04-30,1.4528,1.1485,5.4699,0.8512
601398.SH,2016-03-31,1.4705,1.1566,5.5172,0.8941
601398.SH,2016-02-29,1.3671,1.0865,5.1832,0.8728
601398.SH,2016-01-31,1.3995,1.1054,5.2733,0.888
601555.SH,2020-12-31,382.6192,382.6192,23.868,1.3861
601555.SH,2020-11-30,392.7085,392.7085,24.4973,1.4227
601555.SH,2020-10-31,379.1267,379.1267,23.6501,1.3735
601555.SH,2020-09-30,414.0514,414.0514,31.432,1.525
601555.SH,2020-08-31,417.5438,417.5438,31.6971,1.5378
601555.SH,2020-07-31,443.1553,443.1553,33.6414,1.6322
601555.SH,2020-06-30,316.6503,316.6503,39.8125,1.1968
601555.SH,2020-05-31,292.2031,292.2031,36.7387,1.0837
601555.SH,2020-04-30,299.9641,299.9641,37.7145,1.1125
601555.SH,2020-03-31,307.3371,307.3371,28.1375,1.4833
601555.SH,2020-02-29,278.1,278.1,25.4608,1.3422
601555.SH,2020-01-31,274.2,274.2,25.1037,1.3234
601555.SH,2019-12-31,299.7,299.7,27.4383,1.4464
601555.SH,2019-11-30,255.9,255.9,23.4283,1.2351
601555.SH,2019-10-31,272.7,272.7,24.9664,1.3161
601555.SH,2019-09-30,277.5,277.5,25.6333,1.3638
601555.SH,2019-08-31,269.1,269.1,24.8574,1.3225
601555.SH,2019-07-31,296.4,296.4,32.4642,1.4342
601555.SH,2019-06-30,307.5,307.5,33.6799,1.4687
601555.SH,2019-05-31,295.5,295.5,32.3656,1.4114
601555.SH,2019-04-30,337.2,337.2,36.9329,1.6106
601555.SH,2019-03-31,303.6,303.6,175.6504,1.4864
601555.SH,2019-02-28,276.3,276.3,159.8557,1.3528
601555.SH,2019-01-31,210.9,210.9,122.018,1.0326
601555.SH,2018-12-31,201,201,116.2903,0.9841
601555.SH,2018-11-30,214.8,214.8,124.2744,1.0517
601555.SH,2018-10-31,198.9,198.9,115.0753,0.9738
601555.SH,2018-09-30,191.7,191.7,49.4676,0.9515
601555.SH,2018-08-31,190.8,190.8,49.2353,0.9471
601555.SH,2018-07-31,200.4,200.4,37.3333,0.9839
601555.SH,2018-06-30,204.9,204.9,38.1716,1.006
601555.SH,2018-05-31,221.1,221.1,41.1896,1.0856
601555.SH,2018-04-30,240,240,44.7106,1.1529
601555.SH,2018-03-31,247.5,247.5,31.4037,1.1887
601555.SH,2018-02-28,255.9,255.9,24.2363,1.2275
601555.SH,2018-01-31,291,291,27.5606,1.3959
601555.SH,2017-12-31,291.6,291.6,27.6174,1.3987
601555.SH,2017-11-30,321.6,321.6,30.4587,1.5426
601555.SH,2017-10-31,324.9,324.9,30.7712,1.5585
601555.SH,2017-09-30,366.3,366.3,27.9437,1.8012
601555.SH,2017-08-31,381,381,29.0651,1.8735
601555.SH,2017-07-31,358.5,358.5,24.4523,1.7865
601555.SH,2017-06-30,336.9,336.9,22.979,1.6789
601555.SH,2017-05-31,335.7,335.7,22.8971,1.6729
601555.SH,2017-04-30,358.2,358.2,24.4318,1.7459
601555.SH,2017-03-31,370.5,370.5,24.7616,1.8321
601555.SH,2017-02-28,393.3,393.3,26.2854,1.9448
601555.SH,2017-01-31,386.1,386.1,25.8042,1.9092
601555.SH,2016-12-31,398.1,398.1,22.4379,2.0024
601555.SH,2016-11-30,438,438,24.6867,2.2031
601555.SH,2016-10-31,435,435,24.5176,2.188
601555.SH,2016-09-30,389.7,389.7,26.0756,2.0471
601555.SH,2016-08-31,421.5,421.5,28.2034,2.2141
601555.SH,2016-07-31,420.6,420.6,17.2583,2.2245
601555.SH,2016-06-30,402,402,16.4951,2.1261
601555.SH,2016-05-31,378.6,378.6,15.535,1.9114
601555.SH,2016-04-30,369.3,369.3,15.1534,1.8644
601555.SH,2016-03-31,402.3,402.3,14.8434,2.121
601555.SH,2016-02-29,296.4,296.4,10.9361,1.5627
601555.SH,2016-01-31,321.9,321.9,11.8769,1.6972
601600.SH,2020-12-31,565.7086,474.7571,124.9837,1.2383
601600.SH,2020-11-30,642.5726,540.1506,142.1991,1.4089
601600.SH,2020-10-31,433.1617,375.3589,98.8163,0.9791
601600.SH,2020-09-30,435.3475,380.5904,273.7566,1.0068
601600.SH,2020-08-31,479.6199,413.2871,297.2752,1.0933
601600.SH,2020-07-31,501.024,430.2895,128.2153,1.1404
601600.SH,2020-06-30,413.2097,360.9723,107.5606,0.9567
601600.SH,2020-05-31,418.0844,366.2038,109.1194,0.9706
601600.SH,2020-04-30,432.1063,372.7431,111.068,0.9879
601600.SH,2020-03-31,432.1622,376.6668,57.6091,0.997
601600.SH,2020-02-29,473.5751,400.2084,285.8159,1.0599
601600.SH,2020-01-31,511.9611,361.6745,308.2328,1.143
601600.SH,2019-12-31,557.3153,387.9781,330.6498,1.2261
601600.SH,2019-11-30,513.9838,359.4825,306.3648,1.1361
601600.SH,2019-10-31,526.0741,371.5383,316.6392,1.1742
601600.SH,2019-09-30,548.2407,385.7861,82.3465,1.2186
601600.SH,2019-08-31,552.7747,394.554,84.218,1.2463
601600.SH,2019-07-31,580.326,410.9937,63.4226,1.305
601600.SH,2019-06-30,608.7863,429.6254,66.2977,1.3641
601600.SH,2019-05-31,623.5407,440.5853,67.989,1.3989
601600.SH,2019-04-30,649.2491,457.025,70.5259,1.4511
601600.SH,2019-03-31,645.7693,459.217,81.9611,1.1666
601600.SH,2019-02-28,665.3926,466.8889,47.7347,1.1861
601600.SH,2019-01-31,484.2865,386.8821,34.6312,1.064
601600.SH,2018-12-31,476.1578,389.074,34.8275,1.07
601600.SH,2018-11-30,496.8704,398.9379,35.7104,1.0541
601600.SH,2018-10-31,515.9048,416.4736,37.2801,1.1004
601600.SH,2018-09-30,562.4544,441.6812,40.7075,1.1773
601600.SH,2018-08-31,556.628,442.7772,40.8086,1.1802
601600.SH,2018-07-31,546.4328,424.1455,44.4936,1.1393
601600.SH,2018-06-30,535.908,420.8576,44.1487,1.1304
601600.SH,2018-05-31,590.1907,457.025,47.9427,1.2276
601600.SH,2018-04-30,657.0735,514.0161,53.9212,1.3807
601600.SH,2018-03-31,656.2488,518.4001,51.1413,1.7857
601600.SH,2018-02-28,798.1082,646.6301,53.2838,2.3189
601600.SH,2018-01-31,1055.9503,886.6504,73.062,3.1796
601600.SH,2017-12-31,1070.9416,886.6504,73.062,3.1796
601600.SH,2017-11-30,1059.4391,886.6504,73.062,3.1796
601600.SH,2017-10-31,1097.4964,886.6504,73.062,3.1796
601600.SH,2017-09-30,1121.5576,886.6504,109.9747,3.2277
601600.SH,2017-08-31,1070.5188,877.8826,108.8872,3.1957
601600.SH,2017-07-31,821.902,655.398,115.1393,2.3186
601600.SH,2017-06-30,632.3063,495.3844,87.0284,1.7526
601600.SH,2017-05-31,589.6943,463.6009,81.4447,1.6401
601600.SH,2017-04-30,665.3614,531.5519,93.3822,1.8805
601600.SH,2017-03-31,642.6859,509.6322,172.1831,1.8186
601600.SH,2017-02-28,676.6167,541.4157,59.1072,1.9506
601600.SH,2017-01-31,702.4191,562.2394,61.3806,2.0257
601600.SH,2016-12-31,575.3983,462.5049,50.4924,1.6663
601600.SH,2016-11-30,631.8976,510.7282,55.757,1.8401
601600.SH,2016-10-31,535.2769,436.2013,47.6208,1.5716
601600.SH,2016-09-30,505.3151,409.8977,235.9973,1.4222
601600.SH,2016-08-31,528.614,429.6254,247.3555,1.4906
601600.SH,2016-07-31,506.5033,421.9535,353.2227,1.4823
601600.SH,2016-06-30,495.0959,413.1857,345.8831,1.4515
601600.SH,2016-05-31,528.9379,393.7595,377.0768,1.5824
601600.SH,2016-04-30,546.7833,403.34,386.2514,1.6209
601600.SH,2016-03-31,562.3085,420.5849,317.119,1.6845
601600.SH,2016-02-29,581.5116,431.1235,-5.7145,1.8899
601600.SH,2016-01-31,489.3646,360.2276,-4.7748,1.5791
601601.SH,2020-12-31,3337.4123,2628.4959,15.0938,1.8221
601601.SH,2020-11-30,3340.4261,2645.6085,15.1921,1.8339
601601.SH,2020-10-31,2765.4939,2184.2527,12.5428,1.5141
601601.SH,2020-09-30,2670.4153,2136.3374,11.639,1.5172
601601.SH,2020-08-31,2639.0597,2109.6418,11.4935,1.4983
601601.SH,2020-07-31,2581.4999,2019.9717,9.2625,1.1814
601601.SH,2020-06-30,2378.0501,1853.2906,8.5141,1.0909
601601.SH,2020-05-31,2321.6615,1777.8788,8.3613,1.3784
601601.SH,2020-04-30,2585.0604,1934.4176,9.0975,1.4997
601601.SH,2020-03-31,2368.7499,1774.1067,9.2185,1.4332
601601.SH,2020-02-29,2644.5527,2004.8286,10.2412,1.6976
601601.SH,2020-01-31,2903.653,2260.6973,11.5483,1.9143
601601.SH,2019-12-31,3142.1072,2378.8873,12.152,2.0143
601601.SH,2019-11-30,2843.5549,2153.1948,10.9991,1.8232
601601.SH,2019-10-31,2881.4125,2169.5402,11.0826,1.8371
601601.SH,2019-09-30,2913.1366,2192.1723,12.1779,2.0591
601601.SH,2019-08-31,3163.5656,2376.3726,13.2012,2.2321
601601.SH,2019-07-31,3249.5595,2426.6662,17.7137,2.2858
601601.SH,2019-06-30,3041.0976,2295.2742,16.7546,2.0412
601601.SH,2019-05-31,2871.4385,2163.8821,15.7955,1.9243
601601.SH,2019-04-30,3039.9435,2274.5281,16.6032,2.0227
601601.SH,2019-03-31,2873.2251,2139.9927,17.1192,2.0623
601601.SH,2019-02-28,2837.7158,2138.7353,18.7398,2.1559
601601.SH,2019-01-31,2588.5893,1937.5609,16.9771,1.9531
601601.SH,2018-12-31,2403.7493,1787.3088,15.6606,1.8017
601601.SH,2018-11-30,2655.1452,1973.3951,17.2911,1.9893
601601.SH,2018-10-31,2835.4924,2116.1032,18.5415,2.1331
601601.SH,2018-09-30,2969.929,2232.4072,19.6131,2.4447
601601.SH,2018-08-31,2765.3534,2059.5229,18.0942,2.2554
601601.SH,2018-07-31,2889.5209,2151.9374,18.8992,2.1907
601601.SH,2018-06-30,2712.4601,2002.314,17.5851,2.0384
601601.SH,2018-05-31,2860.7486,2091.5851,18.3691,2.1293
601601.SH,2018-04-30,2770.1853,1986.5972,17.4471,2.0224
601601.SH,2018-03-31,2916.8962,2133.0773,20.9708,2.2362
601601.SH,2018-02-28,3380.5261,2516.566,25.6289,2.6722
601601.SH,2018-01-31,3377.5086,2485.1325,25.3088,2.6388
601601.SH,2017-12-31,3475.074,2603.9511,26.5189,2.765
601601.SH,2017-11-30,3498.425,2624.0686,26.7237,2.7863
601601.SH,2017-10-31,3597.8536,2689.4503,27.3896,2.8558
601601.SH,2017-09-30,3115.166,2321.6783,26.9365,2.5447
601601.SH,2017-08-31,3265.5044,2402.7767,27.8775,2.6336
601601.SH,2017-07-31,2973.1097,2148.1654,26.113,2.3326
601601.SH,2017-06-30,2897.6928,2129.3053,25.8838,2.3121
601601.SH,2017-05-31,2670.6492,1908.0135,23.1938,2.0718
601601.SH,2017-04-30,2451.3699,1744.5593,21.2068,1.8943
601601.SH,2017-03-31,2414.9325,1723.8131,20.6088,1.8858
601601.SH,2017-02-28,2418.1874,1718.7838,21.5047,1.8909
601601.SH,2017-01-31,2506.5516,1824.4003,22.8261,2.0071
601601.SH,2016-12-31,2417.3419,1745.8166,21.8429,1.9206
601601.SH,2016-11-30,2642.1985,1899.2121,23.7621,2.0894
601601.SH,2016-10-31,2522.2823,1843.2604,23.062,2.0278
601601.SH,2016-09-30,2492.0037,1807.4263,20.7183,2.2099
601601.SH,2016-08-31,2380.4356,1726.9565,19.7959,2.1115
601601.SH,2016-07-31,2336.2851,1684.2069,16.1589,1.8335
601601.SH,2016-06-30,2319.0067,1699.9237,16.3097,1.8506
601601.SH,2016-05-31,2339.6352,1715.6404,16.4605,1.8677
601601.SH,2016-04-30,2368.8709,1735.7579,16.6535,1.8896
601601.SH,2016-03-31,2319.6318,1649.0014,13.408,1.7827
601601.SH,2016-02-29,2065.6113,1478.0032,12.4407,1.6774
601601.SH,2016-01-31,2100.0364,1462.9151,12.3137,1.6602
601607.SH,2020-12-31,474.8832,369.2192,12.7376,1.23
601607.SH,2020-11-30,489.0533,386.7186,13.3413,1.2883
601607.SH,2020-10-31,478.7095,383.0649,13.2153,1.2761
601607.SH,2020-09-30,495.2306,390.5647,13.622,1.3449
601607.SH,2020-08-31,539.3441,426.9097,14.8896,1.4701
601607.SH,2020-07-31,508.1945,394.2184,14.5923,1.4085
601607.SH,2020-06-30,462.7557,353.4505,13.0832,1.2258
601607.SH,2020-05-31,445.9486,342.297,12.6704,1.1871
601607.SH,2020-04-30,470.283,355.7581,13.1686,1.2338
601607.SH,2020-03-31,485.8605,375.1805,13.5872,1.331
601607.SH,2020-02-29,476.8054,359.0272,13.5772,1.2965
601607.SH,2020-01-31,481.8692,363.6424,13.7517,1.3131
601607.SH,2019-12-31,478.0685,353.2582,13.359,1.2756
601607.SH,2019-11-30,457.9832,342.1047,12.9373,1.2354
601607.SH,2019-10-31,474.0129,356.7196,13.4899,1.2881
601607.SH,2019-09-30,467.7088,349.989,12.512,1.329
601607.SH,2019-08-31,485.1684,362.2963,12.952,1.3758
601607.SH,2019-07-31,471.4857,349.2198,12.9439,1.3254
601607.SH,2019-06-30,473.2087,349.0275,12.9368,1.2862
601607.SH,2019-05-31,478.911,353.8351,13.115,1.3039
601607.SH,2019-04-30,507.9078,378.4497,14.0274,1.3946
601607.SH,2019-03-31,532.4913,397.6798,15.1439,1.5065
601607.SH,2019-02-28,492.3999,354.2197,12.4529,1.3583
601607.SH,2019-01-31,440.7695,309.6057,10.8845,1.1872
601607.SH,2018-12-31,455.1152,326.9128,11.4929,1.2536
601607.SH,2018-11-30,546.5236,389.2186,13.6834,1.4925
601607.SH,2018-10-31,522.066,380.7573,13.3859,1.46
601607.SH,2018-09-30,552.4076,394.2184,16.0555,1.6047
601607.SH,2018-08-31,573.6453,409.0256,16.6586,1.665
601607.SH,2018-07-31,610.8262,444.7937,18.5631,1.8031
601607.SH,2018-06-30,627.3604,459.601,19.1811,1.8095
601607.SH,2018-05-31,691.6164,509.4071,21.2597,2.0056
601607.SH,2018-04-30,609.4119,449.409,18.7557,1.7694
601607.SH,2018-03-31,629.2937,474.2159,19.9071,1.915
601607.SH,2018-02-28,574.2269,427.6789,18.4397,1.7631
601607.SH,2018-01-31,611.6229,459.0241,19.7912,1.8923
601607.SH,2017-12-31,600.5839,465.1777,18.9755,1.9521
601607.SH,2017-11-30,592.0779,464.9854,18.9677,1.9512
601607.SH,2017-10-31,612.1302,480.7542,19.6109,2.0174
601607.SH,2017-09-30,580.6871,456.5241,18.8355,1.9613
601607.SH,2017-08-31,572.5003,448.0629,18.4864,1.9249
601607.SH,2017-07-31,616.5799,479.9849,20.2987,2.1167
601607.SH,2017-06-30,709.918,555.3672,23.4867,2.3765
601607.SH,2017-05-31,643.8289,491.7153,20.7948,2.1041
601607.SH,2017-04-30,596.2868,456.5241,19.3066,1.9536
601607.SH,2017-03-31,586.6256,448.2552,19.6091,1.9821
601607.SH,2017-02-28,552.5958,416.91,18.4752,1.848
601607.SH,2017-01-31,555.8179,421.3329,18.6712,1.8676
601607.SH,2016-12-31,497.9528,376.1421,16.6686,1.6673
601607.SH,2016-11-30,521.9209,389.9878,17.2822,1.7286
601607.SH,2016-10-31,514.5598,380.9496,16.8817,1.6886
601607.SH,2016-09-30,517.2282,379.4112,17.2504,1.7214
601607.SH,2016-08-31,530.3075,389.6032,17.7137,1.7677
601607.SH,2016-07-31,513.3318,392.4877,18.0938,1.8305
601607.SH,2016-06-30,458.9079,347.1045,16.0016,1.5723
601607.SH,2016-05-31,463.2466,354.412,16.3385,1.6054
601607.SH,2016-04-30,453.28,348.066,16.0459,1.5767
601607.SH,2016-03-31,427.1821,329.4127,16.0102,1.5389
601607.SH,2016-02-29,381.6056,291.337,14.2568,1.3996
601607.SH,2016-01-31,396.3383,300.3752,14.6991,1.443
601608.SH,2020-12-31,171.841,171.841,77.8057,2.3396
601608.SH,2020-11-30,165.7658,165.7658,75.055,2.2569
601608.SH,2020-10-31,155.3512,155.3512,70.3395,2.1151
601608.SH,2020-09-30,160.1246,160.1246,83.9882,2.1922
601608.SH,2020-08-31,174.0107,174.0107,91.2717,2.3823
601608.SH,2020-07-31,173.5768,173.5768,139.7822,2.4172
601608.SH,2020-06-30,148.4081,148.4081,119.5138,2.0667
601608.SH,2020-05-31,148.8421,148.8421,119.8633,2.0727
601608.SH,2020-04-30,162.7282,162.7282,131.0458,2.2661
601608.SH,2020-03-31,142.7669,142.7669,122.1308,1.9927
601608.SH,2020-02-29,154.0494,154.0494,115.2261,2.1271
601608.SH,2020-01-31,164.03,164.03,122.6915,2.2649
601608.SH,2019-12-31,161.4264,161.4264,120.744,2.229
601608.SH,2019-11-30,154.4833,154.4833,115.5507,2.1331
601608.SH,2019-10-31,156.653,156.653,117.1736,2.1631
601608.SH,2019-09-30,166.1998,166.1998,120.5168,2.2996
601608.SH,2019-08-31,174.8786,174.8786,126.8101,2.4197
601608.SH,2019-07-31,175.7465,175.7465,147.9238,2.4528
601608.SH,2019-06-30,187.4629,187.4629,157.7854,2.6163
601608.SH,2019-05-31,174.4447,174.4447,146.8281,2.4346
601608.SH,2019-04-30,188.3308,188.3308,158.5159,2.6284
601608.SH,2019-03-31,221.3104,221.3104,208.4693,3.0917
601608.SH,2019-02-28,170.1052,170.1052,213.7458,2.3634
601608.SH,2019-01-31,117.5983,117.5983,147.7681,1.6339
601608.SH,2018-12-31,112.8249,112.8249,141.7702,1.5675
601608.SH,2018-11-30,114.5607,114.5607,143.9512,1.5917
601608.SH,2018-10-31,114.5607,114.5607,143.9512,1.5917
601608.SH,2018-09-30,122.8056,122.8056,167.065,1.7102
601608.SH,2018-08-31,119.334,119.334,162.3423,1.6619
601608.SH,2018-07-31,123.2395,123.2395,354.9651,1.7244
601608.SH,2018-06-30,112.8249,112.8249,324.9681,1.5787
601608.SH,2018-05-31,134.9559,134.9559,388.7118,1.8883
601608.SH,2018-04-30,144.9366,144.9366,417.459,2.028
601608.SH,2018-03-31,153.6154,153.6154,490.4398,2.149
601608.SH,2018-02-28,154.9173,154.9173,-12.5186,2.1678
601608.SH,2018-01-31,175.3125,175.3125,-14.1667,2.4532
601608.SH,2017-12-31,178.7841,178.7841,-14.4472,2.5018
601608.SH,2017-11-30,189.1987,189.1987,-15.2888,2.6475
601608.SH,2017-10-31,221.7443,221.7443,-17.9188,3.1029
601608.SH,2017-09-30,223.0462,223.0462,-14.0818,3.121
601608.SH,2017-08-31,228.2535,228.2535,-14.4106,3.1938
601608.SH,2017-07-31,229.5553,229.5553,-14.4928,3.212
601608.SH,2017-06-30,240.4038,240.4038,-15.1062,3.3793
601608.SH,2017-05-31,240.4038,240.4038,-15.1062,3.3793
601608.SH,2017-04-30,240.4038,240.4038,-15.1062,3.3793
601608.SH,2017-03-31,251.6863,251.6863,-15.8899,3.5433
601608.SH,2017-02-28,245.6111,245.6111,-54.9218,2.9482
601608.SH,2017-01-31,225.6498,225.6498,-50.4582,2.7086
601608.SH,2016-12-31,243.4414,243.4414,-54.4366,2.9221
601608.SH,2016-11-30,282.4962,282.4962,-63.1698,3.3909
601608.SH,2016-10-31,229.1213,229.1213,-51.2345,2.7503
601608.SH,2016-09-30,220.4425,220.4425,-379.0922,2.5387
601608.SH,2016-08-31,232.5929,232.5929,-399.987,2.6786
601608.SH,2016-07-31,234.3286,234.3286,-803.5861,2.6727
601608.SH,2016-06-30,233.0268,233.0268,-799.1218,2.6579
601608.SH,2016-05-31,239.5359,239.5359,-821.4436,2.7321
601608.SH,2016-04-30,257.3276,257.3276,-882.4566,2.935
601608.SH,2016-03-31,236.9323,236.9323,382.3482,2.6962
601608.SH,2016-02-29,191.3684,191.3684,82.7345,2.342
601608.SH,2016-01-31,202.2169,202.2169,87.4247,2.4748
601618.SH,2020-12-31,520.4805,487.3765,7.8881,0.7639
601618.SH,2020-11-30,534.2284,499.8733,8.0903,0.7835
601618.SH,2020-10-31,493.5052,462.3828,7.4836,0.7247
601618.SH,2020-09-30,504.3772,473.0944,7.8066,0.7446
601618.SH,2020-08-31,537.2446,503.4439,8.3074,0.7924
601618.SH,2020-07-31,533.7694,499.8733,8.6285,0.7863
601618.SH,2020-06-30,480.3573,448.1007,7.7349,0.7048
601618.SH,2020-05-31,478.0075,446.3155,7.704,0.702
601618.SH,2020-04-30,494.1686,458.8123,7.9198,0.7217
601618.SH,2020-03-31,503.4146,467.7386,8.176,0.7723
601618.SH,2020-02-29,524.55,485.5912,8.4881,0.8017
601618.SH,2020-01-31,518.8967,480.2355,8.3945,0.7929
601618.SH,2019-12-31,544.8796,499.8733,8.7377,0.8253
601618.SH,2019-11-30,520.4751,478.4502,8.3633,0.79
601618.SH,2019-10-31,532.055,489.1618,8.5505,0.8076
601618.SH,2019-09-30,543.6663,498.0881,8.7323,0.6831
601618.SH,2019-08-31,536.3321,490.947,8.6071,0.6767
601618.SH,2019-07-31,575.1519,526.6523,9.4379,0.7259
601618.SH,2019-06-30,595.5027,542.7196,9.7258,0.9033
601618.SH,2019-05-31,588.3298,535.5786,9.5979,0.8914
601618.SH,2019-04-30,646.151,592.707,10.6216,0.9865
601618.SH,2019-03-31,685.5472,628.4122,11.4488,1.0725
601618.SH,2019-02-28,677.5517,621.2711,11.4872,1.0991
601618.SH,2019-01-31,574.0461,521.2965,9.6387,0.9222
601618.SH,2018-12-31,602.5092,555.2165,10.2659,0.9822
601618.SH,2018-11-30,604.0978,553.4312,10.2329,0.7694
601618.SH,2018-10-31,614.3517,565.928,10.4639,0.7868
601618.SH,2018-09-30,692.9179,637.3385,11.7546,0.9052
601618.SH,2018-08-31,692.7943,639.1238,11.7875,0.9077
601618.SH,2018-07-31,680.4074,623.0564,11.5156,0.8754
601618.SH,2018-06-30,650.6487,594.4922,10.9876,0.8212
601618.SH,2018-05-31,712.1346,656.9764,12.1425,0.9075
601618.SH,2018-04-30,717.2089,658.7616,12.1755,0.91
601618.SH,2018-03-31,730.0723,678.3995,12.9918,0.9545
601618.SH,2018-02-28,797.9191,742.669,15.484,1.069
601618.SH,2018-01-31,857.465,799.7973,16.6751,1.1512
601618.SH,2017-12-31,919.2644,864.0668,18.015,1.2437
601618.SH,2017-11-30,945.152,889.0604,18.5361,1.2797
601618.SH,2017-10-31,973.5394,910.4836,18.9828,1.3105
601618.SH,2017-09-30,976.746,914.0541,18.8309,1.3884
601618.SH,2017-08-31,967.3711,905.1278,18.647,1.3749
601618.SH,2017-07-31,984.1644,917.6246,19.5359,1.4114
601618.SH,2017-06-30,960.1997,894.4162,19.0418,1.3534
601618.SH,2017-05-31,953.5101,885.4899,18.8518,1.3399
601618.SH,2017-04-30,974.8028,901.5573,19.1939,1.3642
601618.SH,2017-03-31,982.3589,906.9131,19.5831,1.4922
601618.SH,2017-02-28,986.2638,908.6983,21.0664,1.5392
601618.SH,2017-01-31,973.3938,901.5573,20.9009,1.5271
601618.SH,2016-12-31,834.2952,756.7374,17.785,1.6972
601618.SH,2016-11-30,944.5281,873.6582,20.5329,1.9594
601618.SH,2016-10-31,745.395,682.038,16.0294,1.5296
601618.SH,2016-09-30,703.9782,641.4405,14.9616,1.4599
601618.SH,2016-08-31,763.6784,701.5248,16.363,1.5966
601618.SH,2016-07-31,676.807,618.7059,14.8797,1.4305
601618.SH,2016-06-30,657.3732,599.2191,14.411,1.3854
601618.SH,2016-05-31,662.4512,608.9625,14.6454,1.408
601618.SH,2016-04-30,702.2454,646.3122,15.5436,1.4641
601618.SH,2016-03-31,732.7539,682.038,16.7158,1.5839
601618.SH,2016-02-29,674.6514,633.321,16.117,1.5107
601618.SH,2016-01-31,670.0405,626.8254,15.9517,1.4952
601628.SH,2020-12-31,9065.0903,7994.1532,22.7657,2.599
601628.SH,2020-11-30,9941.454,8831.2591,25.1496,2.8711
601628.SH,2020-10-31,10682.1907,9595.4826,27.326,3.1196
601628.SH,2020-09-30,10385.7066,9251.8944,24.5163,3.0771
601628.SH,2020-08-31,10339.3299,9095.7179,24.1025,3.0251
601628.SH,2020-07-31,8796.2618,7598.5061,20.9022,2.6769
601628.SH,2020-06-30,6726.4249,5666.0825,15.5865,1.8946
601628.SH,2020-05-31,6324.7268,5330.8237,14.6642,1.7825
601628.SH,2020-04-30,7065.7688,5943.0355,16.3483,1.9873
601628.SH,2020-03-31,6517.0062,5484.9178,12.7729,1.8802
601628.SH,2020-02-29,7353.5915,6132.5296,16.909,2.185
601628.SH,2020-01-31,7959.6714,6717.6708,18.5224,2.3935
601628.SH,2019-12-31,8704.2794,7261.1649,20.0209,2.5871
601628.SH,2019-11-30,8153.9639,6832.2002,18.8382,2.4343
601628.SH,2019-10-31,8331.6857,6965.4708,19.2056,2.4817
601628.SH,2019-09-30,6941.2078,5722.306,23.8468,2.1537
601628.SH,2019-08-31,7240.3596,6007.5884,25.0357,2.2611
601628.SH,2019-07-31,7501.7353,6182.5061,35.0959,2.3535
601628.SH,2019-06-30,7156.6171,5897.2237,33.4765,2.2449
601628.SH,2019-05-31,6629.7064,5439.106,30.8759,2.0705
601628.SH,2019-04-30,7726.6305,6309.5296,35.817,2.4019
601628.SH,2019-03-31,7244.0294,5897.2237,70.2463,2.5773
601628.SH,2019-02-28,7279.6304,5909.7178,31.7094,2.4866
601628.SH,2019-01-31,5969.267,4739.4354,25.4301,1.9942
601628.SH,2018-12-31,5330.8387,4245.9178,22.782,1.7865
601628.SH,2018-11-30,5602.3469,4493.7178,24.1116,1.8462
601628.SH,2018-10-31,5585.9016,4554.106,24.4357,1.871
601628.SH,2018-09-30,5886.9865,4722.7766,17.5947,1.9846
601628.SH,2018-08-31,5749.783,4602.0001,17.1447,1.9339
601628.SH,2018-07-31,6148.5358,4883.1178,16.7283,2.0455
601628.SH,2018-06-30,5959.874,4689.459,16.0648,1.9644
601628.SH,2018-05-31,6446.5363,5114.259,17.5201,2.0701
601628.SH,2018-04-30,6456.4017,5103.8472,17.4844,2.0659
601628.SH,2018-03-31,6582.7035,5291.259,22.2679,2.2379
601628.SH,2018-02-28,6992.1027,5593.2002,23.4144,2.3519
601628.SH,2018-01-31,7895.2969,6301.2002,26.3783,2.6496
601628.SH,2017-12-31,7867.8123,6340.7649,26.5439,2.6662
601628.SH,2017-11-30,8046.5376,6451.1296,27.0059,2.7126
601628.SH,2017-10-31,8172.8955,6538.5884,27.3721,2.7494
601628.SH,2017-09-30,7246.4212,5776.4472,37.3826,2.5408
601628.SH,2017-08-31,7670.6311,6095.0472,39.4445,2.6809
601628.SH,2017-07-31,7334.0583,5747.2943,38.9566,2.5805
601628.SH,2017-06-30,7158.5036,5618.1884,38.0815,2.5226
601628.SH,2017-05-31,7525.0238,5847.2472,39.6341,2.5678
601628.SH,2017-04-30,7000.1232,5441.1884,36.8817,2.3895
601628.SH,2017-03-31,6843.932,5268.3531,37.3868,2.3552
601628.SH,2017-02-28,6904.2646,5345.4002,50.4208,2.3483
601628.SH,2017-01-31,6773.6112,5355.8119,50.519,2.3529
601628.SH,2016-12-31,6360.9419,5016.3884,47.3174,2.2037
601628.SH,2016-11-30,6860.3384,5370.3884,50.6565,2.3593
601628.SH,2016-10-31,5795.8594,4545.7766,42.8783,1.997
601628.SH,2016-09-30,5739.6435,4458.3178,44.4798,1.9975
601628.SH,2016-08-31,5685.6998,4495.8001,44.8537,2.0143
601628.SH,2016-07-31,5488.5871,4360.4472,21.3831,1.9555
601628.SH,2016-06-30,5392.4492,4335.4589,21.2606,1.9443
601628.SH,2016-05-31,5597.2581,4502.0472,22.0775,1.9428
601628.SH,2016-04-30,5635.4947,4516.6237,22.149,1.9491
601628.SH,2016-03-31,6155.243,4968.4943,19.4356,2.0912
601628.SH,2016-02-29,5199.6589,4139.7178,14.5968,1.8806
601628.SH,2016-01-31,5431.4615,4256.3295,15.0079,1.9336
601633.SH,2020-12-31,2991.4052,2279.0843,83.2667,6.3612
601633.SH,2020-11-30,2107.6981,1681.1336,61.4205,4.6923
601633.SH,2020-10-31,1778.3983,1429.7773,52.2372,3.9907
601633.SH,2020-09-30,1429.5428,1152.5018,42.5232,3.2933
601633.SH,2020-08-31,1078.4923,840.8682,31.0271,2.4028
601633.SH,2020-07-31,1022.7488,804.7018,29.6434,2.3811
601633.SH,2020-06-30,606.1791,465.3407,23.0501,1.3769
601633.SH,2020-05-31,621.6112,481.6155,23.728,1.3627
601633.SH,2020-04-30,632.2975,485.835,23.9359,1.3746
601633.SH,2020-03-31,676.618,535.8651,18.0595,1.4946
601633.SH,2020-02-29,690.5524,533.454,17.9783,1.4878
601633.SH,2020-01-31,646.1061,503.3154,18.1536,1.4382
601633.SH,2019-12-31,693.3808,533.454,19.2407,1.5243
601633.SH,2019-11-30,730.183,561.7843,20.2625,1.6053
601633.SH,2019-10-31,719.2676,541.2901,19.5233,1.5467
601633.SH,2019-09-30,610.9155,464.1351,23.2048,1.3653
601633.SH,2019-08-31,631.8993,492.4655,24.6212,1.4486
601633.SH,2019-07-31,651.5689,505.1237,19.6139,1.5069
601633.SH,2019-06-30,650.9069,498.4932,19.3564,1.4871
601633.SH,2019-05-31,653.2096,497.8904,19.333,1.4853
601633.SH,2019-04-30,713.0737,543.7012,21.1119,1.5416
601633.SH,2019-03-31,628.5718,471.9712,13.7243,1.3606
601633.SH,2019-02-28,626.284,474.3823,13.4164,1.3646
601633.SH,2019-01-31,538.7449,397.8301,11.2514,1.1444
601633.SH,2018-12-31,459.493,337.5528,8.4145,0.9962
601633.SH,2018-11-30,508.142,370.7053,9.2409,1.0941
601633.SH,2018-10-31,497.169,369.4998,9.2109,1.0905
601633.SH,2018-09-30,610.4815,474.3823,11.3958,1.4044
601633.SH,2018-08-31,558.741,428.5715,10.2953,1.2687
601633.SH,2018-07-31,678.9866,527.4263,15.4967,1.609
601633.SH,2018-06-30,748.7163,591.923,17.3917,1.8057
601633.SH,2018-05-31,852.6816,658.8308,19.3575,2.0098
601633.SH,2018-04-30,864.3042,658.228,19.3398,1.9471
601633.SH,2018-03-31,881.9539,685.9556,20.6609,2.114
601633.SH,2018-02-28,1006.0369,773.9604,18.8353,2.4957
601633.SH,2018-01-31,975.7299,735.9857,17.9111,2.3733
601633.SH,2017-12-31,924.4749,692.5861,16.8549,2.2333
601633.SH,2017-11-30,926.1632,686.5583,16.7082,2.2139
601633.SH,2017-10-31,960.9997,701.6277,17.075,2.2625
601633.SH,2017-09-30,991.8209,738.9996,13.9088,2.4057
601633.SH,2017-08-31,1015.6556,758.8911,14.2831,2.4704
601633.SH,2017-07-31,1051.189,783.6048,14.617,2.5474
601633.SH,2017-06-30,1060.4159,801.0852,11.9985,2.6305
601633.SH,2017-05-31,954.9492,727.5469,10.897,2.389
601633.SH,2017-04-30,992.4362,760.6994,11.3936,2.336
601633.SH,2017-03-31,1001.8174,758.2883,10.8823,2.4278
601633.SH,2017-02-28,1050.9573,789.0297,11.328,2.5264
601633.SH,2017-01-31,911.6574,696.8055,11.6467,2.4035
601633.SH,2016-12-31,867.4009,666.6668,11.1429,2.2996
601633.SH,2016-11-30,854.3168,653.4058,10.9213,2.2538
601633.SH,2016-10-31,841.7915,637.131,10.6493,2.1977
601633.SH,2016-09-30,845.8444,644.3642,11.8012,2.3454
601633.SH,2016-08-31,834.215,632.9115,11.5914,2.3038
601633.SH,2016-07-31,875.2017,661.2419,12.1067,2.4068
601633.SH,2016-06-30,678.8115,508.7403,9.7271,1.9738
601633.SH,2016-05-31,672.9394,515.9736,9.8654,2.0018
601633.SH,2016-04-30,662.287,510.5486,9.7617,1.8965
601633.SH,2016-03-31,712.4385,549.7289,10.3285,2.1716
601633.SH,2016-02-29,640.7408,494.8766,9.3203,1.956
601633.SH,2016-01-31,656.7529,502.7126,9.4678,1.9869
601668.SH,2020-12-31,2085.6641,2050.3041,4.8461,0.7454
601668.SH,2020-11-30,2278.7034,2240.0706,5.2946,0.8144
601668.SH,2020-10-31,2144.4152,2108.0591,4.9826,0.7664
601668.SH,2020-09-30,2131.8256,2095.683,5.1478,0.7961
601668.SH,2020-08-31,2157.0047,2120.4352,5.2086,0.8055
601668.SH,2020-07-31,2110.8431,2075.0562,5.1997,0.8269
601668.SH,2020-06-30,2001.7339,1967.7969,4.9309,0.7842
601668.SH,2020-05-31,2098.2536,2062.6801,5.1686,0.7977
601668.SH,2020-04-30,2198.9697,2161.6888,5.4167,0.836
601668.SH,2020-03-31,2212.1157,2174.0649,5.4057,0.9076
601668.SH,2020-02-29,2254.0913,2215.3185,5.5083,0.9248
601668.SH,2020-01-31,2296.0669,2250.4168,5.6108,0.942
601668.SH,2019-12-31,2359.0304,2312.1284,5.7647,0.9678
601668.SH,2019-11-30,2144.9547,2102.3089,5.2416,0.88
601668.SH,2019-10-31,2199.8183,2155.7923,5.3756,0.9025
601668.SH,2019-09-30,2279.5827,2233.9604,5.784,0.9794
601668.SH,2019-08-31,2296.3752,2250.4168,5.8266,0.9866
601668.SH,2019-07-31,2472.6965,2423.2093,6.3476,1.0672
601668.SH,2019-06-30,2413.9228,2365.6118,6.1968,1.0418
601668.SH,2019-05-31,2355.149,2308.0143,6.0459,1.0206
601668.SH,2019-04-30,2573.4516,2521.9479,6.6063,1.1152
601668.SH,2019-03-31,2569.2535,2517.8338,7.456,1.1974
601668.SH,2019-02-28,2582.0882,2530.1761,7.4932,1.2034
601668.SH,2019-01-31,2569.4927,2510.6978,7.4566,1.1975
601668.SH,2018-12-31,2393.1549,2372.5899,6.9449,1.1153
601668.SH,2018-11-30,2422.5446,2401.727,7.0302,1.129
601668.SH,2018-10-31,2258.8024,2239.3919,6.555,1.0527
601668.SH,2018-09-30,2304.9861,2285.1787,6.7711,1.0789
601668.SH,2018-08-31,2267.1994,2247.7168,6.6601,1.1024
601668.SH,2018-07-31,2435.1401,2414.2143,7.1616,1.0989
601668.SH,2018-06-30,2292.3905,2272.6914,6.7417,1.0344
601668.SH,2018-05-31,2469,2446.9192,7.2611,1.2038
601668.SH,2018-04-30,2517,2494.4899,7.4023,1.2272
601668.SH,2018-03-31,2598,2574.7655,8.4114,1.3656
601668.SH,2018-02-28,2733,2708.5582,8.8485,1.4366
601668.SH,2018-01-31,3036,3008.8484,9.8295,1.5959
601668.SH,2017-12-31,2706,2681.7996,8.7611,1.4224
601668.SH,2017-11-30,2895,2869.1094,9.373,1.5217
601668.SH,2017-10-31,2850,2824.5118,9.2273,1.4981
601668.SH,2017-09-30,2784,2759.1021,8.7526,1.5247
601668.SH,2017-08-31,2997,2970.1972,9.4223,1.6413
601668.SH,2017-07-31,3087,3054.7599,10.097,1.7514
601668.SH,2017-06-30,2904,2873.6712,9.4984,1.6475
601668.SH,2017-05-31,2835,2805.3918,9.2727,1.5516
601668.SH,2017-04-30,2808,2778.6738,9.1844,1.5368
601668.SH,2017-03-31,2760,2731.1751,8.6836,1.6115
601668.SH,2017-02-28,2655,2627.2717,8.3533,1.5502
601668.SH,2017-01-31,2682,2677.2453,8.4382,1.5845
601668.SH,2016-12-31,2658,2653.2879,8.3627,1.5703
601668.SH,2016-11-30,3303,3297.1444,10.392,1.9513
601668.SH,2016-10-31,2154,2150.1814,6.777,1.2577
601668.SH,2016-09-30,1851,1847.7185,6.5109,1.1487
601668.SH,2016-08-31,1920,1916.5962,6.7536,1.1915
601668.SH,2016-07-31,1710,1706.9685,6.3765,1.1121
601668.SH,2016-06-30,1596,1590.7098,5.9514,1.038
601668.SH,2016-05-31,1647,1641.5407,6.1416,1.0309
601668.SH,2016-04-30,1653,1647.5208,6.164,1.0347
601668.SH,2016-03-31,1710,1704.3319,6.9198,1.1885
601668.SH,2016-02-29,1539,1533.8987,6.2278,1.0696
601668.SH,2016-01-31,1539,1533.8987,6.2278,1.0696
601669.SH,2020-12-31,593.6026,432.4028,8.1659,0.6678
601669.SH,2020-11-30,645.6193,470.2937,8.8814,0.7263
601669.SH,2020-10-31,587.4829,427.945,8.0817,0.6609
601669.SH,2020-09-30,576.7736,420.1439,8.0567,0.6727
601669.SH,2020-08-31,622.6707,453.5771,8.6978,0.7262
601669.SH,2020-07-31,644.0894,469.1793,9.2573,0.7548
601669.SH,2020-06-30,529.3466,385.5963,7.6082,0.616
601669.SH,2020-05-31,521.6971,380.0241,7.4982,0.6071
601669.SH,2020-04-30,546.1756,397.8551,7.85,0.6356
601669.SH,2020-03-31,602.782,439.0894,8.0781,0.7205
601669.SH,2020-02-29,650.209,473.6371,8.7137,0.7772
601669.SH,2020-01-31,622.6707,453.5771,8.3447,0.7443
601669.SH,2019-12-31,663.9781,483.667,8.8983,0.7937
601669.SH,2019-11-30,624.2006,454.6916,8.3652,0.7461
601669.SH,2019-10-31,682.337,497.0403,9.1443,0.8156
601669.SH,2019-09-30,708.3453,515.9858,9.324,0.8714
601669.SH,2019-08-31,715.9948,521.558,9.4247,0.8808
601669.SH,2019-07-31,758.8321,552.7623,9.8124,0.9011
601669.SH,2019-06-30,809.319,589.5388,10.4652,0.9905
601669.SH,2019-05-31,752.7125,548.3046,9.7332,0.9212
601669.SH,2019-04-30,816.9685,595.111,10.5641,0.9999
601669.SH,2019-03-31,882.7543,643.032,11.4227,1.1357
601669.SH,2019-02-28,861.3357,627.4298,11.1456,1.1081
601669.SH,2019-01-31,764.9518,557.2201,9.8984,0.9841
601669.SH,2018-12-31,743.5331,541.6179,9.6212,0.9566
601669.SH,2018-11-30,720.5845,524.9013,9.3243,0.8818
601669.SH,2018-10-31,723.6444,527.1302,9.3639,0.8856
601669.SH,2018-09-30,818.4984,596.2255,10.6044,1.0309
601669.SH,2018-08-31,821.5582,598.4544,10.6441,1.0348
601669.SH,2018-07-31,867.4553,631.8876,11.446,1.1268
601669.SH,2018-06-30,820.0283,597.3399,10.8202,1.0652
601669.SH,2018-05-31,893.4636,650.833,11.7892,1.1397
601669.SH,2018-04-30,973.0186,708.7839,12.8389,1.2411
601669.SH,2018-03-31,1026.5653,644.16,14.4472,1.3622
601669.SH,2018-02-28,1122.9492,704.64,15.8036,1.4901
601669.SH,2018-01-31,1121.4193,703.68,15.7821,1.488
601669.SH,2017-12-31,1104.5903,693.12,15.5452,1.4657
601669.SH,2017-11-30,1112.2398,697.92,15.6529,1.4759
601669.SH,2017-10-31,1196.3845,750.72,16.8371,1.5875
601669.SH,2017-09-30,1228.5125,770.88,17.4978,1.6655
601669.SH,2017-08-31,1252.991,786.24,17.8465,1.6986
601669.SH,2017-07-31,1240.7517,778.56,18.0848,1.6821
601669.SH,2017-06-30,1211.6836,760.32,17.6611,2.1099
601669.SH,2017-05-31,1214.7434,762.24,17.7057,2.1152
601669.SH,2017-04-30,1272.8797,798.72,18.5531,2.2165
601669.SH,2017-03-31,1056.3559,737.28,18.7509,1.9589
601669.SH,2017-02-28,1046.7276,730.56,18.5799,1.9411
601669.SH,2017-01-31,997.2109,696,17.701,1.8492
601669.SH,2016-12-31,998.5864,696.96,17.7254,1.8518
601669.SH,2016-11-30,1105.8725,771.84,19.6298,2.0507
601669.SH,2016-10-31,933.9396,651.84,16.5779,1.7319
601669.SH,2016-09-30,822.5271,574.08,15.1971,1.4638
601669.SH,2016-08-31,865.1664,603.84,15.9849,1.5397
601669.SH,2016-07-31,818.4007,571.2,13.9889,1.4565
601669.SH,2016-06-30,785.3896,548.16,13.4247,1.534
601669.SH,2016-05-31,826.6535,576.96,14.13,1.6146
601669.SH,2016-04-30,865.1664,207.57,14.7883,1.6898
601669.SH,2016-03-31,888.5493,213.18,13.842,1.7937
601669.SH,2016-02-29,810.1479,194.37,12.6207,1.6355
601669.SH,2016-01-31,867.9174,208.23,13.5206,1.7521
601688.SH,2020-12-31,1501.6163,1325.1045,14.3396,1.2862
601688.SH,2020-11-30,1596.8366,1420.0176,15.3667,1.3784
601688.SH,2020-10-31,1684.6552,1498.0082,16.2107,1.4541
601688.SH,2020-09-30,1701.753,1510.5162,16.4184,1.4901
601688.SH,2020-08-31,1782.2142,1575.2631,17.1221,1.554
601688.SH,2020-07-31,1746.5465,1529.6459,20.7137,1.5411
601688.SH,2020-06-30,1576.9979,1383.2296,18.731,1.3635
601688.SH,2020-05-31,1463.3678,1271.394,17.2166,1.2532
601688.SH,2020-04-30,1537.2741,1334.6694,18.0735,1.3156
601688.SH,2020-03-31,1448.6589,1267.7152,17.3736,1.2763
601688.SH,2020-02-29,1574.0066,1364.8356,24.0749,1.4037
601688.SH,2020-01-31,1581.4628,1393.5303,24.5811,1.4332
601688.SH,2019-12-31,1706.5258,1494.3294,26.3591,1.5369
601688.SH,2019-11-30,1429.8202,1248.5855,22.0243,1.2842
601688.SH,2019-10-31,1464.61,1283.902,22.6473,1.3205
601688.SH,2019-09-30,1586.6067,1404.5667,29.216,1.5186
601688.SH,2019-08-31,1572.3371,1395.0018,29.017,1.5083
601688.SH,2019-07-31,1688.6633,1273.835,31.2112,1.5593
601688.SH,2019-06-30,1845.4537,1399.2125,34.2831,1.7128
601688.SH,2019-05-31,1404.6953,1014.1656,26.014,1.4417
601688.SH,2019-04-30,1550.2814,1110.5195,28.4855,1.5787
601688.SH,2019-03-31,1695.4321,1219.9384,36.7426,1.7885
601688.SH,2019-02-28,1736.0782,1252.6007,20.9826,1.8297
601688.SH,2019-01-31,1465.0861,1041.9286,17.4536,1.522
601688.SH,2018-12-31,1245.0299,881.8831,14.7726,1.2882
601688.SH,2018-11-30,1294.7206,914.5455,15.3198,1.3359
601688.SH,2018-10-31,1279.9314,906.3799,15.183,1.2931
601688.SH,2018-09-30,1198.5836,857.3864,13.7639,1.246
601688.SH,2018-08-31,1179.1609,836.1559,13.4231,1.2151
601688.SH,2018-07-31,1025.8389,841.5996,11.243,1.2452
601688.SH,2018-06-30,995.8014,814.9254,10.8867,1.2057
601688.SH,2018-05-31,1134.5404,917.2673,12.2539,1.3571
601688.SH,2018-04-30,1219.7648,997.2901,13.3229,1.4755
601688.SH,2018-03-31,1147.0645,938.4979,13.3117,1.4139
601688.SH,2018-02-28,1160.5595,941.2197,13.24,1.4131
601688.SH,2018-01-31,1313.1421,1066.4254,22.7495,1.633
601688.SH,2017-12-31,1163.1787,939.5866,20.0437,1.4388
601688.SH,2017-11-30,1280.3575,1050.6386,22.4127,1.6088
601688.SH,2017-10-31,1311.7714,1065.3366,22.7262,1.6313
601688.SH,2017-09-30,1484.0547,1231.3702,25.2268,1.9289
601688.SH,2017-08-31,1501.951,1249.3345,25.5948,1.9571
601688.SH,2017-07-31,1315.8329,1083.3009,22.4319,1.6478
601688.SH,2017-06-30,1198.2256,974.4264,20.1774,1.4822
601688.SH,2017-05-31,1189.2617,957.0065,19.8167,1.4557
601688.SH,2017-04-30,1155.0711,925.4329,19.1629,1.4077
601688.SH,2017-03-31,1145.844,915.0899,19.2017,1.4273
601688.SH,2017-02-28,1229.2363,988.0357,18.9299,1.5819
601688.SH,2017-01-31,1234.3517,1005.4557,19.2636,1.6098
601688.SH,2016-12-31,1199.8291,972.2489,18.6274,1.5566
601688.SH,2016-11-30,1351.4965,1079.4903,20.6821,1.7283
601688.SH,2016-10-31,1363.5041,1117.5964,21.4122,1.7893
601688.SH,2016-09-30,1209.5156,977.1483,18.7332,1.6316
601688.SH,2016-08-31,1355.0638,1111.6083,21.311,1.8561
601688.SH,2016-07-31,1259.0494,1026.1418,13.5998,1.675
601688.SH,2016-06-30,1272.0793,1029.9524,13.6503,1.6813
601688.SH,2016-05-31,1243.2912,1006,13.3328,1.6422
601688.SH,2016-04-30,1183.332,947.7522,12.5608,1.5471
601688.SH,2016-03-31,1195.8411,931.421,11.4571,1.5171
601688.SH,2016-02-29,953.8489,741.9795,9.3149,1.2642
601688.SH,2016-01-31,1004.1688,793.6948,9.9642,1.3523
601699.SH,2020-12-31,194.4416,194.4416,11.9498,0.7319
601699.SH,2020-11-30,196.5356,196.5356,12.0784,0.7398
601699.SH,2020-10-31,175.8949,175.8949,10.8099,0.6621
601699.SH,2020-09-30,182.476,182.476,8.9252,0.6969
601699.SH,2020-08-31,188.4588,188.4588,9.2179,0.7197
601699.SH,2020-07-31,190.5528,190.5528,8.6474,0.7516
601699.SH,2020-06-30,166.6215,166.6215,7.5614,0.6572
601699.SH,2020-05-31,166.0232,166.0232,7.5343,0.6369
601699.SH,2020-04-30,169.912,169.912,7.7107,0.6518
601699.SH,2020-03-31,174.3992,174.3992,6.8487,0.6662
601699.SH,2020-02-29,181.2794,181.2794,7.1188,0.6925
601699.SH,2020-01-31,200.4244,200.4244,7.8707,0.7656
601699.SH,2019-12-31,217.1763,217.1763,8.5285,0.8296
601699.SH,2019-11-30,207.0055,207.0055,8.1291,0.7908
601699.SH,2019-10-31,209.6978,209.6978,8.2348,0.801
601699.SH,2019-09-30,216.578,216.578,7.8066,0.8548
601699.SH,2019-08-31,221.6634,221.6634,7.9899,0.8748
601699.SH,2019-07-31,246.4921,246.4921,8.7418,1.0098
601699.SH,2019-06-30,237.5179,237.5179,8.4235,0.973
601699.SH,2019-05-31,230.6376,230.6376,8.1795,0.9148
601699.SH,2019-04-30,246.7913,246.7913,8.7524,0.9789
601699.SH,2019-03-31,234.2273,234.2273,8.7958,0.98
601699.SH,2019-02-28,244.3981,244.3981,7.858,1.0283
601699.SH,2019-01-31,207.3047,207.3047,6.6653,0.8722
601699.SH,2018-12-31,199.2279,199.2279,6.4057,0.8382
601699.SH,2018-11-30,221.9626,221.9626,7.1366,0.9339
601699.SH,2018-10-31,246.7913,246.7913,7.9349,1.0384
601699.SH,2018-09-30,240.5093,240.5093,7.9349,1.0696
601699.SH,2018-08-31,239.0136,239.0136,7.8855,1.0629
601699.SH,2018-07-31,263.5432,263.5432,8.8251,1.2318
601699.SH,2018-06-30,277.0045,277.0045,9.2758,1.2947
601699.SH,2018-05-31,280.8933,280.8933,9.4061,1.2622
601699.SH,2018-04-30,306.9186,306.9186,10.2775,1.3792
601699.SH,2018-03-31,317.6877,317.6877,11.9075,1.5434
601699.SH,2018-02-28,373.3279,373.3279,13.993,1.8138
601699.SH,2018-01-31,384.9944,384.9944,14.4303,1.8704
601699.SH,2017-12-31,340.4224,340.4224,12.7596,1.6539
601699.SH,2017-11-30,314.098,314.098,11.7729,1.526
601699.SH,2017-10-31,279.3976,279.3976,10.4723,1.3574
601699.SH,2017-09-30,306.6194,306.6194,15.7388,1.5574
601699.SH,2017-08-31,338.3284,338.3284,17.3665,1.7184
601699.SH,2017-07-31,289.8676,289.8676,21.5454,1.5415
601699.SH,2017-06-30,233.9282,233.9282,17.3875,1.244
601699.SH,2017-05-31,210.5952,210.5952,15.6532,1.1041
601699.SH,2017-04-30,237.5179,237.5179,17.6543,1.2452
601699.SH,2017-03-31,265.338,265.338,30.9562,1.4483
601699.SH,2017-02-28,272.2182,272.2182,1248.9432,1.5004
601699.SH,2017-01-31,281.7907,281.7907,1292.8622,1.5532
601699.SH,2016-12-31,240.8084,240.8084,1104.8345,1.3273
601699.SH,2016-11-30,279.6968,279.6968,1283.2549,1.5417
601699.SH,2016-10-31,259.9535,259.9535,1192.6722,1.4328
601699.SH,2016-09-30,239.6119,239.6119,587.1724,1.3316
601699.SH,2016-08-31,249.1844,249.1844,610.63,1.3848
601699.SH,2016-07-31,234.2273,234.2273,573.9775,1.3016
601699.SH,2016-06-30,195.6382,195.6382,370.7881,1.0847
601699.SH,2016-05-31,191.7493,191.7493,363.4177,1.0631
601699.SH,2016-04-30,224.3557,224.3557,425.2158,1.2439
601699.SH,2016-03-31,218.0737,218.0737,42.0612,1.1384
601699.SH,2016-02-29,238.4153,238.4153,45.9846,1.2446
601699.SH,2016-01-31,211.4926,211.4926,40.7919,1.1041
601718.SH,2020-12-31,133.0664,133.0664,277.5908,0.7445
601718.SH,2020-11-30,142.2888,142.2888,296.8298,0.7961
601718.SH,2020-10-31,141.8496,141.8496,295.9136,0.7936
601718.SH,2020-09-30,146.6804,146.6804,267.1094,0.8217
601718.SH,2020-08-31,155.0245,155.0245,282.3042,0.8685
601718.SH,2020-07-31,161.1728,161.1728,220.9741,0.9021
601718.SH,2020-06-30,145.8021,145.8021,199.9003,0.8101
601718.SH,2020-05-31,144.4846,144.4846,198.0939,0.8028
601718.SH,2020-04-30,155.0245,155.0245,212.5445,0.8614
601718.SH,2020-03-31,176.1043,176.1043,-90.5383,0.9802
601718.SH,2020-02-29,207.2849,207.2849,-106.5688,1.1538
601718.SH,2020-01-31,161.612,161.612,-83.0875,0.8995
601718.SH,2019-12-31,143.1671,143.1671,-73.6047,0.7969
601718.SH,2019-11-30,139.2147,139.2147,-71.5727,0.7749
601718.SH,2019-10-31,143.6063,143.6063,-73.8305,0.7993
601718.SH,2019-09-30,156.342,156.342,-54.6442,0.8734
601718.SH,2019-08-31,177.4218,177.4218,-62.012,0.9912
601718.SH,2019-07-31,180.0568,180.0568,-87.227,0.9961
601718.SH,2019-06-30,171.7127,171.7127,-83.1848,0.9499
601718.SH,2019-05-31,162.0511,162.0511,-78.5043,0.8965
601718.SH,2019-04-30,183.1309,183.1309,-88.7163,1.0131
601718.SH,2019-03-31,212.5549,212.5549,53.5717,1.1659
601718.SH,2019-02-28,178.7393,178.7393,45.0489,0.9804
601718.SH,2019-01-31,146.2413,146.2413,36.8582,0.8021
601718.SH,2018-12-31,147.1196,147.1196,37.0796,0.8069
601718.SH,2018-11-30,153.707,153.707,38.7398,0.8431
601718.SH,2018-10-31,152.3895,152.3895,38.4078,0.8359
601718.SH,2018-09-30,162.9295,162.9295,34.124,0.8905
601718.SH,2018-08-31,167.3211,167.3211,35.0438,0.9145
601718.SH,2018-07-31,193.6709,193.6709,30.6888,1.0212
601718.SH,2018-06-30,176.5435,176.5435,27.9748,0.9308
601718.SH,2018-05-31,191.9142,191.9142,30.4105,1.0119
601718.SH,2018-04-30,202.8933,202.8933,32.1502,1.0698
601718.SH,2018-03-31,245.4921,215.6063,25.0003,1.3242
601718.SH,2018-02-28,234.0738,205.5781,23.8375,1.2626
601718.SH,2018-01-31,280.186,246.0766,28.5334,1.5114
601718.SH,2017-12-31,295.5567,259.5761,30.0988,1.5943
601718.SH,2017-11-30,300.3875,263.8188,30.5907,1.6203
601718.SH,2017-10-31,342.9863,301.2317,34.9289,1.8501
601718.SH,2017-09-30,367.1402,322.4452,30.7108,1.9819
601718.SH,2017-08-31,388.6592,341.3445,32.5109,2.098
601718.SH,2017-07-31,396.125,347.9014,30.4583,2.1618
601718.SH,2017-06-30,386.0242,339.0303,29.6816,2.0827
601718.SH,2017-05-31,369.336,324.3737,28.3985,1.9927
601718.SH,2017-04-30,366.2619,321.6738,28.1621,1.9761
601718.SH,2017-03-31,325.9165,325.9165,37.5773,2.3924
601718.SH,2017-02-28,355.6154,355.6154,41.0016,2.6104
601718.SH,2017-01-31,331.702,331.702,38.2444,2.4348
601718.SH,2016-12-31,355.2297,355.2297,40.9571,2.6075
601718.SH,2016-11-30,323.988,323.988,37.355,2.3782
601718.SH,2016-10-31,327.845,327.845,37.7997,2.4065
601718.SH,2016-09-30,295.4462,295.4462,36.7873,2.2351
601718.SH,2016-08-31,317.4311,317.4311,39.5247,2.4014
601718.SH,2016-07-31,311.2599,311.2599,26.9137,2.4206
601718.SH,2016-06-30,294.6748,294.6748,25.4796,2.2604
601718.SH,2016-05-31,298.9175,298.9175,25.8465,2.293
601718.SH,2016-04-30,312.8027,312.8027,27.0471,2.3995
601718.SH,2016-03-31,362.558,362.558,23.5453,2.8343
601718.SH,2016-02-29,345.9729,345.9729,22.4682,2.7046
601718.SH,2016-01-31,289.275,289.275,18.7861,2.2614
601727.SH,2020-12-31,720.4514,607.6507,22.4474,1.2597
601727.SH,2020-11-30,701.9486,592.469,22.1023,1.2386
601727.SH,2020-10-31,658.5466,538.5221,20.601,1.1544
601727.SH,2020-09-30,666.1713,547.2431,23.9503,1.1703
601727.SH,2020-08-31,737.773,606.1098,26.5211,1.2966
601727.SH,2020-07-31,733.9123,598.9873,29.2184,1.3124
601727.SH,2020-06-30,673.5925,548.8898,26.7747,1.2027
601727.SH,2020-05-31,589.5523,474.833,23.1622,1.0404
601727.SH,2020-04-30,655.7952,528.1973,25.7653,1.1573
601727.SH,2020-03-31,615.9445,500.9704,22.7838,1.1312
601727.SH,2020-02-29,605.6378,461.7435,22.239,1.1041
601727.SH,2020-01-31,651.5488,498.7652,24.0221,1.1927
601727.SH,2019-12-31,674.7163,512.1342,24.666,1.2246
601727.SH,2019-11-30,634.3435,481.2827,23.1801,1.1509
601727.SH,2019-10-31,658.5776,501.8503,24.1707,1.2
601727.SH,2019-09-30,679.2578,516.2477,24.5613,1.2875
601727.SH,2019-08-31,687.4885,524.4746,24.9527,1.3081
601727.SH,2019-07-31,720.5781,548.1274,25.8738,1.3458
601727.SH,2019-06-30,729.2648,553.2656,26.1164,1.3585
601727.SH,2019-05-31,713.238,547.0953,25.5975,1.3405
601727.SH,2019-04-30,789.9512,607.7693,27.881,1.4984
601727.SH,2019-03-31,777.6098,596.4152,29.1428,1.5345
601727.SH,2019-02-28,729.5164,557.4534,27.8415,1.4446
601727.SH,2019-01-31,647.8274,491.518,24.5483,1.2738
601727.SH,2018-12-31,645.6837,493.5117,24.648,1.279
601727.SH,2018-11-30,667.1445,507.4978,25.3466,1.3152
601727.SH,2018-10-31,701.9191,531.9766,26.9432,1.398
601727.SH,2018-09-30,692.3313,519.1698,25.3054,1.4091
601727.SH,2018-08-31,650.0272,491.5858,23.9609,1.3342
601727.SH,2018-07-31,813.0013,624.5799,32.973,1.6537
601727.SH,2018-06-30,811.2644,624.5799,32.973,1.6537
601727.SH,2018-05-31,792.1531,602.9068,31.8288,1.5964
601727.SH,2018-04-30,743.2679,565.4714,29.8525,1.4972
601727.SH,2018-03-31,763.0575,585.1743,32.8878,1.5749
601727.SH,2018-02-28,765.4723,582.2188,40.1243,1.4003
601727.SH,2018-01-31,861.6212,658.0748,45.352,1.5827
601727.SH,2017-12-31,866.2466,659.0599,45.4199,1.5851
601727.SH,2017-11-30,885.4967,677.7776,46.7098,1.6301
601727.SH,2017-10-31,1107.5781,884.6569,59.2444,2.1719
601727.SH,2017-09-30,925.6449,790.0828,49.6441,2.3157
601727.SH,2017-08-31,954.9732,815.6965,51.2535,2.3907
601727.SH,2017-07-31,900.3557,760.5285,49.9364,2.2714
601727.SH,2017-06-30,888.4486,745.7512,48.9661,2.2272
601727.SH,2017-05-31,800.7081,670.8804,44.0501,2.0036
601727.SH,2017-04-30,977.2345,829.488,54.4643,2.4773
601727.SH,2017-03-31,982.1981,829.488,54.8937,2.5079
601727.SH,2017-02-28,986.4471,829.488,56.4023,2.5402
601727.SH,2017-01-31,973.8959,829.488,56.4023,2.5402
601727.SH,2016-12-31,972.8619,829.488,56.4023,2.5402
601727.SH,2016-11-30,979.3115,829.488,56.4023,2.5402
601727.SH,2016-10-31,973.6773,829.488,56.4023,2.5402
601727.SH,2016-09-30,974.2651,829.488,55.3928,2.3969
601727.SH,2016-08-31,969.0469,829.488,52.8901,2.6424
601727.SH,2016-07-31,859.3627,777.2752,51.9748,2.6924
601727.SH,2016-06-30,827.3435,744.7656,49.801,2.5798
601727.SH,2016-05-31,852.4972,768.409,51.382,2.6617
601727.SH,2016-04-30,891.4599,810.7698,54.2145,2.8084
601727.SH,2016-03-31,1016.6787,928.9866,56.8142,3.2464
601727.SH,2016-02-29,918.7407,835.3982,40.916,2.9472
601727.SH,2016-01-31,865.2287,780.2303,38.214,2.7526
601766.SH,2020-12-31,1390.0317,1291.8061,14.9763,1.102
601766.SH,2020-11-30,1492.3217,1376.9534,15.9634,1.1746
601766.SH,2020-10-31,1424.9886,1311.2683,15.2019,1.1186
601766.SH,2020-09-30,1453.8972,1335.5961,14.7154,1.164
601766.SH,2020-08-31,1561.0333,1425.609,15.7071,1.2425
601766.SH,2020-07-31,1553.502,1420.7434,15.5726,1.2276
601766.SH,2020-06-30,1485.6199,1355.0584,14.8526,1.1708
601766.SH,2020-05-31,1566.3,1420.7434,15.5726,1.2276
601766.SH,2020-04-30,1669.7718,1505.8907,16.5059,1.3011
601766.SH,2020-03-31,1753.261,1595.9036,15.9615,1.3854
601766.SH,2020-02-29,1753.3842,1556.9791,15.0725,1.3864
601766.SH,2020-01-31,1843.9908,1644.5591,15.9204,1.4644
601766.SH,2019-12-31,1959.4059,1636.3232,16.8153,1.5467
601766.SH,2019-11-30,1897.8007,1597.3632,16.4149,1.5099
601766.SH,2019-10-31,1958.1366,1650.0738,16.9566,1.5597
601766.SH,2019-09-30,1996.463,1677.5751,17.5529,1.6857
601766.SH,2019-08-31,1983.8863,1668.408,17.457,1.6764
601766.SH,2019-07-31,2155.0879,1805.9142,19.1417,1.7336
601766.SH,2019-06-30,2219.2008,1854.0413,19.6518,1.7798
601766.SH,2019-05-31,2182.5606,1812.7895,19.2145,1.7402
601766.SH,2019-04-30,2358.7745,1980.0886,20.9878,1.9008
601766.SH,2019-03-31,2491.2894,2085.51,23.1012,2.033
601766.SH,2019-02-28,2608.3912,2168.0137,23.5647,2.1803
601766.SH,2019-01-31,2371.942,1957.1709,21.273,1.9683
601766.SH,2018-12-31,2486.9739,2067.1758,22.4687,2.0789
601766.SH,2018-11-30,2406.7902,2000.7145,21.7463,2.0121
601766.SH,2018-10-31,2329.9577,1943.4203,21.1235,1.9545
601766.SH,2018-09-30,2376.9336,1980.0886,22.0534,2.125
601766.SH,2018-08-31,2239.4855,1876.959,20.9047,2.0143
601766.SH,2018-07-31,2302.2917,1922.7944,22.0553,2.033
601766.SH,2018-06-30,2097.6719,1764.6623,20.2414,1.8004
601766.SH,2018-05-31,2478.9301,2099.2606,24.0794,2.1417
601766.SH,2018-04-30,2598.9734,2216.1408,25.4201,2.261
601766.SH,2018-03-31,2679.9037,2303.2281,26.7095,2.3727
601766.SH,2018-02-28,2795.6683,2394.8988,28.3335,2.5498
601766.SH,2018-01-31,3042.8734,2608.0334,30.855,2.7768
601766.SH,2017-12-31,3251.5555,2775.3325,32.8343,2.9549
601766.SH,2017-11-30,3085.245,2658.4523,31.4515,2.8305
601766.SH,2017-10-31,3071.6779,2624.0758,31.0448,2.7939
601766.SH,2017-09-30,2624.8408,2229.8915,27.4481,2.4397
601766.SH,2017-08-31,2678.5096,2278.0186,28.0405,2.4923
601766.SH,2017-07-31,2715.1105,2310.1034,27.6568,2.4493
601766.SH,2017-06-30,2728.2934,2319.2705,27.7665,2.459
601766.SH,2017-05-31,2745.4425,2321.5622,27.794,2.4614
601766.SH,2017-04-30,2750.9973,2314.6869,27.7117,2.4541
601766.SH,2017-03-31,2784.151,2346.7717,26.0169,2.5163
601766.SH,2017-02-28,2799.0846,2365.1058,26.031,2.6363
601766.SH,2017-01-31,2726.1089,2291.7692,25.2238,2.5545
601766.SH,2016-12-31,2511.1919,2239.0585,23.4328,2.6552
601766.SH,2016-11-30,3042.8429,2745.5395,28.7334,3.2558
601766.SH,2016-10-31,2404.3404,2135.9289,22.3535,2.5329
601766.SH,2016-09-30,2316.8602,2053.4252,20.5222,2.5051
601766.SH,2016-08-31,2395.2782,2133.6372,21.3238,2.603
601766.SH,2016-07-31,2335.967,2069.4676,19.1997,2.497
601766.SH,2016-06-30,2359.6975,2101.5524,19.4974,2.5357
601766.SH,2016-05-31,2496.5671,2223.0162,20.6242,2.6823
601766.SH,2016-04-30,2441.2108,2165.7219,20.0927,2.6131
601766.SH,2016-03-31,2631.2268,2346.7717,23.6442,2.8838
601766.SH,2016-02-29,2399.4883,2138.2207,27.3708,2.7243
601766.SH,2016-01-31,2537.3484,2273.4351,29.1017,2.8966
601788.SH,2020-12-31,764.6463,723.5206,53.0113,1.6909
601788.SH,2020-11-30,793.1687,750.0862,54.9577,1.753
601788.SH,2020-10-31,741.1608,702.8151,51.4942,1.6425
601788.SH,2020-09-30,903.6752,857.5204,91.114,2.0507
601788.SH,2020-08-31,904.9626,856.3484,90.9895,2.0479
601788.SH,2020-07-31,992.9513,937.9984,312.2962,2.2926
601788.SH,2020-06-30,663.4318,627.4158,208.8912,1.5281
601788.SH,2020-05-31,457.7672,427.0022,142.1656,1.04
601788.SH,2020-04-30,467.8555,436.7689,145.4174,1.0638
601788.SH,2020-03-31,461.9722,430.1275,89.3833,1.07
601788.SH,2020-02-29,500.1818,464.1158,45.8889,1.1129
601788.SH,2020-01-31,517.8649,484.4307,47.8975,1.1616
601788.SH,2019-12-31,552.0168,511.7775,50.6014,1.2271
601788.SH,2019-11-30,474.4871,437.9409,43.3009,1.0501
601788.SH,2019-10-31,483.0041,447.7077,44.2665,1.0735
601788.SH,2019-09-30,480.3536,442.629,70.2536,1.0863
601788.SH,2019-08-31,457.5769,420.7515,66.7812,1.0326
601788.SH,2019-07-31,479.5124,441.8476,75.6739,1.0795
601788.SH,2019-06-30,483.6162,446.145,76.4099,1.0797
601788.SH,2019-05-31,474.4692,435.5969,74.6033,1.0542
601788.SH,2019-04-30,531.4138,485.9933,83.2346,1.1762
601788.SH,2019-03-31,561.2909,514.1216,587.2656,1.2855
601788.SH,2019-02-28,567.8049,516.8563,31.7122,1.2504
601788.SH,2019-01-31,404.5398,362.5417,22.2441,0.8771
601788.SH,2018-12-31,385.8021,342.6175,21.0216,0.8289
601788.SH,2018-11-30,437.2805,389.8885,23.922,0.9432
601788.SH,2018-10-31,420.7171,377.7778,23.1789,0.9139
601788.SH,2018-09-30,414.196,371.1364,15.9411,0.9202
601788.SH,2018-08-31,453.5205,406.6873,17.4681,1.0084
601788.SH,2018-07-31,480.9004,427.3929,15.959,1.039
601788.SH,2018-06-30,485.7053,428.9555,16.0174,1.0233
601788.SH,2018-05-31,520.3049,465.6785,17.3887,1.1109
601788.SH,2018-04-30,544.9372,491.072,18.3369,1.1715
601788.SH,2018-03-31,532.7866,481.3053,18.8316,1.1694
601788.SH,2018-02-28,556.0484,504.3548,19.6305,1.2226
601788.SH,2018-01-31,625.0943,566.4713,22.0482,1.3732
601788.SH,2017-12-31,582.0538,524.6697,21.3796,1.2662
601788.SH,2017-11-30,643.0535,586.0048,23.8789,1.4142
601788.SH,2017-10-31,646.5911,582.0981,23.7197,1.4048
601788.SH,2017-09-30,670.243,606.7103,26.1735,1.4965
601788.SH,2017-08-31,686.6876,621.9465,26.8308,1.5341
601788.SH,2017-07-31,661.6369,597.3343,23.4722,1.4983
601788.SH,2017-06-30,648.5348,583.2701,22.9195,1.4349
601788.SH,2017-05-31,673.4298,603.9756,23.7331,1.4859
601788.SH,2017-04-30,648.4801,576.6287,22.6585,1.4186
601788.SH,2017-03-31,673.2662,598.5063,23.444,1.4967
601788.SH,2017-02-28,700.6551,621.9465,18.2001,1.5716
601788.SH,2017-01-31,703.8829,625.0718,18.2915,1.5795
601788.SH,2016-12-31,704.5416,624.6811,18.2801,1.5785
601788.SH,2016-11-30,763.8831,688.3603,20.1435,1.7394
601788.SH,2016-10-31,731.0597,659.4508,19.2975,1.6663
601788.SH,2016-09-30,704.4033,634.4479,17.4821,1.5466
601788.SH,2016-08-31,752.6884,593.3648,18.5901,1.6447
601788.SH,2016-07-31,659.4508,576.9584,9.798,1.7541
601788.SH,2016-06-30,661.7948,579.0092,9.8328,1.7603
601788.SH,2016-05-31,662.5761,579.6928,9.8444,1.7624
601788.SH,2016-04-30,678.2029,593.3648,10.0766,1.6981
601788.SH,2016-03-31,746.1795,652.838,9.7584,1.8432
601788.SH,2016-02-29,584.8328,511.6746,7.6484,1.4447
601788.SH,2016-01-31,637.1826,557.4758,8.8875,1.6932
601800.SH,2020-12-31,977.428,852.8493,6.97,0.5777
601800.SH,2020-11-30,1081.1241,930.381,7.6036,0.6302
601800.SH,2020-10-31,1023.3082,868.1207,7.0987,0.5884
601800.SH,2020-09-30,1030.3862,872.8196,7.2167,0.6081
601800.SH,2020-08-31,1104.3914,933.9052,7.7218,0.6506
601800.SH,2020-07-31,1107.9934,928.0316,6.9001,0.6034
601800.SH,2020-06-30,1038.981,862.2471,6.411,0.5606
601800.SH,2020-05-31,1101.8026,901.013,6.6992,0.6216
601800.SH,2020-04-30,1156.4437,946.8272,7.0399,0.6532
601800.SH,2020-03-31,1188.7736,970.3216,6.6272,0.7073
601800.SH,2020-02-29,1256.7029,1025.5337,7.0043,0.7476
601800.SH,2020-01-31,1203.2873,986.7678,6.7395,0.7193
601800.SH,2019-12-31,1327.892,1076.0468,7.3493,0.7844
601800.SH,2019-11-30,1299.3886,1057.2512,7.2209,0.7707
601800.SH,2019-10-31,1343.3071,1105.4149,7.5498,0.8058
601800.SH,2019-09-30,1432.4562,1187.6455,8.1428,0.871
601800.SH,2019-08-31,1415.5406,1172.3741,8.0381,0.8699
601800.SH,2019-07-31,1546.1576,1287.497,8.7862,0.9553
601800.SH,2019-06-30,1602.0262,1329.7871,9.0748,1.0208
601800.SH,2019-05-31,1554.0948,1282.7981,8.7541,0.9847
601800.SH,2019-04-30,1734.0149,1447.2594,9.8764,1.111
601800.SH,2019-03-31,1777.9658,1469.5792,10.2816,1.1713
601800.SH,2019-02-28,1770.0303,1450.7836,9.1997,1.1809
601800.SH,2019-01-31,1545.7444,1248.7311,7.9184,1.0164
601800.SH,2018-12-31,1609.8125,1322.7387,8.3877,1.0767
601800.SH,2018-11-30,1688.104,1389.698,8.8123,1.099
601800.SH,2018-10-31,1746.6854,1464.8803,9.2891,1.1584
601800.SH,2018-09-30,1812.975,1501.2967,9.7425,1.2375
601800.SH,2018-08-31,1772.9924,1473.1033,9.5596,1.2143
601800.SH,2018-07-31,1928.6683,1595.2746,10.5226,1.3298
601800.SH,2018-06-30,1620.9583,1338.0101,8.8257,1.0895
601800.SH,2018-05-31,1744.9863,1440.2111,9.4998,1.1727
601800.SH,2018-04-30,1892.566,1567.0812,10.3367,1.3146
601800.SH,2018-03-31,1796.2504,1509.5198,10.099,1.2843
601800.SH,2018-02-28,1932.376,1618.769,12.9601,1.4016
601800.SH,2018-01-31,2003.0366,1668.1074,13.3551,1.4443
601800.SH,2017-12-31,1832.2942,1503.6461,12.0384,1.3019
601800.SH,2017-11-30,1962.9231,1636.3899,13.1012,1.4168
601800.SH,2017-10-31,2128.4114,1771.4831,14.1828,1.5338
601800.SH,2017-09-30,2165.284,1798.5017,14.3487,1.6106
601800.SH,2017-08-31,2272.2637,1883.0818,15.0235,1.6864
601800.SH,2017-07-31,2335.7799,1938.2938,15.1827,1.8235
601800.SH,2017-06-30,2253.2129,1866.6357,14.6214,1.7561
601800.SH,2017-05-31,2247.4972,1837.2676,14.3913,1.6921
601800.SH,2017-04-30,2455.456,2035.7959,15.9464,1.8749
601800.SH,2017-03-31,2534.7335,2103.9299,17.302,2.0657
601800.SH,2017-02-28,2505.1253,2112.1529,17.195,2.0542
601800.SH,2017-01-31,2229.1235,1860.7621,15.1484,1.8097
601800.SH,2016-12-31,2137.6766,1784.4051,14.5268,1.7354
601800.SH,2016-11-30,2248.6978,1883.0818,15.3301,1.8314
601800.SH,2016-10-31,1908.6336,1578.8284,12.8532,1.5355
601800.SH,2016-09-30,1607.5683,1296.8948,11.0253,1.3711
601800.SH,2016-08-31,1731.5571,1408.4935,11.9741,1.4891
601800.SH,2016-07-31,1596.5289,1274.575,10.9401,1.3453
601800.SH,2016-06-30,1551.0602,1236.9839,10.6175,1.3057
601800.SH,2016-05-31,1622.1456,1292.1959,11.0914,1.3325
601800.SH,2016-04-30,1684.2135,1339.1848,11.4947,1.3809
601800.SH,2016-03-31,1775.1529,1433.1627,12.5719,1.544
601800.SH,2016-02-29,1501.4215,1240.5081,12.0462,1.3565
601800.SH,2016-01-31,1522.2465,1268.7014,12.32,1.3873
601818.SH,2020-12-31,1964.7841,1649.9916,6.0626,0.6436
601818.SH,2020-11-30,2119.6816,1794.7277,6.5944,0.7001
601818.SH,2020-10-31,1855.2484,1560.5756,5.7862,0.6251
601818.SH,2020-09-30,1724.9288,1453.087,5.4315,0.5982
601818.SH,2020-08-31,1840.7325,1528.7271,5.7143,0.6294
601818.SH,2020-07-31,1837.358,1504.8408,5.1599,0.6283
601818.SH,2020-06-30,1762.2342,1425.2194,4.8869,0.595
601818.SH,2020-05-31,1883.0033,1516.7838,5.2009,0.6115
601818.SH,2020-04-30,1865.45,1484.9353,5.0917,0.5987
601818.SH,2020-03-31,1781.224,1437.1625,5.0727,0.6017
601818.SH,2020-02-29,1860.3291,1504.8403,5.3116,0.63
601818.SH,2020-01-31,1951.962,1600.3856,5.6488,0.844
601818.SH,2019-12-31,2166.7833,1755.6469,6.2062,0.7486
601818.SH,2019-11-30,2029.0157,1644.1771,5.8121,0.7011
601818.SH,2019-10-31,2139.716,1727.7793,6.1077,0.7367
601818.SH,2019-09-30,1950.5106,1568.5366,5.7402,0.6941
601818.SH,2019-08-31,1871.3889,1496.8773,5.478,0.6624
601818.SH,2019-07-31,1959.4514,1564.5552,6.0069,0.7154
601818.SH,2019-06-30,1916.0591,1516.7825,5.8235,0.6936
601818.SH,2019-05-31,1923.3032,1528.7257,5.8693,0.6791
601818.SH,2019-04-30,2081.0144,1660.1006,6.3737,0.7375
601818.SH,2019-03-31,2035.7204,1632.2322,6.3937,0.7515
601818.SH,2019-02-28,2090.2995,1683.9859,6.5964,0.7753
601818.SH,2019-01-31,2036.7254,1628.2509,6.3781,0.8372
601818.SH,2018-12-31,1849.5883,1472.9896,5.7337,0.6958
601818.SH,2018-11-30,1922.8637,1532.7054,5.9661,0.724
601818.SH,2018-10-31,1989.2031,1596.4022,6.214,0.7541
601818.SH,2018-09-30,1943.7276,1556.5917,6.2799,0.7907
601818.SH,2018-08-31,1846.521,1484.9327,5.9908,0.7543
601818.SH,2018-07-31,1839.8501,1461.0464,6.0167,0.723
601818.SH,2018-06-30,1817.2978,1457.0636,6.0003,0.6962
601818.SH,2018-05-31,1985.7622,1580.4761,6.5085,0.7551
601818.SH,2018-04-30,2012.9217,1608.3423,6.6232,0.7684
601818.SH,2018-03-31,2008.3252,1624.2664,6.7889,0.7793
601818.SH,2018-02-28,2128.9768,1715.8304,7.222,0.8232
601818.SH,2018-01-31,2314.0594,1859.1476,7.8252,0.9319
601818.SH,2017-12-31,1999.1581,1612.3209,6.7863,0.8082
601818.SH,2017-11-30,1874.3734,1664.0742,6.2289,0.8282
601818.SH,2017-10-31,1823.5173,1608.3397,6.0202,0.7905
601818.SH,2017-09-30,1823.0024,1612.3196,6.1322,0.8204
601818.SH,2017-08-31,1889.9018,1672.0351,6.3593,0.8508
601818.SH,2017-07-31,1908.2691,1683.9782,6.4819,0.8838
601818.SH,2017-06-30,1829.9148,1612.3196,6.2061,0.8292
601818.SH,2017-05-31,1811.665,1588.4333,6.1142,0.8169
601818.SH,2017-04-30,1758.7678,1536.6799,5.915,0.6848
601818.SH,2017-03-31,1867.9296,1636.2058,6.3257,0.87
601818.SH,2017-02-28,1887.2629,1648.1489,6.4224,0.8861
601818.SH,2017-01-31,1851.9999,1624.2627,6.3294,0.8733
601818.SH,2016-12-31,1773.4736,1556.5851,6.0656,0.8369
601818.SH,2016-11-30,1852.6878,1628.2437,6.3449,0.8754
601818.SH,2016-10-31,1728.8651,1516.7747,5.9105,0.8155
601818.SH,2016-09-30,1722.2999,1508.8126,5.9515,0.8823
601818.SH,2016-08-31,1781.9684,1564.5471,6.1713,0.9149
601818.SH,2016-07-31,1727.2111,1528.7178,6.0524,0.894
601818.SH,2016-06-30,1704.6853,1496.8695,5.9263,0.8266
601818.SH,2016-05-31,1671.2451,1476.9643,5.8475,0.8156
601818.SH,2016-04-30,1654.9483,1453.0781,5.7529,0.8024
601818.SH,2016-03-31,1708.6597,1492.8885,5.9282,0.8601
601818.SH,2016-02-29,1532.2319,1353.5522,5.3917,0.8081
601818.SH,2016-01-31,1630.8982,1421.2298,5.6612,0.8485
601808.SH,2020-12-31,478.0468,378.0518,24.0074,1.6012
601808.SH,2020-11-30,477.4539,387.2292,24.5902,1.6401
601808.SH,2020-10-31,394.6988,321.5068,20.4166,1.3617
601808.SH,2020-09-30,428.7394,343.1182,17.0509,1.4664
601808.SH,2020-08-31,488.7131,391.0778,19.4342,1.6713
601808.SH,2020-07-31,508.155,409.7288,18.2895,1.7766
601808.SH,2020-06-30,504.1485,389.0055,17.3644,1.6867
601808.SH,2020-05-31,483.5334,371.2427,16.5716,1.5773
601808.SH,2020-04-30,466.5571,367.098,16.3865,1.5597
601808.SH,2020-03-31,444.9066,345.7827,22.2729,1.5172
601808.SH,2020-02-29,609.7891,447.0307,29.2141,1.9786
601808.SH,2020-01-31,669.8884,487.293,31.8453,2.1568
601808.SH,2019-12-31,766.6633,568.4099,37.1463,2.5159
601808.SH,2019-11-30,665.2313,493.8061,32.2709,2.1857
601808.SH,2019-10-31,614.1061,435.7809,28.4789,1.9288
601808.SH,2019-09-30,515.7305,362.6573,41.1967,1.6645
601808.SH,2019-08-31,515.7268,357.0324,40.5578,1.6387
601808.SH,2019-07-31,445.2694,303.448,64.9615,1.4312
601808.SH,2019-06-30,408.2454,285.0931,61.0321,1.3446
601808.SH,2019-05-31,394.0428,282.4286,60.4617,1.3192
601808.SH,2019-04-30,425.0736,294.5666,63.0602,1.3759
601808.SH,2019-03-31,433.4139,301.6717,686.7363,1.4081
601808.SH,2019-02-28,410.9548,291.014,-481.9127,1.372
601808.SH,2019-01-31,373.224,253.12,-419.1611,1.1933
601808.SH,2018-12-31,359.6228,252.824,-418.6709,1.1919
601808.SH,2018-11-30,391.3876,274.1393,-453.9687,1.2924
601808.SH,2018-10-31,408.8878,290.718,-481.4225,1.3706
601808.SH,2018-09-30,474.8707,339.5657,1984.7938,1.6113
601808.SH,2018-08-31,414.5311,304.9282,1782.3345,1.447
601808.SH,2018-07-31,394.5003,281.2445,-618.4897,1.3564
601808.SH,2018-06-30,395.5763,282.4286,-621.0939,1.3621
601808.SH,2018-05-31,431.3756,309.961,-681.6408,1.4822
601808.SH,2018-04-30,453.8248,338.6775,-744.7919,1.6195
601808.SH,2018-03-31,451.9641,334.2368,1629.1509,1.559
601808.SH,2018-02-28,441.8774,320.9147,-20.6005,1.5006
601808.SH,2018-01-31,505.4385,368.5783,-23.6602,1.7235
601808.SH,2017-12-31,427.836,312.6254,-20.0684,1.4619
601808.SH,2017-11-30,434.4604,324.1712,-20.8096,1.5159
601808.SH,2017-10-31,444.0299,337.4934,-21.6648,1.5782
601808.SH,2017-09-30,446.0402,336.0131,-15.8239,1.5746
601808.SH,2017-08-31,431.1392,333.0527,-15.6845,1.5607
601808.SH,2017-07-31,440.8258,336.9013,-4.9033,1.5776
601808.SH,2017-06-30,425.2373,326.8357,-4.7568,1.5305
601808.SH,2017-05-31,460.2642,352.5917,-5.1316,1.6397
601808.SH,2017-04-30,453.575,338.3815,-4.9248,1.5736
601808.SH,2017-03-31,494.4484,374.4992,-5.2688,1.7145
601808.SH,2017-02-28,524.1316,399.9592,-6.9564,1.7222
601808.SH,2017-01-31,516.1382,381.3083,-6.632,1.6419
601808.SH,2016-12-31,496.473,379.828,-6.6062,1.6355
601808.SH,2016-11-30,506.9099,388.7094,-6.7607,1.6738
601808.SH,2016-10-31,480.2507,361.7692,-6.2921,1.5578
601808.SH,2016-09-30,456.9421,351.9996,-6.8986,1.4882
601808.SH,2016-08-31,459.2691,364.1376,-7.1365,1.5395
601808.SH,2016-07-31,453.3608,359.4008,-70.4065,1.2744
601808.SH,2016-06-30,451.7977,359.6969,-70.4645,1.2754
601808.SH,2016-05-31,462.7755,372.1308,-72.9003,1.3101
601808.SH,2016-04-30,489.8998,388.1174,-76.0321,1.3664
601808.SH,2016-03-31,475.7214,384.2687,57.6728,1.3251
601808.SH,2016-02-29,446.9104,359.6969,26.4429,1.2434
601808.SH,2016-01-31,445.4071,360.881,26.53,1.2475
601857.SH,2020-12-31,0.7146,0.672,41.1472,0.6274
601857.SH,2020-11-30,0.7421,0.6979,42.7337,0.6516
601857.SH,2020-10-31,0.6987,0.659,40.354,0.6153
601857.SH,2020-09-30,0.7076,0.6655,-59.0947,0.6479
601857.SH,2020-08-31,0.7674,0.7173,-63.6957,0.6819
601857.SH,2020-07-31,0.7717,0.7206,42.4366,0.6785
601857.SH,2020-06-30,0.728,0.6785,39.9572,0.6388
601857.SH,2020-05-31,0.7398,0.6882,40.5293,0.6415
601857.SH,2020-04-30,0.7726,0.7189,42.3412,0.6702
601857.SH,2020-03-31,0.8028,0.7481,18.5117,0.6872
601857.SH,2020-02-29,0.8782,0.8209,22.2277,0.7572
601857.SH,2020-01-31,0.9777,0.9132,24.7266,0.8423
601857.SH,2019-12-31,1.0179,0.944,25.5596,0.8706
601857.SH,2019-11-30,0.9735,0.9051,24.5074,0.8348
601857.SH,2019-10-31,1.0252,0.9521,25.7788,0.8781
601857.SH,2019-09-30,1.079,1.0023,21.0111,0.9342
601857.SH,2019-08-31,1.0651,0.991,20.7735,0.9129
601857.SH,2019-07-31,1.1313,1.0541,22.6145,0.9849
601857.SH,2019-06-30,1.194,1.114,23.8998,1.0409
601857.SH,2019-05-31,1.239,1.1577,24.8377,1.0672
601857.SH,2019-04-30,1.29,1.1998,25.7409,1.106
601857.SH,2019-03-31,1.3227,1.2306,26.4516,1.1452
601857.SH,2019-02-28,1.3612,1.2678,26.7601,1.1768
601857.SH,2019-01-31,1.2765,1.1853,25.0171,1.1002
601857.SH,2018-12-31,1.2577,1.1675,24.6411,1.0836
601857.SH,2018-11-30,1.3349,1.2322,26.0082,1.1438
601857.SH,2018-10-31,1.4531,1.3456,28.4005,1.249
601857.SH,2018-09-30,1.6025,1.4848,45.1096,1.4077
601857.SH,2018-08-31,1.409,1.3019,39.5508,1.2176
601857.SH,2018-07-31,1.3614,1.2517,51.9289,1.1889
601857.SH,2018-06-30,1.3546,1.2484,51.7946,1.1859
601857.SH,2018-05-31,1.4041,1.2921,53.6084,1.216
601857.SH,2018-04-30,1.3374,1.2387,51.3915,1.1657
601857.SH,2018-03-31,1.3285,1.2371,61.3469,1.1713
601857.SH,2018-02-28,1.3897,1.2954,62.2044,1.227
601857.SH,2018-01-31,1.5649,1.4589,70.0577,1.3819
601857.SH,2017-12-31,1.4061,1.3099,62.9042,1.2408
601857.SH,2017-11-30,1.4166,1.3229,63.5263,1.2531
601857.SH,2017-10-31,1.4305,1.3391,64.3038,1.2684
601857.SH,2017-09-30,1.3825,1.2938,72.9491,1.2337
601857.SH,2017-08-31,1.4022,1.3132,74.0447,1.239
601857.SH,2017-07-31,1.4079,1.3164,54.3349,1.246
601857.SH,2017-06-30,1.3327,1.2452,51.3942,1.1786
601857.SH,2017-05-31,1.3627,1.2662,52.2631,1.1948
601857.SH,2017-04-30,1.3654,1.263,52.1294,1.1918
601857.SH,2017-03-31,1.3809,1.2743,182.326,1.2111
601857.SH,2017-02-28,1.4431,1.3326,222.1954,1.2741
601857.SH,2017-01-31,1.5167,1.4006,233.5347,1.3392
601857.SH,2016-12-31,1.3964,1.2873,214.6359,1.2308
601857.SH,2016-11-30,1.3326,1.2338,205.7265,1.1797
601857.SH,2016-10-31,1.2868,1.1885,198.167,1.1364
601857.SH,2016-09-30,1.2615,1.1691,122.614,1.121
601857.SH,2016-08-31,1.3152,1.2209,128.0484,1.1668
601857.SH,2016-07-31,1.2642,1.1691,84.0699,1.1344
601857.SH,2016-06-30,1.2661,1.1707,84.1864,1.136
601857.SH,2016-05-31,1.2888,1.1934,85.8166,1.1535
601857.SH,2016-04-30,1.3018,1.2015,86.3988,1.1613
601857.SH,2016-03-31,1.3229,1.2322,39.0651,1.1804
601857.SH,2016-02-29,1.2674,1.1788,31.9312,1.1393
601857.SH,2016-01-31,1.2922,1.2079,32.7207,1.1675
601872.SH,2020-12-31,380.8168,299.4194,7.8187,1.3751
601872.SH,2020-11-30,407.1033,320.0873,8.3584,1.47
601872.SH,2020-10-31,390.253,306.8386,8.0124,1.4092
601872.SH,2020-09-30,388.2309,305.2488,9.2738,1.4102
601872.SH,2020-08-31,435.4118,342.345,10.4009,1.5816
601872.SH,2020-07-31,421.2575,331.2161,16.2146,1.6338
601872.SH,2020-06-30,392.949,308.9584,15.125,1.524
601872.SH,2020-05-31,399.0151,313.7279,15.3584,1.5081
601872.SH,2020-04-30,456.9801,359.3033,17.5896,1.7272
601872.SH,2020-03-31,430.6937,338.6354,29.7105,1.7381
601872.SH,2020-02-29,341.0501,268.1526,23.5266,1.3764
601872.SH,2020-01-31,425.3016,334.3958,29.3386,1.7164
601872.SH,2019-12-31,501.1022,437.7352,34.5675,2.3652
601872.SH,2019-11-30,360.3568,314.7878,24.8585,1.7009
601872.SH,2019-10-31,334.2704,292.0001,23.059,1.5777
601872.SH,2019-09-30,289.3774,252.7842,18.845,1.4181
601872.SH,2019-08-31,285.7375,249.6045,18.6079,1.4002
601872.SH,2019-07-31,251.1578,219.3976,17.9242,1.2416
601872.SH,2019-06-30,264.5043,205.8322,18.8767,1.3076
601872.SH,2019-05-31,242.6645,188.8369,17.3181,1.1996
601872.SH,2019-04-30,294.8374,229.4368,21.0414,1.4575
601872.SH,2019-03-31,296.0507,230.381,84.009,1.5161
601872.SH,2019-02-28,279.6708,217.6345,79.361,1.4322
601872.SH,2019-01-31,251.7644,195.9183,71.4421,1.2893
601872.SH,2018-12-31,223.858,174.202,63.5232,1.1464
601872.SH,2018-11-30,246.3045,191.6694,69.8927,1.2614
601872.SH,2018-10-31,243.2712,189.309,69.032,1.2458
601872.SH,2018-09-30,225.678,175.6183,111.3532,1.1944
601872.SH,2018-08-31,200.8049,156.2625,99.0804,1.0627
601872.SH,2018-07-31,211.1181,164.2881,58.7568,1.1614
601872.SH,2018-06-30,191.3104,170.4253,53.2441,1.2947
601872.SH,2018-05-31,207.2088,184.588,57.6688,1.4023
601872.SH,2018-04-30,199.7896,177.9788,55.604,1.3521
601872.SH,2018-03-31,197.1398,175.6183,32.0848,1.2956
601872.SH,2018-02-28,211.9783,188.8369,31.9897,1.3646
601872.SH,2018-01-31,229.4665,204.4159,34.6288,1.4772
601872.SH,2017-12-31,232.6462,207.2485,35.1086,1.4977
601872.SH,2017-11-30,238.4756,212.4415,35.9884,1.5352
601872.SH,2017-10-31,269.2125,239.8228,40.6269,1.7331
601872.SH,2017-09-30,262.3232,233.6856,38.8658,1.6788
601872.SH,2017-08-31,268.1526,238.8786,39.7295,1.7161
601872.SH,2017-07-31,268.1526,238.8786,16.6303,1.7161
601872.SH,2017-06-30,273.452,243.5996,16.9589,1.6881
601872.SH,2017-05-31,273.452,243.5996,16.9589,1.6881
601872.SH,2017-04-30,273.452,243.5996,16.9589,1.6881
601872.SH,2017-03-31,287.7606,256.3461,16.6339,1.802
601872.SH,2017-02-28,280.8713,250.2089,21.6672,1.8145
601872.SH,2017-01-31,268.1526,238.8786,20.6861,1.7323
601872.SH,2016-12-31,261.7932,233.2135,20.1955,1.6912
601872.SH,2016-11-30,297.8295,265.3158,22.9754,1.924
601872.SH,2016-10-31,285.1108,253.9856,21.9943,1.8418
601872.SH,2016-09-30,270.2724,240.767,12.4692,1.7792
601872.SH,2016-08-31,273.452,243.5996,12.6159,1.8002
601872.SH,2016-07-31,277.6916,247.3763,20.593,2.0275
601872.SH,2016-06-30,248.0146,220.9391,18.3922,1.8108
601872.SH,2016-05-31,259.1435,230.8531,19.2175,1.8449
601872.SH,2016-04-30,267.6226,238.4066,19.8463,1.9053
601872.SH,2016-03-31,271.8622,242.1833,23.5648,1.9847
601872.SH,2016-02-29,245.8949,219.0508,16.243,1.7658
601872.SH,2016-01-31,251.7243,224.2438,16.6281,1.8076
601866.SH,2020-12-31,274.5669,235.5841,16.2313,1.9036
601866.SH,2020-11-30,270.5249,235.5841,16.2313,1.9036
601866.SH,2020-10-31,193.1974,165.7814,11.422,1.3396
601866.SH,2020-09-30,190.1836,164.9882,14.2619,1.4195
601866.SH,2020-08-31,193.8676,168.1611,14.5361,1.4468
601866.SH,2020-07-31,188.1186,162.6086,15.9848,1.4071
601866.SH,2020-06-30,170.7989,145.9511,14.3473,1.2254
601866.SH,2020-05-31,171.0912,146.7443,14.4253,1.2321
601866.SH,2020-04-30,179.9166,153.09,15.0491,1.2853
601866.SH,2020-03-31,188.2281,161.0221,13.5185,1.3694
601866.SH,2020-02-29,199.4115,167.3678,13.0858,1.4629
601866.SH,2020-01-31,219.7811,192.7506,15.0704,1.6848
601866.SH,2019-12-31,235.7366,205.442,16.0627,1.7957
601866.SH,2019-11-30,227.353,198.3031,15.5045,1.7333
601866.SH,2019-10-31,226.6242,197.5099,15.4425,1.7264
601866.SH,2019-09-30,228.9384,199.0963,14.8455,1.2569
601866.SH,2019-08-31,238.2974,209.4081,15.6144,1.5183
601866.SH,2019-07-31,243.1604,211.7877,18.2116,1.5355
601866.SH,2019-06-30,248.0899,215.7538,18.5526,1.8502
601866.SH,2019-05-31,257.7227,226.0656,19.5649,1.9512
601866.SH,2019-04-30,284.7634,250.6552,21.693,2.1634
601866.SH,2019-03-31,276.6572,243.5162,25.875,2.2361
601866.SH,2019-02-28,270.4195,237.1705,30.9696,2.2387
601866.SH,2019-01-31,212.8747,184.0253,24.0299,1.7371
601866.SH,2018-12-31,207.1455,180.8525,23.6156,1.7071
601866.SH,2018-11-30,214.8846,185.6117,24.2371,1.7521
601866.SH,2018-10-31,204.318,177.6796,23.2013,1.6772
601866.SH,2018-09-30,224.5651,189.5778,38.0315,1.8196
601866.SH,2018-08-31,220.4127,183.2321,36.7585,1.7587
601866.SH,2018-07-31,239.0259,198.3031,20.9367,1.8437
601866.SH,2018-06-30,238.9382,197.5099,20.853,1.8364
601866.SH,2018-05-31,279.6899,233.9977,24.7053,2.1756
601866.SH,2018-04-30,278.2393,233.9977,24.7053,2.1756
601866.SH,2018-03-31,285.1394,241.1366,24.295,2.325
601866.SH,2018-02-28,298.0864,249.8619,17.1732,2.565
601866.SH,2018-01-31,328.1068,275.2447,18.9177,2.8256
601866.SH,2017-12-31,320.6534,270.4855,18.5906,2.7767
601866.SH,2017-11-30,329.9705,279.2108,19.1903,2.8663
601866.SH,2017-10-31,367.6127,311.7325,21.4256,3.2001
601866.SH,2017-09-30,358.6252,302.214,19.66,3.1377
601866.SH,2017-08-31,380.2625,320.4579,20.8468,3.3271
601866.SH,2017-07-31,369.1409,309.3529,28.9189,3.3367
601866.SH,2017-06-30,341.5523,285.5565,26.6944,3.08
601866.SH,2017-05-31,332.3332,276.8312,25.8787,2.9859
601866.SH,2017-04-30,365.508,309.3529,28.9189,3.3367
601866.SH,2017-03-31,385.5405,327.5968,130.907,3.6416
601866.SH,2017-02-28,390.4484,329.9764,-19.0583,3.4904
601866.SH,2017-01-31,373.9244,318.8714,-18.417,3.3729
601866.SH,2016-12-31,377.3156,323.6307,-18.6918,3.4232
601866.SH,2016-11-30,413.9307,352.9796,-20.3869,3.7337
601866.SH,2016-10-31,380.134,326.8036,-18.8751,3.4568
601866.SH,2016-09-30,369.3082,315.6986,-12.2227,3.3651
601866.SH,2016-08-31,372.8687,320.4579,-12.407,3.4158
601866.SH,2016-07-31,369.3926,317.285,-11.5173,2.5935
601866.SH,2016-06-30,365.406,314.1122,-11.4021,2.5675
601866.SH,2016-05-31,397.1444,343.461,-12.4675,2.8074
601866.SH,2016-04-30,401.4295,345.8407,-12.5539,2.8269
601866.SH,2016-03-31,423.3723,368.0506,-18.3817,2.4447
601866.SH,2016-02-29,381.3097,333.9425,-77.317,2.0581
601866.SH,2016-01-31,384.1137,337.1153,-78.0516,2.0777
601888.SH,2020-12-31,5514.7672,5514.7672,153.2933,28.0598
601888.SH,2020-11-30,3772.1828,3772.1828,104.8549,19.1933
601888.SH,2020-10-31,3893.2362,3893.2362,108.2198,19.8092
601888.SH,2020-09-30,4352.849,4352.849,190.8915,24.6622
601888.SH,2020-08-31,4061.1491,4061.1491,178.0992,23.0095
601888.SH,2020-07-31,4744.5156,4744.5156,208.0678,25.7208
601888.SH,2020-06-30,3007.3981,3007.3981,136.5087,15.1491
601888.SH,2020-05-31,1976.491,1976.491,89.7149,9.9561
601888.SH,2020-04-30,1782.6102,1782.6102,80.9144,8.9795
601888.SH,2020-03-31,1312.0636,1312.0636,28.1932,6.5922
601888.SH,2020-02-29,1532.6933,1532.6933,32.934,7.7007
601888.SH,2020-01-31,1601.0299,1601.0299,34.4024,8.044
601888.SH,2019-12-31,1736.727,1736.727,37.8774,8.9164
601888.SH,2019-11-30,1636.1745,1636.1745,35.6844,8.4002
601888.SH,2019-10-31,1764.0617,1764.0617,38.4735,9.0567
601888.SH,2019-09-30,1816.9737,1816.9737,40.7863,9.8329
601888.SH,2019-08-31,1864.2236,1864.2236,41.8469,10.0886
601888.SH,2019-07-31,1766.9904,1766.9904,41.6676,10.1409
601888.SH,2019-06-30,1730.8696,1730.8696,40.8159,9.9336
601888.SH,2019-05-31,1511.0208,1511.0208,35.6316,8.1684
601888.SH,2019-04-30,1512.9733,1512.9733,35.6776,8.179
601888.SH,2019-03-31,1368.2949,1368.2949,43.4668,8.3959
601888.SH,2019-02-28,1245.6794,1245.6794,39.5717,7.6435
601888.SH,2019-01-31,1064.0992,1064.0992,33.8034,6.5294
601888.SH,2018-12-31,1175.3903,1175.3903,35.318,7.4129
601888.SH,2018-11-30,1077.9617,1077.9617,32.3905,6.7985
601888.SH,2018-10-31,1048.0889,1048.0889,31.4929,6.6101
601888.SH,2018-09-30,1328.0739,1328.0739,42.1653,8.882
601888.SH,2018-08-31,1237.0885,1237.0885,39.2766,8.2735
601888.SH,2018-07-31,1371.2236,1371.2236,46.1328,9.7435
601888.SH,2018-06-30,1257.5895,1257.5895,42.3097,8.936
601888.SH,2018-05-31,1320.8497,1320.8497,44.438,8.754
601888.SH,2018-04-30,1016.654,1016.654,34.2038,6.7379
601888.SH,2018-03-31,1033.0548,1033.0548,41.1111,7.3618
601888.SH,2018-02-28,1022.3162,1022.3162,40.6837,7.2853
601888.SH,2018-01-31,1001.2295,1001.2295,39.8446,7.1351
601888.SH,2017-12-31,847.1791,847.1791,37.5612,6.3014
601888.SH,2017-11-30,813.9871,813.9871,36.0896,6.0546
601888.SH,2017-10-31,807.7391,807.7391,35.8126,6.0081
601888.SH,2017-09-30,673.4088,673.4088,33.6436,5.2293
601888.SH,2017-08-31,585.1569,585.1569,29.2345,4.544
601888.SH,2017-07-31,564.0702,564.0702,30.829,4.5813
601888.SH,2017-06-30,588.4761,588.4761,32.1629,4.7795
601888.SH,2017-05-31,529.5114,529.5114,28.9402,3.9847
601888.SH,2017-04-30,518.8704,518.8704,28.3586,3.9046
601888.SH,2017-03-31,553.4292,553.4292,31.7751,4.4177
601888.SH,2017-02-28,479.528,479.528,27.5321,3.8278
601888.SH,2017-01-31,446.6288,446.6288,25.6432,3.5652
601888.SH,2016-12-31,423.6872,423.6872,25.7095,3.4818
601888.SH,2016-11-30,434.5234,434.5234,26.3671,3.5709
601888.SH,2016-10-31,439.7951,439.7951,26.6869,3.6142
601888.SH,2016-09-30,440.088,440.088,27.5693,3.7268
601888.SH,2016-08-31,455.7078,455.7078,28.5478,3.8591
601888.SH,2016-07-31,439.2094,439.2094,28.2148,3.8542
601888.SH,2016-06-30,429.3494,429.3494,27.5814,3.7676
601888.SH,2016-05-31,431.3018,431.3018,27.7068,3.6293
601888.SH,2016-04-30,429.7399,429.7399,27.6065,3.6162
601888.SH,2016-03-31,445.6525,445.6525,27.7107,3.9554
601888.SH,2016-02-29,405.7244,405.7244,25.228,3.601
601888.SH,2016-01-31,449.0694,449.0694,27.9232,3.9858
601898.SH,2020-12-31,487.7965,407.264,14.678,0.5909
601898.SH,2020-11-30,483.9385,407.264,14.678,0.5909
601898.SH,2020-10-31,426.9837,359.6736,12.9628,0.5218
601898.SH,2020-09-30,427.8763,359.6736,12.5611,0.5315
601898.SH,2020-08-31,445.2036,374.3168,13.0724,0.5531
601898.SH,2020-07-31,449.0393,377.9776,11.5674,0.5673
601898.SH,2020-06-30,413.797,347.776,10.6431,0.513
601898.SH,2020-05-31,417.1256,346.8608,10.6151,0.5117
601898.SH,2020-04-30,427.1523,349.6064,10.6991,0.5157
601898.SH,2020-03-31,445.8384,365.1648,9.4024,0.5444
601898.SH,2020-02-29,487.4517,394.4512,11.2689,0.5854
601898.SH,2020-01-31,524.175,427.3984,12.2102,0.6343
601898.SH,2019-12-31,573.1012,459.4304,13.1253,0.6818
601898.SH,2019-11-30,560.9415,446.6176,12.7592,0.6628
601898.SH,2019-10-31,543.9996,428.3136,12.2363,0.6356
601898.SH,2019-09-30,568.444,450.2784,14.606,0.693
601898.SH,2019-08-31,556.4959,441.1264,14.3092,0.6789
601898.SH,2019-07-31,536.686,426.4832,17.332,0.6664
601898.SH,2019-06-30,556.7012,439.296,17.8527,0.6789
601898.SH,2019-05-31,552.0797,436.5504,17.7411,0.6747
601898.SH,2019-04-30,588.643,466.752,18.9685,0.7213
601898.SH,2019-03-31,583.0687,468.5824,19.765,0.7367
601898.SH,2019-02-28,589.7679,470.4128,16.5949,0.7384
601898.SH,2019-01-31,537.7184,421.9072,14.8837,0.6623
601898.SH,2018-12-31,536.3944,425.568,15.0129,0.668
601898.SH,2018-11-30,563.3538,449.3632,15.8523,0.7053
601898.SH,2018-10-31,608.438,480.48,16.95,0.7542
601898.SH,2018-09-30,602.4763,483.2256,20.1487,0.7704
601898.SH,2018-08-31,577.7767,458.5152,19.1184,0.731
601898.SH,2018-07-31,573.1147,455.7696,24.876,0.7334
601898.SH,2018-06-30,554.5673,442.0416,24.1268,0.7056
601898.SH,2018-05-31,566.1074,450.2784,24.5763,0.7187
601898.SH,2018-04-30,570.1456,456.6848,24.926,0.7289
601898.SH,2018-03-31,571.2766,467.6672,28.0612,0.7612
601898.SH,2018-02-28,634.1339,515.2576,20.9369,0.8417
601898.SH,2018-01-31,697.2229,562.848,22.8707,0.9194
601898.SH,2017-12-31,644.6723,523.4944,21.2716,0.8551
601898.SH,2017-11-30,657.9992,535.392,21.7551,0.8746
601898.SH,2017-10-31,664.7724,539.968,21.941,0.882
601898.SH,2017-09-30,694.3476,565.5936,26.3785,0.9337
601898.SH,2017-08-31,737.7798,601.2864,28.0432,0.9926
601898.SH,2017-07-31,715.8969,579.3216,24.536,0.9647
601898.SH,2017-06-30,672.8665,538.1376,22.7917,0.8908
601898.SH,2017-05-31,609.6707,485.9712,20.5823,0.8045
601898.SH,2017-04-30,670.157,532.6464,22.5592,0.8817
601898.SH,2017-03-31,702.1047,559.1872,39.9749,0.9429
601898.SH,2017-02-28,705.9504,556.4416,2020.1653,0.9603
601898.SH,2017-01-31,696.8979,549.12,1993.5841,0.9476
601898.SH,2016-12-31,666.9142,531.7312,1930.454,0.9176
601898.SH,2016-11-30,712.7466,570.1696,2070.0049,0.984
601898.SH,2016-10-31,766.2176,608.608,2209.5557,1.0503
601898.SH,2016-09-30,665.2344,517.088,-79.8224,0.8949
601898.SH,2016-08-31,643.0049,511.5968,-78.9747,0.8854
601898.SH,2016-07-31,650.1352,506.1056,-26.5816,0.8827
601898.SH,2016-06-30,613.6898,472.2432,-24.8031,0.8236
601898.SH,2016-05-31,559.7535,438.3808,-23.0246,0.7646
601898.SH,2016-04-30,597.1503,471.328,-24.7551,0.822
601898.SH,2016-03-31,578.7669,468.5824,-26.9373,0.8131
601898.SH,2016-02-29,538.3361,448.448,-41.6772,0.7658
601898.SH,2016-01-31,531.0339,440.2112,-40.9117,0.7518
601899.SH,2020-12-31,2248.5226,1824.5857,40.2968,4.9178
601899.SH,2020-11-30,2200.9416,1824.5857,40.2968,4.9178
601899.SH,2020-10-31,1651.9665,1372.8584,30.3202,3.7003
601899.SH,2020-09-30,1454.8967,1207.8797,32.1669,3.4434
601899.SH,2020-08-31,1680.7832,1412.139,37.6065,4.0257
601899.SH,2020-07-31,1397.6558,1148.9587,33.365,3.3247
601899.SH,2020-06-30,1053.3507,864.1741,25.095,2.5006
601899.SH,2020-05-31,906.0021,726.5828,21.5589,2.1482
601899.SH,2020-04-30,935.4038,751.5711,22.3003,2.2221
601899.SH,2020-03-31,877.7896,709.2832,21.8588,2.0269
601899.SH,2020-02-29,997.4819,799.6255,28.1725,2.1331
601899.SH,2020-01-31,1015.8839,824.6138,29.0529,2.1998
601899.SH,2019-12-31,1100.8853,882.2791,31.0846,2.3536
601899.SH,2019-11-30,850.1457,684.2949,24.1092,1.8255
601899.SH,2019-10-31,724.4721,570.3995,20.774,2.1236
601899.SH,2019-09-30,705.7594,551.8362,22.0159,2.0951
601899.SH,2019-08-31,784.8118,617.6516,24.6417,2.345
601899.SH,2019-07-31,792.4744,617.6516,21.7091,2.1425
601899.SH,2019-06-30,811.9702,636.2149,22.3616,2.3684
601899.SH,2019-05-31,701.7695,548.4611,19.2772,2.0417
601899.SH,2019-04-30,724.7642,560.2741,19.6924,2.0857
601899.SH,2019-03-31,766.9646,592.338,19.747,2.2791
601899.SH,2019-02-28,783.4275,604.151,17.7472,2.3368
601899.SH,2019-01-31,658.5259,502.8966,14.7728,1.9451
601899.SH,2018-12-31,726.9221,563.6492,16.5574,2.1801
601899.SH,2018-11-30,736.3612,572.0871,16.8053,2.1819
601899.SH,2018-10-31,739.663,577.1498,16.954,2.2012
601899.SH,2018-09-30,769.3572,602.4634,18.1555,2.3508
601899.SH,2018-08-31,734.1601,573.7747,17.2909,2.2389
601899.SH,2018-07-31,756.7142,597.4007,18.0164,2.3315
601899.SH,2018-06-30,769.4279,609.2137,23.176,2.4881
601899.SH,2018-05-31,801.9043,592.6426,24.0748,2.4683
601899.SH,2018-04-30,880.2963,651.1167,26.4502,2.6738
601899.SH,2018-03-31,914.0972,687.4655,28.5615,2.8625
601899.SH,2018-02-28,962.5327,726.975,40.2907,3.0923
601899.SH,2018-01-31,1070.2694,810.7351,44.9329,3.4486
601899.SH,2017-12-31,935.2766,725.3946,40.2031,3.0855
601899.SH,2017-11-30,814.6168,624.2502,34.5974,2.6553
601899.SH,2017-10-31,770.0199,583.1604,32.3201,2.4805
601899.SH,2017-09-30,799.9238,611.6072,31.7548,2.7039
601899.SH,2017-08-31,787.4311,592.6426,30.7701,2.6201
601899.SH,2017-07-31,784.9588,589.4819,30.6234,2.6036
601899.SH,2017-06-30,721.6573,542.0705,28.3991,2.3421
601899.SH,2017-05-31,647.7167,518.3648,25.3997,2.4253
601899.SH,2017-04-30,673.9239,534.1686,26.1741,2.4992
601899.SH,2017-03-31,680.8527,534.1686,39.5737,2.6225
601899.SH,2017-02-28,713.092,564.1958,55.3986,2.8688
601899.SH,2017-01-31,698.6708,565.7762,55.5538,2.8768
601899.SH,2016-12-31,656.1408,527.847,51.8295,2.684
601899.SH,2016-11-30,695.0609,562.6154,55.2435,2.8608
601899.SH,2016-10-31,640.4635,518.3648,50.8985,2.6358
601899.SH,2016-09-30,630.2915,507.3021,81.0746,2.5972
601899.SH,2016-08-31,655.5083,527.847,84.358,2.7024
601899.SH,2016-07-31,687.1214,548.392,88.5079,2.8132
601899.SH,2016-06-30,660.2907,532.5882,55.7324,2.6703
601899.SH,2016-05-31,593.0313,483.5964,50.6057,2.4246
601899.SH,2016-04-30,630.7419,507.3021,53.0863,2.5435
601899.SH,2016-03-31,632.153,516.7844,42.6069,2.5617
601899.SH,2016-02-29,607.8201,494.6591,39.996,2.4496
601899.SH,2016-01-31,525.8224,440.9261,29.1033,2.1805
601901.SH,2020-12-31,853.6689,853.6689,60.3274,2.1381
601901.SH,2020-11-30,742.5355,742.5355,52.4738,1.8598
601901.SH,2020-10-31,764.7622,764.7622,54.0445,1.9154
601901.SH,2020-09-30,691.4965,691.4965,78.065,1.7705
601901.SH,2020-08-31,721.9553,721.9553,81.5036,1.8485
601901.SH,2020-07-31,706.3143,706.3143,88.4237,1.8242
601901.SH,2020-06-30,582.8328,582.8328,72.965,1.5053
601901.SH,2020-05-31,569.6614,569.6614,71.3161,1.4713
601901.SH,2020-04-30,586.1256,586.1256,73.3773,1.5138
601901.SH,2020-03-31,591.0649,591.0649,46.1134,1.529
601901.SH,2020-02-29,602.5898,602.5898,47.0126,1.5588
601901.SH,2020-01-31,661.861,661.861,51.6367,1.7122
601901.SH,2019-12-31,713.7232,713.7232,55.6829,1.8463
601901.SH,2019-11-30,550.7276,550.7276,42.9664,1.4247
601901.SH,2019-10-31,554.0204,554.0204,43.2233,1.4332
601901.SH,2019-09-30,567.1918,567.1918,46.5313,1.4883
601901.SH,2019-08-31,545.7883,545.7883,44.7754,1.4321
601901.SH,2019-07-31,571.3078,571.3078,61.2661,1.4884
601901.SH,2019-06-30,585.3024,585.3024,62.7668,1.5249
601901.SH,2019-05-31,590.2417,590.2417,63.2965,1.5378
601901.SH,2019-04-30,574.6007,574.6007,61.6192,1.497
601901.SH,2019-03-31,632.2254,632.2254,95.5939,1.6746
601901.SH,2019-02-28,612.4683,612.4683,106.1669,1.6155
601901.SH,2019-01-31,503.8046,503.8046,87.3308,1.3289
601901.SH,2018-12-31,437.1246,437.1246,75.7723,1.153
601901.SH,2018-11-30,450.2959,450.2959,78.0555,1.1878
601901.SH,2018-10-31,447.8263,447.8263,77.6274,1.1812
601901.SH,2018-09-30,454.412,454.412,54.447,1.2159
601901.SH,2018-08-31,490.6332,490.6332,58.787,1.3128
601901.SH,2018-07-31,558.9597,558.9597,40.9595,1.4793
601901.SH,2018-06-30,550.7276,550.7276,40.3563,1.4575
601901.SH,2018-05-31,483.2244,483.2244,35.4098,1.2788
601901.SH,2018-04-30,487.3404,487.3404,35.7114,1.2897
601901.SH,2018-03-31,510.3903,510.3903,35.1277,1.3636
601901.SH,2018-02-28,534.2634,534.2634,43.27,1.4366
601901.SH,2018-01-31,579.5399,579.5399,46.9369,1.5584
601901.SH,2017-12-31,567.1918,567.1918,45.9369,1.5252
601901.SH,2017-11-30,627.2861,627.2861,50.8039,1.6868
601901.SH,2017-10-31,646.22,646.22,52.3374,1.7377
601901.SH,2017-09-30,707.9607,707.9607,57.0347,1.9428
601901.SH,2017-08-31,750.7676,750.7676,60.4833,2.0603
601901.SH,2017-07-31,733.4802,560.4257,34.4927,2.0427
601901.SH,2017-06-30,817.4477,624.5822,38.4414,2.2765
601901.SH,2017-05-31,741.7123,566.7155,34.8798,2.0656
601901.SH,2017-04-30,694.7894,530.8634,32.6732,1.9349
601901.SH,2017-03-31,667.6234,510.1069,25.9843,1.8844
601901.SH,2017-02-28,698.0822,533.3793,24.9105,1.9656
601901.SH,2017-01-31,637.9879,487.4634,22.7661,1.7964
601901.SH,2016-12-31,625.6397,478.0286,22.3255,1.7616
601901.SH,2016-11-30,702.1982,536.5243,25.0574,1.9772
601901.SH,2016-10-31,616.5844,471.1098,22.0024,1.7361
601901.SH,2016-09-30,604.2362,461.675,18.3636,1.7719
601901.SH,2016-08-31,625.6397,478.0286,19.014,1.8347
601901.SH,2016-07-31,591.0649,451.6113,14.9957,1.718
601901.SH,2016-06-30,630.579,481.8026,15.9982,1.7942
601901.SH,2016-05-31,608.3523,464.82,15.4343,1.731
601901.SH,2016-04-30,618.2308,472.3678,15.6849,1.7591
601901.SH,2016-03-31,651.9824,498.1562,14.9567,1.8987
601901.SH,2016-02-29,524.3849,400.6635,12.0295,1.5271
601901.SH,2016-01-31,557.3133,425.8229,12.7849,1.623
601919.SH,2020-12-31,1383.7873,1057.0565,17.5939,3.8392
601919.SH,2020-11-30,1118.9304,858.8043,14.2942,3.1191
601919.SH,2020-10-31,743.7804,566.1875,9.4238,2.0564
601919.SH,2020-09-30,640.5456,496.0634,10.5412,1.9032
601919.SH,2020-08-31,615.3949,470.9572,10.0077,1.8068
601919.SH,2020-07-31,487.01,374.8612,8.3357,1.4809
601919.SH,2020-06-30,388.4249,300.4084,6.6801,1.1868
601919.SH,2020-05-31,352.382,273.5707,6.0833,1.0808
601919.SH,2020-04-30,401.1727,311.6629,6.9303,1.2313
601919.SH,2020-03-31,448.2629,355.8151,7.4491,1.425
601919.SH,2020-02-29,451.3249,349.755,19.9413,1.6078
601919.SH,2020-01-31,523.7636,362.6945,23.4458,1.8904
601919.SH,2019-12-31,583.1277,402.4,26.0125,2.0973
601919.SH,2019-11-30,524.7871,361.1674,23.3471,1.8824
601919.SH,2019-10-31,514.4821,352.0046,22.7548,1.8347
601919.SH,2019-09-30,525.6606,363.4581,24.0496,1.984
601919.SH,2019-08-31,509.5339,350.4775,23.1907,1.9131
601919.SH,2019-07-31,520.6949,358.1131,33.1108,1.9729
601919.SH,2019-06-30,555.1188,383.3109,35.4405,2.1117
601919.SH,2019-05-31,528.2178,364.9852,33.7462,2.0107
601919.SH,2019-04-30,635.4042,437.5241,40.453,2.4103
601919.SH,2019-03-31,583.2112,403.1636,52.6251,2.1553
601919.SH,2019-02-28,560.1363,382.5473,77.8807,2.0451
601919.SH,2019-01-31,476.2026,320.6983,65.2892,1.7145
601919.SH,2018-12-31,375.1843,308.4812,52.335,1.8484
601919.SH,2018-11-30,385.8378,313.0626,53.1122,1.8758
601919.SH,2018-10-31,353.5351,289.3921,49.0964,1.734
601919.SH,2018-09-30,385.3365,311.5355,49.6654,2.0002
601919.SH,2018-08-31,385.6715,312.2991,49.7871,2.0051
601919.SH,2018-07-31,417.8836,344.3689,17.9096,2.2838
601919.SH,2018-06-30,454.0005,375.6752,19.5377,2.4915
601919.SH,2018-05-31,560.343,467.3033,24.303,3.0991
601919.SH,2018-04-30,514.4585,430.652,22.3969,2.8561
601919.SH,2018-03-31,530.3998,449.7412,22.6053,2.9113
601919.SH,2018-02-28,546.1913,460.4312,30.0508,2.9239
601919.SH,2018-01-31,649.5947,552.8228,36.0809,3.5106
601919.SH,2017-12-31,603.8683,516.9352,33.7386,3.2827
601919.SH,2017-11-30,561.2582,480.2839,31.3465,3.05
601919.SH,2017-10-31,623.1758,529.1522,34.536,3.3603
601919.SH,2017-09-30,617.9693,526.098,-84.4654,3.4551
601919.SH,2017-08-31,702.7954,594.819,-95.4986,3.9064
601919.SH,2017-07-31,662.9481,555.1135,-14.416,3.9524
601919.SH,2017-06-30,491.1555,408.5086,-10.6088,2.9086
601919.SH,2017-05-31,488.9679,408.5086,-10.6088,2.9086
601919.SH,2017-04-30,497.686,419.9621,-10.9062,2.9901
601919.SH,2017-03-31,532.8291,451.2684,-6.0951,3.2952
601919.SH,2017-02-28,551.1178,466.5397,-6.8407,3.3741
601919.SH,2017-01-31,480.2492,413.8536,-6.0682,2.9931
601919.SH,2016-12-31,462.6662,400.1093,-5.8667,2.8937
601919.SH,2016-11-30,529.4804,456.6133,-6.6952,3.3023
601919.SH,2016-10-31,461.9614,401.6365,-5.8891,2.9047
601919.SH,2016-09-30,445.0211,386.3651,-5.8594,2.546
601919.SH,2016-08-31,449.8985,392.4737,-5.952,2.5863
601919.SH,2016-07-31,453.9701,394.0008,-16.6228,2.3389
601919.SH,2016-06-30,448.1041,387.8923,-16.3651,2.3027
601919.SH,2016-05-31,466.4264,405.4543,-17.106,2.4069
601919.SH,2016-04-30,499.0216,433.7063,-18.298,2.5747
601919.SH,2016-03-31,529.7361,465.0126,219.545,2.5237
601919.SH,2016-02-29,479.2778,421.4892,46.7978,2.3045
601919.SH,2016-01-31,476.5843,416.9078,46.2891,2.2794
601928.SH,2020-12-31,161.0922,161.0922,12.4605,1.1314
601928.SH,2020-11-30,176.1071,176.1071,13.6219,1.2368
601928.SH,2020-10-31,176.3616,176.3616,13.6416,1.2386
601928.SH,2020-09-30,182.4693,182.4693,14.13,1.3021
601928.SH,2020-08-31,186.5412,186.5412,14.4453,1.3312
601928.SH,2020-07-31,179.6699,179.6699,14.0013,1.3372
601928.SH,2020-06-30,173.0532,173.0532,13.4856,1.2187
601928.SH,2020-05-31,170.5083,170.5083,13.2873,1.2008
601928.SH,2020-04-30,166.182,166.182,12.9502,1.1703
601928.SH,2020-03-31,165.673,165.673,12.1859,1.2075
601928.SH,2020-02-29,173.0532,173.0532,12.7287,1.2613
601928.SH,2020-01-31,181.4514,181.4514,13.3464,1.3225
601928.SH,2019-12-31,193.6669,193.6669,14.2449,1.4115
601928.SH,2019-11-30,181.9604,181.9604,13.3839,1.3262
601928.SH,2019-10-31,191.3765,191.3765,14.0765,1.3948
601928.SH,2019-09-30,216.3165,216.3165,15.0795,1.6083
601928.SH,2019-08-31,218.0979,218.0979,15.2036,1.6216
601928.SH,2019-07-31,205.8824,205.8824,14.914,1.5989
601928.SH,2019-06-30,205.3734,205.3734,14.8771,1.5057
601928.SH,2019-05-31,206.3914,206.3914,14.9509,1.5131
601928.SH,2019-04-30,209.6998,209.6998,15.1905,1.5374
601928.SH,2019-03-31,217.8434,217.8434,15.6027,1.6596
601928.SH,2019-02-28,211.2267,211.2267,15.1288,1.6092
601928.SH,2019-01-31,198.5022,198.5022,14.2174,1.5122
601928.SH,2018-12-31,202.0651,202.0651,14.4726,1.5394
601928.SH,2018-11-30,190.613,190.613,13.6524,1.4521
601928.SH,2018-10-31,175.0891,175.0891,12.5405,1.3338
601928.SH,2018-09-30,162.8736,162.8736,14.0237,1.2737
601928.SH,2018-08-31,153.4575,153.4575,13.213,1.2001
601928.SH,2018-07-31,155.7479,155.7479,13.6579,1.2737
601928.SH,2018-06-30,154.7299,154.7299,13.5686,1.2654
601928.SH,2018-05-31,169.7448,169.7448,14.8853,1.3462
601928.SH,2018-04-30,177.634,177.634,15.5771,1.4088
601928.SH,2018-03-31,187.8136,187.8136,15.753,1.5509
601928.SH,2018-02-28,196.7208,196.7208,16.5001,1.6244
601928.SH,2018-01-31,206.1369,206.1369,17.2899,1.7022
601928.SH,2017-12-31,206.3914,206.3914,17.3112,1.7043
601928.SH,2017-11-30,210.7177,210.7177,17.6741,1.74
601928.SH,2017-10-31,232.3494,232.3494,19.4885,1.9186
601928.SH,2017-09-30,235.4033,235.4033,19.5126,1.9576
601928.SH,2017-08-31,245.3284,245.3284,20.3353,2.0401
601928.SH,2017-07-31,237.4392,237.4392,19.5835,2.0579
601928.SH,2017-06-30,248.3822,248.3822,20.4861,2.0838
601928.SH,2017-05-31,242.2745,242.2745,19.9823,2.0326
601928.SH,2017-04-30,249.4002,249.4002,20.5701,2.0924
601928.SH,2017-03-31,255.508,255.508,21.5237,2.2668
601928.SH,2017-02-28,271.7953,271.7953,22.8957,2.4113
601928.SH,2017-01-31,264.9241,264.9241,22.3169,2.3503
601928.SH,2016-12-31,266.451,266.451,22.4455,2.3639
601928.SH,2016-11-30,286.5557,286.5557,24.1391,2.5422
601928.SH,2016-10-31,284.7743,284.7743,23.989,2.5264
601928.SH,2016-09-30,279.939,279.939,23.0673,2.5096
601928.SH,2016-08-31,288.8462,288.8462,23.8012,2.7035
601928.SH,2016-07-31,269.7594,269.7594,23.2481,2.5248
601928.SH,2016-06-30,268.2325,268.2325,23.1165,2.4521
601928.SH,2016-05-31,276.6306,276.6306,23.8403,2.5289
601928.SH,2016-04-30,270.5229,270.5229,23.3139,2.4731
601928.SH,2016-03-31,295.4629,295.4629,23.4711,2.8552
601928.SH,2016-02-29,259.5798,259.5798,20.6206,2.5084
601928.SH,2016-01-31,272.3043,272.3043,21.6314,2.6314
601933.SH,2020-12-31,683.2693,679.8205,33.2691,3.259
601933.SH,2020-11-30,744.1735,740.4173,36.2346,3.5495
601933.SH,2020-10-31,743.2219,739.4704,36.1882,3.545
601933.SH,2020-09-30,745.1252,741.3641,36.384,3.6284
601933.SH,2020-08-31,845.0462,840.7807,41.2631,4.115
601933.SH,2020-07-31,855.5141,851.1958,42.6199,4.2279
601933.SH,2020-06-30,897.7093,888.122,44.722,4.3871
601933.SH,2020-05-31,891.9671,882.441,44.4359,4.1105
601933.SH,2020-04-30,972.359,961.9743,48.4409,4.481
601933.SH,2020-03-31,980.0153,969.5489,48.9801,4.7792
601933.SH,2020-02-29,823.0597,814.2696,41.1357,4.0138
601933.SH,2020-01-31,724.484,716.7466,36.209,3.5331
601933.SH,2019-12-31,721.6128,713.9062,36.0655,3.5191
601933.SH,2019-11-30,711.0853,703.2734,35.5393,3.4678
601933.SH,2019-10-31,798.1765,789.4079,39.892,3.8925
601933.SH,2019-09-30,850.8141,841.4671,44.4003,4.2701
601933.SH,2019-08-31,942.6905,926.2626,49.195,4.7312
601933.SH,2019-07-31,925.4637,770.5338,48.694,4.638
601933.SH,2019-06-30,977.1442,813.5625,52.637,5.013
601933.SH,2019-05-31,937.9053,780.8925,50.5232,4.5651
601933.SH,2019-04-30,935.0341,778.5021,50.3686,4.5511
601933.SH,2019-03-31,826.8879,688.4604,57.3332,4.4123
601933.SH,2019-02-28,827.845,689.2572,57.3995,4.4174
601933.SH,2019-01-31,771.3792,642.2443,53.4844,4.1161
601933.SH,2018-12-31,753.1954,627.1045,52.2236,4.0191
601933.SH,2018-11-30,690.9874,575.863,47.9104,3.6871
601933.SH,2018-10-31,683.331,569.4823,47.3795,3.6463
601933.SH,2018-09-30,779.9927,650.0393,46.0155,4.2196
601933.SH,2018-08-31,734.0544,623.96,43.3054,3.971
601933.SH,2018-07-31,731.1833,621.5195,42.9047,3.9508
601933.SH,2018-06-30,731.1833,621.5195,40.1544,4.0882
601933.SH,2018-05-31,921.6355,783.4075,50.6135,5.153
601933.SH,2018-04-30,867.0839,737.0375,47.6177,4.4936
601933.SH,2018-03-31,941.7335,640.4729,51.8349,4.7099
601933.SH,2018-02-28,976.1871,663.9049,54.1825,4.8797
601933.SH,2018-01-31,1097.732,746.5675,60.3511,5.64
601933.SH,2017-12-31,966.6167,657.396,53.1426,4.9663
601933.SH,2017-11-30,868.0409,590.3546,47.7231,4.4598
601933.SH,2017-10-31,923.5496,628.1061,50.7749,4.745
601933.SH,2017-09-30,764.6799,520.0588,46.9836,3.9981
601933.SH,2017-08-31,651.7485,443.2541,40.0449,3.4076
601933.SH,2017-07-31,653.6626,444.5559,40.1625,3.4176
601933.SH,2017-06-30,677.5887,460.8281,44.7642,3.6062
601933.SH,2017-05-31,629.7364,428.2837,41.6029,3.3516
601933.SH,2017-04-30,581.8841,395.7394,38.4416,2.9185
601933.SH,2017-03-31,526.3754,357.9879,42.3811,2.7417
601933.SH,2017-02-28,523.5043,356.0353,63.5566,2.7888
601933.SH,2017-01-31,487.1365,331.3015,59.1413,2.595
601933.SH,2016-12-31,469.9097,319.5856,57.0499,2.5033
601933.SH,2016-11-30,439.2842,298.7572,53.3317,2.3401
601933.SH,2016-10-31,429.7137,292.2483,52.1698,2.2891
601933.SH,2016-09-30,426.8426,290.2957,57.0274,2.2913
601933.SH,2016-08-31,448.8547,288.1161,59.9683,2.4095
601933.SH,2016-07-31,379.9079,286.8874,53.2404,3.1424
601933.SH,2016-06-30,335.9785,253.7142,47.0841,2.7791
601933.SH,2016-05-31,351.8419,265.6934,49.3072,2.7705
601933.SH,2016-04-30,346.5541,261.7003,48.5662,2.7288
601933.SH,2016-03-31,364.0445,274.9082,60.0916,2.9756
601933.SH,2016-02-29,323.3691,244.1922,53.3775,2.6431
601933.SH,2016-01-31,316.0476,238.6633,39.5163,2.5867
601939.SH,2020-12-31,1.2521,602.4817,6.3509,0.7128
601939.SH,2020-11-30,1.3091,685.9465,7.2307,0.8115
601939.SH,2020-10-31,1.1758,603.4411,6.361,0.7139
601939.SH,2020-09-30,1.1195,590.0099,6.1461,0.7387
601939.SH,2020-08-31,1.2278,594.8068,6.1961,0.7324
601939.SH,2020-07-31,1.2894,587.1318,5.6528,0.723
601939.SH,2020-06-30,1.4375,605.3598,5.8283,0.7182
601939.SH,2020-05-31,1.408,611.116,5.8838,0.7251
601939.SH,2020-04-30,1.4477,616.8722,5.9392,0.7319
601939.SH,2020-03-31,1.4535,608.2379,5.9425,0.756
601939.SH,2020-02-29,1.4235,623.5877,6.1118,0.7903
601939.SH,2020-01-31,1.3342,668.6779,6.5537,0.8474
601939.SH,2019-12-31,1.5187,693.6214,6.7982,0.879
601939.SH,2019-11-30,1.4132,681.1497,6.676,0.8632
601939.SH,2019-10-31,1.4353,699.3776,6.8546,0.8863
601939.SH,2019-09-30,1.3639,670.5967,6.6748,0.92
601939.SH,2019-08-31,1.3301,661.9624,6.5888,0.9081
601939.SH,2019-07-31,1.3547,707.0526,7.1485,0.9713
601939.SH,2019-06-30,1.4947,713.7681,7.2164,0.9425
601939.SH,2019-05-31,1.3774,669.6373,6.7703,0.8843
601939.SH,2019-04-30,1.5006,713.7681,7.2164,0.9425
601939.SH,2019-03-31,1.4546,666.7592,6.8233,0.916
601939.SH,2019-02-28,1.4992,688.8246,7.0359,0.9743
601939.SH,2019-01-31,1.5081,678.2716,6.9281,0.9593
601939.SH,2018-12-31,1.4219,611.116,6.2422,0.8644
601939.SH,2018-11-30,1.4859,637.9782,6.5166,0.9024
601939.SH,2018-10-31,1.3961,685.9465,7.0065,0.9702
601939.SH,2018-09-30,1.5165,694.5808,7.2129,1.0673
601939.SH,2018-08-31,1.5188,660.0436,6.8542,1.0143
601939.SH,2018-07-31,1.5519,672.5154,7.1224,1.0401
601939.SH,2018-06-30,1.5324,628.3846,6.655,0.9316
601939.SH,2018-05-31,1.625,683.0684,7.2341,1.0127
601939.SH,2018-04-30,1.6877,717.6056,7.5999,1.0639
601939.SH,2018-03-31,1.6313,743.5085,7.9978,1.1397
601939.SH,2018-02-28,1.6641,797.2329,8.6977,1.2422
601939.SH,2018-01-31,1.8476,912.3568,9.9537,1.4216
601939.SH,2017-12-31,1.5206,736.7929,8.0383,1.148
601939.SH,2017-11-30,1.4532,684.9872,7.4731,1.0673
601939.SH,2017-10-31,1.4931,686.9059,7.494,1.0703
601939.SH,2017-09-30,1.3906,668.6779,7.3716,1.0832
601939.SH,2017-08-31,1.4583,670.5967,7.3928,1.0863
601939.SH,2017-07-31,1.4111,646.6125,7.216,1.0884
601939.SH,2017-06-30,1.3214,590.0099,6.5843,0.9931
601939.SH,2017-05-31,1.4248,611.116,6.8198,0.9844
601939.SH,2017-04-30,1.4033,573.7007,6.4023,0.9242
601939.SH,2017-03-31,1.391,569.8633,6.4161,0.9539
601939.SH,2017-02-28,1.4176,567.9445,6.4233,0.9612
601939.SH,2017-01-31,1.288,551.6353,6.2388,0.9336
601939.SH,2016-12-31,1.3361,521.895,5.9024,0.8833
601939.SH,2016-11-30,1.2873,534.3667,6.0435,0.9044
601939.SH,2016-10-31,1.2416,504.6264,5.7071,0.8541
601939.SH,2016-09-30,1.2399,496.9515,5.639,0.8779
601939.SH,2016-08-31,1.2532,505.5858,5.737,0.8931
601939.SH,2016-07-31,1.1206,485.4391,5.522,0.8993
601939.SH,2016-06-30,1.0976,455.6987,5.1837,0.8442
601939.SH,2016-05-31,1.0668,468.1705,5.3256,0.8245
601939.SH,2016-04-30,1.0438,449.9425,5.1183,0.7924
601939.SH,2016-03-31,1.0382,465.2924,5.3148,0.8573
601939.SH,2016-02-29,0.9644,434.5927,4.9437,0.8307
601939.SH,2016-01-31,1.0024,461.4549,5.2493,0.882
601969.SH,2020-12-31,116.8923,116.8923,146.739,2.9809
601969.SH,2020-11-30,114.7421,114.7421,144.0397,2.926
601969.SH,2020-10-31,100.6681,100.6681,126.3722,2.5671
601969.SH,2020-09-30,107.9006,107.9006,106.2647,2.7477
601969.SH,2020-08-31,120.6062,120.6062,118.7777,3.0712
601969.SH,2020-07-31,109.2689,109.2689,109.8737,2.7679
601969.SH,2020-06-30,95.3904,95.3904,95.9184,2.4163
601969.SH,2020-05-31,107.3141,107.3141,107.9081,2.7184
601969.SH,2020-04-30,90.1126,90.1126,90.6114,2.2826
601969.SH,2020-03-31,90.5036,90.5036,70.8671,2.3287
601969.SH,2020-02-29,93.2402,93.2402,-78.6964,2.3968
601969.SH,2020-01-31,106.9232,106.9232,-90.2452,2.7485
601969.SH,2019-12-31,113.1783,113.1783,-95.5246,2.9093
601969.SH,2019-11-30,106.7277,106.7277,-90.0802,2.7435
601969.SH,2019-10-31,109.8553,109.8553,-92.7199,2.8239
601969.SH,2019-09-30,104.1866,104.1866,-20.224,2.7514
601969.SH,2019-08-31,106.7277,106.7277,-20.7173,2.8185
601969.SH,2019-07-31,119.2379,119.2379,-19.1045,2.857
601969.SH,2019-06-30,114.9376,114.9376,-18.4155,2.754
601969.SH,2019-05-31,107.5096,107.5096,-17.2254,2.576
601969.SH,2019-04-30,105.9458,105.9458,-16.9748,2.5385
601969.SH,2019-03-31,104.3821,104.3821,-13.6255,2.521
601969.SH,2019-02-28,103.2092,103.2092,-19.7404,2.3615
601969.SH,2019-01-31,83.8575,83.8575,-16.0391,1.9187
601969.SH,2018-12-31,87.5715,87.5715,-16.7495,2.0037
601969.SH,2018-11-30,90.5036,90.5036,-17.3103,2.0708
601969.SH,2018-10-31,82.6847,82.6847,-15.8148,1.8919
601969.SH,2018-09-30,95.5858,95.5858,-49.9878,2.0336
601969.SH,2018-08-31,98.7134,98.7134,-51.6234,2.1001
601969.SH,2018-07-31,109.2689,109.2689,-96.3234,2.2732
601969.SH,2018-06-30,107.1187,107.1187,-94.428,2.2285
601969.SH,2018-05-31,130.9663,130.9663,-115.4503,2.7246
601969.SH,2018-04-30,134.6802,134.6802,-118.7242,2.8019
601969.SH,2018-03-31,144.6493,144.6493,317.6428,2.9434
601969.SH,2018-02-28,143.8674,143.8674,-121.4501,2.9239
601969.SH,2018-01-31,169.0833,161.467,-142.7368,3.4364
601969.SH,2017-12-31,172.9927,165.2003,-146.0371,3.5159
601969.SH,2017-11-30,189.6079,83.291,-160.0632,3.8535
601969.SH,2017-10-31,210.1324,92.307,-177.3897,4.2707
601969.SH,2017-09-30,236.7166,103.9849,-155.5936,4.813
601969.SH,2017-08-31,229.6796,100.8937,-150.9682,4.6699
601969.SH,2017-07-31,258.0231,113.3444,-145.6254,5.2201
601969.SH,2017-06-30,206.4185,90.6756,-116.5003,4.1761
601969.SH,2017-05-31,208.9596,91.7918,-117.9345,4.2275
601969.SH,2017-04-30,211.6962,92.994,-119.479,4.2829
601969.SH,2017-03-31,226.1611,99.3481,-79.1393,4.6396
601969.SH,2017-02-28,249.2268,109.4804,-254.1316,4.9656
601969.SH,2017-01-31,218.5871,100.5503,-222.8888,5.2761
601969.SH,2016-12-31,228.4804,105.1012,-232.9769,5.5149
601969.SH,2016-11-30,230.3471,105.9599,-234.8803,5.5599
601969.SH,2016-10-31,219.8937,101.1513,-224.2212,5.3076
601969.SH,2016-09-30,207.5737,95.4841,-210.8833,4.994
601969.SH,2016-08-31,212.0537,97.5449,-215.4347,5.1018
601969.SH,2016-07-31,207.947,95.6558,-206.1155,4.9613
601969.SH,2016-06-30,209.4404,96.3428,-207.5956,4.9969
601969.SH,2016-05-31,206.6404,95.0548,-204.8203,4.9301
601969.SH,2016-04-30,224.9337,103.4697,-222.9525,5.2958
601969.SH,2016-03-31,228.1071,104.9295,2238.2217,5.2825
601969.SH,2016-02-29,186.107,85.6094,237.6264,4.3358
601969.SH,2016-01-31,188.1603,86.5539,240.2481,4.3836
601958.SH,2020-12-31,200.3721,200.3721,84.3384,1.6299
601958.SH,2020-11-30,196.8229,196.8229,82.8445,1.601
601958.SH,2020-10-31,182.9485,182.9485,77.0047,1.4882
601958.SH,2020-09-30,191.3376,191.3376,45.2268,1.555
601958.SH,2020-08-31,201.6628,201.6628,47.6673,1.6389
601958.SH,2020-07-31,214.5692,214.5692,50.723,1.7512
601958.SH,2020-06-30,199.4042,199.4042,35.0705,1.5083
601958.SH,2020-05-31,195.5322,195.5322,34.3895,1.479
601958.SH,2020-04-30,190.6923,190.6923,33.5383,1.4424
601958.SH,2020-03-31,195.2096,195.2096,34.6795,1.4904
601958.SH,2020-02-29,207.7933,207.7933,36.915,1.5864
601958.SH,2020-01-31,235.2195,235.2195,41.7873,1.7958
601958.SH,2019-12-31,258.451,258.451,43.016,1.9785
601958.SH,2019-11-30,231.6702,231.6702,38.5587,1.7735
601958.SH,2019-10-31,231.0249,231.0249,38.4513,1.7686
601958.SH,2019-09-30,243.6086,243.6086,48.2137,1.8745
601958.SH,2019-08-31,214.5692,214.5692,42.4664,1.651
601958.SH,2019-07-31,227.7983,227.7983,45.0846,1.7808
601958.SH,2019-06-30,216.1825,216.1825,54.7602,1.6484
601958.SH,2019-05-31,214.5692,214.5692,54.3515,1.6361
601958.SH,2019-04-30,214.5692,214.5692,54.3515,1.6361
601958.SH,2019-03-31,223.281,223.281,75.3558,1.7338
601958.SH,2019-02-28,221.0224,221.0224,74.5936,1.7163
601958.SH,2019-01-31,196.5002,196.5002,66.3175,1.5258
601958.SH,2018-12-31,191.015,191.015,64.4663,1.4832
601958.SH,2018-11-30,192.6283,192.6283,65.0107,1.4958
601958.SH,2018-10-31,202.9534,202.9534,68.4954,1.576
601958.SH,2018-09-30,203.9214,203.9214,84.8026,1.5942
601958.SH,2018-08-31,200.0495,200.0495,83.1924,1.5639
601958.SH,2018-07-31,218.4411,218.4411,130.7727,1.7203
601958.SH,2018-06-30,202.3081,202.3081,121.1145,1.5772
601958.SH,2018-05-31,215.5372,215.5372,129.0343,1.6803
601958.SH,2018-04-30,215.8598,215.8598,129.2274,1.6829
601958.SH,2018-03-31,221.0224,221.0224,204.3696,1.733
601958.SH,2018-02-28,228.1209,228.1209,210.9332,1.7887
601958.SH,2018-01-31,235.2195,235.2195,185.5831,1.8585
601958.SH,2017-12-31,233.2835,233.2835,184.0557,1.8432
601958.SH,2017-11-30,233.2835,233.2835,184.0557,1.8432
601958.SH,2017-10-31,250.0618,250.0618,197.2935,1.9758
601958.SH,2017-09-30,276.8427,276.8427,166.6618,2.1878
601958.SH,2017-08-31,293.9437,293.9437,176.9568,2.323
601958.SH,2017-07-31,274.2614,274.2614,196.3497,2.1535
601958.SH,2017-06-30,231.3475,231.3475,165.6268,1.8166
601958.SH,2017-05-31,217.4731,217.4731,155.6938,1.7076
601958.SH,2017-04-30,238.4461,238.4461,170.7088,1.8723
601958.SH,2017-03-31,250.7072,250.7072,501.6451,1.9705
601958.SH,2017-02-28,267.1628,267.1628,534.5716,2.0998
601958.SH,2017-01-31,252.3205,252.3205,-6231.0493,1.9895
601958.SH,2016-12-31,246.8352,246.8352,-6095.5918,1.9463
601958.SH,2016-11-30,267.8082,267.8082,-6613.5176,2.1117
601958.SH,2016-10-31,258.451,258.451,-6382.4429,2.0379
601958.SH,2016-09-30,249.0939,249.0939,-363.7993,1.9638
601958.SH,2016-08-31,255.5471,255.5471,-373.2241,2.0146
601958.SH,2016-07-31,251.3525,251.3525,-503.7137,1.9768
601958.SH,2016-06-30,262.9683,262.9683,-526.9919,2.0681
601958.SH,2016-05-31,269.7441,269.7441,-540.5709,2.1214
601958.SH,2016-04-30,246.8352,246.8352,-494.6611,1.9413
601958.SH,2016-03-31,253.6111,253.6111,746.0928,1.9776
601958.SH,2016-02-29,211.6652,211.6652,622.6932,1.6505
601958.SH,2016-01-31,205.5347,205.5347,604.6579,1.6027
601985.SH,2020-12-31,858.836,765.821,13.1211,1.4678
601985.SH,2020-11-30,764.2642,764.2642,13.0944,1.4648
601985.SH,2020-10-31,689.55,689.55,11.8143,1.3216
601985.SH,2020-09-30,683.3238,683.3238,13.6967,1.3614
601985.SH,2020-08-31,725.3505,725.3505,14.5391,1.4451
601985.SH,2020-07-31,675.541,675.541,15.8531,1.4042
601985.SH,2020-06-30,636.627,636.627,14.9399,1.273
601985.SH,2020-05-31,627.2877,627.2877,14.7207,1.2544
601985.SH,2020-04-30,673.984,673.984,15.8165,1.3477
601985.SH,2020-03-31,684.8798,684.8798,14.8209,1.4253
601985.SH,2020-02-29,714.454,714.454,15.4608,1.4869
601985.SH,2020-01-31,754.9242,754.9242,16.3366,1.5711
601985.SH,2019-12-31,778.2723,778.2723,16.8419,1.6197
601985.SH,2019-11-30,756.4799,756.4799,16.3703,1.5743
601985.SH,2019-10-31,787.6108,787.6108,17.044,1.6391
601985.SH,2019-09-30,823.4112,823.4112,17.1338,1.8197
601985.SH,2019-08-31,838.9767,838.9767,17.4577,1.854
601985.SH,2019-07-31,876.3337,876.3337,17.8635,1.9116
601985.SH,2019-06-30,865.4379,865.4379,17.6414,1.8139
601985.SH,2019-05-31,859.2117,859.2117,17.5145,1.8009
601985.SH,2019-04-30,923.03,923.03,18.8154,1.9347
601985.SH,2019-03-31,941.7085,941.7085,22.4573,2.0681
601985.SH,2019-02-28,932.3693,932.3693,22.2346,2.0476
601985.SH,2019-01-31,838.9767,838.9767,20.0074,1.8425
601985.SH,2018-12-31,820.2982,820.2982,19.562,1.8015
601985.SH,2018-11-30,828.0809,828.0809,19.5156,1.8166
601985.SH,2018-10-31,866.9945,866.9945,20.4327,1.902
601985.SH,2018-09-30,935.4823,935.4823,20.6441,2.1123
601985.SH,2018-08-31,910.5777,910.5777,20.0945,2.0561
601985.SH,2018-07-31,893.4557,893.4557,19.8474,2.0904
601985.SH,2018-06-30,879.4468,879.4468,19.5362,1.977
601985.SH,2018-05-31,952.6043,258.8546,21.1614,2.1415
601985.SH,2018-04-30,1038.2142,282.1177,23.0631,2.3339
601985.SH,2018-03-31,1045.9969,284.2325,23.2882,2.4078
601985.SH,2018-02-28,1119.1544,304.1118,24.917,2.5762
601985.SH,2018-01-31,1182.9727,321.4534,24.4855,2.7428
601985.SH,2017-12-31,1144.0591,310.8793,23.6801,2.6525
601985.SH,2017-11-30,1144.0591,310.8793,23.6801,2.6525
601985.SH,2017-10-31,1212.547,329.4897,25.0977,2.8113
601985.SH,2017-09-30,1161.1811,315.5319,25.596,2.7951
601985.SH,2017-08-31,1201.6512,326.529,26.4881,2.8925
601985.SH,2017-07-31,1217.2166,330.7586,25.9327,3.0282
601985.SH,2017-06-30,1215.6601,330.3357,25.8996,2.9008
601985.SH,2017-05-31,1201.6512,326.529,25.6011,2.8674
601985.SH,2017-04-30,1204.7643,327.3749,25.6675,2.8748
601985.SH,2017-03-31,1130.0502,307.0726,27.5727,2.8268
601985.SH,2017-02-28,1133.1633,307.9185,27.6487,2.8346
601985.SH,2017-01-31,1097.3628,298.1903,26.7751,2.7451
601985.SH,2016-12-31,1098.9194,299.4323,26.8131,2.749
601985.SH,2016-11-30,1139.3895,310.4595,27.8006,2.8502
601985.SH,2016-10-31,1052.2231,286.7085,25.6738,2.6322
601985.SH,2016-09-30,1033.5446,281.619,27.1581,2.5778
601985.SH,2016-08-31,1053.7796,287.1326,27.6898,2.6282
601985.SH,2016-07-31,1052.2231,286.7085,28.3272,2.8283
601985.SH,2016-06-30,1063.1189,289.6774,28.6205,2.7539
601985.SH,2016-05-31,1078.6843,269.6463,29.0396,2.7942
601985.SH,2016-04-30,1102.0324,275.4828,29.6681,2.8547
601985.SH,2016-03-31,1201.6512,300.3852,28.9584,3.2197
601985.SH,2016-02-29,1058.4492,264.588,25.5074,2.836
601985.SH,2016-01-31,1102.0324,275.4828,26.5577,2.9528
601988.SH,2020-12-31,0.8567,6702.3434,5.3945,0.5443
601988.SH,2020-11-30,0.89,6955.262,5.5981,0.5649
601988.SH,2020-10-31,0.8479,6702.3434,5.3945,0.5443
601988.SH,2020-09-30,0.8508,6744.4965,5.4055,0.5735
601988.SH,2020-08-31,0.8793,6913.1089,5.5407,0.5878
601988.SH,2020-07-31,0.8978,7018.4916,5.1862,0.5968
601988.SH,2020-06-30,0.9527,7334.6399,5.4198,0.599
601988.SH,2020-05-31,0.9448,7271.4103,5.3731,0.5939
601988.SH,2020-04-30,0.96,7334.6399,5.4198,0.599
601988.SH,2020-03-31,0.9604,7334.6399,5.4666,0.6202
601988.SH,2020-02-29,0.9797,7482.1758,5.6069,0.6425
601988.SH,2020-01-31,0.9853,7608.6351,5.7017,0.6533
601988.SH,2019-12-31,1.0272,7777.2475,5.828,0.6678
601988.SH,2019-11-30,1.0009,7650.7882,5.7333,0.657
601988.SH,2019-10-31,1.0214,7798.324,5.8438,0.6696
601988.SH,2019-09-30,0.9869,7545.4054,5.6954,0.668
601988.SH,2019-08-31,0.9699,7440.0227,5.6158,0.6587
601988.SH,2019-07-31,1.0174,7819.4006,5.9993,0.7048
601988.SH,2019-06-30,1.031,7882.6303,6.0478,0.7105
601988.SH,2019-05-31,1.0567,8177.702,6.2742,0.7304
601988.SH,2019-04-30,1.0882,8198.7785,6.2904,0.7323
601988.SH,2019-03-31,1.0499,7945.8599,6.1628,0.7334
601988.SH,2019-02-28,1.0702,8093.3958,6.2742,0.7644
601988.SH,2019-01-31,1.0343,7756.1709,6.0127,0.7325
601988.SH,2018-12-31,1.0085,7608.6351,5.8984,0.7186
601988.SH,2018-11-30,1.0145,7608.6351,5.8984,0.7186
601988.SH,2018-10-31,1.032,7840.4772,6.0781,0.7405
601988.SH,2018-09-30,1.0401,7840.4772,6.1591,0.7673
601988.SH,2018-08-31,1.0049,7482.1758,5.8777,0.7322
601988.SH,2018-07-31,1.0302,7629.7116,6.098,0.7587
601988.SH,2018-06-30,1.0351,7608.6351,6.0812,0.7566
601988.SH,2018-05-31,1.0749,7945.8599,6.3507,0.7902
601988.SH,2018-04-30,1.0956,8051.2427,6.4349,0.8006
601988.SH,2018-03-31,1.1118,8283.0847,6.7105,0.8286
601988.SH,2018-02-28,1.1803,8915.3813,7.1048,0.9014
601988.SH,2018-01-31,1.2759,9568.7544,7.6255,0.9674
601988.SH,2017-12-31,1.1052,8367.3909,6.6681,0.846
601988.SH,2017-11-30,1.0964,8283.0847,6.6009,0.8374
601988.SH,2017-10-31,1.1073,8304.1613,6.6177,0.8396
601988.SH,2017-09-30,1.1419,8683.5392,6.9216,0.8973
601988.SH,2017-08-31,1.1822,8915.3813,7.1064,0.9213
601988.SH,2017-07-31,1.1036,8262.0082,7.0106,0.8537
601988.SH,2017-06-30,1.0578,7798.324,6.6171,0.8058
601988.SH,2017-05-31,1.0734,7861.5537,6.6708,0.8123
601988.SH,2017-04-30,1.0359,7566.482,6.4204,0.7818
601988.SH,2017-03-31,1.0664,7798.324,6.2559,0.8444
601988.SH,2017-02-28,1.0667,7756.1709,6.2221,0.8399
601988.SH,2017-01-31,1.0163,7545.4054,6.053,0.8171
601988.SH,2016-12-31,0.9823,7250.3337,5.8163,0.7851
601988.SH,2016-11-30,1.0019,7397.8696,5.9347,0.8011
601988.SH,2016-10-31,0.9683,7144.951,5.7318,0.7737
601988.SH,2016-09-30,0.9651,7102.7979,5.7301,0.7946
601988.SH,2016-08-31,0.9831,7313.5634,5.9001,0.8182
601988.SH,2016-07-31,0.9327,7039.5682,5.7291,0.8215
601988.SH,2016-06-30,0.8974,6765.573,5.5061,0.7895
601988.SH,2016-05-31,0.9319,7081.7213,5.7634,0.7923
601988.SH,2016-04-30,0.9268,7060.6447,5.7462,0.7899
601988.SH,2016-03-31,0.941,7166.0275,5.8586,0.8305
601988.SH,2016-02-29,0.873,6681.2668,5.4892,0.8051
601988.SH,2016-01-31,0.8924,6786.6496,5.5758,0.8178
601991.SH,2020-12-31,347.696,238.8652,19.539,1.0421
601991.SH,2020-11-30,347.7207,236.8663,19.3755,1.0334
601991.SH,2020-10-31,327.1259,221.8748,18.1492,0.968
601991.SH,2020-09-30,333.4756,226.872,21.1805,0.6261
601991.SH,2020-08-31,361.1987,245.8613,22.9533,0.6785
601991.SH,2020-07-31,352.4399,238.8652,32.9592,1.0447
601991.SH,2020-06-30,317.9325,210.881,29.0978,0.9223
601991.SH,2020-05-31,316.2981,207.8827,28.6841,0.9092
601991.SH,2020-04-30,328.2651,213.8793,29.5116,0.9354
601991.SH,2020-03-31,312.1859,204.8844,35.5963,0.9059
601991.SH,2020-02-29,335.9899,216.8776,42.4776,0.9404
601991.SH,2020-01-31,362.4536,232.8686,45.6095,1.0098
601991.SH,2019-12-31,385.2634,244.8618,47.9585,1.0618
601991.SH,2019-11-30,379.5535,241.8635,47.3713,1.0488
601991.SH,2019-10-31,395.1463,249.859,48.9373,1.0835
601991.SH,2019-09-30,421.507,267.8488,67.7707,1.1294
601991.SH,2019-08-31,432.115,271.8466,68.7822,1.1462
601991.SH,2019-07-31,467.0444,299.8308,49.4358,1.2195
601991.SH,2019-06-30,488.3944,308.8257,50.9188,1.2561
601991.SH,2019-05-31,498.2478,316.8212,52.2371,1.2887
601991.SH,2019-04-30,517.9614,331.8128,54.7089,1.3496
601991.SH,2019-03-31,534.0205,341.8071,51.2614,1.4026
601991.SH,2019-02-28,528.8065,334.8111,39.6386,1.3081
601991.SH,2019-01-31,484.6086,304.828,36.0888,1.1909
601991.SH,2018-12-31,488.9927,314.8223,37.2721,1.23
601991.SH,2018-11-30,493.2824,313.8229,37.1538,1.2261
601991.SH,2018-10-31,502.7594,328.8144,38.9286,1.2846
601991.SH,2018-09-30,527.9324,339.8082,31.5536,1.385
601991.SH,2018-08-31,492.3122,310.8246,28.8623,1.2669
601991.SH,2018-07-31,532.0235,331.8128,37.8743,1.1099
601991.SH,2018-06-30,499.2463,302.8291,34.566,1.013
601991.SH,2018-05-31,532.9824,327.815,37.418,1.0966
601991.SH,2018-04-30,541.8838,333.8116,38.1025,1.1166
601991.SH,2018-03-31,571.5569,367.7924,39.7852,1.3676
601991.SH,2018-02-28,447.8099,380.7851,20.8573,1.2161
601991.SH,2018-01-31,479.3223,409.7688,22.4449,1.3087
601991.SH,2017-12-31,478.7901,414.7659,22.7186,1.3246
601991.SH,2017-11-30,487.994,416.7648,22.8281,1.331
601991.SH,2017-10-31,511.9866,437.753,23.9777,1.398
601991.SH,2017-09-30,522.175,451.7451,-18.5899,1.475
601991.SH,2017-08-31,554.6115,482.7276,-19.8648,1.5762
601991.SH,2017-07-31,535.7294,459.7406,-22.8822,1.5173
601991.SH,2017-06-30,523.4009,451.7451,-22.4843,1.4909
601991.SH,2017-05-31,582.9461,499.718,-24.872,1.6493
601991.SH,2017-04-30,545.8725,477.7304,-23.7776,1.5767
601991.SH,2017-03-31,561.6028,492.7219,-25.0134,1.6521
601991.SH,2017-02-28,516.4167,449.7462,-15.2665,1.5199
601991.SH,2017-01-31,443.0009,383.7834,-13.0274,1.297
601991.SH,2016-12-31,441.9925,381.7846,-12.9596,1.2902
601991.SH,2016-11-30,466.3037,404.7716,-13.7398,1.3679
601991.SH,2016-10-31,452.2238,391.7789,-13.2988,1.324
601991.SH,2016-09-30,442.8757,383.7834,20.79,1.1528
601991.SH,2016-08-31,450.8317,392.7783,21.2773,1.1798
601991.SH,2016-07-31,460.921,403.7721,19.7906,1.177
601991.SH,2016-06-30,449.9909,388.7806,19.0558,1.1333
601991.SH,2016-05-31,459.1778,400.7738,19.6436,1.1683
601991.SH,2016-04-30,480.7709,419.7631,20.5744,1.2236
601991.SH,2016-03-31,491.7904,425.7597,20.1852,1.2594
601991.SH,2016-02-29,445.4447,388.7806,30.0811,1.1304
601991.SH,2016-01-31,459.2099,401.7733,31.0864,1.1682
601992.SH,2020-12-31,277.1945,247.5245,11.7737,0.6753
601992.SH,2020-11-30,290.4651,258.3589,12.2891,0.7048
601992.SH,2020-10-31,280.6162,250.8582,11.9323,0.6843
601992.SH,2020-09-30,285.3957,255.8587,15.0952,0.713
601992.SH,2020-08-31,308.9327,275.0272,16.2261,0.7664
601992.SH,2020-07-31,305.1827,269.1933,10.1189,0.7698
601992.SH,2020-06-30,287.432,255.0252,9.5864,0.709
601992.SH,2020-05-31,297.3163,262.526,9.8683,0.7298
601992.SH,2020-04-30,311.3792,269.1933,10.1189,0.7484
601992.SH,2020-03-31,314.9758,273.3604,9.0418,0.7677
601992.SH,2020-02-29,327.0529,280.8611,9.2899,0.7887
601992.SH,2020-01-31,327.0378,283.3614,9.3726,0.7958
601992.SH,2019-12-31,361.1159,310.8641,10.2822,0.873
601992.SH,2019-11-30,318.0511,272.527,9.0142,0.7653
601992.SH,2019-10-31,319.2121,271.6936,8.9866,0.763
601992.SH,2019-09-30,324.3208,276.6941,9.0996,0.7956
601992.SH,2019-08-31,328.1367,280.8611,9.2366,0.8075
601992.SH,2019-07-31,338.3593,290.8621,9.5675,0.6455
601992.SH,2019-06-30,365.1853,313.3644,10.3077,0.926
601992.SH,2019-05-31,353.1028,304.1968,10.0061,0.8989
601992.SH,2019-04-30,383.0964,327.5324,10.7737,0.9679
601992.SH,2019-03-31,428.0295,370.0366,14.5407,1.1102
601992.SH,2019-02-28,392.6366,335.0332,12.8691,1.0021
601992.SH,2019-01-31,332.9202,279.1943,10.7242,0.8351
601992.SH,2018-12-31,342.4811,291.6955,11.2044,0.8725
601992.SH,2018-11-30,339.9621,281.019,11.0444,0.6543
601992.SH,2018-10-31,320.0319,268.8008,10.5642,0.6259
601992.SH,2018-09-30,364.5314,302.1973,11.6496,0.7297
601992.SH,2018-08-31,353.7461,287.5354,11.0844,0.6943
601992.SH,2018-07-31,371.3093,301.3827,18.094,0.7859
601992.SH,2018-06-30,330.702,267.1717,16.0401,0.6896
601992.SH,2018-05-31,395.1647,321.7464,19.3166,1.0334
601992.SH,2018-04-30,417.6107,341.2956,20.4903,1.0962
601992.SH,2018-03-31,483.4731,407.274,18.821,1.0435
601992.SH,2018-02-28,518.7542,435.7831,18.9123,1.2393
601992.SH,2018-01-31,540.0256,455.3323,19.7607,1.2949
601992.SH,2017-12-31,522.2104,442.2995,19.1951,1.2578
601992.SH,2017-11-30,565.9109,483.0127,20.9626,1.3736
601992.SH,2017-10-31,569.4491,480.5691,20.8566,1.3667
601992.SH,2017-09-30,608.2182,517.2227,25.0025,1.4941
601992.SH,2017-08-31,657.4024,564.4651,27.2862,1.6306
601992.SH,2017-07-31,588.0717,496.8596,21.8824,1.475
601992.SH,2017-06-30,619.5102,526.997,23.2096,1.5473
601992.SH,2017-05-31,641.9818,549.8036,24.2141,1.6143
601992.SH,2017-04-30,760.1846,658.1353,28.9852,2.175
601992.SH,2017-03-31,455.6632,379.5681,18.5206,1.1257
601992.SH,2017-02-28,472.9725,340.7417,15.7876,1.1522
601992.SH,2017-01-31,423.1135,309.3106,14.3313,1.0459
601992.SH,2016-12-31,427.9866,318.5971,14.7616,1.0774
601992.SH,2016-11-30,440.6837,282.5524,15.0264,1.236
601992.SH,2016-10-31,424.018,273.217,14.5299,1.0604
601992.SH,2016-09-30,420.2505,268.8604,16.5283,1.1604
601992.SH,2016-08-31,419.4962,267.6157,16.4517,1.1551
601992.SH,2016-07-31,393.0186,250.8119,21.2832,1.1299
601992.SH,2016-06-30,369.3104,241.1653,20.4646,1.1106
601992.SH,2016-05-31,381.4487,248.3225,21.0719,1.114
601992.SH,2016-04-30,407.8178,262.948,22.313,1.1796
601992.SH,2016-03-31,434.0381,280.3741,23.8436,1.2631
601992.SH,2016-02-29,382.7368,253.6126,24.954,1.2026
601992.SH,2016-01-31,359.9017,237.12,23.3312,1.1244
601989.SH,2020-12-31,955.4053,766.0957,-114.6943,1.123
601989.SH,2020-11-30,989.6083,793.5216,-118.8003,1.1632
601989.SH,2020-10-31,948.5647,760.6105,-113.8731,1.1149
601989.SH,2020-09-30,989.6083,793.5216,-165.0646,1.1613
601989.SH,2020-08-31,1105.8987,886.7695,-184.4616,1.2978
601989.SH,2020-07-31,1092.2175,875.7992,1493.4366,1.2772
601989.SH,2020-06-30,912.0814,731.3563,1247.1288,1.0665
601989.SH,2020-05-31,925.7626,742.3266,1265.8357,1.0825
601989.SH,2020-04-30,950.8449,762.4389,1300.1317,1.1119
601989.SH,2020-03-31,959.9657,769.7525,200.1443,1.1454
601989.SH,2020-02-29,1005.5698,806.3203,209.6523,1.1998
601989.SH,2020-01-31,1149.2226,921.5089,239.6026,1.3712
601989.SH,2019-12-31,1194.8267,958.0767,249.1107,1.4256
601989.SH,2019-11-30,1208.0531,969.4959,251.8683,1.4337
601989.SH,2019-10-31,1212.629,973.1682,252.8223,1.4391
601989.SH,2019-09-30,1260.6766,1011.7277,145.0454,1.4904
601989.SH,2019-08-31,1391.0914,1116.3892,160.0501,1.6445
601989.SH,2019-07-31,1372.7876,1101.6999,147.9968,1.6206
601989.SH,2019-06-30,1272.1165,1020.9086,137.1437,1.4981
601989.SH,2019-05-31,1173.7334,941.9534,126.5373,1.3823
601989.SH,2019-04-30,1297.2843,1041.1064,139.857,1.5278
601989.SH,2019-03-31,1336.1799,1072.3212,116.4451,1.5753
601989.SH,2019-02-28,1192.0372,956.6427,103.8834,1.4054
601989.SH,2019-01-31,983.8311,789.5516,85.7387,1.1599
601989.SH,2018-12-31,972.3912,780.3708,84.7417,1.1464
601989.SH,2018-11-30,970.1032,778.5346,84.5423,1.1437
601989.SH,2018-10-31,954.0874,765.6814,83.1466,1.1249
601989.SH,2018-09-30,972.3912,780.3708,83.6548,1.1527
601989.SH,2018-08-31,944.9355,758.3368,81.2928,1.1202
601989.SH,2018-07-31,963.2393,773.0261,115.3743,1.1477
601989.SH,2018-06-30,924.3436,741.8113,110.7155,1.1014
601989.SH,2018-05-31,1041.0306,835.4558,124.692,1.2404
601989.SH,2018-04-30,1166.8695,936.4449,139.7646,1.3904
601989.SH,2018-03-31,1242.3728,997.0384,137.4894,1.4498
601989.SH,2018-02-28,1093.2781,1052.1234,120.9896,1.7156
601989.SH,2018-01-31,1186.7696,1142.0956,131.336,1.8623
601989.SH,2017-12-31,1150.5178,1107.2084,127.3241,1.8054
601989.SH,2017-11-30,1175.3217,1131.0786,130.069,1.8443
601989.SH,2017-10-31,1184.8616,1140.2594,131.1248,1.8593
601989.SH,2017-09-30,1184.8616,1140.2594,215.8616,1.9438
601989.SH,2017-08-31,1184.8616,1140.2594,215.8616,1.9438
601989.SH,2017-07-31,1184.8616,1140.2594,155.1296,1.9505
601989.SH,2017-06-30,1184.8616,1140.2594,155.1296,1.9505
601989.SH,2017-05-31,1184.8616,1140.2594,155.1296,1.9505
601989.SH,2017-04-30,1292.6612,1292.6612,169.2435,2.2736
601989.SH,2017-03-31,1366.1079,1366.1079,-106.6943,2.3831
601989.SH,2017-02-28,1410.1759,1410.1759,-110.136,2.46
601989.SH,2017-01-31,1404.6674,1404.6674,-109.7058,2.4504
601989.SH,2016-12-31,1301.8421,1273.212,-101.675,2.271
601989.SH,2016-11-30,1323.8761,1294.7614,-103.3959,2.3094
601989.SH,2016-10-31,1197.1806,1170.8522,-93.5009,2.0884
601989.SH,2016-09-30,1138.4232,1113.387,-56.173,1.9906
601989.SH,2016-08-31,1235.7401,1208.5637,-60.9748,2.1607
601989.SH,2016-07-31,1217.3784,1190.6058,-43.5468,2.137
601989.SH,2016-06-30,1162.2934,1136.7323,-41.5764,2.0403
601989.SH,2016-05-31,1129.2424,1104.4081,-40.3941,1.9823
601989.SH,2016-04-30,1156.7849,1131.3449,-41.3793,2.0306
601989.SH,2016-03-31,1320.2037,1291.1698,-363.0611,2.2398
601989.SH,2016-02-29,1070.4851,1046.943,-294.3875,1.8161
601989.SH,2016-01-31,1136.5871,1111.5913,-312.5658,1.9283
601998.SH,2020-12-31,2152.1782,1740.0917,5.6598,0.5484
601998.SH,2020-11-30,2207.4667,1784.3602,5.8038,0.5623
601998.SH,2020-10-31,2126.2023,1719.6599,5.5934,0.542
601998.SH,2020-09-30,2110.6698,1719.6599,5.4614,0.5458
601998.SH,2020-08-31,2204.377,1777.5494,5.6452,0.5641
601998.SH,2020-07-31,2210.4619,1757.1178,5.1268,0.5503
601998.SH,2020-06-30,2213.1879,1753.7119,5.1168,0.5492
601998.SH,2020-05-31,2170.7949,1709.4435,4.9877,0.5353
601998.SH,2020-04-30,2285.2613,1770.7383,5.1665,0.5545
601998.SH,2020-03-31,2284.7245,1763.9275,5.2792,0.5771
601998.SH,2020-02-29,2390.7062,1849.059,5.534,0.6573
601998.SH,2020-01-31,2519.794,1981.8641,5.9315,0.7045
601998.SH,2019-12-31,2723.6128,2101.0484,6.2297,0.6977
601998.SH,2019-11-30,2615.1586,2043.1589,6.058,0.6785
601998.SH,2019-10-31,2696.8587,2087.4273,6.1893,0.6932
601998.SH,2019-09-30,2481.6866,1920.5692,5.8598,0.677
601998.SH,2019-08-31,2454.7198,1903.5422,5.8079,0.671
601998.SH,2019-07-31,2593.6214,2022.7264,6.3796,0.713
601998.SH,2019-06-30,2615.5026,2032.9422,6.4118,0.6983
601998.SH,2019-05-31,2550.4516,1968.2422,6.2077,0.6761
601998.SH,2019-04-30,2784.0663,2141.9107,6.7555,0.7357
601998.SH,2019-03-31,2780.1992,2141.9107,6.9148,0.7662
601998.SH,2019-02-28,2877.3425,2230.4475,7.2007,0.8737
601998.SH,2019-01-31,2593.8774,1947.8106,6.2882,0.763
601998.SH,2018-12-31,2476.5607,1855.8685,5.9761,0.6853
601998.SH,2018-11-30,2585.3952,1930.7843,6.2173,0.7129
601998.SH,2018-10-31,2656.6516,2015.9159,6.4915,0.7443
601998.SH,2018-09-30,2719.6771,2063.5896,6.6976,0.8164
601998.SH,2018-08-31,2666.9969,2032.9422,6.5982,0.8042
601998.SH,2018-07-31,2785.2506,2135.1001,7.0789,0.8446
601998.SH,2018-06-30,2730.7337,2114.6685,7.0112,0.8173
601998.SH,2018-05-31,2831.2623,2182.7738,7.237,0.8436
601998.SH,2018-04-30,2856.4399,2175.9633,7.2144,0.841
601998.SH,2018-03-31,2837.3259,2196.3949,7.4151,0.8655
601998.SH,2018-02-28,3016.3084,2329.2001,7.8634,1.0151
601998.SH,2018-01-31,3234.8462,2458.6001,8.3003,1.0715
601998.SH,2017-12-31,2720.8306,2111.2633,7.2541,0.8405
601998.SH,2017-11-30,2801.3853,2165.7475,7.4413,0.8621
601998.SH,2017-10-31,2754.052,2118.0738,7.2775,0.8432
601998.SH,2017-09-30,2772.4969,2145.3159,7.3332,0.8747
601998.SH,2017-08-31,2872.694,2223.637,7.601,0.9066
601998.SH,2017-07-31,2914.5844,2264.5001,7.7817,0.922
601998.SH,2017-06-30,2759.3206,2141.9107,7.3605,0.8721
601998.SH,2017-05-31,2738.3271,2107.858,7.2434,0.8582
601998.SH,2017-04-30,2699.9011,2049.9685,7.0445,0.8347
601998.SH,2017-03-31,2965.3618,2284.9317,7.8876,0.9538
601998.SH,2017-02-28,3052.2654,2349.6317,8.1115,0.9807
601998.SH,2017-01-31,3051.8825,2376.8738,8.2056,0.9921
601998.SH,2016-12-31,2839.0674,2182.7738,7.3331,0.9167
601998.SH,2016-11-30,2956.989,2288.337,7.6877,0.9611
601998.SH,2016-10-31,2717.3413,2066.9949,6.9441,0.8681
601998.SH,2016-09-30,2696.2219,2036.3475,6.939,0.9157
601998.SH,2016-08-31,2819.5386,2162.3422,7.3683,0.9724
601998.SH,2016-07-31,2665.0713,2039.7528,7.0751,0.9173
601998.SH,2016-06-30,2529.8652,1930.7843,6.6971,0.8443
601998.SH,2016-05-31,2549.7477,1975.0527,6.8506,0.8637
601998.SH,2016-04-30,2603.5432,1998.8896,6.9333,0.8741
601998.SH,2016-03-31,2656.0216,2066.9949,7.2169,0.9348
601998.SH,2016-02-29,2369.5128,1832.0317,6.3966,0.8286
601998.SH,2016-01-31,2455.5793,1889.9212,6.5987,0.8547
603000.SH,2020-12-31,186.8618,186.8618,55.1549,5.9436
603000.SH,2020-11-30,194.9333,194.9333,57.5373,6.2004
603000.SH,2020-10-31,184.8715,184.8715,54.5674,5.8803
603000.SH,2020-09-30,204.9951,204.9951,64.0694,6.6677
603000.SH,2020-08-31,220.1431,220.1431,68.8038,7.1604
603000.SH,2020-07-31,219.7008,219.7008,65.2955,7.2652
603000.SH,2020-06-30,219.2585,219.2585,65.164,6.9192
603000.SH,2020-05-31,212.2927,212.2927,63.0938,6.6993
603000.SH,2020-04-30,237.3919,237.3919,70.5533,7.4914
603000.SH,2020-03-31,200.5724,200.5724,83.6414,6.7987
603000.SH,2020-02-29,225.561,225.561,94.0619,7.6458
603000.SH,2020-01-31,234.8488,234.8488,97.9351,7.9606
603000.SH,2019-12-31,218.8163,218.8163,91.2493,7.4171
603000.SH,2019-11-30,205.4374,205.4374,85.6701,6.9636
603000.SH,2019-10-31,223.9024,223.9024,93.3703,7.5895
603000.SH,2019-09-30,223.3496,223.3496,79.7219,7.7111
603000.SH,2019-08-31,220.8065,220.8065,78.8142,7.6233
603000.SH,2019-07-31,184.761,184.761,74.3796,6.5445
603000.SH,2019-06-30,197.1447,197.1447,79.3649,6.6448
603000.SH,2019-05-31,208.865,208.865,84.0832,7.0398
603000.SH,2019-04-30,235.4016,235.4016,94.7661,7.9343
603000.SH,2019-03-31,278.6341,278.6341,197.5464,9.9465
603000.SH,2019-02-28,193.0537,193.0537,136.8714,6.8915
603000.SH,2019-01-31,101.2813,101.2813,71.8065,3.6155
603000.SH,2018-12-31,80.7154,80.7154,57.2257,2.8813
603000.SH,2018-11-30,83.2585,83.2585,59.0287,2.9721
603000.SH,2018-10-31,76.9561,76.9561,54.5604,2.7471
603000.SH,2018-09-30,89.2293,89.2293,94.1429,3.2931
603000.SH,2018-08-31,82.2634,82.2634,86.7934,3.036
603000.SH,2018-07-31,91.7724,91.7724,119.632,3.4329
603000.SH,2018-06-30,91.7724,91.7724,119.632,3.3702
603000.SH,2018-05-31,113.5545,113.5545,148.0266,4.1701
603000.SH,2018-04-30,121.4049,121.4049,158.2601,4.4584
603000.SH,2018-03-31,125.7171,125.7171,267.4827,4.625
603000.SH,2018-02-28,119.1935,119.1935,253.6027,4.385
603000.SH,2018-01-31,125.2748,125.2748,266.5416,4.6088
603000.SH,2017-12-31,119.7463,119.7463,254.779,4.4054
603000.SH,2017-11-30,134.3415,134.3415,285.8324,4.9423
603000.SH,2017-10-31,146.3935,146.3935,311.475,5.3857
603000.SH,2017-09-30,153.0276,153.0276,333.967,5.7233
603000.SH,2017-08-31,160.6569,160.6569,350.6171,6.0086
603000.SH,2017-07-31,152.6959,152.6959,692.3301,5.654
603000.SH,2017-06-30,145.6195,145.6195,660.2452,5.392
603000.SH,2017-05-31,146.7252,146.7252,665.2585,5.4329
603000.SH,2017-04-30,164.3057,164.3057,744.9692,6.0839
603000.SH,2017-03-31,183.8764,183.8764,91.1327,6.781
603000.SH,2017-02-28,189.2943,189.2943,93.8179,6.9808
603000.SH,2017-01-31,172.8195,172.8195,85.6526,6.3732
603000.SH,2016-12-31,195.265,195.265,96.7771,7.2009
603000.SH,2016-11-30,209.5285,209.5285,103.8463,7.7269
603000.SH,2016-10-31,214.1724,214.1724,106.1479,7.8982
603000.SH,2016-09-30,208.4228,208.4228,84.1864,7.8127
603000.SH,2016-08-31,220.0325,220.0325,88.8759,8.2479
603000.SH,2016-07-31,217.8211,217.8211,73.7624,7.9669
603000.SH,2016-06-30,183.6553,183.6553,62.1926,6.7172
603000.SH,2016-05-31,187.8569,187.8569,63.6154,6.8709
603000.SH,2016-04-30,191.948,191.948,65.0008,7.0205
603000.SH,2016-03-31,197.2553,197.2553,66.1425,7.6236
603000.SH,2016-02-29,171.7138,171.7138,57.5781,6.6364
603000.SH,2016-01-31,163.974,163.974,54.9828,6.3373
603288.SH,2020-12-31,6498.3848,6498.3848,106.7154,35.633
603288.SH,2020-11-30,5158.7856,5158.7856,84.7167,28.2875
603288.SH,2020-10-31,5191.19,5191.19,85.2489,28.4652
603288.SH,2020-09-30,5252.7584,5252.7584,89.7032,31.0479
603288.SH,2020-08-31,5936.492,5936.492,101.3796,35.0893
603288.SH,2020-07-31,4863.2572,4863.2572,88.6053,31.8314
603288.SH,2020-06-30,4031.1114,4031.1114,73.4442,26.3848
603288.SH,2020-05-31,3723.2692,3723.2692,67.8355,24.3698
603288.SH,2020-04-30,3319.564,3319.564,60.4802,18.2448
603288.SH,2020-03-31,3380.0523,3380.0523,63.141,20.3839
603288.SH,2020-02-29,2689.0278,2689.0278,53.0515,17.8508
603288.SH,2020-01-31,2895.066,2895.066,57.1164,19.2186
603288.SH,2019-12-31,2903.1671,2903.1671,57.2762,19.2723
603288.SH,2019-11-30,2888.8551,2888.8551,56.9938,19.1773
603288.SH,2019-10-31,3015.7725,3015.7725,59.4978,20.0199
603288.SH,2019-09-30,2967.9759,2967.9759,60.982,21.2318
603288.SH,2019-08-31,3096.5135,3096.5135,63.6231,22.1513
603288.SH,2019-07-31,2697.669,2697.669,58.1497,21.2316
603288.SH,2019-06-30,2835.3878,2835.3878,61.1183,22.3155
603288.SH,2019-05-31,2705.7701,2705.7701,58.3243,21.2954
603288.SH,2019-04-30,2410.8897,2410.8897,51.968,15.7038
603288.SH,2019-03-31,2341.2202,2341.2202,53.6385,16.8735
603288.SH,2019-02-28,2070.6432,2070.6432,50.2128,16.4399
603288.SH,2019-01-31,1952.367,1952.367,47.3446,15.5009
603288.SH,2018-12-31,1857.8541,1857.8541,45.0527,14.7505
603288.SH,2018-11-30,1711.7547,1709.0171,41.5098,13.584
603288.SH,2018-10-31,1744.1692,1741.3797,42.2958,13.8413
603288.SH,2018-09-30,2139.3557,2135.9343,54.0751,18.2562
603288.SH,2018-08-31,1850.3266,1847.3674,46.7695,15.7898
603288.SH,2018-07-31,1911.9141,1908.8564,50.886,17.9363
603288.SH,2018-06-30,1989.1686,1985.9874,52.9421,18.661
603288.SH,2018-05-31,2024.2843,2021.0469,53.8767,18.9905
603288.SH,2018-04-30,1673.9378,1671.2607,44.5522,15.7038
603288.SH,2018-03-31,1533.2049,1530.7529,43.4159,13.0448
603288.SH,2018-02-28,1493.7673,1491.3783,44.6887,13.9646
603288.SH,2018-01-31,1522.4001,1519.9653,45.5453,14.2322
603288.SH,2017-12-31,1453.2492,1450.925,43.4765,13.5858
603288.SH,2017-11-30,1320.8901,1318.7776,39.5168,12.3484
603288.SH,2017-10-31,1384.9087,1382.6938,41.432,12.9469
603288.SH,2017-09-30,1281.8761,1278.0546,40.3055,12.8102
603288.SH,2017-08-31,1097.669,1094.3966,34.5136,10.9694
603288.SH,2017-07-31,1047.8979,1044.7739,34.8101,12.8193
603288.SH,2017-06-30,1103.0789,1099.7904,36.6432,13.4943
603288.SH,2017-05-31,1053.3078,1050.1677,34.9898,12.8854
603288.SH,2017-04-30,996.5038,993.5331,33.1029,12.1905
603288.SH,2017-03-31,941.5933,938.7863,33.1181,9.403
603288.SH,2017-02-28,835.5593,833.0683,30.8561,9.0923
603288.SH,2017-01-31,844.2151,84.8121,31.1757,9.1865
603288.SH,2016-12-31,793.362,79.7033,29.2978,8.6332
603288.SH,2016-11-30,865.5842,86.9589,31.9649,9.4191
603288.SH,2016-10-31,846.6496,85.0567,31.2656,9.213
603288.SH,2016-09-30,821.223,81.8081,30.869,9.5214
603288.SH,2016-08-31,851.385,84.7721,32.0027,9.8582
603288.SH,2016-07-31,862.21,85.85,33.344,10.8437
603288.SH,2016-06-30,822.6988,81.9158,31.816,10.3467
603288.SH,2016-05-31,807.5438,80.4069,31.2299,10.1561
603288.SH,2016-04-30,776.422,77.3081,30.0264,9.7647
603288.SH,2016-03-31,830.8175,82.7242,33.1051,9.4938
603288.SH,2016-02-29,702.0002,69.8979,29.2665,8.6966
603288.SH,2016-01-31,743.6764,74.0476,31.004,9.2129
603993.SH,2020-12-31,1271.6253,1104.1108,60.7435,3.3439
603993.SH,2020-11-30,932.37,810.859,44.61,2.4557
603993.SH,2020-10-31,793.6522,697.798,38.3899,2.1133
603993.SH,2020-09-30,751.8726,657.1667,39.0643,1.9726
603993.SH,2020-08-31,865.7751,756.0951,44.9449,2.2696
603993.SH,2020-07-31,888.6082,777.294,47.9185,2.3831
603993.SH,2020-06-30,739.2364,648.3339,39.9684,1.9877
603993.SH,2020-05-31,690.2863,604.1694,37.2458,1.8101
603993.SH,2020-04-30,698.7325,614.7689,37.8992,1.8419
603993.SH,2020-03-31,690.9923,613.0023,40.3601,1.8369
603993.SH,2020-02-29,821.8611,718.9969,50.4389,2.1861
603993.SH,2020-01-31,828.8884,727.8298,51.0585,2.213
603993.SH,2019-12-31,887.9133,770.2277,54.0328,2.3419
603993.SH,2019-11-30,723.568,628.9015,44.1185,1.9122
603993.SH,2019-10-31,688.4322,600.6363,42.1357,1.8262
603993.SH,2019-09-30,735.2828,643.0341,33.8729,1.9968
603993.SH,2019-08-31,709.884,634.2012,33.4076,1.9694
603993.SH,2019-07-31,717.7156,639.501,22.9467,2.0368
603993.SH,2019-06-30,785.0294,699.5646,25.1019,2.2281
603993.SH,2019-05-31,796.9982,711.9306,25.5456,2.1353
603993.SH,2019-04-30,843.2705,743.729,26.6866,2.2307
603993.SH,2019-03-31,933.8951,823.225,21.713,2.458
603993.SH,2019-02-28,966.9461,840.8908,19.5457,2.4911
603993.SH,2019-01-31,784.9228,678.3657,15.768,2.0096
603993.SH,2018-12-31,763.4924,664.233,15.4395,1.9678
603993.SH,2018-11-30,812.6072,701.3312,16.3018,2.0777
603993.SH,2018-10-31,820.6077,718.9969,16.7124,2.13
603993.SH,2018-09-30,919.0884,805.5592,19.6389,2.49
603993.SH,2018-08-31,940.4189,830.2913,20.2419,2.5664
603993.SH,2018-07-31,1171.8661,1035.2143,34.389,3.3954
603993.SH,2018-06-30,1237.1968,814.7897,36.9125,3.6446
603993.SH,2018-05-31,1415.8601,921.0103,41.7246,3.946
603993.SH,2018-04-30,1529.0892,981.8928,44.4828,4.2068
603993.SH,2018-03-31,1685.1592,1098.4764,67.1464,4.8002
603993.SH,2018-02-28,1719.2768,1111.4301,91.7852,4.9713
603993.SH,2018-01-31,1527.3196,979.302,80.8736,4.3803
603993.SH,2017-12-31,1380.464,891.2167,73.5993,3.9863
603993.SH,2017-11-30,1410.9857,915.8288,75.6318,4.0964
603993.SH,2017-10-31,1436.404,928.7825,76.7016,4.1543
603993.SH,2017-09-30,1541.7415,1015.5725,128.1628,4.6308
603993.SH,2017-08-31,1471.256,975.4159,123.0951,4.4477
603993.SH,2017-07-31,1421.2677,936.5547,107.3895,4.3372
603993.SH,2017-06-30,757.5354,655.4588,58.7615,4.7087
603993.SH,2017-05-31,629.8835,545.3521,48.8905,3.9177
603993.SH,2017-04-30,652.545,569.9642,51.097,3.8433
603993.SH,2017-03-31,706.1533,610.1207,79.6949,4.2448
603993.SH,2017-02-28,788.7351,685.2524,126.9401,5.0093
603993.SH,2017-01-31,613.5868,534.9891,99.1045,3.9109
603993.SH,2016-12-31,548.3789,481.8788,89.266,3.5226
603993.SH,2016-11-30,597.0705,527.2168,97.6647,3.854
603993.SH,2016-10-31,556.4359,497.4233,92.1456,3.6362
603993.SH,2016-09-30,534.4303,480.5834,77.3435,3.6173
603993.SH,2016-08-31,581.3445,523.3307,84.2232,3.9391
603993.SH,2016-07-31,583.9907,524.6261,114.423,3.8916
603993.SH,2016-06-30,595.7393,537.5798,117.2483,3.9877
603993.SH,2016-05-31,550.6461,500.014,109.0551,3.709
603993.SH,2016-04-30,479.1143,436.5407,95.2113,3.2382
603993.SH,2016-03-31,505.3686,463.7436,79.4264,3.4838
603993.SH,2016-02-29,458.1719,417.1101,54.3733,3.141
603993.SH,2016-01-31,451.5655,414.5194,54.0356,3.1215
603885.SH,2020-12-31,223.5506,204.3204,-30.999,2.0255
603885.SH,2020-11-30,227.8761,208.2739,-31.5988,2.0647
603885.SH,2020-10-31,210.3774,192.2804,-29.1723,1.9062
603885.SH,2020-09-30,212.147,193.8978,-81.6939,2.126
603885.SH,2020-08-31,214.8996,196.4136,-82.7539,2.1535
603885.SH,2020-07-31,183.048,167.302,178.3768,1.8152
603885.SH,2020-06-30,178.9191,163.5282,174.3533,1.7743
603885.SH,2020-05-31,179.509,164.0673,174.928,1.7801
603885.SH,2020-04-30,194.0584,177.3652,189.1062,1.8876
603885.SH,2020-03-31,196.6144,179.7013,19.0073,1.5722
603885.SH,2020-02-29,216.8657,198.2106,20.9651,1.7342
603885.SH,2020-01-31,259.531,237.2058,25.0897,2.0753
603885.SH,2019-12-31,294.9216,269.552,28.511,2.3583
603885.SH,2019-11-30,274.867,251.2225,26.5722,2.198
603885.SH,2019-10-31,276.0466,252.3007,26.6863,2.2074
603885.SH,2019-09-30,268.7719,245.6517,22.5221,2.2216
603885.SH,2019-08-31,221.3921,221.3921,18.5519,2.2121
603885.SH,2019-07-31,231.635,231.635,19.2918,2.3582
603885.SH,2019-06-30,235.4088,235.4088,19.6061,2.3966
603885.SH,2019-05-31,224.0876,224.0876,18.6632,2.2814
603885.SH,2019-04-30,240.9795,240.9795,20.07,2.4533
603885.SH,2019-03-31,265.4189,265.4189,17.5052,2.7448
603885.SH,2019-02-28,241.5186,241.5186,15.9289,2.4976
603885.SH,2019-01-31,217.4386,217.4386,14.3408,2.2486
603885.SH,2018-12-31,225.1658,225.1658,14.8504,2.3285
603885.SH,2018-11-30,238.6434,238.6434,15.7393,2.4679
603885.SH,2018-10-31,223.9079,223.9079,14.7674,2.3155
603885.SH,2018-09-30,238.284,238.284,18.066,2.6909
603885.SH,2018-08-31,226.4237,226.4237,17.1668,2.5569
603885.SH,2018-07-31,255.3556,255.3556,19.0866,2.9446
603885.SH,2018-06-30,276.9198,276.9198,20.6984,3.1933
603885.SH,2018-05-31,283.2093,283.2093,21.1685,3.1184
603885.SH,2018-04-30,274.9431,82.1631,20.5506,3.0274
603885.SH,2018-03-31,266.8565,79.7465,21.7244,3.1198
603885.SH,2018-02-28,282.6702,84.4722,23.0118,3.3047
603885.SH,2018-01-31,285.3657,85.2777,23.2312,3.3362
603885.SH,2017-12-31,274.7634,82.1094,22.3681,3.2122
603885.SH,2017-11-30,241.3389,72.1209,19.6471,2.8215
603885.SH,2017-10-31,255.8947,76.4707,20.832,2.9916
603885.SH,2017-09-30,259.6684,77.5984,22.3118,3.2723
603885.SH,2017-08-31,274.404,82.002,23.578,3.458
603885.SH,2017-07-31,254.6368,76.0948,20.9536,3.2947
603885.SH,2017-06-30,272.7866,81.5186,22.4471,3.5296
603885.SH,2017-05-31,278.5371,83.2371,22.9203,3.4603
603885.SH,2017-04-30,287.0087,48.074,23.6174,3.5656
603885.SH,2017-03-31,298.3042,49.966,22.2681,4.2093
603885.SH,2017-02-28,311.2684,52.1375,23.2359,4.3923
603885.SH,2017-01-31,306.5192,51.342,22.8814,4.3252
603885.SH,2016-12-31,299.0744,50.095,22.3256,4.2202
603885.SH,2016-11-30,323.9759,54.266,24.1845,4.5716
603885.SH,2016-10-31,326.543,54.696,24.3761,4.6078
603885.SH,2016-09-30,331.6773,55.556,26.7528,4.4775
603885.SH,2016-08-31,352.2146,58.996,28.4093,4.7547
603885.SH,2016-07-31,370.8266,62.1135,30.027,5.1826
603885.SH,2016-06-30,336.94,56.4375,27.2831,4.709
603885.SH,2016-05-31,342.5878,57.3835,27.7404,4.788
603885.SH,2016-04-30,304.1072,36.4072,24.6245,7.9599
603885.SH,2016-03-31,288.9984,34.5984,30.0108,8.782
603885.SH,2016-02-29,241.4,28.9,25.068,7.3356
603885.SH,2016-01-31,274.2304,32.8304,28.4773,8.3332
