code,date,ret_pct
000039.SZ,2016-01-31,-37.1429
000039.SZ,2016-02-29,1.5909
000039.SZ,2016-03-31,14.6905
000039.SZ,2016-04-30,-5.1365
000039.SZ,2016-05-31,-1.8506
000039.SZ,2016-06-30,-1.0475
000039.SZ,2016-07-31,-1.3653
000039.SZ,2016-08-31,2.6163
000039.SZ,2016-09-30,-0.3541
000039.SZ,2016-10-31,-0.924
000039.SZ,2016-11-30,9.6126
000039.SZ,2016-12-31,-4.3194
000039.SZ,2017-01-31,8.2079
000039.SZ,2017-02-28,6.574
000039.SZ,2017-03-31,-4.5077
000039.SZ,2017-04-30,0.4348
000039.SZ,2017-05-31,-1.3605
000039.SZ,2017-06-30,13.0408
000039.SZ,2017-07-31,7.0736
000039.SZ,2017-08-31,-1.6112
000039.SZ,2017-09-30,-4.1204
000039.SZ,2017-10-31,6.0055
000039.SZ,2017-11-30,1.2994
000039.SZ,2017-12-31,17.2396
000039.SZ,2018-01-31,-6.2144
000039.SZ,2018-02-28,-13.0191
000039.SZ,2018-03-31,-10.2468
000039.SZ,2018-04-30,-8.8464
000039.SZ,2018-05-31,4.5246
000039.SZ,2018-06-30,-16.6876
000039.SZ,2018-07-31,-4.3786
000039.SZ,2018-08-31,-9.9034
000039.SZ,2018-09-30,5.8088
000039.SZ,2018-10-31,-9.1216
000039.SZ,2018-11-30,2.5093
000039.SZ,2018-12-31,-4.0798
000039.SZ,2019-01-31,5.293
000039.SZ,2019-02-28,18.7612
000039.SZ,2019-03-31,12.774
000039.SZ,2019-04-30,-5.2279
000039.SZ,2019-05-31,-12.0934
000039.SZ,2019-06-30,7.5416
000039.SZ,2019-07-31,-3.0899
000039.SZ,2019-08-31,-4.058
000039.SZ,2019-09-30,2.5176
000039.SZ,2019-10-31,-4.7151
000039.SZ,2019-11-30,-0.6186
000039.SZ,2019-12-31,1.8672
000039.SZ,2020-01-31,-6.6191
000039.SZ,2020-02-29,-12.759
000039.SZ,2020-03-31,-3.625
000039.SZ,2020-04-30,-3.6316
000039.SZ,2020-05-31,-5.3836
000039.SZ,2020-06-30,4.5356
000039.SZ,2020-07-31,15.3527
000039.SZ,2020-08-31,5.036
000039.SZ,2020-09-30,2.2831
000039.SZ,2020-10-31,32.2545
000039.SZ,2020-11-30,24.3038
000039.SZ,2020-12-31,1.7651
000002.SZ,2016-01-31,0
000002.SZ,2016-02-29,0
000002.SZ,2016-03-31,0
000002.SZ,2016-04-30,0
000002.SZ,2016-05-31,0
000002.SZ,2016-06-30,0
000002.SZ,2016-07-31,-26.9034
000002.SZ,2016-08-31,45.4492
000002.SZ,2016-09-30,4.9739
000002.SZ,2016-10-31,-4.7765
000002.SZ,2016-11-30,8.2665
000002.SZ,2016-12-31,-23.8325
000002.SZ,2017-01-31,0.6326
000002.SZ,2017-02-28,-0.7253
000002.SZ,2017-03-31,0.2435
000002.SZ,2017-04-30,-5.2478
000002.SZ,2017-05-31,9.0256
000002.SZ,2017-06-30,17.4506
000002.SZ,2017-07-31,-6.4077
000002.SZ,2017-08-31,2.7828
000002.SZ,2017-09-30,13.0004
000002.SZ,2017-10-31,10.3238
000002.SZ,2017-11-30,7.8039
000002.SZ,2017-12-31,-0.5125
000002.SZ,2018-01-31,20.9272
000002.SZ,2018-02-28,-12.9393
000002.SZ,2018-03-31,1.8043
000002.SZ,2018-04-30,-14.6891
000002.SZ,2018-05-31,-9.8944
000002.SZ,2018-06-30,-3.8687
000002.SZ,2018-07-31,-5.2033
000002.SZ,2018-08-31,7.1624
000002.SZ,2018-09-30,1.0395
000002.SZ,2018-10-31,-0.2881
000002.SZ,2018-11-30,4.9938
000002.SZ,2018-12-31,-6.3679
000002.SZ,2019-01-31,16.4987
000002.SZ,2019-02-28,0.8649
000002.SZ,2019-03-31,9.7535
000002.SZ,2019-04-30,-5.9896
000002.SZ,2019-05-31,-7.5485
000002.SZ,2019-06-30,4.1573
000002.SZ,2019-07-31,3.416
000002.SZ,2019-08-31,-6.6804
000002.SZ,2019-09-30,0.3876
000002.SZ,2019-10-31,2.4324
000002.SZ,2019-11-30,4.4101
000002.SZ,2019-12-31,16.1733
000002.SZ,2020-01-31,-9.9441
000002.SZ,2020-02-29,2.1049
000002.SZ,2020-03-31,-13.3153
000002.SZ,2020-04-30,4.4834
000002.SZ,2020-05-31,-4.1045
000002.SZ,2020-06-30,1.7121
000002.SZ,2020-07-31,2.6779
000002.SZ,2020-08-31,5.3597
000002.SZ,2020-09-30,2.7503
000002.SZ,2020-10-31,-1.6774
000002.SZ,2020-11-30,11.4338
000002.SZ,2020-12-31,-6.5147
000027.SZ,2016-01-31,-34.0469
000027.SZ,2016-02-29,-0.4637
000027.SZ,2016-03-31,13.1988
000027.SZ,2016-04-30,-6.8587
000027.SZ,2016-05-31,-4.1237
000027.SZ,2016-06-30,1.0946
000027.SZ,2016-07-31,2.9781
000027.SZ,2016-08-31,5.4795
000027.SZ,2016-09-30,-3.8961
000027.SZ,2016-10-31,1.5015
000027.SZ,2016-11-30,6.213
000027.SZ,2016-12-31,-4.3175
000027.SZ,2017-01-31,1.7467
000027.SZ,2017-02-28,0.8584
000027.SZ,2017-03-31,0.9929
000027.SZ,2017-04-30,-1.8258
000027.SZ,2017-05-31,-4.721
000027.SZ,2017-06-30,3.2933
000027.SZ,2017-07-31,-1.3373
000027.SZ,2017-08-31,-0.753
000027.SZ,2017-09-30,-2.1244
000027.SZ,2017-10-31,-0.9302
000027.SZ,2017-11-30,-4.2254
000027.SZ,2017-12-31,-0.9804
000027.SZ,2018-01-31,0.165
000027.SZ,2018-02-28,-6.9193
000027.SZ,2018-03-31,3.3628
000027.SZ,2018-04-30,-3.0822
000027.SZ,2018-05-31,1.7668
000027.SZ,2018-06-30,-12.8244
000027.SZ,2018-07-31,3.2389
000027.SZ,2018-08-31,2.1569
000027.SZ,2018-09-30,4.2226
000027.SZ,2018-10-31,-4.2357
000027.SZ,2018-11-30,1.9231
000027.SZ,2018-12-31,-0.9434
000027.SZ,2019-01-31,-3.4286
000027.SZ,2019-02-28,20.5128
000027.SZ,2019-03-31,6.2193
000027.SZ,2019-04-30,-7.0878
000027.SZ,2019-05-31,-1.3267
000027.SZ,2019-06-30,5.0729
000027.SZ,2019-07-31,-4.6774
000027.SZ,2019-08-31,-0.1692
000027.SZ,2019-09-30,-2.0339
000027.SZ,2019-10-31,5.7093
000027.SZ,2019-11-30,-1.473
000027.SZ,2019-12-31,3.1561
000027.SZ,2020-01-31,-4.8309
000027.SZ,2020-02-29,-8.1218
000027.SZ,2020-03-31,-0.9208
000027.SZ,2020-04-30,2.0446
000027.SZ,2020-05-31,0.1821
000027.SZ,2020-06-30,2.2026
000027.SZ,2020-07-31,22.1983
000027.SZ,2020-08-31,1.0582
000027.SZ,2020-09-30,-6.4572
000027.SZ,2020-10-31,1.1194
000027.SZ,2020-11-30,4.6125
000027.SZ,2020-12-31,7.4074
000001.SZ,2016-01-31,-16.5972
000001.SZ,2016-02-29,-4.4
000001.SZ,2016-03-31,11.2971
000001.SZ,2016-04-30,-0.6579
000001.SZ,2016-05-31,-0.1892
000001.SZ,2016-06-30,0.4584
000001.SZ,2016-07-31,5.7471
000001.SZ,2016-08-31,3.1522
000001.SZ,2016-09-30,-4.4257
000001.SZ,2016-10-31,0.882
000001.SZ,2016-11-30,4.3716
000001.SZ,2016-12-31,-4.712
000001.SZ,2017-01-31,2.5275
000001.SZ,2017-02-28,1.6077
000001.SZ,2017-03-31,-3.27
000001.SZ,2017-04-30,-1.9629
000001.SZ,2017-05-31,2.3359
000001.SZ,2017-06-30,2.0652
000001.SZ,2017-07-31,15.3134
000001.SZ,2017-08-31,5.717
000001.SZ,2017-09-30,-1.5071
000001.SZ,2017-10-31,3.8704
000001.SZ,2017-11-30,15.9445
000001.SZ,2017-12-31,-0.5979
000001.SZ,2018-01-31,5.6391
000001.SZ,2018-02-28,-14.2349
000001.SZ,2018-03-31,-9.5436
000001.SZ,2018-04-30,-0.4587
000001.SZ,2018-05-31,-6.1751
000001.SZ,2018-06-30,-10.7073
000001.SZ,2018-07-31,5.3096
000001.SZ,2018-08-31,7.5372
000001.SZ,2018-09-30,9.0819
000001.SZ,2018-10-31,-1.267
000001.SZ,2018-11-30,-5.0412
000001.SZ,2018-12-31,-9.4595
000001.SZ,2019-01-31,18.3369
000001.SZ,2019-02-28,11.3514
000001.SZ,2019-03-31,3.7217
000001.SZ,2019-04-30,8.0343
000001.SZ,2019-05-31,-12.0578
000001.SZ,2019-06-30,14.3281
000001.SZ,2019-07-31,2.5399
000001.SZ,2019-08-31,0.2123
000001.SZ,2019-09-30,10.0989
000001.SZ,2019-10-31,4.2976
000001.SZ,2019-11-30,-5.9656
000001.SZ,2019-12-31,7.5867
000001.SZ,2020-01-31,-5.5319
000001.SZ,2020-02-29,-6.6924
000001.SZ,2020-03-31,-11.7241
000001.SZ,2020-04-30,8.8281
000001.SZ,2020-05-31,-5.0697
000001.SZ,2020-06-30,-1.5385
000001.SZ,2020-07-31,4.2188
000001.SZ,2020-08-31,13.0435
000001.SZ,2020-09-30,0.5968
000001.SZ,2020-10-31,17.0073
000001.SZ,2020-11-30,11.2113
000001.SZ,2020-12-31,-2.0263
000009.SZ,2016-01-31,-34.02
000009.SZ,2016-02-29,-7.3418
000009.SZ,2016-03-31,25.0455
000009.SZ,2016-04-30,-0.3642
000009.SZ,2016-05-31,-6.2865
000009.SZ,2016-06-30,6.8643
000009.SZ,2016-07-31,0.3845
000009.SZ,2016-08-31,11.6371
000009.SZ,2016-09-30,-8.3039
000009.SZ,2016-10-31,0
000009.SZ,2016-11-30,-1.3487
000009.SZ,2016-12-31,1.1719
000009.SZ,2017-01-31,-8.2046
000009.SZ,2017-02-28,2.6288
000009.SZ,2017-03-31,-6.0451
000009.SZ,2017-04-30,-8.506
000009.SZ,2017-05-31,-12.3957
000009.SZ,2017-06-30,10.068
000009.SZ,2017-07-31,18.047
000009.SZ,2017-08-31,-9.9501
000009.SZ,2017-09-30,4.7786
000009.SZ,2017-10-31,-9.3437
000009.SZ,2017-11-30,-6.7485
000009.SZ,2017-12-31,-4.8684
000009.SZ,2018-01-31,-12.3098
000009.SZ,2018-02-28,-4.7319
000009.SZ,2018-03-31,0.4967
000009.SZ,2018-04-30,-4.1186
000009.SZ,2018-05-31,-1.5464
000009.SZ,2018-06-30,-14.4852
000009.SZ,2018-07-31,2.8484
000009.SZ,2018-08-31,-7.9681
000009.SZ,2018-09-30,0.4329
000009.SZ,2018-10-31,-13.3621
000009.SZ,2018-11-30,18.6567
000009.SZ,2018-12-31,-9.6436
000009.SZ,2019-01-31,-5.5684
000009.SZ,2019-02-28,26.7813
000009.SZ,2019-03-31,30.0388
000009.SZ,2019-04-30,-7.8987
000009.SZ,2019-05-31,-6.3107
000009.SZ,2019-06-30,-1.3817
000009.SZ,2019-07-31,-1.3984
000009.SZ,2019-08-31,-1.7094
000009.SZ,2019-09-30,-4.1304
000009.SZ,2019-10-31,3.4014
000009.SZ,2019-11-30,-1.9737
000009.SZ,2019-12-31,38.4787
000009.SZ,2020-01-31,4.685
000009.SZ,2020-02-29,14.3519
000009.SZ,2020-03-31,-20.6478
000009.SZ,2020-04-30,11.5646
000009.SZ,2020-05-31,5.1829
000009.SZ,2020-06-30,23.3333
000009.SZ,2020-07-31,-1.6451
000009.SZ,2020-08-31,-8.3702
000009.SZ,2020-09-30,-8.4967
000009.SZ,2020-10-31,8
000009.SZ,2020-11-30,-1.5873
000009.SZ,2020-12-31,1.2097
000046.SZ,2016-01-31,-20.3984
000046.SZ,2016-02-29,-3.003
000046.SZ,2016-03-31,11.5583
000046.SZ,2016-04-30,-8.4181
000046.SZ,2016-05-31,1.3131
000046.SZ,2016-06-30,2.4044
000046.SZ,2016-07-31,-1.7804
000046.SZ,2016-08-31,8.3585
000046.SZ,2016-09-30,-1.9517
000046.SZ,2016-10-31,-2.7488
000046.SZ,2016-11-30,1.6569
000046.SZ,2016-12-31,-10.93
000046.SZ,2017-01-31,-0.5382
000046.SZ,2017-02-28,2.8139
000046.SZ,2017-03-31,-4.5263
000046.SZ,2017-04-30,-4.9614
000046.SZ,2017-05-31,-1.3921
000046.SZ,2017-06-30,2.7059
000046.SZ,2017-07-31,-0.8579
000046.SZ,2017-08-31,-3.1765
000046.SZ,2017-09-30,-1.3366
000046.SZ,2017-10-31,-4.3103
000046.SZ,2017-11-30,-1.5444
000046.SZ,2017-12-31,-2.4837
000046.SZ,2018-01-31,6.1662
000046.SZ,2018-02-28,0
000046.SZ,2018-03-31,0
000046.SZ,2018-04-30,-11.4899
000046.SZ,2018-05-31,0.428
000046.SZ,2018-06-30,-19.1761
000046.SZ,2018-07-31,16.7942
000046.SZ,2018-08-31,-12.963
000046.SZ,2018-09-30,-6.0284
000046.SZ,2018-10-31,-3.5849
000046.SZ,2018-11-30,-2.3483
000046.SZ,2018-12-31,-6.4128
000046.SZ,2019-01-31,-1.7131
000046.SZ,2019-02-28,34.6405
000046.SZ,2019-03-31,18.6084
000046.SZ,2019-04-30,-3.1378
000046.SZ,2019-05-31,-9.4366
000046.SZ,2019-06-30,-13.2193
000046.SZ,2019-07-31,-6.7403
000046.SZ,2019-08-31,-14.0039
000046.SZ,2019-09-30,-0.9174
000046.SZ,2019-10-31,1.3889
000046.SZ,2019-11-30,-3.4247
000046.SZ,2019-12-31,7.565
000046.SZ,2020-01-31,0.4396
000046.SZ,2020-02-29,-7.6586
000046.SZ,2020-03-31,-6.3981
000046.SZ,2020-04-30,-11.3924
000046.SZ,2020-05-31,-3.1429
000046.SZ,2020-06-30,11.2094
000046.SZ,2020-07-31,14.2265
000046.SZ,2020-08-31,-2.1378
000046.SZ,2020-09-30,2.4272
000046.SZ,2020-10-31,-2.6066
000046.SZ,2020-11-30,-3.8929
000046.SZ,2020-12-31,-16.962
000060.SZ,2016-01-31,-35.4954
000060.SZ,2016-02-29,27.0718
000060.SZ,2016-03-31,-2.8696
000060.SZ,2016-04-30,-5.9087
000060.SZ,2016-05-31,-6.47
000060.SZ,2016-06-30,6.207
000060.SZ,2016-07-31,1.3423
000060.SZ,2016-08-31,2.7436
000060.SZ,2016-09-30,-6.1694
000060.SZ,2016-10-31,6.5751
000060.SZ,2016-11-30,16.0221
000060.SZ,2016-12-31,-11.5079
000060.SZ,2017-01-31,7.6233
000060.SZ,2017-02-28,-4
000060.SZ,2017-03-31,-3.2986
000060.SZ,2017-04-30,-7.7199
000060.SZ,2017-05-31,-3.692
000060.SZ,2017-06-30,13.4752
000060.SZ,2017-07-31,10.625
000060.SZ,2017-08-31,5.004
000060.SZ,2017-09-30,-6.764
000060.SZ,2017-10-31,-8.3265
000060.SZ,2017-11-30,-2.324
000060.SZ,2017-12-31,3.1394
000060.SZ,2018-01-31,7.4306
000060.SZ,2018-02-28,-15.1667
000060.SZ,2018-03-31,-7.9568
000060.SZ,2018-04-30,0.8538
000060.SZ,2018-05-31,-4.1897
000060.SZ,2018-06-30,-17.3469
000060.SZ,2018-07-31,-0.6173
000060.SZ,2018-08-31,-4.5549
000060.SZ,2018-09-30,-0.6508
000060.SZ,2018-10-31,-6.5502
000060.SZ,2018-11-30,-2.5701
000060.SZ,2018-12-31,-5.036
000060.SZ,2019-01-31,1.7677
000060.SZ,2019-02-28,20.3474
000060.SZ,2019-03-31,4.1237
000060.SZ,2019-04-30,0.5941
000060.SZ,2019-05-31,-3.0638
000060.SZ,2019-06-30,-3.0992
000060.SZ,2019-07-31,-7.2495
000060.SZ,2019-08-31,-5.7471
000060.SZ,2019-09-30,-1.4634
000060.SZ,2019-10-31,-0.495
000060.SZ,2019-11-30,-0.995
000060.SZ,2019-12-31,8.0402
000060.SZ,2020-01-31,-5.5814
000060.SZ,2020-02-29,-8.867
000060.SZ,2020-03-31,-3.7838
000060.SZ,2020-04-30,-1.9663
000060.SZ,2020-05-31,3.7363
000060.SZ,2020-06-30,4.7887
000060.SZ,2020-07-31,25.8065
000060.SZ,2020-08-31,-4.4872
000060.SZ,2020-09-30,-8.2774
000060.SZ,2020-10-31,-0.9756
000060.SZ,2020-11-30,22.6601
000060.SZ,2020-12-31,-3.2129
000063.SZ,2016-01-31,-23.0274
000063.SZ,2016-02-29,-4.6025
000063.SZ,2016-03-31,10.0877
000063.SZ,2016-04-30,-5.5113
000063.SZ,2016-05-31,-3.1623
000063.SZ,2016-06-30,4.0639
000063.SZ,2016-07-31,3.2811
000063.SZ,2016-08-31,0.8242
000063.SZ,2016-09-30,0.6812
000063.SZ,2016-10-31,3.5183
000063.SZ,2016-11-30,10.0654
000063.SZ,2016-12-31,-5.285
000063.SZ,2017-01-31,-5.0157
000063.SZ,2017-02-28,4.2904
000063.SZ,2017-03-31,7.3418
000063.SZ,2017-04-30,4.717
000063.SZ,2017-05-31,9.9662
000063.SZ,2017-06-30,21.5566
000063.SZ,2017-07-31,-3.3277
000063.SZ,2017-08-31,3.9651
000063.SZ,2017-09-30,18.6085
000063.SZ,2017-10-31,14.0989
000063.SZ,2017-11-30,2.4466
000063.SZ,2017-12-31,9.9154
000063.SZ,2018-01-31,-14.4114
000063.SZ,2018-02-28,3.599
000063.SZ,2018-03-31,-6.4826
000063.SZ,2018-04-30,3.8474
000063.SZ,2018-05-31,0
000063.SZ,2018-06-30,-58.3839
000063.SZ,2018-07-31,12.0491
000063.SZ,2018-08-31,30.7534
000063.SZ,2018-09-30,-4.1383
000063.SZ,2018-10-31,-7.4863
000063.SZ,2018-11-30,17.3656
000063.SZ,2018-12-31,-1.4092
000063.SZ,2019-01-31,2.6544
000063.SZ,2019-02-28,48.185
000063.SZ,2019-03-31,-2.0134
000063.SZ,2019-04-30,10.1027
000063.SZ,2019-05-31,-10.5443
000063.SZ,2019-06-30,13.1085
000063.SZ,2019-07-31,1.1989
000063.SZ,2019-08-31,-12.4848
000063.SZ,2019-09-30,11.1073
000063.SZ,2019-10-31,4.3424
000063.SZ,2019-11-30,-8.0539
000063.SZ,2019-12-31,15.2393
000063.SZ,2020-01-31,10.681
000063.SZ,2020-02-29,27.6487
000063.SZ,2020-03-31,-14.4
000063.SZ,2020-04-30,-3.9953
000063.SZ,2020-05-31,-12.2658
000063.SZ,2020-06-30,11.3176
000063.SZ,2020-07-31,-2.3922
000063.SZ,2020-08-31,0.0924
000063.SZ,2020-09-30,-15.1282
000063.SZ,2020-10-31,-2.5076
000063.SZ,2020-11-30,7.6232
000063.SZ,2020-12-31,-3.1097
000069.SZ,2016-01-31,-27.0455
000069.SZ,2016-02-29,0.7788
000069.SZ,2016-03-31,8.3462
000069.SZ,2016-04-30,-5.1355
000069.SZ,2016-05-31,-0.4511
000069.SZ,2016-06-30,-2.2508
000069.SZ,2016-07-31,5.7812
000069.SZ,2016-08-31,6.0561
000069.SZ,2016-09-30,-2.507
000069.SZ,2016-10-31,-1.1429
000069.SZ,2016-11-30,7.659
000069.SZ,2016-12-31,-6.7114
000069.SZ,2017-01-31,0
000069.SZ,2017-02-28,7.9137
000069.SZ,2017-03-31,-2.6667
000069.SZ,2017-04-30,11.6438
000069.SZ,2017-05-31,8.2209
000069.SZ,2017-06-30,15.2788
000069.SZ,2017-07-31,-8.5487
000069.SZ,2017-08-31,-5.4348
000069.SZ,2017-09-30,-6.092
000069.SZ,2017-10-31,7.2215
000069.SZ,2017-11-30,1.484
000069.SZ,2017-12-31,-4.4994
000069.SZ,2018-01-31,21.9081
000069.SZ,2018-02-28,-17.7778
000069.SZ,2018-03-31,-3.1727
000069.SZ,2018-04-30,-6.068
000069.SZ,2018-05-31,1.8088
000069.SZ,2018-06-30,-8.2487
000069.SZ,2018-07-31,-2.1384
000069.SZ,2018-08-31,-7.1006
000069.SZ,2018-09-30,0.3185
000069.SZ,2018-10-31,-8.4127
000069.SZ,2018-11-30,4.1594
000069.SZ,2018-12-31,5.6572
000069.SZ,2019-01-31,0.7874
000069.SZ,2019-02-28,8.125
000069.SZ,2019-03-31,11.2717
000069.SZ,2019-04-30,3.2468
000069.SZ,2019-05-31,-10.4568
000069.SZ,2019-06-30,1.9062
000069.SZ,2019-07-31,3.741
000069.SZ,2019-08-31,-5.5479
000069.SZ,2019-09-30,3.2305
000069.SZ,2019-10-31,0.1422
000069.SZ,2019-11-30,-2.1307
000069.SZ,2019-12-31,13.0624
000069.SZ,2020-01-31,-9.1142
000069.SZ,2020-02-29,-7.7684
000069.SZ,2020-03-31,-2.144
000069.SZ,2020-04-30,2.0344
000069.SZ,2020-05-31,-10.4294
000069.SZ,2020-06-30,8.9555
000069.SZ,2020-07-31,18.3168
000069.SZ,2020-08-31,-0.2789
000069.SZ,2020-09-30,-5.1748
000069.SZ,2020-10-31,-3.2448
000069.SZ,2020-11-30,10.9756
000069.SZ,2020-12-31,-2.6099
000061.SZ,2016-01-31,-19.2199
000061.SZ,2016-02-29,-13.9958
000061.SZ,2016-03-31,6.2653
000061.SZ,2016-04-30,-6.049
000061.SZ,2016-05-31,3.26
000061.SZ,2016-06-30,-3.626
000061.SZ,2016-07-31,-0.8224
000061.SZ,2016-08-31,4.3118
000061.SZ,2016-09-30,-3.8156
000061.SZ,2016-10-31,1.9835
000061.SZ,2016-11-30,9.6434
000061.SZ,2016-12-31,-8.5735
000061.SZ,2017-01-31,-4.4462
000061.SZ,2017-02-28,-0.423
000061.SZ,2017-03-31,-6.4571
000061.SZ,2017-04-30,-15.2589
000061.SZ,2017-05-31,-4.1801
000061.SZ,2017-06-30,1.9016
000061.SZ,2017-07-31,0
000061.SZ,2017-08-31,0
000061.SZ,2017-09-30,-2.649
000061.SZ,2017-10-31,-6.3492
000061.SZ,2017-11-30,-6.9007
000061.SZ,2017-12-31,-0.3901
000061.SZ,2018-01-31,-1.3055
000061.SZ,2018-02-28,-13.2275
000061.SZ,2018-03-31,10.5183
000061.SZ,2018-04-30,-10.2069
000061.SZ,2018-05-31,-0.6144
000061.SZ,2018-06-30,-15.7791
000061.SZ,2018-07-31,0
000061.SZ,2018-08-31,-4.6296
000061.SZ,2018-09-30,-1.165
000061.SZ,2018-10-31,-19.4499
000061.SZ,2018-11-30,19.5122
000061.SZ,2018-12-31,-1.0204
000061.SZ,2019-01-31,-2.4742
000061.SZ,2019-02-28,23.4672
000061.SZ,2019-03-31,2.5685
000061.SZ,2019-04-30,-4.6745
000061.SZ,2019-05-31,-2.2767
000061.SZ,2019-06-30,-2.6888
000061.SZ,2019-07-31,-0.369
000061.SZ,2019-08-31,0
000061.SZ,2019-09-30,-3.5185
000061.SZ,2019-10-31,3.071
000061.SZ,2019-11-30,-0.3724
000061.SZ,2019-12-31,4.486
000061.SZ,2020-01-31,-6.7979
000061.SZ,2020-02-29,23.9923
000061.SZ,2020-03-31,12.0743
000061.SZ,2020-04-30,6.6298
000061.SZ,2020-05-31,-2.4611
000061.SZ,2020-06-30,-0.8396
000061.SZ,2020-07-31,13.6302
000061.SZ,2020-08-31,-3.5629
000061.SZ,2020-09-30,-10.9606
000061.SZ,2020-10-31,-2.4896
000061.SZ,2020-11-30,-3.5461
000061.SZ,2020-12-31,3.6765
000100.SZ,2016-01-31,-15.0235
000100.SZ,2016-02-29,3.0387
000100.SZ,2016-03-31,2.681
000100.SZ,2016-04-30,-8.1472
000100.SZ,2016-05-31,-1.1628
000100.SZ,2016-06-30,-3.2353
000100.SZ,2016-07-31,6.383
000100.SZ,2016-08-31,-2.2857
000100.SZ,2016-09-30,0
000100.SZ,2016-10-31,0
000100.SZ,2016-11-30,0
000100.SZ,2016-12-31,-3.5088
000100.SZ,2017-01-31,5.4545
000100.SZ,2017-02-28,4.5977
000100.SZ,2017-03-31,-3.022
000100.SZ,2017-04-30,-0.5666
000100.SZ,2017-05-31,0
000100.SZ,2017-06-30,0
000100.SZ,2017-07-31,6.9971
000100.SZ,2017-08-31,-2.7248
000100.SZ,2017-09-30,-0.2801
000100.SZ,2017-10-31,21.9101
000100.SZ,2017-11-30,-3.6866
000100.SZ,2017-12-31,-6.6986
000100.SZ,2018-01-31,-8.4615
000100.SZ,2018-02-28,5.042
000100.SZ,2018-03-31,-7.4667
000100.SZ,2018-04-30,-6.3401
000100.SZ,2018-05-31,-1.1599
000100.SZ,2018-06-30,-6.7524
000100.SZ,2018-07-31,3.4483
000100.SZ,2018-08-31,-5
000100.SZ,2018-09-30,-1.4035
000100.SZ,2018-10-31,-12.0996
000100.SZ,2018-11-30,0
000100.SZ,2018-12-31,-0.8097
000100.SZ,2019-01-31,12.2449
000100.SZ,2019-02-28,17.4545
000100.SZ,2019-03-31,25.6966
000100.SZ,2019-04-30,-9.2856
000100.SZ,2019-05-31,-7.7994
000100.SZ,2019-06-30,0.6042
000100.SZ,2019-07-31,2.1021
000100.SZ,2019-08-31,-5.2941
000100.SZ,2019-09-30,10.559
000100.SZ,2019-10-31,-7.5843
000100.SZ,2019-11-30,16.7173
000100.SZ,2019-12-31,16.4062
000100.SZ,2020-01-31,13.1991
000100.SZ,2020-02-29,16.2055
000100.SZ,2020-03-31,-29.5918
000100.SZ,2020-04-30,14.7331
000100.SZ,2020-05-31,12.5
000100.SZ,2020-06-30,18.7739
000100.SZ,2020-07-31,0.9677
000100.SZ,2020-08-31,13.099
000100.SZ,2020-09-30,-13.1356
000100.SZ,2020-10-31,-1.9512
000100.SZ,2020-11-30,16.2521
000100.SZ,2020-12-31,0.9986
000156.SZ,2016-01-31,-41.4634
000156.SZ,2016-02-29,-13.0208
000156.SZ,2016-03-31,30.2395
000156.SZ,2016-04-30,-11.7701
000156.SZ,2016-05-31,-0.3127
000156.SZ,2016-06-30,-3.0319
000156.SZ,2016-07-31,0.8086
000156.SZ,2016-08-31,4.387
000156.SZ,2016-09-30,-7.5423
000156.SZ,2016-10-31,6.2153
000156.SZ,2016-11-30,-0.8882
000156.SZ,2016-12-31,-5.5878
000156.SZ,2017-01-31,-2.6801
000156.SZ,2017-02-28,2.926
000156.SZ,2017-03-31,-5.5184
000156.SZ,2017-04-30,-4.1888
000156.SZ,2017-05-31,-10.5911
000156.SZ,2017-06-30,2.686
000156.SZ,2017-07-31,-1.7438
000156.SZ,2017-08-31,3.4863
000156.SZ,2017-09-30,-3.9281
000156.SZ,2017-10-31,-2.9106
000156.SZ,2017-11-30,-5.2106
000156.SZ,2017-12-31,-14.1566
000156.SZ,2018-01-31,0
000156.SZ,2018-02-28,0
000156.SZ,2018-03-31,0
000156.SZ,2018-04-30,0
000156.SZ,2018-05-31,0
000156.SZ,2018-06-30,-15.4386
000156.SZ,2018-07-31,-4.668
000156.SZ,2018-08-31,-8.2512
000156.SZ,2018-09-30,8.2625
000156.SZ,2018-10-31,-8.7542
000156.SZ,2018-11-30,9.7171
000156.SZ,2018-12-31,-11.0987
000156.SZ,2019-01-31,3.9092
000156.SZ,2019-02-28,21.966
000156.SZ,2019-03-31,21.2935
000156.SZ,2019-04-30,-6.7268
000156.SZ,2019-05-31,3.7819
000156.SZ,2019-06-30,-6.6949
000156.SZ,2019-07-31,-4.9046
000156.SZ,2019-08-31,-4.2915
000156.SZ,2019-09-30,-4.4898
000156.SZ,2019-10-31,-7.265
000156.SZ,2019-11-30,-3.341
000156.SZ,2019-12-31,24.4338
000156.SZ,2020-01-31,-4.9808
000156.SZ,2020-02-29,6.1492
000156.SZ,2020-03-31,-11.396
000156.SZ,2020-04-30,2.4652
000156.SZ,2020-05-31,15.4812
000156.SZ,2020-06-30,-1.9022
000156.SZ,2020-07-31,7.8605
000156.SZ,2020-08-31,0.6306
000156.SZ,2020-09-30,-11.6383
000156.SZ,2020-10-31,-2.229
000156.SZ,2020-11-30,0.4145
000156.SZ,2020-12-31,-11.6615
000157.SZ,2016-01-31,-18.8785
000157.SZ,2016-02-29,-5.7604
000157.SZ,2016-03-31,12.2249
000157.SZ,2016-04-30,-6.7538
000157.SZ,2016-05-31,-2.8037
000157.SZ,2016-06-30,-0.7212
000157.SZ,2016-07-31,1.2107
000157.SZ,2016-08-31,4.5201
000157.SZ,2016-09-30,9.7156
000157.SZ,2016-10-31,-1.2959
000157.SZ,2016-11-30,4.1575
000157.SZ,2016-12-31,-4.6218
000157.SZ,2017-01-31,0.2203
000157.SZ,2017-02-28,6.3736
000157.SZ,2017-03-31,-1.2397
000157.SZ,2017-04-30,-6.0669
000157.SZ,2017-05-31,-2.2272
000157.SZ,2017-06-30,2.2779
000157.SZ,2017-07-31,6.6815
000157.SZ,2017-08-31,-1.0574
000157.SZ,2017-09-30,-2.3965
000157.SZ,2017-10-31,3.5714
000157.SZ,2017-11-30,-5.1724
000157.SZ,2017-12-31,1.5909
000157.SZ,2018-01-31,0.4474
000157.SZ,2018-02-28,-4.6771
000157.SZ,2018-03-31,-1.6355
000157.SZ,2018-04-30,-0.2375
000157.SZ,2018-05-31,-0.7143
000157.SZ,2018-06-30,-1.4388
000157.SZ,2018-07-31,1.7032
000157.SZ,2018-08-31,-2.7166
000157.SZ,2018-09-30,-3.3592
000157.SZ,2018-10-31,-10.6952
000157.SZ,2018-11-30,6.2874
000157.SZ,2018-12-31,0.2817
000157.SZ,2019-01-31,4.4944
000157.SZ,2019-02-28,12.9032
000157.SZ,2019-03-31,6.6667
000157.SZ,2019-04-30,10.4911
000157.SZ,2019-05-31,8.4848
000157.SZ,2019-06-30,11.9181
000157.SZ,2019-07-31,2.6622
000157.SZ,2019-08-31,-10.6465
000157.SZ,2019-09-30,7.5472
000157.SZ,2019-10-31,2.6316
000157.SZ,2019-11-30,1.7094
000157.SZ,2019-12-31,12.2689
000157.SZ,2020-01-31,-5.6886
000157.SZ,2020-02-29,-0.3175
000157.SZ,2020-03-31,-9.3949
000157.SZ,2020-04-30,12.478
000157.SZ,2020-05-31,-0.4688
000157.SZ,2020-06-30,0.9419
000157.SZ,2020-07-31,28.4603
000157.SZ,2020-08-31,3.1477
000157.SZ,2020-09-30,-4.8122
000157.SZ,2020-10-31,-6.298
000157.SZ,2020-11-30,15.6757
000157.SZ,2020-12-31,15.6542
000166.SZ,2016-01-31,-24.183
000166.SZ,2016-02-29,-8.4975
000166.SZ,2016-03-31,19.6501
000166.SZ,2016-04-30,-5.5118
000166.SZ,2016-05-31,1.6667
000166.SZ,2016-06-30,-1.5222
000166.SZ,2016-07-31,0.9256
000166.SZ,2016-08-31,5.178
000166.SZ,2016-09-30,-3.6923
000166.SZ,2016-10-31,3.0351
000166.SZ,2016-11-30,7.2868
000166.SZ,2016-12-31,-9.6821
000166.SZ,2017-01-31,0.96
000166.SZ,2017-02-28,1.5848
000166.SZ,2017-03-31,-3.2761
000166.SZ,2017-04-30,-4.6774
000166.SZ,2017-05-31,-3.5533
000166.SZ,2017-06-30,0.0063
000166.SZ,2017-07-31,5.5357
000166.SZ,2017-08-31,2.8765
000166.SZ,2017-09-30,-4.1118
000166.SZ,2017-10-31,-3.0875
000166.SZ,2017-11-30,0.354
000166.SZ,2017-12-31,-5.291
000166.SZ,2018-01-31,-0.3724
000166.SZ,2018-02-28,-6.1682
000166.SZ,2018-03-31,-0.996
000166.SZ,2018-04-30,-6.6398
000166.SZ,2018-05-31,0
000166.SZ,2018-06-30,-4.7239
000166.SZ,2018-07-31,1.6018
000166.SZ,2018-08-31,0.4505
000166.SZ,2018-09-30,0.8969
000166.SZ,2018-10-31,-0.8889
000166.SZ,2018-11-30,-0.4484
000166.SZ,2018-12-31,-8.3333
000166.SZ,2019-01-31,8.5995
000166.SZ,2019-02-28,24.4344
000166.SZ,2019-03-31,0.3636
000166.SZ,2019-04-30,-6.8841
000166.SZ,2019-05-31,-7.2066
000166.SZ,2019-06-30,6.1441
000166.SZ,2019-07-31,-2.3952
000166.SZ,2019-08-31,-2.2495
000166.SZ,2019-09-30,0
000166.SZ,2019-10-31,0.2092
000166.SZ,2019-11-30,-0.6263
000166.SZ,2019-12-31,7.563
000166.SZ,2020-01-31,-5.8594
000166.SZ,2020-02-29,-2.9046
000166.SZ,2020-03-31,-5.7692
000166.SZ,2020-04-30,-0.907
000166.SZ,2020-05-31,-1.1442
000166.SZ,2020-06-30,16.8981
000166.SZ,2020-07-31,15.4455
000166.SZ,2020-08-31,-1.9177
000166.SZ,2020-09-30,-5.8511
000166.SZ,2020-10-31,-5.0847
000166.SZ,2020-11-30,7.1429
000166.SZ,2020-12-31,-2.2222
000333.SZ,2016-01-31,-16.7885
000333.SZ,2016-02-29,-4.5405
000333.SZ,2016-03-31,18.3353
000333.SZ,2016-04-30,4.0519
000333.SZ,2016-05-31,3.5486
000333.SZ,2016-06-30,11.1007
000333.SZ,2016-07-31,18.887
000333.SZ,2016-08-31,-2.8369
000333.SZ,2016-09-30,-1.4234
000333.SZ,2016-10-31,0.5183
000333.SZ,2016-11-30,11.5285
000333.SZ,2016-12-31,-6.9683
000333.SZ,2017-01-31,6.1413
000333.SZ,2017-02-28,6.5552
000333.SZ,2017-03-31,4.5198
000333.SZ,2017-04-30,1.0811
000333.SZ,2017-05-31,10.4369
000333.SZ,2017-06-30,19.1584
000333.SZ,2017-07-31,-4.2751
000333.SZ,2017-08-31,-0.4854
000333.SZ,2017-09-30,7.7805
000333.SZ,2017-10-31,15.4107
000333.SZ,2017-11-30,0.3529
000333.SZ,2017-12-31,8.304
000333.SZ,2018-01-31,7.9199
000333.SZ,2018-02-28,-8.1411
000333.SZ,2018-03-31,-0.7643
000333.SZ,2018-04-30,-5.2265
000333.SZ,2018-05-31,4.7427
000333.SZ,2018-06-30,-1.3041
000333.SZ,2018-07-31,-8.828
000333.SZ,2018-08-31,-12.6234
000333.SZ,2018-09-30,-3.125
000333.SZ,2018-10-31,-8.0893
000333.SZ,2018-11-30,4.4546
000333.SZ,2018-12-31,-4.7299
000333.SZ,2019-01-31,18.0955
000333.SZ,2019-02-28,9.7634
000333.SZ,2019-03-31,1.9883
000333.SZ,2019-04-30,7.5313
000333.SZ,2019-05-31,-2.8363
000333.SZ,2019-06-30,4.5565
000333.SZ,2019-07-31,5.4763
000333.SZ,2019-08-31,-3.5101
000333.SZ,2019-09-30,-3.183
000333.SZ,2019-10-31,8.6106
000333.SZ,2019-11-30,-2.1622
000333.SZ,2019-12-31,7.2744
000333.SZ,2020-01-31,-5.4077
000333.SZ,2020-02-29,-3.7205
000333.SZ,2020-03-31,-8.7276
000333.SZ,2020-04-30,11.0078
000333.SZ,2020-05-31,9.8047
000333.SZ,2020-06-30,4.0426
000333.SZ,2020-07-31,20.0033
000333.SZ,2020-08-31,-1.6864
000333.SZ,2020-09-30,2.9203
000333.SZ,2020-10-31,7.259
000333.SZ,2020-11-30,11.532
000333.SZ,2020-12-31,13.3448
000338.SZ,2016-01-31,-25.1553
000338.SZ,2016-02-29,-1.5214
000338.SZ,2016-03-31,13.4831
000338.SZ,2016-04-30,-0.495
000338.SZ,2016-05-31,-1.2438
000338.SZ,2016-06-30,-1.6373
000338.SZ,2016-07-31,13.4531
000338.SZ,2016-08-31,1.1416
000338.SZ,2016-09-30,3.9503
000338.SZ,2016-10-31,4.8249
000338.SZ,2016-11-30,6.8063
000338.SZ,2016-12-31,-2.3529
000338.SZ,2017-01-31,11.5462
000338.SZ,2017-02-28,1.4401
000338.SZ,2017-03-31,-0.1775
000338.SZ,2017-04-30,-0.2667
000338.SZ,2017-05-31,-0.5348
000338.SZ,2017-06-30,18.2796
000338.SZ,2017-07-31,8.1197
000338.SZ,2017-08-31,2.7104
000338.SZ,2017-09-30,4.0278
000338.SZ,2017-10-31,13.7296
000338.SZ,2017-11-30,-2.515
000338.SZ,2017-12-31,2.457
000338.SZ,2018-01-31,5.2758
000338.SZ,2018-02-28,-3.1891
000338.SZ,2018-03-31,-2.8235
000338.SZ,2018-04-30,0.1211
000338.SZ,2018-05-31,5.5623
000338.SZ,2018-06-30,0.2291
000338.SZ,2018-07-31,0.3563
000338.SZ,2018-08-31,-6.2134
000338.SZ,2018-09-30,6.875
000338.SZ,2018-10-31,-10.905
000338.SZ,2018-11-30,0.9396
000338.SZ,2018-12-31,2.3936
000338.SZ,2019-01-31,14.9351
000338.SZ,2019-02-28,8.0226
000338.SZ,2019-03-31,23.954
000338.SZ,2019-04-30,4.2194
000338.SZ,2019-05-31,-5.2632
000338.SZ,2019-06-30,5.0427
000338.SZ,2019-07-31,1.265
000338.SZ,2019-08-31,-4.848
000338.SZ,2019-09-30,-3.1088
000338.SZ,2019-10-31,4.3592
000338.SZ,2019-11-30,14.1003
000338.SZ,2019-12-31,20.3942
000338.SZ,2020-01-31,-14.7985
000338.SZ,2020-02-29,5.9128
000338.SZ,2020-03-31,-16.5387
000338.SZ,2020-04-30,12.0401
000338.SZ,2020-05-31,-2.6866
000338.SZ,2020-06-30,5.2147
000338.SZ,2020-07-31,18.0029
000338.SZ,2020-08-31,-7.6655
000338.SZ,2020-09-30,1.8893
000338.SZ,2020-10-31,1.1416
000338.SZ,2020-11-30,10.3106
000338.SZ,2020-12-31,-5.3925
000400.SZ,2016-01-31,-32.9388
000400.SZ,2016-02-29,-6.1397
000400.SZ,2016-03-31,18.3156
000400.SZ,2016-04-30,5.9433
000400.SZ,2016-05-31,-5.5447
000400.SZ,2016-06-30,7.3245
000400.SZ,2016-07-31,3.2383
000400.SZ,2016-08-31,-4.266
000400.SZ,2016-09-30,-4.0629
000400.SZ,2016-10-31,19.3989
000400.SZ,2016-11-30,-4.0046
000400.SZ,2016-12-31,8.1645
000400.SZ,2017-01-31,0.2755
000400.SZ,2017-02-28,-1.2637
000400.SZ,2017-03-31,-1.6694
000400.SZ,2017-04-30,1.8676
000400.SZ,2017-05-31,-10.2778
000400.SZ,2017-06-30,11.2074
000400.SZ,2017-07-31,-5.2127
000400.SZ,2017-08-31,-0.4135
000400.SZ,2017-09-30,-3.6773
000400.SZ,2017-10-31,-7.2044
000400.SZ,2017-11-30,-5.8394
000400.SZ,2017-12-31,-7.0472
000400.SZ,2018-01-31,-9.1736
000400.SZ,2018-02-28,-5.0918
000400.SZ,2018-03-31,-0.3518
000400.SZ,2018-04-30,-12.7979
000400.SZ,2018-05-31,-10.4251
000400.SZ,2018-06-30,-11.545
000400.SZ,2018-07-31,5.1216
000400.SZ,2018-08-31,-8.8916
000400.SZ,2018-09-30,23.3957
000400.SZ,2018-10-31,0.5417
000400.SZ,2018-11-30,-3.556
000400.SZ,2018-12-31,-0.6704
000400.SZ,2019-01-31,13.1609
000400.SZ,2019-02-28,9.841
000400.SZ,2019-03-31,-4.0724
000400.SZ,2019-04-30,-7.6415
000400.SZ,2019-05-31,-7.9673
000400.SZ,2019-06-30,1.108
000400.SZ,2019-07-31,-4.6358
000400.SZ,2019-08-31,-1.9676
000400.SZ,2019-09-30,-0.1181
000400.SZ,2019-10-31,7.3286
000400.SZ,2019-11-30,6.7181
000400.SZ,2019-12-31,11.1455
000400.SZ,2020-01-31,7.5209
000400.SZ,2020-02-29,2.3316
000400.SZ,2020-03-31,10.4641
000400.SZ,2020-04-30,7.6394
000400.SZ,2020-05-31,-9.4393
000400.SZ,2020-06-30,3.9118
000400.SZ,2020-07-31,21.5909
000400.SZ,2020-08-31,-2.0561
000400.SZ,2020-09-30,-12.341
000400.SZ,2020-10-31,2.2496
000400.SZ,2020-11-30,18.9496
000400.SZ,2020-12-31,-13.7232
000402.SZ,2016-01-31,-25.3252
000402.SZ,2016-02-29,1.9744
000402.SZ,2016-03-31,5.9226
000402.SZ,2016-04-30,-2.9032
000402.SZ,2016-05-31,10.6312
000402.SZ,2016-06-30,-2.7027
000402.SZ,2016-07-31,11.4172
000402.SZ,2016-08-31,20
000402.SZ,2016-09-30,-5.5288
000402.SZ,2016-10-31,-4.4953
000402.SZ,2016-11-30,6.0391
000402.SZ,2016-12-31,-13.7353
000402.SZ,2017-01-31,1.7476
000402.SZ,2017-02-28,3.8168
000402.SZ,2017-03-31,1.8382
000402.SZ,2017-04-30,6.1372
000402.SZ,2017-05-31,-0.9354
000402.SZ,2017-06-30,4.1338
000402.SZ,2017-07-31,0.4266
000402.SZ,2017-08-31,0.6797
000402.SZ,2017-09-30,2.8692
000402.SZ,2017-10-31,-4.84
000402.SZ,2017-11-30,-3.6207
000402.SZ,2017-12-31,-0.6261
000402.SZ,2018-01-31,6.2106
000402.SZ,2018-02-28,-12.7119
000402.SZ,2018-03-31,-4.8544
000402.SZ,2018-04-30,-7.551
000402.SZ,2018-05-31,2.3179
000402.SZ,2018-06-30,-10.2104
000402.SZ,2018-07-31,-7.0807
000402.SZ,2018-08-31,-6.9519
000402.SZ,2018-09-30,1.1494
000402.SZ,2018-10-31,-7.2443
000402.SZ,2018-11-30,3.8285
000402.SZ,2018-12-31,-5.0147
000402.SZ,2019-01-31,9.472
000402.SZ,2019-02-28,13.4752
000402.SZ,2019-03-31,7.25
000402.SZ,2019-04-30,-4.0793
000402.SZ,2019-05-31,-10.9356
000402.SZ,2019-06-30,11.3174
000402.SZ,2019-07-31,-2.6786
000402.SZ,2019-08-31,-3.9318
000402.SZ,2019-09-30,5.0477
000402.SZ,2019-10-31,2.0779
000402.SZ,2019-11-30,-1.6539
000402.SZ,2019-12-31,5.0453
000402.SZ,2020-01-31,-7.6355
000402.SZ,2020-02-29,-7.4667
000402.SZ,2020-03-31,-5.7637
000402.SZ,2020-04-30,6.1162
000402.SZ,2020-05-31,-4.755
000402.SZ,2020-06-30,0.4539
000402.SZ,2020-07-31,8.0502
000402.SZ,2020-08-31,-0.8696
000402.SZ,2020-09-30,-4.6784
000402.SZ,2020-10-31,2.3006
000402.SZ,2020-11-30,4.3478
000402.SZ,2020-12-31,-7.3276
000415.SZ,2016-01-31,-24.3902
000415.SZ,2016-02-29,0
000415.SZ,2016-03-31,0
000415.SZ,2016-04-30,0
000415.SZ,2016-05-31,0
000415.SZ,2016-06-30,0
000415.SZ,2016-07-31,0
000415.SZ,2016-08-31,7.0381
000415.SZ,2016-09-30,-1.6438
000415.SZ,2016-10-31,0
000415.SZ,2016-11-30,0
000415.SZ,2016-12-31,-0.4178
000415.SZ,2017-01-31,-2.7972
000415.SZ,2017-02-28,2.7338
000415.SZ,2017-03-31,-0.1401
000415.SZ,2017-04-30,-2.244
000415.SZ,2017-05-31,-7.3171
000415.SZ,2017-06-30,4.1796
000415.SZ,2017-07-31,4.617
000415.SZ,2017-08-31,0
000415.SZ,2017-09-30,-5.2933
000415.SZ,2017-10-31,-3.6254
000415.SZ,2017-11-30,-7.837
000415.SZ,2017-12-31,-2.0408
000415.SZ,2018-01-31,1.3889
000415.SZ,2018-02-28,0
000415.SZ,2018-03-31,0
000415.SZ,2018-04-30,0
000415.SZ,2018-05-31,0
000415.SZ,2018-06-30,0
000415.SZ,2018-07-31,-26.4763
000415.SZ,2018-08-31,-16.2736
000415.SZ,2018-09-30,10.1408
000415.SZ,2018-10-31,1.7903
000415.SZ,2018-11-30,-3.7688
000415.SZ,2018-12-31,-6.0052
000415.SZ,2019-01-31,-6.1111
000415.SZ,2019-02-28,36.6864
000415.SZ,2019-03-31,0.6494
000415.SZ,2019-04-30,-5.5914
000415.SZ,2019-05-31,-12.0729
000415.SZ,2019-06-30,1.5544
000415.SZ,2019-07-31,-4.3367
000415.SZ,2019-08-31,-6.1333
000415.SZ,2019-09-30,1.7045
000415.SZ,2019-10-31,-1.9553
000415.SZ,2019-11-30,-2.5641
000415.SZ,2019-12-31,11.1111
000415.SZ,2020-01-31,-8.9474
000415.SZ,2020-02-29,-4.6243
000415.SZ,2020-03-31,-12.1212
000415.SZ,2020-04-30,-5.5172
000415.SZ,2020-05-31,12.4088
000415.SZ,2020-06-30,-3.2468
000415.SZ,2020-07-31,3.0201
000415.SZ,2020-08-31,-6.1889
000415.SZ,2020-09-30,-3.125
000415.SZ,2020-10-31,-8.9606
000415.SZ,2020-11-30,4.7244
000415.SZ,2020-12-31,-9.7744
000413.SZ,2016-01-31,-32.5991
000413.SZ,2016-02-29,10.1307
000413.SZ,2016-03-31,14.5401
000413.SZ,2016-04-30,-1.029
000413.SZ,2016-05-31,4.6235
000413.SZ,2016-06-30,8.4596
000413.SZ,2016-07-31,40.0466
000413.SZ,2016-08-31,20.6983
000413.SZ,2016-09-30,-0.0689
000413.SZ,2016-10-31,-7.7188
000413.SZ,2016-11-30,-3.3607
000413.SZ,2016-12-31,-12.983
000413.SZ,2017-01-31,-9.325
000413.SZ,2017-02-28,0
000413.SZ,2017-03-31,11.0676
000413.SZ,2017-04-30,-7.1429
000413.SZ,2017-05-31,-3.4188
000413.SZ,2017-06-30,11.0663
000413.SZ,2017-07-31,3.0303
000413.SZ,2017-08-31,-11.9377
000413.SZ,2017-09-30,11.1984
000413.SZ,2017-10-31,-8.6572
000413.SZ,2017-11-30,-7.7369
000413.SZ,2017-12-31,-1.6771
000413.SZ,2018-01-31,-12.8998
000413.SZ,2018-02-28,0.612
000413.SZ,2018-03-31,-5.8394
000413.SZ,2018-04-30,1.1628
000413.SZ,2018-05-31,-3.0651
000413.SZ,2018-06-30,-20.1581
000413.SZ,2018-07-31,1.5643
000413.SZ,2018-08-31,-11.8421
000413.SZ,2018-09-30,1.1194
000413.SZ,2018-10-31,-13.0996
000413.SZ,2018-11-30,-0.2123
000413.SZ,2018-12-31,-4.2553
000413.SZ,2019-01-31,-8.8889
000413.SZ,2019-02-28,38.2927
000413.SZ,2019-03-31,6.5256
000413.SZ,2019-04-30,2.1523
000413.SZ,2019-05-31,-18.9627
000413.SZ,2019-06-30,2.8
000413.SZ,2019-07-31,-4.9076
000413.SZ,2019-08-31,-5.6017
000413.SZ,2019-09-30,24.8352
000413.SZ,2019-10-31,-16.0211
000413.SZ,2019-11-30,0.6289
000413.SZ,2019-12-31,-30
000413.SZ,2020-01-31,-9.2262
000413.SZ,2020-02-29,19.3443
000413.SZ,2020-03-31,-17.5824
000413.SZ,2020-04-30,-7.3333
000413.SZ,2020-05-31,-0.3597
000413.SZ,2020-06-30,-3.6101
000413.SZ,2020-07-31,4.8689
000413.SZ,2020-08-31,12.1429
000413.SZ,2020-09-30,-3.5032
000413.SZ,2020-10-31,-9.901
000413.SZ,2020-11-30,-5.8608
000413.SZ,2020-12-31,-0.3891
000423.SZ,2016-01-31,-13.9388
000423.SZ,2016-02-29,-0.2444
000423.SZ,2016-03-31,8.1292
000423.SZ,2016-04-30,-5.3347
000423.SZ,2016-05-31,0.8921
000423.SZ,2016-06-30,13.9314
000423.SZ,2016-07-31,10.3908
000423.SZ,2016-08-31,3.8074
000423.SZ,2016-09-30,-0.3517
000423.SZ,2016-10-31,-5.8824
000423.SZ,2016-11-30,7.9821
000423.SZ,2016-12-31,-10.9145
000423.SZ,2017-01-31,1.021
000423.SZ,2017-02-28,4.1896
000423.SZ,2017-03-31,15.6966
000423.SZ,2017-04-30,0.4421
000423.SZ,2017-05-31,2.0185
000423.SZ,2017-06-30,6.9473
000423.SZ,2017-07-31,-9.5676
000423.SZ,2017-08-31,-2.76
000423.SZ,2017-09-30,4.1212
000423.SZ,2017-10-31,-1.3399
000423.SZ,2017-11-30,-6.1193
000423.SZ,2017-12-31,0.2162
000423.SZ,2018-01-31,8.9265
000423.SZ,2018-02-28,-8.4539
000423.SZ,2018-03-31,2.579
000423.SZ,2018-04-30,-4.4444
000423.SZ,2018-05-31,1.8842
000423.SZ,2018-06-30,-10.3466
000423.SZ,2018-07-31,-2.6389
000423.SZ,2018-08-31,-8.9656
000423.SZ,2018-09-30,1.4316
000423.SZ,2018-10-31,-17.3162
000423.SZ,2018-11-30,15.6178
000423.SZ,2018-12-31,-12.8471
000423.SZ,2019-01-31,3.7927
000423.SZ,2019-02-28,11.4251
000423.SZ,2019-03-31,3.7385
000423.SZ,2019-04-30,-7.7134
000423.SZ,2019-05-31,-6.7595
000423.SZ,2019-06-30,-2.4737
000423.SZ,2019-07-31,-16.223
000423.SZ,2019-08-31,-2.5088
000423.SZ,2019-09-30,-3.2381
000423.SZ,2019-10-31,15.9121
000423.SZ,2019-11-30,-4.6986
000423.SZ,2019-12-31,5.049
000423.SZ,2020-01-31,-3.5058
000423.SZ,2020-02-29,-9.8154
000423.SZ,2020-03-31,-16.3743
000423.SZ,2020-04-30,20.4351
000423.SZ,2020-05-31,15.2581
000423.SZ,2020-06-30,0.2239
000423.SZ,2020-07-31,14.3607
000423.SZ,2020-08-31,13.5314
000423.SZ,2020-09-30,-14.1034
000423.SZ,2020-10-31,-3.6767
000423.SZ,2020-11-30,9.0458
000423.SZ,2020-12-31,-7.1925
000425.SZ,2016-01-31,-30.3529
000425.SZ,2016-02-29,-1.0135
000425.SZ,2016-03-31,19.7952
000425.SZ,2016-04-30,-4.2735
000425.SZ,2016-05-31,-4.4643
000425.SZ,2016-06-30,-4.6729
000425.SZ,2016-07-31,0.9804
000425.SZ,2016-08-31,4.8544
000425.SZ,2016-09-30,-1.8519
000425.SZ,2016-10-31,2.5157
000425.SZ,2016-11-30,11.0429
000425.SZ,2016-12-31,-6.6298
000425.SZ,2017-01-31,-0.5917
000425.SZ,2017-02-28,21.131
000425.SZ,2017-03-31,0
000425.SZ,2017-04-30,-7.6167
000425.SZ,2017-05-31,-10.3723
000425.SZ,2017-06-30,11.5994
000425.SZ,2017-07-31,7.2
000425.SZ,2017-08-31,-5.2239
000425.SZ,2017-09-30,-3.4121
000425.SZ,2017-10-31,2.1739
000425.SZ,2017-11-30,-0.266
000425.SZ,2017-12-31,23.4667
000425.SZ,2018-01-31,-1.0799
000425.SZ,2018-02-28,-7.4236
000425.SZ,2018-03-31,-8.0189
000425.SZ,2018-04-30,3.5897
000425.SZ,2018-05-31,2.7062
000425.SZ,2018-06-30,3.163
000425.SZ,2018-07-31,0
000425.SZ,2018-08-31,-3.5377
000425.SZ,2018-09-30,-3.423
000425.SZ,2018-10-31,-15.9494
000425.SZ,2018-11-30,0.6024
000425.SZ,2018-12-31,-3.2934
000425.SZ,2019-01-31,0.9288
000425.SZ,2019-02-28,20.8589
000425.SZ,2019-03-31,11.6751
000425.SZ,2019-04-30,4.0909
000425.SZ,2019-05-31,-6.5502
000425.SZ,2019-06-30,5.6043
000425.SZ,2019-07-31,9.1928
000425.SZ,2019-08-31,-11.9097
000425.SZ,2019-09-30,3.2634
000425.SZ,2019-10-31,2.0316
000425.SZ,2019-11-30,1.3274
000425.SZ,2019-12-31,19.4323
000425.SZ,2020-01-31,-5.1188
000425.SZ,2020-02-29,1.5414
000425.SZ,2020-03-31,-4.1746
000425.SZ,2020-04-30,9.901
000425.SZ,2020-05-31,5.7658
000425.SZ,2020-06-30,0.6814
000425.SZ,2020-07-31,8.4781
000425.SZ,2020-08-31,-2.2047
000425.SZ,2020-09-30,-10.628
000425.SZ,2020-10-31,-3.4234
000425.SZ,2020-11-30,1.4925
000425.SZ,2020-12-31,-1.2868
000503.SZ,2016-01-31,-33.2039
000503.SZ,2016-02-29,-13.2767
000503.SZ,2016-03-31,22.9381
000503.SZ,2016-04-30,21.9287
000503.SZ,2016-05-31,36.1761
000503.SZ,2016-06-30,1.5404
000503.SZ,2016-07-31,10.8431
000503.SZ,2016-08-31,11.5773
000503.SZ,2016-09-30,-4.6853
000503.SZ,2016-10-31,4.6414
000503.SZ,2016-11-30,16.6935
000503.SZ,2016-12-31,-27.3497
000503.SZ,2017-01-31,6.3971
000503.SZ,2017-02-28,-4.7832
000503.SZ,2017-03-31,-19.7418
000503.SZ,2017-04-30,-3.773
000503.SZ,2017-05-31,-24.2249
000503.SZ,2017-06-30,0
000503.SZ,2017-07-31,0
000503.SZ,2017-08-31,0
000503.SZ,2017-09-30,0
000503.SZ,2017-10-31,0
000503.SZ,2017-11-30,0
000503.SZ,2017-12-31,73.1247
000503.SZ,2018-01-31,-8.5264
000503.SZ,2018-02-28,-9.0679
000503.SZ,2018-03-31,9.8886
000503.SZ,2018-04-30,1.3942
000503.SZ,2018-05-31,-6.3
000503.SZ,2018-06-30,-15.2081
000503.SZ,2018-07-31,-11.8628
000503.SZ,2018-08-31,-29.4181
000503.SZ,2018-09-30,1.568
000503.SZ,2018-10-31,-27.9382
000503.SZ,2018-11-30,27.8507
000503.SZ,2018-12-31,-14.1622
000503.SZ,2019-01-31,-12.8463
000503.SZ,2019-02-28,46.3873
000503.SZ,2019-03-31,37.9566
000503.SZ,2019-04-30,-20.5367
000503.SZ,2019-05-31,-17.9199
000503.SZ,2019-06-30,-5.8694
000503.SZ,2019-07-31,-3.8462
000503.SZ,2019-08-31,-5.0909
000503.SZ,2019-09-30,12.0051
000503.SZ,2019-10-31,-13.3409
000503.SZ,2019-11-30,10.8553
000503.SZ,2019-12-31,1.6024
000503.SZ,2020-01-31,-4.4393
000503.SZ,2020-02-29,-12.2861
000503.SZ,2020-03-31,-12.4739
000503.SZ,2020-04-30,-12.8981
000503.SZ,2020-05-31,-2.6508
000503.SZ,2020-06-30,4.6009
000503.SZ,2020-07-31,17.2352
000503.SZ,2020-08-31,-7.3507
000503.SZ,2020-09-30,-9.0909
000503.SZ,2020-10-31,-6.7273
000503.SZ,2020-11-30,5.848
000503.SZ,2020-12-31,-23.0203
000539.SZ,2016-01-31,-25.8503
000539.SZ,2016-02-29,-2.7523
000539.SZ,2016-03-31,11.1321
000539.SZ,2016-04-30,-4.4143
000539.SZ,2016-05-31,-6.3943
000539.SZ,2016-06-30,-0.3968
000539.SZ,2016-07-31,2.5896
000539.SZ,2016-08-31,1.9417
000539.SZ,2016-09-30,-1.9048
000539.SZ,2016-10-31,1.5534
000539.SZ,2016-11-30,4.5889
000539.SZ,2016-12-31,-2.7422
000539.SZ,2017-01-31,1.1278
000539.SZ,2017-02-28,4.461
000539.SZ,2017-03-31,-0.3559
000539.SZ,2017-04-30,-4.1071
000539.SZ,2017-05-31,-1.676
000539.SZ,2017-06-30,2.4736
000539.SZ,2017-07-31,1.8762
000539.SZ,2017-08-31,-0.9208
000539.SZ,2017-09-30,-3.5316
000539.SZ,2017-10-31,-0.9634
000539.SZ,2017-11-30,-4.2802
000539.SZ,2017-12-31,-2.0325
000539.SZ,2018-01-31,0.4149
000539.SZ,2018-02-28,-6.8182
000539.SZ,2018-03-31,0
000539.SZ,2018-04-30,-3.5477
000539.SZ,2018-05-31,3.908
000539.SZ,2018-06-30,-4.4079
000539.SZ,2018-07-31,9.1981
000539.SZ,2018-08-31,-6.4795
000539.SZ,2018-09-30,0.9238
000539.SZ,2018-10-31,-10.5263
000539.SZ,2018-11-30,1.023
000539.SZ,2018-12-31,17.2152
000539.SZ,2019-01-31,-14.9028
000539.SZ,2019-02-28,11.9289
000539.SZ,2019-03-31,11.7914
000539.SZ,2019-04-30,-7.7079
000539.SZ,2019-05-31,-6.8132
000539.SZ,2019-06-30,1.4151
000539.SZ,2019-07-31,-6.3679
000539.SZ,2019-08-31,-1.5113
000539.SZ,2019-09-30,-0.2558
000539.SZ,2019-10-31,0.7692
000539.SZ,2019-11-30,5.0891
000539.SZ,2019-12-31,-0.7264
000539.SZ,2020-01-31,-3.1707
000539.SZ,2020-02-29,-9.5718
000539.SZ,2020-03-31,-1.3928
000539.SZ,2020-04-30,-1.9774
000539.SZ,2020-05-31,8.3573
000539.SZ,2020-06-30,-6.6677
000539.SZ,2020-07-31,13.8643
000539.SZ,2020-08-31,1.0363
000539.SZ,2020-09-30,-2.8205
000539.SZ,2020-10-31,-2.1108
000539.SZ,2020-11-30,3.504
000539.SZ,2020-12-31,1.0417
000538.SZ,2016-01-31,-17.3919
000538.SZ,2016-02-29,-8.3181
000538.SZ,2016-03-31,11.4545
000538.SZ,2016-04-30,-1.3866
000538.SZ,2016-05-31,3.2589
000538.SZ,2016-06-30,4.012
000538.SZ,2016-07-31,7.6672
000538.SZ,2016-08-31,0
000538.SZ,2016-09-30,0
000538.SZ,2016-10-31,0
000538.SZ,2016-11-30,0
000538.SZ,2016-12-31,9.9957
000538.SZ,2017-01-31,-0.9718
000538.SZ,2017-02-28,1.6709
000538.SZ,2017-03-31,11.0213
000538.SZ,2017-04-30,0.4464
000538.SZ,2017-05-31,3.7193
000538.SZ,2017-06-30,5.83
000538.SZ,2017-07-31,-5.3358
000538.SZ,2017-08-31,-1.1925
000538.SZ,2017-09-30,4.2529
000538.SZ,2017-10-31,15.5899
000538.SZ,2017-11-30,-10.2442
000538.SZ,2017-12-31,8.1722
000538.SZ,2018-01-31,-0.6582
000538.SZ,2018-02-28,-7.7334
000538.SZ,2018-03-31,6.1093
000538.SZ,2018-04-30,-4.2929
000538.SZ,2018-05-31,20.4222
000538.SZ,2018-06-30,-6.2577
000538.SZ,2018-07-31,-5.4693
000538.SZ,2018-08-31,-20.0883
000538.SZ,2018-09-30,-11.7714
000538.SZ,2018-10-31,0
000538.SZ,2018-11-30,6.08
000538.SZ,2018-12-31,-0.7248
000538.SZ,2019-01-31,5.0973
000538.SZ,2019-02-28,9.4558
000538.SZ,2019-03-31,0.4937
000538.SZ,2019-04-30,3.5088
000538.SZ,2019-05-31,-12.2147
000538.SZ,2019-06-30,10.1989
000538.SZ,2019-07-31,-8.9906
000538.SZ,2019-08-31,1.0274
000538.SZ,2019-09-30,-0.8475
000538.SZ,2019-10-31,13.8067
000538.SZ,2019-11-30,1.5598
000538.SZ,2019-12-31,1.7406
000538.SZ,2020-01-31,-3.1645
000538.SZ,2020-02-29,-9.1339
000538.SZ,2020-03-31,8.7178
000538.SZ,2020-04-30,5.5757
000538.SZ,2020-05-31,-2.3694
000538.SZ,2020-06-30,10.0118
000538.SZ,2020-07-31,16.8106
000538.SZ,2020-08-31,5.5941
000538.SZ,2020-09-30,-11.8832
000538.SZ,2020-10-31,0.9808
000538.SZ,2020-11-30,-7.4689
000538.SZ,2020-12-31,19.2401
000540.SZ,2016-01-31,-26.6447
000540.SZ,2016-02-29,-5.8296
000540.SZ,2016-03-31,14.127
000540.SZ,2016-04-30,-0.4331
000540.SZ,2016-05-31,-7.9023
000540.SZ,2016-06-30,-2.8081
000540.SZ,2016-07-31,3.6918
000540.SZ,2016-08-31,8.2043
000540.SZ,2016-09-30,-1.0014
000540.SZ,2016-10-31,-4.0462
000540.SZ,2016-11-30,4.3675
000540.SZ,2016-12-31,0
000540.SZ,2017-01-31,-7.3593
000540.SZ,2017-02-28,1.8692
000540.SZ,2017-03-31,1.3761
000540.SZ,2017-04-30,0
000540.SZ,2017-05-31,-2.1116
000540.SZ,2017-06-30,7.0878
000540.SZ,2017-07-31,24.0159
000540.SZ,2017-08-31,-12.1864
000540.SZ,2017-09-30,0
000540.SZ,2017-10-31,0
000540.SZ,2017-11-30,0
000540.SZ,2017-12-31,0
000540.SZ,2018-01-31,0
000540.SZ,2018-02-28,0
000540.SZ,2018-03-31,0
000540.SZ,2018-04-30,0
000540.SZ,2018-05-31,0
000540.SZ,2018-06-30,0
000540.SZ,2018-07-31,0
000540.SZ,2018-08-31,0
000540.SZ,2018-09-30,0
000540.SZ,2018-10-31,0
000540.SZ,2018-11-30,0
000540.SZ,2018-12-31,0
000540.SZ,2019-01-31,-34.9076
000540.SZ,2019-02-28,51.1041
000540.SZ,2019-03-31,-3.5491
000540.SZ,2019-04-30,-1.5152
000540.SZ,2019-05-31,-14.0659
000540.SZ,2019-06-30,-2.046
000540.SZ,2019-07-31,-0.7937
000540.SZ,2019-08-31,-7.4667
000540.SZ,2019-09-30,-2.8818
000540.SZ,2019-10-31,-2.0772
000540.SZ,2019-11-30,-6.9697
000540.SZ,2019-12-31,8.4691
000540.SZ,2020-01-31,-8.1081
000540.SZ,2020-02-29,17.9739
000540.SZ,2020-03-31,-13.8504
000540.SZ,2020-04-30,0.6431
000540.SZ,2020-05-31,-1.278
000540.SZ,2020-06-30,4.2071
000540.SZ,2020-07-31,11.4907
000540.SZ,2020-08-31,-0.8357
000540.SZ,2020-09-30,-5.8989
000540.SZ,2020-10-31,-9.2537
000540.SZ,2020-11-30,5.2632
000540.SZ,2020-12-31,-1.5625
000559.SZ,2016-01-31,-39.5051
000559.SZ,2016-02-29,7.6698
000559.SZ,2016-03-31,13.5007
000559.SZ,2016-04-30,-8.6073
000559.SZ,2016-05-31,-1.8637
000559.SZ,2016-06-30,5.6195
000559.SZ,2016-07-31,-5.5769
000559.SZ,2016-08-31,2.6477
000559.SZ,2016-09-30,-4.1667
000559.SZ,2016-10-31,1.6563
000559.SZ,2016-11-30,-1.6293
000559.SZ,2016-12-31,-8.4886
000559.SZ,2017-01-31,-5.5053
000559.SZ,2017-02-28,0.7981
000559.SZ,2017-03-31,-5.1465
000559.SZ,2017-04-30,-7.0952
000559.SZ,2017-05-31,3.7207
000559.SZ,2017-06-30,11.3208
000559.SZ,2017-07-31,-1.6949
000559.SZ,2017-08-31,1.341
000559.SZ,2017-09-30,14.3667
000559.SZ,2017-10-31,-5.8678
000559.SZ,2017-11-30,-13.0817
000559.SZ,2017-12-31,2.5253
000559.SZ,2018-01-31,-10.0493
000559.SZ,2018-02-28,-2.5192
000559.SZ,2018-03-31,-2.1348
000559.SZ,2018-04-30,-6.1998
000559.SZ,2018-05-31,1.0365
000559.SZ,2018-06-30,-15.6328
000559.SZ,2018-07-31,-1.0294
000559.SZ,2018-08-31,-9.3611
000559.SZ,2018-09-30,-2.2951
000559.SZ,2018-10-31,-16.1074
000559.SZ,2018-11-30,9.8
000559.SZ,2018-12-31,-6.7395
000559.SZ,2019-01-31,3.3203
000559.SZ,2019-02-28,15.3119
000559.SZ,2019-03-31,10.4918
000559.SZ,2019-04-30,-5.1929
000559.SZ,2019-05-31,-3.9576
000559.SZ,2019-06-30,0.5042
000559.SZ,2019-07-31,-2.3411
000559.SZ,2019-08-31,-7.8767
000559.SZ,2019-09-30,-3.7175
000559.SZ,2019-10-31,-2.3166
000559.SZ,2019-11-30,0.3953
000559.SZ,2019-12-31,5.7087
000559.SZ,2020-01-31,9.8696
000559.SZ,2020-02-29,-5.0847
000559.SZ,2020-03-31,-8.9286
000559.SZ,2020-04-30,-2.549
000559.SZ,2020-05-31,-3.2491
000559.SZ,2020-06-30,1.8947
000559.SZ,2020-07-31,26.6529
000559.SZ,2020-08-31,-7.1778
000559.SZ,2020-09-30,2.812
000559.SZ,2020-10-31,0.1709
000559.SZ,2020-11-30,9.215
000559.SZ,2020-12-31,-16.4063
000568.SZ,2016-01-31,-21.6445
000568.SZ,2016-02-29,-6.7294
000568.SZ,2016-03-31,24.3693
000568.SZ,2016-04-30,-4.6653
000568.SZ,2016-05-31,4.4255
000568.SZ,2016-06-30,21.0269
000568.SZ,2016-07-31,9.3939
000568.SZ,2016-08-31,0.5893
000568.SZ,2016-09-30,-2.4788
000568.SZ,2016-10-31,10.6821
000568.SZ,2016-11-30,-0.3198
000568.SZ,2016-12-31,-3.762
000568.SZ,2017-01-31,2.0909
000568.SZ,2017-02-28,10.9825
000568.SZ,2017-03-31,12.8377
000568.SZ,2017-04-30,10.2157
000568.SZ,2017-05-31,3.6989
000568.SZ,2017-06-30,6.9769
000568.SZ,2017-07-31,9.4701
000568.SZ,2017-08-31,-0.1625
000568.SZ,2017-09-30,1.4834
000568.SZ,2017-10-31,8.5205
000568.SZ,2017-11-30,-2.6281
000568.SZ,2017-12-31,11.336
000568.SZ,2018-01-31,-1.0455
000568.SZ,2018-02-28,-10.565
000568.SZ,2018-03-31,-2.842
000568.SZ,2018-04-30,6.1322
000568.SZ,2018-05-31,14.7269
000568.SZ,2018-06-30,-11.9247
000568.SZ,2018-07-31,-7.8392
000568.SZ,2018-08-31,-21.5547
000568.SZ,2018-09-30,10.2576
000568.SZ,2018-10-31,-19.8905
000568.SZ,2018-11-30,7.7246
000568.SZ,2018-12-31,-0.8293
000568.SZ,2019-01-31,4.9434
000568.SZ,2019-02-28,20.0844
000568.SZ,2019-03-31,29.9375
000568.SZ,2019-04-30,16.9721
000568.SZ,2019-05-31,-9.3092
000568.SZ,2019-06-30,14.4415
000568.SZ,2019-07-31,-0.2351
000568.SZ,2019-08-31,22.3284
000568.SZ,2019-09-30,-12.0355
000568.SZ,2019-10-31,2.3234
000568.SZ,2019-11-30,-6.25
000568.SZ,2019-12-31,6.0306
000568.SZ,2020-01-31,-4.6493
000568.SZ,2020-02-29,-9.4979
000568.SZ,2020-03-31,-1.5374
000568.SZ,2020-04-30,7.4949
000568.SZ,2020-05-31,7.7428
000568.SZ,2020-06-30,6.823
000568.SZ,2020-07-31,29.4776
000568.SZ,2020-08-31,28.312
000568.SZ,2020-09-30,-3.9799
000568.SZ,2020-10-31,20.1672
000568.SZ,2020-11-30,6.2783
000568.SZ,2020-12-31,23.3622
000598.SZ,2016-01-31,-28.0899
000598.SZ,2016-02-29,4.4922
000598.SZ,2016-03-31,11.028
000598.SZ,2016-04-30,-7.2923
000598.SZ,2016-05-31,-1.8282
000598.SZ,2016-06-30,-1.676
000598.SZ,2016-07-31,4.7348
000598.SZ,2016-08-31,7.2333
000598.SZ,2016-09-30,-2.5295
000598.SZ,2016-10-31,3.8062
000598.SZ,2016-11-30,5.3333
000598.SZ,2016-12-31,-8.8608
000598.SZ,2017-01-31,-2.2569
000598.SZ,2017-02-28,6.3943
000598.SZ,2017-03-31,-3.5058
000598.SZ,2017-04-30,5.3633
000598.SZ,2017-05-31,-8.3832
000598.SZ,2017-06-30,1.8116
000598.SZ,2017-07-31,3.0249
000598.SZ,2017-08-31,-2.2453
000598.SZ,2017-09-30,1.0601
000598.SZ,2017-10-31,1.9231
000598.SZ,2017-11-30,-6.0034
000598.SZ,2017-12-31,-0.9124
000598.SZ,2018-01-31,-2.3941
000598.SZ,2018-02-28,-5.8491
000598.SZ,2018-03-31,1.002
000598.SZ,2018-04-30,-5.3571
000598.SZ,2018-05-31,-2.0964
000598.SZ,2018-06-30,-11.3058
000598.SZ,2018-07-31,9.6059
000598.SZ,2018-08-31,-4.9438
000598.SZ,2018-09-30,5.2009
000598.SZ,2018-10-31,-6.7416
000598.SZ,2018-11-30,1.2048
000598.SZ,2018-12-31,-4.0476
000598.SZ,2019-01-31,5.4591
000598.SZ,2019-02-28,10.5882
000598.SZ,2019-03-31,-1.0638
000598.SZ,2019-04-30,1.2903
000598.SZ,2019-05-31,-3.6225
000598.SZ,2019-06-30,1.7897
000598.SZ,2019-07-31,4.8352
000598.SZ,2019-08-31,-2.7254
000598.SZ,2019-09-30,3.2328
000598.SZ,2019-10-31,0
000598.SZ,2019-11-30,-5.8455
000598.SZ,2019-12-31,2.6608
000598.SZ,2020-01-31,-3.8877
000598.SZ,2020-02-29,1.573
000598.SZ,2020-03-31,1.1062
000598.SZ,2020-04-30,5.6893
000598.SZ,2020-05-31,-3.3126
000598.SZ,2020-06-30,0.458
000598.SZ,2020-07-31,10.8696
000598.SZ,2020-08-31,3.5294
000598.SZ,2020-09-30,-3.4091
000598.SZ,2020-10-31,-2.549
000598.SZ,2020-11-30,1.6097
000598.SZ,2020-12-31,-4.9505
000623.SZ,2016-01-31,-23.7803
000623.SZ,2016-02-29,-5.3412
000623.SZ,2016-03-31,18.0475
000623.SZ,2016-04-30,-5.6904
000623.SZ,2016-05-31,2.0917
000623.SZ,2016-06-30,-0.4875
000623.SZ,2016-07-31,3.0862
000623.SZ,2016-08-31,3.2271
000623.SZ,2016-09-30,-3.6911
000623.SZ,2016-10-31,5.5925
000623.SZ,2016-11-30,37.7778
000623.SZ,2016-12-31,-16.6935
000623.SZ,2017-01-31,-5.3888
000623.SZ,2017-02-28,1.0914
000623.SZ,2017-03-31,2.8003
000623.SZ,2017-04-30,-5.6121
000623.SZ,2017-05-31,-1.8428
000623.SZ,2017-06-30,6.5027
000623.SZ,2017-07-31,0.7427
000623.SZ,2017-08-31,0.1301
000623.SZ,2017-09-30,-2.7718
000623.SZ,2017-10-31,5.7016
000623.SZ,2017-11-30,-3.4977
000623.SZ,2017-12-31,-1.7467
000623.SZ,2018-01-31,0.7556
000623.SZ,2018-02-28,-8.0282
000623.SZ,2018-03-31,-1.199
000623.SZ,2018-04-30,-4.0777
000623.SZ,2018-05-31,-1.2146
000623.SZ,2018-06-30,-6.2591
000623.SZ,2018-07-31,-3.337
000623.SZ,2018-08-31,-5.6387
000623.SZ,2018-09-30,0.122
000623.SZ,2018-10-31,-6.4555
000623.SZ,2018-11-30,1.0417
000623.SZ,2018-12-31,-7.0232
000623.SZ,2019-01-31,2.1483
000623.SZ,2019-02-28,21.9132
000623.SZ,2019-03-31,1.3356
000623.SZ,2019-04-30,0.3844
000623.SZ,2019-05-31,-11.4333
000623.SZ,2019-06-30,2.4767
000623.SZ,2019-07-31,0.061
000623.SZ,2019-08-31,-3.4146
000623.SZ,2019-09-30,-2.7778
000623.SZ,2019-10-31,2.3377
000623.SZ,2019-11-30,-1.967
000623.SZ,2019-12-31,6.9903
000623.SZ,2020-01-31,-1.2099
000623.SZ,2020-02-29,0.5511
000623.SZ,2020-03-31,-3.9586
000623.SZ,2020-04-30,-2.2828
000623.SZ,2020-05-31,-1.5574
000623.SZ,2020-06-30,3.6915
000623.SZ,2020-07-31,11.6197
000623.SZ,2020-08-31,-0.0576
000623.SZ,2020-09-30,-3.629
000623.SZ,2020-10-31,0.4782
000623.SZ,2020-11-30,3.4503
000623.SZ,2020-12-31,-5.2904
000581.SZ,2016-01-31,-32.1486
000581.SZ,2016-02-29,-4.2857
000581.SZ,2016-03-31,19.403
000581.SZ,2016-04-30,-4.0625
000581.SZ,2016-05-31,-4.506
000581.SZ,2016-06-30,14.6106
000581.SZ,2016-07-31,5.2595
000581.SZ,2016-08-31,0.8197
000581.SZ,2016-09-30,17.3601
000581.SZ,2016-10-31,-2.6487
000581.SZ,2016-11-30,1.172
000581.SZ,2016-12-31,-7.1576
000581.SZ,2017-01-31,8.2442
000581.SZ,2017-02-28,-2.182
000581.SZ,2017-03-31,-3.83
000581.SZ,2017-04-30,8.0088
000581.SZ,2017-05-31,-12.7229
000581.SZ,2017-06-30,20.2414
000581.SZ,2017-07-31,2.5101
000581.SZ,2017-08-31,-2.7371
000581.SZ,2017-09-30,-3.2897
000581.SZ,2017-10-31,4.877
000581.SZ,2017-11-30,-0.5862
000581.SZ,2017-12-31,-5.6604
000581.SZ,2018-01-31,8.75
000581.SZ,2018-02-28,-8.8889
000581.SZ,2018-03-31,-5.1724
000581.SZ,2018-04-30,1.4191
000581.SZ,2018-05-31,-1.1806
000581.SZ,2018-06-30,-2.1681
000581.SZ,2018-07-31,2.4106
000581.SZ,2018-08-31,-10.5607
000581.SZ,2018-09-30,2.1421
000581.SZ,2018-10-31,-9.0026
000581.SZ,2018-11-30,1.1242
000581.SZ,2018-12-31,-1.8344
000581.SZ,2019-01-31,7.1348
000581.SZ,2019-02-28,9.9894
000581.SZ,2019-03-31,10.9563
000581.SZ,2019-04-30,-11.0004
000581.SZ,2019-05-31,-4.3309
000581.SZ,2019-06-30,0.3392
000581.SZ,2019-07-31,-1.9935
000581.SZ,2019-08-31,-7.0368
000581.SZ,2019-09-30,-3.1342
000581.SZ,2019-10-31,2.442
000581.SZ,2019-11-30,10.8462
000581.SZ,2019-12-31,2.4194
000581.SZ,2020-01-31,-4.042
000581.SZ,2020-02-29,7.3304
000581.SZ,2020-03-31,-3.16
000581.SZ,2020-04-30,6.3158
000581.SZ,2020-05-31,-2.6238
000581.SZ,2020-06-30,10.6654
000581.SZ,2020-07-31,6.5764
000581.SZ,2020-08-31,13.0672
000581.SZ,2020-09-30,0.7223
000581.SZ,2020-10-31,2.3506
000581.SZ,2020-11-30,0.8174
000581.SZ,2020-12-31,-10.4633
000629.SZ,2016-01-31,-26.703
000629.SZ,2016-02-29,22.6766
000629.SZ,2016-03-31,-4.2424
000629.SZ,2016-04-30,-5.6962
000629.SZ,2016-05-31,-19.7987
000629.SZ,2016-06-30,0
000629.SZ,2016-07-31,0
000629.SZ,2016-08-31,0
000629.SZ,2016-09-30,5.8577
000629.SZ,2016-10-31,3.5573
000629.SZ,2016-11-30,2.2901
000629.SZ,2016-12-31,-10.8209
000629.SZ,2017-01-31,-4.1841
000629.SZ,2017-02-28,6.9869
000629.SZ,2017-03-31,1.6327
000629.SZ,2017-04-30,23.2932
000629.SZ,2017-05-31,0
000629.SZ,2017-06-30,0
000629.SZ,2017-07-31,0
000629.SZ,2017-08-31,0
000629.SZ,2017-09-30,0
000629.SZ,2017-10-31,0
000629.SZ,2017-11-30,0
000629.SZ,2017-12-31,0
000629.SZ,2018-01-31,0
000629.SZ,2018-02-28,0
000629.SZ,2018-03-31,0
000629.SZ,2018-04-30,0
000629.SZ,2018-05-31,0
000629.SZ,2018-06-30,0
000629.SZ,2018-07-31,0
000629.SZ,2018-08-31,-1.3029
000629.SZ,2018-09-30,46.2046
000629.SZ,2018-10-31,-11.5124
000629.SZ,2018-11-30,-11.7347
000629.SZ,2018-12-31,-13.2948
000629.SZ,2019-01-31,5
000629.SZ,2019-02-28,16.8254
000629.SZ,2019-03-31,-3.2609
000629.SZ,2019-04-30,-0.2809
000629.SZ,2019-05-31,-6.4789
000629.SZ,2019-06-30,2.1084
000629.SZ,2019-07-31,-0.885
000629.SZ,2019-08-31,-9.8214
000629.SZ,2019-09-30,-1.3201
000629.SZ,2019-10-31,-5.0167
000629.SZ,2019-11-30,-1.7606
000629.SZ,2019-12-31,4.6595
000629.SZ,2020-01-31,-10.274
000629.SZ,2020-02-29,-8.7786
000629.SZ,2020-03-31,-7.113
000629.SZ,2020-04-30,-9.9099
000629.SZ,2020-05-31,-3
000629.SZ,2020-06-30,3.6082
000629.SZ,2020-07-31,9.4527
000629.SZ,2020-08-31,-0.9091
000629.SZ,2020-09-30,-5.5046
000629.SZ,2020-10-31,-3.3981
000629.SZ,2020-11-30,21.1055
000629.SZ,2020-12-31,-9.9585
000630.SZ,2016-01-31,-28.7709
000630.SZ,2016-02-29,-0.3922
000630.SZ,2016-03-31,10.6299
000630.SZ,2016-04-30,-2.1352
000630.SZ,2016-05-31,-6.1818
000630.SZ,2016-06-30,-1.5504
000630.SZ,2016-07-31,1.1811
000630.SZ,2016-08-31,1.1673
000630.SZ,2016-09-30,-0.7692
000630.SZ,2016-10-31,5.814
000630.SZ,2016-11-30,15.0183
000630.SZ,2016-12-31,-1.9108
000630.SZ,2017-01-31,12.6623
000630.SZ,2017-02-28,-4.3228
000630.SZ,2017-03-31,-4.5181
000630.SZ,2017-04-30,-10.0946
000630.SZ,2017-05-31,-5.614
000630.SZ,2017-06-30,5.5762
000630.SZ,2017-07-31,13.7324
000630.SZ,2017-08-31,-3.4056
000630.SZ,2017-09-30,-3.2051
000630.SZ,2017-10-31,-3.6424
000630.SZ,2017-11-30,-4.1237
000630.SZ,2017-12-31,4.6595
000630.SZ,2018-01-31,-0.3425
000630.SZ,2018-02-28,-4.4674
000630.SZ,2018-03-31,-5.3957
000630.SZ,2018-04-30,-2.2814
000630.SZ,2018-05-31,-1.9455
000630.SZ,2018-06-30,-11.5886
000630.SZ,2018-07-31,-0.4525
000630.SZ,2018-08-31,-3.1818
000630.SZ,2018-09-30,2.8169
000630.SZ,2018-10-31,-4.5662
000630.SZ,2018-11-30,-1.9139
000630.SZ,2018-12-31,-3.9024
000630.SZ,2019-01-31,0.5076
000630.SZ,2019-02-28,19.697
000630.SZ,2019-03-31,8.0169
000630.SZ,2019-04-30,-2.3438
000630.SZ,2019-05-31,-2.395
000630.SZ,2019-06-30,2.0747
000630.SZ,2019-07-31,-5.6911
000630.SZ,2019-08-31,-3.4483
000630.SZ,2019-09-30,-3.125
000630.SZ,2019-10-31,0
000630.SZ,2019-11-30,-1.8433
000630.SZ,2019-12-31,9.3897
000630.SZ,2020-01-31,-5.1502
000630.SZ,2020-02-29,-6.7873
000630.SZ,2020-03-31,-3.3981
000630.SZ,2020-04-30,-2.5126
000630.SZ,2020-05-31,-2.5773
000630.SZ,2020-06-30,2.6428
000630.SZ,2020-07-31,18.1347
000630.SZ,2020-08-31,0.4386
000630.SZ,2020-09-30,-2.6201
000630.SZ,2020-10-31,-2.6906
000630.SZ,2020-11-30,24.424
000630.SZ,2020-12-31,-4.8148
000651.SZ,2016-01-31,-16.1969
000651.SZ,2016-02-29,2.6161
000651.SZ,2016-03-31,0
000651.SZ,2016-04-30,0
000651.SZ,2016-05-31,0
000651.SZ,2016-06-30,0
000651.SZ,2016-07-31,0
000651.SZ,2016-08-31,0
000651.SZ,2016-09-30,25.395
000651.SZ,2016-10-31,0.8101
000651.SZ,2016-11-30,27.0982
000651.SZ,2016-12-31,-13.523
000651.SZ,2017-01-31,4.7116
000651.SZ,2017-02-28,6.4391
000651.SZ,2017-03-31,15.5248
000651.SZ,2017-04-30,4.1009
000651.SZ,2017-05-31,3.2727
000651.SZ,2017-06-30,20.804
000651.SZ,2017-07-31,-0.1814
000651.SZ,2017-08-31,-1.5036
000651.SZ,2017-09-30,-1.9405
000651.SZ,2017-10-31,12.2691
000651.SZ,2017-11-30,-0.235
000651.SZ,2017-12-31,2.9446
000651.SZ,2018-01-31,28.0092
000651.SZ,2018-02-28,-7.5974
000651.SZ,2018-03-31,-9.2668
000651.SZ,2018-04-30,-6.0128
000651.SZ,2018-05-31,7.7586
000651.SZ,2018-06-30,-0.7368
000651.SZ,2018-07-31,-6.3203
000651.SZ,2018-08-31,-11.818
000651.SZ,2018-09-30,3.2092
000651.SZ,2018-10-31,-5.3234
000651.SZ,2018-11-30,-3.1792
000651.SZ,2018-12-31,-3.1479
000651.SZ,2019-01-31,16.9795
000651.SZ,2019-02-28,8.7568
000651.SZ,2019-03-31,5.3795
000651.SZ,2019-04-30,17.7293
000651.SZ,2019-05-31,-5.8834
000651.SZ,2019-06-30,5.1424
000651.SZ,2019-07-31,0.1636
000651.SZ,2019-08-31,3.6797
000651.SZ,2019-09-30,3.2432
000651.SZ,2019-10-31,2.4433
000651.SZ,2019-11-30,-1.6865
000651.SZ,2019-12-31,13.6372
000651.SZ,2020-01-31,-2.5008
000651.SZ,2020-02-29,-7.4132
000651.SZ,2020-03-31,-11.8243
000651.SZ,2020-04-30,4.9234
000651.SZ,2020-05-31,3.962
000651.SZ,2020-06-30,1.3329
000651.SZ,2020-07-31,0.601
000651.SZ,2020-08-31,-4.2348
000651.SZ,2020-09-30,-2.2018
000651.SZ,2020-10-31,9.6248
000651.SZ,2020-11-30,15.775
000651.SZ,2020-12-31,-7.0528
000709.SZ,2016-01-31,-11.1111
000709.SZ,2016-02-29,1.6892
000709.SZ,2016-03-31,1.3289
000709.SZ,2016-04-30,4.918
000709.SZ,2016-05-31,-12.8125
000709.SZ,2016-06-30,-0.7168
000709.SZ,2016-07-31,4.3209
000709.SZ,2016-08-31,17.1329
000709.SZ,2016-09-30,-8.0597
000709.SZ,2016-10-31,1.6234
000709.SZ,2016-11-30,2.8754
000709.SZ,2016-12-31,3.7267
000709.SZ,2017-01-31,14.3713
000709.SZ,2017-02-28,2.356
000709.SZ,2017-03-31,-7.6726
000709.SZ,2017-04-30,39.6122
000709.SZ,2017-05-31,-11.9048
000709.SZ,2017-06-30,-3.8749
000709.SZ,2017-07-31,31.7422
000709.SZ,2017-08-31,-13.4058
000709.SZ,2017-09-30,-7.9498
000709.SZ,2017-10-31,-4.7727
000709.SZ,2017-11-30,-0.9547
000709.SZ,2017-12-31,-6.0241
000709.SZ,2018-01-31,3.5897
000709.SZ,2018-02-28,-1.7327
000709.SZ,2018-03-31,-11.5869
000709.SZ,2018-04-30,-6.5527
000709.SZ,2018-05-31,-4.2683
000709.SZ,2018-06-30,-2.9193
000709.SZ,2018-07-31,-0.678
000709.SZ,2018-08-31,-2.0478
000709.SZ,2018-09-30,13.5889
000709.SZ,2018-10-31,-2.7607
000709.SZ,2018-11-30,-7.2555
000709.SZ,2018-12-31,-3.4014
000709.SZ,2019-01-31,8.0986
000709.SZ,2019-02-28,10.4235
000709.SZ,2019-03-31,0.885
000709.SZ,2019-04-30,-6.4327
000709.SZ,2019-05-31,-6.5625
000709.SZ,2019-06-30,0
000709.SZ,2019-07-31,-5.2229
000709.SZ,2019-08-31,-6.5693
000709.SZ,2019-09-30,-1.5625
000709.SZ,2019-10-31,-1.5873
000709.SZ,2019-11-30,1.6129
000709.SZ,2019-12-31,2.381
000709.SZ,2020-01-31,-6.5891
000709.SZ,2020-02-29,-6.639
000709.SZ,2020-03-31,-5.3333
000709.SZ,2020-04-30,-3.7559
000709.SZ,2020-05-31,-1.9512
000709.SZ,2020-06-30,1.4925
000709.SZ,2020-07-31,10.2941
000709.SZ,2020-08-31,-1.3333
000709.SZ,2020-09-30,-4.5045
000709.SZ,2020-10-31,-2.8302
000709.SZ,2020-11-30,11.165
000709.SZ,2020-12-31,-2.1834
000625.SZ,2016-01-31,-13.023
000625.SZ,2016-02-29,-6.2331
000625.SZ,2016-03-31,13.9451
000625.SZ,2016-04-30,1.5219
000625.SZ,2016-05-31,-9.4316
000625.SZ,2016-06-30,-1.268
000625.SZ,2016-07-31,19.5318
000625.SZ,2016-08-31,-4.5288
000625.SZ,2016-09-30,1.7308
000625.SZ,2016-10-31,-1.1972
000625.SZ,2016-11-30,4.5918
000625.SZ,2016-12-31,-8.9024
000625.SZ,2017-01-31,5.6225
000625.SZ,2017-02-28,2.9785
000625.SZ,2017-03-31,-2.8923
000625.SZ,2017-04-30,-3.1052
000625.SZ,2017-05-31,-7.9791
000625.SZ,2017-06-30,7.307
000625.SZ,2017-07-31,-0.7628
000625.SZ,2017-08-31,-3.8435
000625.SZ,2017-09-30,2.9797
000625.SZ,2017-10-31,-4.7989
000625.SZ,2017-11-30,-2.5945
000625.SZ,2017-12-31,-4.1096
000625.SZ,2018-01-31,1.9048
000625.SZ,2018-02-28,-6.6199
000625.SZ,2018-03-31,-6.422
000625.SZ,2018-04-30,-7.6649
000625.SZ,2018-05-31,-2.1236
000625.SZ,2018-06-30,-11.2426
000625.SZ,2018-07-31,-5.4637
000625.SZ,2018-08-31,-13.4901
000625.SZ,2018-09-30,4.1488
000625.SZ,2018-10-31,-12.2253
000625.SZ,2018-11-30,-3.5994
000625.SZ,2018-12-31,6.9805
000625.SZ,2019-01-31,14.1123
000625.SZ,2019-02-28,13.4309
000625.SZ,2019-03-31,-2.9308
000625.SZ,2019-04-30,3.2609
000625.SZ,2019-05-31,-18.1287
000625.SZ,2019-06-30,-5.2857
000625.SZ,2019-07-31,19.7621
000625.SZ,2019-08-31,1.0101
000625.SZ,2019-09-30,-7.375
000625.SZ,2019-10-31,-3.3738
000625.SZ,2019-11-30,18.9944
000625.SZ,2019-12-31,17.723
000625.SZ,2020-01-31,-1.4955
000625.SZ,2020-02-29,2.9352
000625.SZ,2020-03-31,4.0315
000625.SZ,2020-04-30,-8.3176
000625.SZ,2020-05-31,1.6495
000625.SZ,2020-06-30,11.5619
000625.SZ,2020-07-31,0.6364
000625.SZ,2020-08-31,5.7814
000625.SZ,2020-09-30,14.6883
000625.SZ,2020-10-31,23.0082
000625.SZ,2020-11-30,52.9056
000625.SZ,2020-12-31,-13.3808
000712.SZ,2016-01-31,-32.4519
000712.SZ,2016-02-29,-8.4901
000712.SZ,2016-03-31,21.8889
000712.SZ,2016-04-30,-13.4458
000712.SZ,2016-05-31,1.5271
000712.SZ,2016-06-30,8.2268
000712.SZ,2016-07-31,-7.7071
000712.SZ,2016-08-31,8.4551
000712.SZ,2016-09-30,-6.9297
000712.SZ,2016-10-31,4.2399
000712.SZ,2016-11-30,25.248
000712.SZ,2016-12-31,-7.1683
000712.SZ,2017-01-31,-1.2372
000712.SZ,2017-02-28,-5.9179
000712.SZ,2017-03-31,7.8053
000712.SZ,2017-04-30,-2.6831
000712.SZ,2017-05-31,-32.6915
000712.SZ,2017-06-30,6.4369
000712.SZ,2017-07-31,19.2053
000712.SZ,2017-08-31,-2.8851
000712.SZ,2017-09-30,12.9973
000712.SZ,2017-10-31,-10.6103
000712.SZ,2017-11-30,-11.8172
000712.SZ,2017-12-31,1.1316
000712.SZ,2018-01-31,-4.5347
000712.SZ,2018-02-28,-13.8803
000712.SZ,2018-03-31,10.8166
000712.SZ,2018-04-30,-8.4034
000712.SZ,2018-05-31,-8.5392
000712.SZ,2018-06-30,-22.9938
000712.SZ,2018-07-31,-5.511
000712.SZ,2018-08-31,-13.9434
000712.SZ,2018-09-30,15.7107
000712.SZ,2018-10-31,5.6034
000712.SZ,2018-11-30,3.0612
000712.SZ,2018-12-31,-10.099
000712.SZ,2019-01-31,0.8811
000712.SZ,2019-02-28,38.1004
000712.SZ,2019-03-31,13.1225
000712.SZ,2019-04-30,-3.5639
000712.SZ,2019-05-31,-9.5652
000712.SZ,2019-06-30,2.8846
000712.SZ,2019-07-31,-2.9595
000712.SZ,2019-08-31,-5.3772
000712.SZ,2019-09-30,8.2273
000712.SZ,2019-10-31,1.9592
000712.SZ,2019-11-30,2.0753
000712.SZ,2019-12-31,14.4578
000712.SZ,2020-01-31,-8.2895
000712.SZ,2020-02-29,-3.3716
000712.SZ,2020-03-31,-5.7164
000712.SZ,2020-04-30,-3.3071
000712.SZ,2020-05-31,0.0814
000712.SZ,2020-06-30,1.7087
000712.SZ,2020-07-31,48.96
000712.SZ,2020-08-31,-19.4415
000712.SZ,2020-09-30,-1.8667
000712.SZ,2020-10-31,-6.7255
000712.SZ,2020-11-30,5.0983
000712.SZ,2020-12-31,9.5634
000686.SZ,2016-01-31,-23.6571
000686.SZ,2016-02-29,-15.5689
000686.SZ,2016-03-31,25.4433
000686.SZ,2016-04-30,-8.1501
000686.SZ,2016-05-31,1.467
000686.SZ,2016-06-30,5.2913
000686.SZ,2016-07-31,-6.2742
000686.SZ,2016-08-31,7.6033
000686.SZ,2016-09-30,-6.0676
000686.SZ,2016-10-31,6.4595
000686.SZ,2016-11-30,6.6052
000686.SZ,2016-12-31,-10.951
000686.SZ,2017-01-31,-1.6181
000686.SZ,2017-02-28,1.6447
000686.SZ,2017-03-31,-3.479
000686.SZ,2017-04-30,-6.2028
000686.SZ,2017-05-31,-13.4048
000686.SZ,2017-06-30,3.7152
000686.SZ,2017-07-31,6.3222
000686.SZ,2017-08-31,3.7807
000686.SZ,2017-09-30,-6.1931
000686.SZ,2017-10-31,-6.2136
000686.SZ,2017-11-30,-3.5197
000686.SZ,2017-12-31,-5.9013
000686.SZ,2018-01-31,0.7982
000686.SZ,2018-02-28,-8.7104
000686.SZ,2018-03-31,-2.6022
000686.SZ,2018-04-30,-2.4173
000686.SZ,2018-05-31,-6.6493
000686.SZ,2018-06-30,-9.183
000686.SZ,2018-07-31,-1.092
000686.SZ,2018-08-31,-3.47
000686.SZ,2018-09-30,2.1242
000686.SZ,2018-10-31,1.28
000686.SZ,2018-11-30,7.7409
000686.SZ,2018-12-31,-8.2111
000686.SZ,2019-01-31,6.0703
000686.SZ,2019-02-28,30.8735
000686.SZ,2019-03-31,17.1461
000686.SZ,2019-04-30,-3.4381
000686.SZ,2019-05-31,-12.8179
000686.SZ,2019-06-30,3.9767
000686.SZ,2019-07-31,0.7946
000686.SZ,2019-08-31,-8.2207
000686.SZ,2019-09-30,-0.2454
000686.SZ,2019-10-31,0.861
000686.SZ,2019-11-30,-4.5122
000686.SZ,2019-12-31,18.7739
000686.SZ,2020-01-31,-7.2043
000686.SZ,2020-02-29,4.5191
000686.SZ,2020-03-31,-8.0931
000686.SZ,2020-04-30,-1.6888
000686.SZ,2020-05-31,-1.8405
000686.SZ,2020-06-30,6.8589
000686.SZ,2020-07-31,32.7811
000686.SZ,2020-08-31,-4.4563
000686.SZ,2020-09-30,-7.8358
000686.SZ,2020-10-31,-5.668
000686.SZ,2020-11-30,6.7597
000686.SZ,2020-12-31,-1.3065
000725.SZ,2016-01-31,-23.2323
000725.SZ,2016-02-29,3.5088
000725.SZ,2016-03-31,8.0508
000725.SZ,2016-04-30,-6.2745
000725.SZ,2016-05-31,-0.8368
000725.SZ,2016-06-30,-2.106
000725.SZ,2016-07-31,0.8658
000725.SZ,2016-08-31,4.721
000725.SZ,2016-09-30,-2.8689
000725.SZ,2016-10-31,4.2194
000725.SZ,2016-11-30,17.4089
000725.SZ,2016-12-31,-1.3793
000725.SZ,2017-01-31,19.2308
000725.SZ,2017-02-28,-4.1056
000725.SZ,2017-03-31,5.1988
000725.SZ,2017-04-30,17.1512
000725.SZ,2017-05-31,-4.2184
000725.SZ,2017-06-30,7.772
000725.SZ,2017-07-31,-4.3214
000725.SZ,2017-08-31,-3.038
000725.SZ,2017-09-30,14.8825
000725.SZ,2017-10-31,41.3636
000725.SZ,2017-11-30,-14.1479
000725.SZ,2017-12-31,8.427
000725.SZ,2018-01-31,5.0086
000725.SZ,2018-02-28,-6.9079
000725.SZ,2018-03-31,-6.0071
000725.SZ,2018-04-30,-18.797
000725.SZ,2018-05-31,-4.6296
000725.SZ,2018-06-30,-12.8029
000725.SZ,2018-07-31,6.2147
000725.SZ,2018-08-31,-9.3085
000725.SZ,2018-09-30,-7.6246
000725.SZ,2018-10-31,-12.6984
000725.SZ,2018-11-30,1.0909
000725.SZ,2018-12-31,-5.3957
000725.SZ,2019-01-31,-2.6616
000725.SZ,2019-02-28,58.9844
000725.SZ,2019-03-31,-4.1769
000725.SZ,2019-04-30,-7.6923
000725.SZ,2019-05-31,-3.6183
000725.SZ,2019-06-30,0
000725.SZ,2019-07-31,17.7326
000725.SZ,2019-08-31,-9.6296
000725.SZ,2019-09-30,2.459
000725.SZ,2019-10-31,-4.8
000725.SZ,2019-11-30,9.2437
000725.SZ,2019-12-31,16.4103
000725.SZ,2020-01-31,3.9648
000725.SZ,2020-02-29,3.8136
000725.SZ,2020-03-31,-24.2857
000725.SZ,2020-04-30,1.3477
000725.SZ,2020-05-31,-1.3298
000725.SZ,2020-06-30,25.876
000725.SZ,2020-07-31,0.4184
000725.SZ,2020-08-31,17.773
000725.SZ,2020-09-30,-10.7273
000725.SZ,2020-10-31,-3.666
000725.SZ,2020-11-30,14.3763
000725.SZ,2020-12-31,10.9057
000729.SZ,2016-01-31,-18.3475
000729.SZ,2016-02-29,-3.2738
000729.SZ,2016-03-31,13.0769
000729.SZ,2016-04-30,-2.9932
000729.SZ,2016-05-31,12.3422
000729.SZ,2016-06-30,-5.2434
000729.SZ,2016-07-31,-1.3464
000729.SZ,2016-08-31,0.6739
000729.SZ,2016-09-30,4.6854
000729.SZ,2016-10-31,-2.5575
000729.SZ,2016-11-30,-0.9186
000729.SZ,2016-12-31,-7.947
000729.SZ,2017-01-31,2.5899
000729.SZ,2017-02-28,5.1893
000729.SZ,2017-03-31,0
000729.SZ,2017-04-30,-7.0667
000729.SZ,2017-05-31,-6.7432
000729.SZ,2017-06-30,3.3846
000729.SZ,2017-07-31,-4.4952
000729.SZ,2017-08-31,2.9781
000729.SZ,2017-09-30,-1.9787
000729.SZ,2017-10-31,-1.7081
000729.SZ,2017-11-30,-6.1611
000729.SZ,2017-12-31,13.468
000729.SZ,2018-01-31,11.1276
000729.SZ,2018-02-28,-4.1389
000729.SZ,2018-03-31,6.2674
000729.SZ,2018-04-30,-3.9318
000729.SZ,2018-05-31,17.3261
000729.SZ,2018-06-30,-21.7442
000729.SZ,2018-07-31,9.0968
000729.SZ,2018-08-31,-17.3497
000729.SZ,2018-09-30,8.9256
000729.SZ,2018-10-31,-13.8088
000729.SZ,2018-11-30,0.1761
000729.SZ,2018-12-31,-0.8787
000729.SZ,2019-01-31,5.4965
000729.SZ,2019-02-28,7.563
000729.SZ,2019-03-31,0.1562
000729.SZ,2019-04-30,15.1326
000729.SZ,2019-05-31,-7.0461
000729.SZ,2019-06-30,-3.207
000729.SZ,2019-07-31,-5.8829
000729.SZ,2019-08-31,1.7657
000729.SZ,2019-09-30,-8.3596
000729.SZ,2019-10-31,3.4423
000729.SZ,2019-11-30,1.8303
000729.SZ,2019-12-31,6.5359
000729.SZ,2020-01-31,-3.2209
000729.SZ,2020-02-29,-7.29
000729.SZ,2020-03-31,3.2479
000729.SZ,2020-04-30,-1.3245
000729.SZ,2020-05-31,7.047
000729.SZ,2020-06-30,7.3668
000729.SZ,2020-07-31,12.1287
000729.SZ,2020-08-31,4.4386
000729.SZ,2020-09-30,5.375
000729.SZ,2020-10-31,3.2028
000729.SZ,2020-11-30,-5.4023
000729.SZ,2020-12-31,3.5237
000728.SZ,2016-01-31,-24.2143
000728.SZ,2016-02-29,-12.7921
000728.SZ,2016-03-31,24.0455
000728.SZ,2016-04-30,-9.6112
000728.SZ,2016-05-31,2.27
000728.SZ,2016-06-30,-2.3364
000728.SZ,2016-07-31,8.134
000728.SZ,2016-08-31,18.1219
000728.SZ,2016-09-30,-2.3187
000728.SZ,2016-10-31,9.5355
000728.SZ,2016-11-30,2.5446
000728.SZ,2016-12-31,-13.3653
000728.SZ,2017-01-31,-6.5327
000728.SZ,2017-02-28,8.4946
000728.SZ,2017-03-31,1.6848
000728.SZ,2017-04-30,2.6316
000728.SZ,2017-05-31,-12.4823
000728.SZ,2017-06-30,1.1589
000728.SZ,2017-07-31,8.838
000728.SZ,2017-08-31,9.6992
000728.SZ,2017-09-30,-3.427
000728.SZ,2017-10-31,-12.4202
000728.SZ,2017-11-30,-1.2156
000728.SZ,2017-12-31,-9.7621
000728.SZ,2018-01-31,-0.8182
000728.SZ,2018-02-28,-12.4656
000728.SZ,2018-03-31,-4.0838
000728.SZ,2018-04-30,-2.4017
000728.SZ,2018-05-31,-6.5996
000728.SZ,2018-06-30,-11.3772
000728.SZ,2018-07-31,-2.8965
000728.SZ,2018-08-31,-5.5398
000728.SZ,2018-09-30,3.609
000728.SZ,2018-10-31,4.4993
000728.SZ,2018-11-30,10.4167
000728.SZ,2018-12-31,-12.2013
000728.SZ,2019-01-31,7.1633
000728.SZ,2019-02-28,29.0107
000728.SZ,2019-03-31,8.2902
000728.SZ,2019-04-30,-6.2201
000728.SZ,2019-05-31,-6.1224
000728.SZ,2019-06-30,-0.3261
000728.SZ,2019-07-31,1.1291
000728.SZ,2019-08-31,-7.0175
000728.SZ,2019-09-30,0.7075
000728.SZ,2019-10-31,-1.0539
000728.SZ,2019-11-30,0.1327
000728.SZ,2019-12-31,10.8852
000728.SZ,2020-01-31,-6.2567
000728.SZ,2020-02-29,3.7975
000728.SZ,2020-03-31,-7.6497
000728.SZ,2020-04-30,-1.9208
000728.SZ,2020-05-31,-0.8952
000728.SZ,2020-06-30,5.6604
000728.SZ,2020-07-31,23.9286
000728.SZ,2020-08-31,5.8598
000728.SZ,2020-09-30,8.8022
000728.SZ,2020-10-31,-21.5404
000728.SZ,2020-11-30,6.2127
000728.SZ,2020-12-31,0.7874
000738.SZ,2016-01-31,-3.0677
000738.SZ,2016-02-29,2.5449
000738.SZ,2016-03-31,-6.936
000738.SZ,2016-04-30,-8.4103
000738.SZ,2016-05-31,-6.8309
000738.SZ,2016-06-30,5.7692
000738.SZ,2016-07-31,0.0701
000738.SZ,2016-08-31,15
000738.SZ,2016-09-30,-12.9117
000738.SZ,2016-10-31,3.3661
000738.SZ,2016-11-30,-4.1347
000738.SZ,2016-12-31,-5.5725
000738.SZ,2017-01-31,3.1932
000738.SZ,2017-02-28,-1.2143
000738.SZ,2017-03-31,-2.5377
000738.SZ,2017-04-30,-5.4109
000738.SZ,2017-05-31,-19.0114
000738.SZ,2017-06-30,4.0404
000738.SZ,2017-07-31,-3.4747
000738.SZ,2017-08-31,3.2292
000738.SZ,2017-09-30,2.4103
000738.SZ,2017-10-31,-6.2093
000738.SZ,2017-11-30,-11.8526
000738.SZ,2017-12-31,-7.3895
000738.SZ,2018-01-31,-10.1373
000738.SZ,2018-02-28,10.5531
000738.SZ,2018-03-31,10.4016
000738.SZ,2018-04-30,-13.059
000738.SZ,2018-05-31,-3.8409
000738.SZ,2018-06-30,-4.9215
000738.SZ,2018-07-31,11.3534
000738.SZ,2018-08-31,-9.183
000738.SZ,2018-09-30,2.2305
000738.SZ,2018-10-31,-10.6182
000738.SZ,2018-11-30,-1.2205
000738.SZ,2018-12-31,-0.659
000738.SZ,2019-01-31,0.8292
000738.SZ,2019-02-28,19.4079
000738.SZ,2019-03-31,7.2314
000738.SZ,2019-04-30,-8.9274
000738.SZ,2019-05-31,-1.0578
000738.SZ,2019-06-30,-4.2115
000738.SZ,2019-07-31,11.791
000738.SZ,2019-08-31,-0.1335
000738.SZ,2019-09-30,-8.8904
000738.SZ,2019-10-31,0.8804
000738.SZ,2019-11-30,-6.8364
000738.SZ,2019-12-31,2.0297
000738.SZ,2020-01-31,-1.3007
000738.SZ,2020-02-29,0.4651
000738.SZ,2020-03-31,-7.9475
000738.SZ,2020-04-30,8.8013
000738.SZ,2020-05-31,1.926
000738.SZ,2020-06-30,3.4779
000738.SZ,2020-07-31,33.9194
000738.SZ,2020-08-31,18.5996
000738.SZ,2020-09-30,-9.179
000738.SZ,2020-10-31,-9.2941
000738.SZ,2020-11-30,14.2777
000738.SZ,2020-12-31,12.3469
000750.SZ,2016-01-31,-32.7626
000750.SZ,2016-02-29,-4.9769
000750.SZ,2016-03-31,42.2655
000750.SZ,2016-04-30,-4.7089
000750.SZ,2016-05-31,4.2233
000750.SZ,2016-06-30,-3.5248
000750.SZ,2016-07-31,-7.0365
000750.SZ,2016-08-31,6.5502
000750.SZ,2016-09-30,-4.7814
000750.SZ,2016-10-31,3.0129
000750.SZ,2016-11-30,7.7994
000750.SZ,2016-12-31,-9.9483
000750.SZ,2017-01-31,-6.8867
000750.SZ,2017-02-28,4.4684
000750.SZ,2017-03-31,-5.7522
000750.SZ,2017-04-30,-7.0423
000750.SZ,2017-05-31,-9.2593
000750.SZ,2017-06-30,3.934
000750.SZ,2017-07-31,4
000750.SZ,2017-08-31,8.7413
000750.SZ,2017-09-30,-5.4662
000750.SZ,2017-10-31,-6.8027
000750.SZ,2017-11-30,-4.562
000750.SZ,2017-12-31,-6.3098
000750.SZ,2018-01-31,1.0204
000750.SZ,2018-02-28,-7.2727
000750.SZ,2018-03-31,-5.2288
000750.SZ,2018-04-30,-7.8161
000750.SZ,2018-05-31,-1.7456
000750.SZ,2018-06-30,-7.9897
000750.SZ,2018-07-31,-0.8403
000750.SZ,2018-08-31,-4.8023
000750.SZ,2018-09-30,0.2967
000750.SZ,2018-10-31,39.9408
000750.SZ,2018-11-30,-10.7822
000750.SZ,2018-12-31,3.3175
000750.SZ,2019-01-31,4.3578
000750.SZ,2019-02-28,23.7363
000750.SZ,2019-03-31,9.4139
000750.SZ,2019-04-30,-12.8467
000750.SZ,2019-05-31,-8.785
000750.SZ,2019-06-30,3.0738
000750.SZ,2019-07-31,2.1869
000750.SZ,2019-08-31,-3.1128
000750.SZ,2019-09-30,-0.8032
000750.SZ,2019-10-31,-1.6194
000750.SZ,2019-11-30,-4.7325
000750.SZ,2019-12-31,15.3348
000750.SZ,2020-01-31,-4.7747
000750.SZ,2020-02-29,-0.8602
000750.SZ,2020-03-31,-4.9892
000750.SZ,2020-04-30,-1.3699
000750.SZ,2020-05-31,-2.5765
000750.SZ,2020-06-30,3.8278
000750.SZ,2020-07-31,29.7235
000750.SZ,2020-08-31,-0.8881
000750.SZ,2020-09-30,-4.4803
000750.SZ,2020-10-31,-2.439
000750.SZ,2020-11-30,5.9615
000750.SZ,2020-12-31,6.3521
000768.SZ,2016-01-31,-30.1978
000768.SZ,2016-02-29,-6.5356
000768.SZ,2016-03-31,19.7401
000768.SZ,2016-04-30,-9.8191
000768.SZ,2016-05-31,-0.4585
000768.SZ,2016-06-30,14.0177
000768.SZ,2016-07-31,7.7704
000768.SZ,2016-08-31,7.3516
000768.SZ,2016-09-30,-8.0773
000768.SZ,2016-10-31,6.638
000768.SZ,2016-11-30,-0.403
000768.SZ,2016-12-31,-4.4065
000768.SZ,2017-01-31,10.9595
000768.SZ,2017-02-28,-1.5261
000768.SZ,2017-03-31,6.0697
000768.SZ,2017-04-30,-3.0032
000768.SZ,2017-05-31,-27.8243
000768.SZ,2017-06-30,7.193
000768.SZ,2017-07-31,-1.3557
000768.SZ,2017-08-31,4.2331
000768.SZ,2017-09-30,1.4241
000768.SZ,2017-10-31,-4.4202
000768.SZ,2017-11-30,-5.6583
000768.SZ,2017-12-31,-2.5952
000768.SZ,2018-01-31,-7.0456
000768.SZ,2018-02-28,-5.7962
000768.SZ,2018-03-31,16.1596
000768.SZ,2018-04-30,7.5087
000768.SZ,2018-05-31,-14.131
000768.SZ,2018-06-30,-0.8442
000768.SZ,2018-07-31,6.7775
000768.SZ,2018-08-31,-8.3832
000768.SZ,2018-09-30,3.7908
000768.SZ,2018-10-31,-6.801
000768.SZ,2018-11-30,1.2838
000768.SZ,2018-12-31,-11.6744
000768.SZ,2019-01-31,4.9094
000768.SZ,2019-02-28,16.7747
000768.SZ,2019-03-31,5.1171
000768.SZ,2019-04-30,-6.6276
000768.SZ,2019-05-31,-1.3819
000768.SZ,2019-06-30,0.9798
000768.SZ,2019-07-31,4.5079
000768.SZ,2019-08-31,-2.3694
000768.SZ,2019-09-30,-3.2358
000768.SZ,2019-10-31,-3.4727
000768.SZ,2019-11-30,5.9294
000768.SZ,2019-12-31,3.0189
000768.SZ,2020-01-31,1.5873
000768.SZ,2020-02-29,2.2236
000768.SZ,2020-03-31,-6.7607
000768.SZ,2020-04-30,11.0971
000768.SZ,2020-05-31,-2.3837
000768.SZ,2020-06-30,3.8741
000768.SZ,2020-07-31,33.5964
000768.SZ,2020-08-31,2.1097
000768.SZ,2020-09-30,-4.876
000768.SZ,2020-10-31,5.1694
000768.SZ,2020-11-30,28.6658
000768.SZ,2020-12-31,17.7528
000778.SZ,2016-01-31,-27.4268
000778.SZ,2016-02-29,2.1231
000778.SZ,2016-03-31,12.2661
000778.SZ,2016-04-30,-5.7407
000778.SZ,2016-05-31,-0.7859
000778.SZ,2016-06-30,-8.1188
000778.SZ,2016-07-31,2.1238
000778.SZ,2016-08-31,4.6709
000778.SZ,2016-09-30,-3.854
000778.SZ,2016-10-31,4.8523
000778.SZ,2016-11-30,4.2254
000778.SZ,2016-12-31,-0.1931
000778.SZ,2017-01-31,-1.9342
000778.SZ,2017-02-28,11.6371
000778.SZ,2017-03-31,-3.8869
000778.SZ,2017-04-30,29.2279
000778.SZ,2017-05-31,-0.1422
000778.SZ,2017-06-30,-4.5584
000778.SZ,2017-07-31,0.3123
000778.SZ,2017-08-31,2.3916
000778.SZ,2017-09-30,-7.7372
000778.SZ,2017-10-31,-5.8544
000778.SZ,2017-11-30,-6.7227
000778.SZ,2017-12-31,-5.9459
000778.SZ,2018-01-31,2.1073
000778.SZ,2018-02-28,-2.6266
000778.SZ,2018-03-31,-5.0096
000778.SZ,2018-04-30,-6.8966
000778.SZ,2018-05-31,0.6536
000778.SZ,2018-06-30,-7.3593
000778.SZ,2018-07-31,12.9513
000778.SZ,2018-08-31,5.3648
000778.SZ,2018-09-30,-1.222
000778.SZ,2018-10-31,-5.567
000778.SZ,2018-11-30,-3.4934
000778.SZ,2018-12-31,-2.4887
000778.SZ,2019-01-31,-0.232
000778.SZ,2019-02-28,14.4186
000778.SZ,2019-03-31,4.065
000778.SZ,2019-04-30,-6.0547
000778.SZ,2019-05-31,-8.316
000778.SZ,2019-06-30,0.6803
000778.SZ,2019-07-31,-1.394
000778.SZ,2019-08-31,-5.7416
000778.SZ,2019-09-30,-1.0152
000778.SZ,2019-10-31,-0.7692
000778.SZ,2019-11-30,2.8424
000778.SZ,2019-12-31,4.7739
000778.SZ,2020-01-31,-7.9137
000778.SZ,2020-02-29,-7.2917
000778.SZ,2020-03-31,-3.3708
000778.SZ,2020-04-30,0.5814
000778.SZ,2020-05-31,-4.6243
000778.SZ,2020-06-30,3.9394
000778.SZ,2020-07-31,12.8635
000778.SZ,2020-08-31,4.5699
000778.SZ,2020-09-30,-7.7121
000778.SZ,2020-10-31,1.1142
000778.SZ,2020-11-30,5.7851
000778.SZ,2020-12-31,-4.1667
000783.SZ,2016-01-31,-24.4767
000783.SZ,2016-02-29,-11.194
000783.SZ,2016-03-31,23.4094
000783.SZ,2016-04-30,-5.4402
000783.SZ,2016-05-31,7.4707
000783.SZ,2016-06-30,15.1936
000783.SZ,2016-07-31,-10.8621
000783.SZ,2016-08-31,8.1238
000783.SZ,2016-09-30,-5.0089
000783.SZ,2016-10-31,3.0132
000783.SZ,2016-11-30,10.4205
000783.SZ,2016-12-31,-15.3146
000783.SZ,2017-01-31,-2.2483
000783.SZ,2017-02-28,3.4
000783.SZ,2017-03-31,-5.3191
000783.SZ,2017-04-30,-1.7365
000783.SZ,2017-05-31,-2.4948
000783.SZ,2017-06-30,2.5844
000783.SZ,2017-07-31,0.3168
000783.SZ,2017-08-31,6.1053
000783.SZ,2017-09-30,-3.373
000783.SZ,2017-10-31,-7.5975
000783.SZ,2017-11-30,-0.8889
000783.SZ,2017-12-31,-11.7713
000783.SZ,2018-01-31,1.6518
000783.SZ,2018-02-28,-6.625
000783.SZ,2018-03-31,-3.079
000783.SZ,2018-04-30,-6.6298
000783.SZ,2018-05-31,-6.213
000783.SZ,2018-06-30,-14.3533
000783.SZ,2018-07-31,1.3579
000783.SZ,2018-08-31,-5.6075
000783.SZ,2018-09-30,0.9901
000783.SZ,2018-10-31,0.9804
000783.SZ,2018-11-30,9.7087
000783.SZ,2018-12-31,-8.8496
000783.SZ,2019-01-31,3.301
000783.SZ,2019-02-28,32.1429
000783.SZ,2019-03-31,7.1124
000783.SZ,2019-04-30,4.6481
000783.SZ,2019-05-31,-9.264
000783.SZ,2019-06-30,9.2308
000783.SZ,2019-07-31,-4.4835
000783.SZ,2019-08-31,-6.586
000783.SZ,2019-09-30,0.7194
000783.SZ,2019-10-31,-2.7143
000783.SZ,2019-11-30,-8.37
000783.SZ,2019-12-31,14.4231
000783.SZ,2020-01-31,-3.6415
000783.SZ,2020-02-29,-2.0349
000783.SZ,2020-03-31,-5.1929
000783.SZ,2020-04-30,-0.313
000783.SZ,2020-05-31,-1.8838
000783.SZ,2020-06-30,10.4076
000783.SZ,2020-07-31,28.1899
000783.SZ,2020-08-31,-1.2731
000783.SZ,2020-09-30,-5.9789
000783.SZ,2020-10-31,-6.1097
000783.SZ,2020-11-30,17.3971
000783.SZ,2020-12-31,-4.9774
000792.SZ,2016-01-31,-27.5701
000792.SZ,2016-02-29,-12.5269
000792.SZ,2016-03-31,18.2545
000792.SZ,2016-04-30,-8.6279
000792.SZ,2016-05-31,5.2332
000792.SZ,2016-06-30,14.0541
000792.SZ,2016-07-31,-5.1757
000792.SZ,2016-08-31,1.5516
000792.SZ,2016-09-30,-8.0335
000792.SZ,2016-10-31,1.5005
000792.SZ,2016-11-30,7.2862
000792.SZ,2016-12-31,-6.1516
000792.SZ,2017-01-31,-2.6219
000792.SZ,2017-02-28,0.1616
000792.SZ,2017-03-31,-1.129
000792.SZ,2017-04-30,-12.6699
000792.SZ,2017-05-31,-11.8306
000792.SZ,2017-06-30,10.8125
000792.SZ,2017-07-31,10.9091
000792.SZ,2017-08-31,0.4314
000792.SZ,2017-09-30,62.543
000792.SZ,2017-10-31,-18.4461
000792.SZ,2017-11-30,-11.0823
000792.SZ,2017-12-31,1.3848
000792.SZ,2018-01-31,-6.5421
000792.SZ,2018-02-28,-0.3846
000792.SZ,2018-03-31,-0.3089
000792.SZ,2018-04-30,-5.5771
000792.SZ,2018-05-31,0.8203
000792.SZ,2018-06-30,-11.9609
000792.SZ,2018-07-31,-17.8373
000792.SZ,2018-08-31,-5.0619
000792.SZ,2018-09-30,7.5829
000792.SZ,2018-10-31,-16.2996
000792.SZ,2018-11-30,9.4737
000792.SZ,2018-12-31,-16.1058
000792.SZ,2019-01-31,-15.3295
000792.SZ,2019-02-28,22.6734
000792.SZ,2019-03-31,-6.8966
000792.SZ,2019-04-30,4.7407
000792.SZ,2019-05-31,6.5064
000792.SZ,2019-06-30,-18.1939
000792.SZ,2019-07-31,3.4091
000792.SZ,2019-08-31,8.4772
000792.SZ,2019-09-30,10.8538
000792.SZ,2019-10-31,11.2272
000792.SZ,2019-11-30,0.939
000792.SZ,2019-12-31,2.3256
000792.SZ,2020-01-31,-3.6364
000792.SZ,2020-02-29,12.7358
000792.SZ,2020-03-31,-6.7992
000792.SZ,2020-04-30,-0.7856
000792.SZ,2020-05-31,0
000792.SZ,2020-06-30,0
000792.SZ,2020-07-31,0
000792.SZ,2020-08-31,0
000792.SZ,2020-09-30,0
000792.SZ,2020-10-31,0
000792.SZ,2020-11-30,0
000792.SZ,2020-12-31,0
000776.SZ,2016-01-31,-29.1003
000776.SZ,2016-02-29,-7.1791
000776.SZ,2016-03-31,30.625
000776.SZ,2016-04-30,-5.4426
000776.SZ,2016-05-31,4.0481
000776.SZ,2016-06-30,1.8845
000776.SZ,2016-07-31,-3.043
000776.SZ,2016-08-31,8.5491
000776.SZ,2016-09-30,-2.8487
000776.SZ,2016-10-31,6.292
000776.SZ,2016-11-30,12.3563
000776.SZ,2016-12-31,-13.7596
000776.SZ,2017-01-31,3.8553
000776.SZ,2017-02-28,0.3998
000776.SZ,2017-03-31,-2.7873
000776.SZ,2017-04-30,-2.1065
000776.SZ,2017-05-31,-0.4782
000776.SZ,2017-06-30,3.6036
000776.SZ,2017-07-31,5.0616
000776.SZ,2017-08-31,7.2113
000776.SZ,2017-09-30,-0.2627
000776.SZ,2017-10-31,-6.5859
000776.SZ,2017-11-30,0.282
000776.SZ,2017-12-31,-6.1867
000776.SZ,2018-01-31,12.6499
000776.SZ,2018-02-28,-11.6019
000776.SZ,2018-03-31,-0.7827
000776.SZ,2018-04-30,-5.2184
000776.SZ,2018-05-31,-8.5147
000776.SZ,2018-06-30,-7.1379
000776.SZ,2018-07-31,0.9043
000776.SZ,2018-08-31,3.8756
000776.SZ,2018-09-30,2.6686
000776.SZ,2018-10-31,-10.3971
000776.SZ,2018-11-30,8.6221
000776.SZ,2018-12-31,-5.9347
000776.SZ,2019-01-31,0.0789
000776.SZ,2019-02-28,29.9448
000776.SZ,2019-03-31,-1.9406
000776.SZ,2019-04-30,-3.7724
000776.SZ,2019-05-31,-16.6452
000776.SZ,2019-06-30,5.9368
000776.SZ,2019-07-31,-2.4017
000776.SZ,2019-08-31,-0.9694
000776.SZ,2019-09-30,2.1837
000776.SZ,2019-10-31,1.1054
000776.SZ,2019-11-30,-2.7697
000776.SZ,2019-12-31,15.3942
000776.SZ,2020-01-31,-2.3731
000776.SZ,2020-02-29,-2.0932
000776.SZ,2020-03-31,-5.6552
000776.SZ,2020-04-30,0.2193
000776.SZ,2020-05-31,-3.8658
000776.SZ,2020-06-30,7.132
000776.SZ,2020-07-31,10.4816
000776.SZ,2020-08-31,5.9456
000776.SZ,2020-09-30,-2.4119
000776.SZ,2020-10-31,-2.4081
000776.SZ,2020-11-30,9.9351
000776.SZ,2020-12-31,-3.8393
000793.SZ,2016-01-31,-42.7811
000793.SZ,2016-02-29,-7.5581
000793.SZ,2016-03-31,14.8428
000793.SZ,2016-04-30,0.2191
000793.SZ,2016-05-31,8.7432
000793.SZ,2016-06-30,-0.3047
000793.SZ,2016-07-31,-2.0243
000793.SZ,2016-08-31,23.1405
000793.SZ,2016-09-30,-11.2416
000793.SZ,2016-10-31,6.8998
000793.SZ,2016-11-30,-0.8842
000793.SZ,2016-12-31,0.7136
000793.SZ,2017-01-31,-5.0487
000793.SZ,2017-02-28,5.6903
000793.SZ,2017-03-31,-4.2365
000793.SZ,2017-04-30,0.9217
000793.SZ,2017-05-31,-5.2968
000793.SZ,2017-06-30,-2.4108
000793.SZ,2017-07-31,3.3597
000793.SZ,2017-08-31,3.1552
000793.SZ,2017-09-30,-6.2326
000793.SZ,2017-10-31,1.6865
000793.SZ,2017-11-30,1.7561
000793.SZ,2017-12-31,-4.0268
000793.SZ,2018-01-31,-16.0839
000793.SZ,2018-02-28,0
000793.SZ,2018-03-31,0
000793.SZ,2018-04-30,0
000793.SZ,2018-05-31,0
000793.SZ,2018-06-30,0
000793.SZ,2018-07-31,-51.9603
000793.SZ,2018-08-31,-18.8586
000793.SZ,2018-09-30,7.6453
000793.SZ,2018-10-31,-21.5909
000793.SZ,2018-11-30,24.6377
000793.SZ,2018-12-31,-13.6628
000793.SZ,2019-01-31,-10.7744
000793.SZ,2019-02-28,45.283
000793.SZ,2019-03-31,22.0779
000793.SZ,2019-04-30,-14.0426
000793.SZ,2019-05-31,-12.8713
000793.SZ,2019-06-30,-4.5455
000793.SZ,2019-07-31,-6.8452
000793.SZ,2019-08-31,0.3195
000793.SZ,2019-09-30,-7.9618
000793.SZ,2019-10-31,5.1903
000793.SZ,2019-11-30,-4.6053
000793.SZ,2019-12-31,16.2069
000793.SZ,2020-01-31,-0.5935
000793.SZ,2020-02-29,-9.2537
000793.SZ,2020-03-31,5.2632
000793.SZ,2020-04-30,-6.25
000793.SZ,2020-05-31,5.3333
000793.SZ,2020-06-30,30.3797
000793.SZ,2020-07-31,-8.4951
000793.SZ,2020-08-31,-11.4058
000793.SZ,2020-09-30,-2.0958
000793.SZ,2020-10-31,-13.1498
000793.SZ,2020-11-30,1.7606
000793.SZ,2020-12-31,-11.7647
000800.SZ,2016-01-31,-23.5186
000800.SZ,2016-02-29,-2.7157
000800.SZ,2016-03-31,15.6814
000800.SZ,2016-04-30,-10.6458
000800.SZ,2016-05-31,5.4011
000800.SZ,2016-06-30,-18.0106
000800.SZ,2016-07-31,-2.4976
000800.SZ,2016-08-31,-1.6083
000800.SZ,2016-09-30,0.6731
000800.SZ,2016-10-31,8.596
000800.SZ,2016-11-30,4.4855
000800.SZ,2016-12-31,-8.5017
000800.SZ,2017-01-31,0.736
000800.SZ,2017-02-28,6.5753
000800.SZ,2017-03-31,0.7712
000800.SZ,2017-04-30,-8.1633
000800.SZ,2017-05-31,-10.8333
000800.SZ,2017-06-30,5.6075
000800.SZ,2017-07-31,-3.2448
000800.SZ,2017-08-31,3.6585
000800.SZ,2017-09-30,34.902
000800.SZ,2017-10-31,-12.4273
000800.SZ,2017-11-30,-12.0332
000800.SZ,2017-12-31,1.5094
000800.SZ,2018-01-31,13.9405
000800.SZ,2018-02-28,-13.7031
000800.SZ,2018-03-31,-3.5917
000800.SZ,2018-04-30,-8.4314
000800.SZ,2018-05-31,-4.818
000800.SZ,2018-06-30,-15.8605
000800.SZ,2018-07-31,0.4054
000800.SZ,2018-08-31,-9.2123
000800.SZ,2018-09-30,-3.0882
000800.SZ,2018-10-31,-1.214
000800.SZ,2018-11-30,11.6743
000800.SZ,2018-12-31,-8.9409
000800.SZ,2019-01-31,1.2085
000800.SZ,2019-02-28,25.3731
000800.SZ,2019-03-31,0.4762
000800.SZ,2019-04-30,24.2891
000800.SZ,2019-05-31,-11.1535
000800.SZ,2019-06-30,5.5794
000800.SZ,2019-07-31,-7.9407
000800.SZ,2019-08-31,0.8859
000800.SZ,2019-09-30,-8.8913
000800.SZ,2019-10-31,-0.3614
000800.SZ,2019-11-30,27.0859
000800.SZ,2019-12-31,-5.138
000800.SZ,2020-01-31,-2.9087
000800.SZ,2020-02-29,-7.0248
000800.SZ,2020-03-31,-3.1111
000800.SZ,2020-04-30,14.3349
000800.SZ,2020-05-31,1.003
000800.SZ,2020-06-30,6.6534
000800.SZ,2020-07-31,25.6983
000800.SZ,2020-08-31,4.5185
000800.SZ,2020-09-30,-14.387
000800.SZ,2020-10-31,2.4007
000800.SZ,2020-11-30,3.7187
000800.SZ,2020-12-31,-8.9634
000825.SZ,2016-01-31,-16.3415
000825.SZ,2016-02-29,-7.2886
000825.SZ,2016-03-31,6.9182
000825.SZ,2016-04-30,0
000825.SZ,2016-05-31,-6.4706
000825.SZ,2016-06-30,-0.6289
000825.SZ,2016-07-31,8.5443
000825.SZ,2016-08-31,6.7055
000825.SZ,2016-09-30,-3.5519
000825.SZ,2016-10-31,12.1813
000825.SZ,2016-11-30,6.0606
000825.SZ,2016-12-31,-6.1905
000825.SZ,2017-01-31,30.9645
000825.SZ,2017-02-28,-1.938
000825.SZ,2017-03-31,-0.3953
000825.SZ,2017-04-30,-12.6984
000825.SZ,2017-05-31,-8.1818
000825.SZ,2017-06-30,8.1729
000825.SZ,2017-07-31,13.7931
000825.SZ,2017-08-31,10.9091
000825.SZ,2017-09-30,-8.0146
000825.SZ,2017-10-31,1.1881
000825.SZ,2017-11-30,2.544
000825.SZ,2017-12-31,-5.3435
000825.SZ,2018-01-31,28.0242
000825.SZ,2018-02-28,12.5984
000825.SZ,2018-03-31,-19.7203
000825.SZ,2018-04-30,4.5296
000825.SZ,2018-05-31,0
000825.SZ,2018-06-30,0
000825.SZ,2018-07-31,0
000825.SZ,2018-08-31,0
000825.SZ,2018-09-30,-1.2153
000825.SZ,2018-10-31,-13.0053
000825.SZ,2018-11-30,-7.2727
000825.SZ,2018-12-31,-9.8039
000825.SZ,2019-01-31,7.2464
000825.SZ,2019-02-28,15.5405
000825.SZ,2019-03-31,-0.1949
000825.SZ,2019-04-30,-11.1328
000825.SZ,2019-05-31,-7.2527
000825.SZ,2019-06-30,-1.2136
000825.SZ,2019-07-31,-1.2285
000825.SZ,2019-08-31,-6.7164
000825.SZ,2019-09-30,2.4
000825.SZ,2019-10-31,-2.0833
000825.SZ,2019-11-30,4.5213
000825.SZ,2019-12-31,4.0712
000825.SZ,2020-01-31,-5.868
000825.SZ,2020-02-29,-8.5714
000825.SZ,2020-03-31,-7.9545
000825.SZ,2020-04-30,1.2346
000825.SZ,2020-05-31,3.3261
000825.SZ,2020-06-30,0.9119
000825.SZ,2020-07-31,6.9277
000825.SZ,2020-08-31,3.0986
000825.SZ,2020-09-30,0.2732
000825.SZ,2020-10-31,-4.6322
000825.SZ,2020-11-30,7.1429
000825.SZ,2020-12-31,-3.7333
000826.SZ,2016-01-31,-29.051
000826.SZ,2016-02-29,-0.6048
000826.SZ,2016-03-31,16.4996
000826.SZ,2016-04-30,-3.871
000826.SZ,2016-05-31,-3.6753
000826.SZ,2016-06-30,1.8646
000826.SZ,2016-07-31,-0.1637
000826.SZ,2016-08-31,11.6393
000826.SZ,2016-09-30,-2.5257
000826.SZ,2016-10-31,4.7906
000826.SZ,2016-11-30,-4.4853
000826.SZ,2016-12-31,-0.7225
000826.SZ,2017-01-31,3.4263
000826.SZ,2017-02-28,1.4365
000826.SZ,2017-03-31,-0.8671
000826.SZ,2017-04-30,7.8134
000826.SZ,2017-05-31,-8.3187
000826.SZ,2017-06-30,4.2136
000826.SZ,2017-07-31,-7.2039
000826.SZ,2017-08-31,3.989
000826.SZ,2017-09-30,6.0785
000826.SZ,2017-10-31,4.2837
000826.SZ,2017-11-30,-7.362
000826.SZ,2017-12-31,-4.9237
000826.SZ,2018-01-31,-8.1163
000826.SZ,2018-02-28,-3.6915
000826.SZ,2018-03-31,-2.6352
000826.SZ,2018-04-30,3.058
000826.SZ,2018-05-31,-2.503
000826.SZ,2018-06-30,-13.2075
000826.SZ,2018-07-31,-0.9153
000826.SZ,2018-08-31,-21.0739
000826.SZ,2018-09-30,-1.2436
000826.SZ,2018-10-31,-19.2593
000826.SZ,2018-11-30,-0.4587
000826.SZ,2018-12-31,-4.2396
000826.SZ,2019-01-31,-11.4533
000826.SZ,2019-02-28,28.2609
000826.SZ,2019-03-31,31.2712
000826.SZ,2019-04-30,-27.4371
000826.SZ,2019-05-31,-12.8114
000826.SZ,2019-06-30,20.3061
000826.SZ,2019-07-31,-11.0381
000826.SZ,2019-08-31,-10.325
000826.SZ,2019-09-30,0.6397
000826.SZ,2019-10-31,-8.1568
000826.SZ,2019-11-30,-1.2687
000826.SZ,2019-12-31,7.243
000826.SZ,2020-01-31,-4.2484
000826.SZ,2020-02-29,12.2867
000826.SZ,2020-03-31,-18.1358
000826.SZ,2020-04-30,0.1238
000826.SZ,2020-05-31,-9.6415
000826.SZ,2020-06-30,1.5048
000826.SZ,2020-07-31,10.5121
000826.SZ,2020-08-31,8.7805
000826.SZ,2020-09-30,-12.5561
000826.SZ,2020-10-31,-6.1538
000826.SZ,2020-11-30,1.5027
000826.SZ,2020-12-31,-9.0175
000858.SZ,2016-01-31,-13.2698
000858.SZ,2016-02-29,-5.0719
000858.SZ,2016-03-31,25.1558
000858.SZ,2016-04-30,1.0317
000858.SZ,2016-05-31,5.7394
000858.SZ,2016-06-30,8.325
000858.SZ,2016-07-31,13.7975
000858.SZ,2016-08-31,-3.4835
000858.SZ,2016-09-30,-4.44
000858.SZ,2016-10-31,4.8561
000858.SZ,2016-11-30,2.7158
000858.SZ,2016-12-31,-4.0356
000858.SZ,2017-01-31,7.3086
000858.SZ,2017-02-28,6.9189
000858.SZ,2017-03-31,8.6957
000858.SZ,2017-04-30,5.814
000858.SZ,2017-05-31,7.4115
000858.SZ,2017-06-30,16.249
000858.SZ,2017-07-31,0.1797
000858.SZ,2017-08-31,-0.4842
000858.SZ,2017-09-30,3.2258
000858.SZ,2017-10-31,16.3059
000858.SZ,2017-11-30,-1.5311
000858.SZ,2017-12-31,21.7683
000858.SZ,2018-01-31,5.6335
000858.SZ,2018-02-28,-11.9697
000858.SZ,2018-03-31,-10.6624
000858.SZ,2018-04-30,2.4412
000858.SZ,2018-05-31,16.1812
000858.SZ,2018-06-30,-3.7731
000858.SZ,2018-07-31,-3.2906
000858.SZ,2018-08-31,-14.2065
000858.SZ,2018-09-30,9.7738
000858.SZ,2018-10-31,-29.1391
000858.SZ,2018-11-30,8.8058
000858.SZ,2018-12-31,-2.8822
000858.SZ,2019-01-31,18.5142
000858.SZ,2019-02-28,18.5738
000858.SZ,2019-03-31,32.8671
000858.SZ,2019-04-30,7.7474
000858.SZ,2019-05-31,-1.0844
000858.SZ,2019-06-30,18.5281
000858.SZ,2019-07-31,2.34
000858.SZ,2019-08-31,17.2231
000858.SZ,2019-09-30,-8.2686
000858.SZ,2019-10-31,1.7565
000858.SZ,2019-11-30,-3.4297
000858.SZ,2019-12-31,4.2807
000858.SZ,2020-01-31,-5.15
000858.SZ,2020-02-29,-4.4071
000858.SZ,2020-03-31,-4.4776
000858.SZ,2020-04-30,17.8559
000858.SZ,2020-05-31,9.1552
000858.SZ,2020-06-30,17.0205
000858.SZ,2020-07-31,27.1038
000858.SZ,2020-08-31,10.3448
000858.SZ,2020-09-30,-7.9167
000858.SZ,2020-10-31,10.5656
000858.SZ,2020-11-30,3.9493
000858.SZ,2020-12-31,14.9016
000831.SZ,2016-01-31,-28.744
000831.SZ,2016-02-29,7.2542
000831.SZ,2016-03-31,10.8091
000831.SZ,2016-04-30,-17.6269
000831.SZ,2016-05-31,10.9418
000831.SZ,2016-06-30,-17.7278
000831.SZ,2016-07-31,-10.3945
000831.SZ,2016-08-31,1.0161
000831.SZ,2016-09-30,-5.6999
000831.SZ,2016-10-31,5.0667
000831.SZ,2016-11-30,0.2538
000831.SZ,2016-12-31,2.4473
000831.SZ,2017-01-31,-1.4003
000831.SZ,2017-02-28,5.3467
000831.SZ,2017-03-31,4.3616
000831.SZ,2017-04-30,-7.7508
000831.SZ,2017-05-31,-11.6145
000831.SZ,2017-06-30,2.4231
000831.SZ,2017-07-31,56.3239
000831.SZ,2017-08-31,-12.2817
000831.SZ,2017-09-30,-1.858
000831.SZ,2017-10-31,-11.6295
000831.SZ,2017-11-30,-6.0444
000831.SZ,2017-12-31,0.8143
000831.SZ,2018-01-31,-7.8352
000831.SZ,2018-02-28,-6.0473
000831.SZ,2018-03-31,9.7948
000831.SZ,2018-04-30,-2.0391
000831.SZ,2018-05-31,-6.5915
000831.SZ,2018-06-30,8.078
000831.SZ,2018-07-31,-7.8179
000831.SZ,2018-08-31,-9.2265
000831.SZ,2018-09-30,-0.4107
000831.SZ,2018-10-31,1.7526
000831.SZ,2018-11-30,-6.4843
000831.SZ,2018-12-31,-9.3174
000831.SZ,2019-01-31,0.1195
000831.SZ,2019-02-28,18.1384
000831.SZ,2019-03-31,32.7273
000831.SZ,2019-04-30,-15.449
000831.SZ,2019-05-31,47.6148
000831.SZ,2019-06-30,-1.0366
000831.SZ,2019-07-31,-19.9014
000831.SZ,2019-08-31,12.9231
000831.SZ,2019-09-30,-11.376
000831.SZ,2019-10-31,-14.5273
000831.SZ,2019-11-30,3.5072
000831.SZ,2019-12-31,12.5977
000831.SZ,2020-01-31,-11.8056
000831.SZ,2020-02-29,-9.9738
000831.SZ,2020-03-31,-2.9155
000831.SZ,2020-04-30,0.3003
000831.SZ,2020-05-31,26.5469
000831.SZ,2020-06-30,-9.9369
000831.SZ,2020-07-31,30.2977
000831.SZ,2020-08-31,-4.0323
000831.SZ,2020-09-30,-12.535
000831.SZ,2020-10-31,-4.9804
000831.SZ,2020-11-30,23.1615
000831.SZ,2020-12-31,-6.4516
000895.SZ,2016-01-31,-13.6208
000895.SZ,2016-02-29,-1.2479
000895.SZ,2016-03-31,21.2522
000895.SZ,2016-04-30,3.3786
000895.SZ,2016-05-31,4.1768
000895.SZ,2016-06-30,-2.6573
000895.SZ,2016-07-31,17.5766
000895.SZ,2016-08-31,-1.8737
000895.SZ,2016-09-30,1.7037
000895.SZ,2016-10-31,-2.925
000895.SZ,2016-11-30,-1.2227
000895.SZ,2016-12-31,-7.4713
000895.SZ,2017-01-31,2.2456
000895.SZ,2017-02-28,0.3271
000895.SZ,2017-03-31,5.0303
000895.SZ,2017-04-30,-3.6364
000895.SZ,2017-05-31,5.7648
000895.SZ,2017-06-30,9.3966
000895.SZ,2017-07-31,-10.7789
000895.SZ,2017-08-31,5.899
000895.SZ,2017-09-30,10.9626
000895.SZ,2017-10-31,5.6627
000895.SZ,2017-11-30,-4.7891
000895.SZ,2017-12-31,5.7884
000895.SZ,2018-01-31,5.2453
000895.SZ,2018-02-28,-2.7967
000895.SZ,2018-03-31,-5.5699
000895.SZ,2018-04-30,1.9513
000895.SZ,2018-05-31,17.1531
000895.SZ,2018-06-30,-9.8635
000895.SZ,2018-07-31,-4.468
000895.SZ,2018-08-31,-7.6496
000895.SZ,2018-09-30,12.2318
000895.SZ,2018-10-31,-13.805
000895.SZ,2018-11-30,1.5972
000895.SZ,2018-12-31,7.1172
000895.SZ,2019-01-31,5.9771
000895.SZ,2019-02-28,-3.4
000895.SZ,2019-03-31,7.0393
000895.SZ,2019-04-30,9.9196
000895.SZ,2019-05-31,-9.9174
000895.SZ,2019-06-30,-0.718
000895.SZ,2019-07-31,-3.5356
000895.SZ,2019-08-31,-6.8721
000895.SZ,2019-09-30,10.4651
000895.SZ,2019-10-31,20.8502
000895.SZ,2019-11-30,3.8191
000895.SZ,2019-12-31,-6.3246
000895.SZ,2020-01-31,0.7923
000895.SZ,2020-02-29,16.1996
000895.SZ,2020-03-31,15.5882
000895.SZ,2020-04-30,2.8244
000895.SZ,2020-05-31,-2.1034
000895.SZ,2020-06-30,19.5024
000895.SZ,2020-07-31,18.529
000895.SZ,2020-08-31,16.2365
000895.SZ,2020-09-30,-16.6457
000895.SZ,2020-10-31,-5.5356
000895.SZ,2020-11-30,-6.5662
000895.SZ,2020-12-31,1.778
000876.SZ,2016-01-31,0
000876.SZ,2016-02-29,0
000876.SZ,2016-03-31,-15.3239
000876.SZ,2016-04-30,3.607
000876.SZ,2016-05-31,3.3013
000876.SZ,2016-06-30,-0.2587
000876.SZ,2016-07-31,0.9615
000876.SZ,2016-08-31,-0.2381
000876.SZ,2016-09-30,-3.8186
000876.SZ,2016-10-31,0.7444
000876.SZ,2016-11-30,5.0493
000876.SZ,2016-12-31,-5.6272
000876.SZ,2017-01-31,-0.1242
000876.SZ,2017-02-28,1.6169
000876.SZ,2017-03-31,-1.4688
000876.SZ,2017-04-30,1.4907
000876.SZ,2017-05-31,-2.0808
000876.SZ,2017-06-30,2.75
000876.SZ,2017-07-31,1.0949
000876.SZ,2017-08-31,-3.3513
000876.SZ,2017-09-30,-2.3841
000876.SZ,2017-10-31,0.4071
000876.SZ,2017-11-30,2.8378
000876.SZ,2017-12-31,-2.1025
000876.SZ,2018-01-31,11.6779
000876.SZ,2018-02-28,-9.0144
000876.SZ,2018-03-31,-3.8309
000876.SZ,2018-04-30,-1.3736
000876.SZ,2018-05-31,-0.6964
000876.SZ,2018-06-30,-11.0799
000876.SZ,2018-07-31,5.3232
000876.SZ,2018-08-31,-7.0552
000876.SZ,2018-09-30,1.1551
000876.SZ,2018-10-31,-2.9364
000876.SZ,2018-11-30,18.6555
000876.SZ,2018-12-31,3.1161
000876.SZ,2019-01-31,9.2033
000876.SZ,2019-02-28,33.3333
000876.SZ,2019-03-31,25.4717
000876.SZ,2019-04-30,30.1504
000876.SZ,2019-05-31,19.0064
000876.SZ,2019-06-30,-15.5418
000876.SZ,2019-07-31,11.399
000876.SZ,2019-08-31,0.8269
000876.SZ,2019-09-30,-11.9938
000876.SZ,2019-10-31,28.4799
000876.SZ,2019-11-30,-6.7543
000876.SZ,2019-12-31,-3.0141
000876.SZ,2020-01-31,-9.0727
000876.SZ,2020-02-29,33.4068
000876.SZ,2020-03-31,29.876
000876.SZ,2020-04-30,4.6771
000876.SZ,2020-05-31,-14.8328
000876.SZ,2020-06-30,6.9061
000876.SZ,2020-07-31,9.1275
000876.SZ,2020-08-31,16.8512
000876.SZ,2020-09-30,-27.1053
000876.SZ,2020-10-31,-2.9603
000876.SZ,2020-11-30,-3.3854
000876.SZ,2020-12-31,-13.7466
000898.SZ,2016-01-31,-14.2558
000898.SZ,2016-02-29,-5.6235
000898.SZ,2016-03-31,5.1813
000898.SZ,2016-04-30,2.2167
000898.SZ,2016-05-31,-6.747
000898.SZ,2016-06-30,-1.0336
000898.SZ,2016-07-31,7.0496
000898.SZ,2016-08-31,10.2439
000898.SZ,2016-09-30,0
000898.SZ,2016-10-31,0.2212
000898.SZ,2016-11-30,15.011
000898.SZ,2016-12-31,-3.263
000898.SZ,2017-01-31,20.0397
000898.SZ,2017-02-28,-0.3306
000898.SZ,2017-03-31,-8.4577
000898.SZ,2017-04-30,-3.442
000898.SZ,2017-05-31,-2.2514
000898.SZ,2017-06-30,9.9977
000898.SZ,2017-07-31,10.9541
000898.SZ,2017-08-31,16.7197
000898.SZ,2017-09-30,-10.6412
000898.SZ,2017-10-31,-4.7328
000898.SZ,2017-11-30,10.4167
000898.SZ,2017-12-31,-7.8374
000898.SZ,2018-01-31,11.9685
000898.SZ,2018-02-28,1.9691
000898.SZ,2018-03-31,-17.5172
000898.SZ,2018-04-30,5.0167
000898.SZ,2018-05-31,-3.5032
000898.SZ,2018-06-30,-4.2139
000898.SZ,2018-07-31,19.7487
000898.SZ,2018-08-31,-8.096
000898.SZ,2018-09-30,0.1631
000898.SZ,2018-10-31,-4.886
000898.SZ,2018-11-30,-5.4795
000898.SZ,2018-12-31,-7.0652
000898.SZ,2019-01-31,1.3645
000898.SZ,2019-02-28,9.0385
000898.SZ,2019-03-31,0.5291
000898.SZ,2019-04-30,-5.9649
000898.SZ,2019-05-31,-5.0373
000898.SZ,2019-06-30,1.0248
000898.SZ,2019-07-31,-7.6517
000898.SZ,2019-08-31,-10.8571
000898.SZ,2019-09-30,-0.9615
000898.SZ,2019-10-31,-3.2362
000898.SZ,2019-11-30,5.3512
000898.SZ,2019-12-31,6.3492
000898.SZ,2020-01-31,-9.5522
000898.SZ,2020-02-29,-5.6106
000898.SZ,2020-03-31,-5.9441
000898.SZ,2020-04-30,-2.2305
000898.SZ,2020-05-31,-6.4639
000898.SZ,2020-06-30,2.0526
000898.SZ,2020-07-31,9.7959
000898.SZ,2020-08-31,0
000898.SZ,2020-09-30,-3.7175
000898.SZ,2020-10-31,1.9305
000898.SZ,2020-11-30,18.9394
000898.SZ,2020-12-31,-3.1847
000917.SZ,2016-01-31,-39.4578
000917.SZ,2016-02-29,-13.3085
000917.SZ,2016-03-31,17.2884
000917.SZ,2016-04-30,10.0306
000917.SZ,2016-05-31,0
000917.SZ,2016-06-30,-8.1156
000917.SZ,2016-07-31,6.13
000917.SZ,2016-08-31,-1.6
000917.SZ,2016-09-30,-9.4657
000917.SZ,2016-10-31,3.0789
000917.SZ,2016-11-30,-2.9869
000917.SZ,2016-12-31,-7.6972
000917.SZ,2017-01-31,-6.4628
000917.SZ,2017-02-28,8.9896
000917.SZ,2017-03-31,-9.2025
000917.SZ,2017-04-30,-6.6066
000917.SZ,2017-05-31,-11.7363
000917.SZ,2017-06-30,2.9144
000917.SZ,2017-07-31,-6.8305
000917.SZ,2017-08-31,2.2857
000917.SZ,2017-09-30,-1.7691
000917.SZ,2017-10-31,-3.8863
000917.SZ,2017-11-30,-7.4951
000917.SZ,2017-12-31,-3.4115
000917.SZ,2018-01-31,-13.5762
000917.SZ,2018-02-28,-6.1303
000917.SZ,2018-03-31,6.5306
000917.SZ,2018-04-30,-16.2197
000917.SZ,2018-05-31,0.4573
000917.SZ,2018-06-30,-12.5948
000917.SZ,2018-07-31,0.1736
000917.SZ,2018-08-31,-12.4783
000917.SZ,2018-09-30,4.7525
000917.SZ,2018-10-31,-21.172
000917.SZ,2018-11-30,47.482
000917.SZ,2018-12-31,12.5203
000917.SZ,2019-01-31,-17.341
000917.SZ,2019-02-28,33.2168
000917.SZ,2019-03-31,18.6352
000917.SZ,2019-04-30,-12.8319
000917.SZ,2019-05-31,-3.5533
000917.SZ,2019-06-30,-7.5
000917.SZ,2019-07-31,-9.404
000917.SZ,2019-08-31,-2.3622
000917.SZ,2019-09-30,-4.8387
000917.SZ,2019-10-31,10.1695
000917.SZ,2019-11-30,-8.1538
000917.SZ,2019-12-31,12.8978
000917.SZ,2020-01-31,-5.3412
000917.SZ,2020-02-29,-2.0376
000917.SZ,2020-03-31,-2.72
000917.SZ,2020-04-30,3.9474
000917.SZ,2020-05-31,2.2152
000917.SZ,2020-06-30,-2.1672
000917.SZ,2020-07-31,14.0832
000917.SZ,2020-08-31,-7.5
000917.SZ,2020-09-30,-8.5586
000917.SZ,2020-10-31,-15.5993
000917.SZ,2020-11-30,10.5058
000917.SZ,2020-12-31,-14.6127
000937.SZ,2016-01-31,-4.9603
000937.SZ,2016-02-29,11.691
000937.SZ,2016-03-31,-1.4953
000937.SZ,2016-04-30,19.5446
000937.SZ,2016-05-31,-15.5556
000937.SZ,2016-06-30,0
000937.SZ,2016-07-31,19.9248
000937.SZ,2016-08-31,0.627
000937.SZ,2016-09-30,-2.8037
000937.SZ,2016-10-31,6.891
000937.SZ,2016-11-30,20.3898
000937.SZ,2016-12-31,-16.0648
000937.SZ,2017-01-31,14.095
000937.SZ,2017-02-28,-7.1521
000937.SZ,2017-03-31,-6.1625
000937.SZ,2017-04-30,0.597
000937.SZ,2017-05-31,-12.6113
000937.SZ,2017-06-30,5.6425
000937.SZ,2017-07-31,16.6667
000937.SZ,2017-08-31,-1.1204
000937.SZ,2017-09-30,-3.1161
000937.SZ,2017-10-31,-10.3801
000937.SZ,2017-11-30,-2.9364
000937.SZ,2017-12-31,-2.1849
000937.SZ,2018-01-31,1.7182
000937.SZ,2018-02-28,-5.0676
000937.SZ,2018-03-31,-8.8968
000937.SZ,2018-04-30,-7.4219
000937.SZ,2018-05-31,-5.9072
000937.SZ,2018-06-30,-5.6162
000937.SZ,2018-07-31,3.6496
000937.SZ,2018-08-31,-3.2864
000937.SZ,2018-09-30,-0.9709
000937.SZ,2018-10-31,-1.4706
000937.SZ,2018-11-30,-3.9801
000937.SZ,2018-12-31,-2.3316
000937.SZ,2019-01-31,-1.8568
000937.SZ,2019-02-28,13.2432
000937.SZ,2019-03-31,3.58
000937.SZ,2019-04-30,-1.3825
000937.SZ,2019-05-31,-7.0093
000937.SZ,2019-06-30,-0.5155
000937.SZ,2019-07-31,-2.8497
000937.SZ,2019-08-31,-5.6
000937.SZ,2019-09-30,-1.1299
000937.SZ,2019-10-31,1.1429
000937.SZ,2019-11-30,-0.8475
000937.SZ,2019-12-31,4.2735
000937.SZ,2020-01-31,-6.0109
000937.SZ,2020-02-29,-6.686
000937.SZ,2020-03-31,-5.919
000937.SZ,2020-04-30,0
000937.SZ,2020-05-31,-1.3245
000937.SZ,2020-06-30,1.3423
000937.SZ,2020-07-31,16.2252
000937.SZ,2020-08-31,9.6866
000937.SZ,2020-09-30,2.139
000937.SZ,2020-10-31,-7.3298
000937.SZ,2020-11-30,11.8644
000937.SZ,2020-12-31,5.0505
000883.SZ,2016-01-31,-30.1303
000883.SZ,2016-02-29,-3.2634
000883.SZ,2016-03-31,13.494
000883.SZ,2016-04-30,-5.5202
000883.SZ,2016-05-31,6.2921
000883.SZ,2016-06-30,-2.1142
000883.SZ,2016-07-31,1.2959
000883.SZ,2016-08-31,3.791
000883.SZ,2016-09-30,-3.3473
000883.SZ,2016-10-31,2.5974
000883.SZ,2016-11-30,4.2194
000883.SZ,2016-12-31,-7.2874
000883.SZ,2017-01-31,1.31
000883.SZ,2017-02-28,4.0948
000883.SZ,2017-03-31,1.6563
000883.SZ,2017-04-30,-1.4257
000883.SZ,2017-05-31,0.2066
000883.SZ,2017-06-30,3.5052
000883.SZ,2017-07-31,1.2819
000883.SZ,2017-08-31,1.2024
000883.SZ,2017-09-30,-1.3861
000883.SZ,2017-10-31,-1.004
000883.SZ,2017-11-30,-5.6795
000883.SZ,2017-12-31,-0.4301
000883.SZ,2018-01-31,1.0799
000883.SZ,2018-02-28,-2.7778
000883.SZ,2018-03-31,-4.6154
000883.SZ,2018-04-30,-1.6129
000883.SZ,2018-05-31,1.171
000883.SZ,2018-06-30,-4.8611
000883.SZ,2018-07-31,7.0673
000883.SZ,2018-08-31,-5.5814
000883.SZ,2018-09-30,-0.7389
000883.SZ,2018-10-31,-9.6774
000883.SZ,2018-11-30,-0.8242
000883.SZ,2018-12-31,1.662
000883.SZ,2019-01-31,1.0899
000883.SZ,2019-02-28,10.2426
000883.SZ,2019-03-31,2.445
000883.SZ,2019-04-30,-4.2959
000883.SZ,2019-05-31,1.7456
000883.SZ,2019-06-30,6.3725
000883.SZ,2019-07-31,-0.7092
000883.SZ,2019-08-31,-4.0476
000883.SZ,2019-09-30,0.9926
000883.SZ,2019-10-31,0
000883.SZ,2019-11-30,1.4742
000883.SZ,2019-12-31,0.9685
000883.SZ,2020-01-31,-8.1535
000883.SZ,2020-02-29,-4.1775
000883.SZ,2020-03-31,-3.5422
000883.SZ,2020-04-30,5.0847
000883.SZ,2020-05-31,-4.8387
000883.SZ,2020-06-30,-0.565
000883.SZ,2020-07-31,9.8485
000883.SZ,2020-08-31,3.4483
000883.SZ,2020-09-30,-4.8718
000883.SZ,2020-10-31,6.7385
000883.SZ,2020-11-30,3.0303
000883.SZ,2020-12-31,-4.902
000963.SZ,2016-01-31,-17.1059
000963.SZ,2016-02-29,-0.8979
000963.SZ,2016-03-31,3.8913
000963.SZ,2016-04-30,-1.787
000963.SZ,2016-05-31,-4.3377
000963.SZ,2016-06-30,4.5243
000963.SZ,2016-07-31,4.7478
000963.SZ,2016-08-31,-4.1643
000963.SZ,2016-09-30,1.5371
000963.SZ,2016-10-31,7.1325
000963.SZ,2016-11-30,-0.8288
000963.SZ,2016-12-31,-1.2604
000963.SZ,2017-01-31,5.9387
000963.SZ,2017-02-28,1.8206
000963.SZ,2017-03-31,19.1793
000963.SZ,2017-04-30,-3.9396
000963.SZ,2017-05-31,3.7502
000963.SZ,2017-06-30,9.2308
000963.SZ,2017-07-31,-6.3581
000963.SZ,2017-08-31,1.5041
000963.SZ,2017-09-30,3.8738
000963.SZ,2017-10-31,7.6218
000963.SZ,2017-11-30,-5.4724
000963.SZ,2017-12-31,7.9327
000963.SZ,2018-01-31,4.6771
000963.SZ,2018-02-28,-0.3901
000963.SZ,2018-03-31,16.5895
000963.SZ,2018-04-30,4.5802
000963.SZ,2018-05-31,13.0803
000963.SZ,2018-06-30,-5.6481
000963.SZ,2018-07-31,-4.0415
000963.SZ,2018-08-31,-2.851
000963.SZ,2018-09-30,-6.6696
000963.SZ,2018-10-31,-15.0548
000963.SZ,2018-11-30,-4.2905
000963.SZ,2018-12-31,-22.4729
000963.SZ,2019-01-31,0.2646
000963.SZ,2019-02-28,19.4874
000963.SZ,2019-03-31,2.9338
000963.SZ,2019-04-30,6.9568
000963.SZ,2019-05-31,-16.1605
000963.SZ,2019-06-30,7.6535
000963.SZ,2019-07-31,6.0478
000963.SZ,2019-08-31,3.923
000963.SZ,2019-09-30,-8.4236
000963.SZ,2019-10-31,-0.3817
000963.SZ,2019-11-30,-5.7471
000963.SZ,2019-12-31,-0.8943
000963.SZ,2020-01-31,-14.4791
000963.SZ,2020-02-29,-7.4341
000963.SZ,2020-03-31,-9.5855
000963.SZ,2020-04-30,14.3266
000963.SZ,2020-05-31,13.5338
000963.SZ,2020-06-30,13.0278
000963.SZ,2020-07-31,9.8814
000963.SZ,2020-08-31,0.5755
000963.SZ,2020-09-30,-11.6595
000963.SZ,2020-10-31,12.915
000963.SZ,2020-11-30,-0.8247
000963.SZ,2020-12-31,-3.9769
000983.SZ,2016-01-31,17.4342
000983.SZ,2016-02-29,11.9048
000983.SZ,2016-03-31,-5.7572
000983.SZ,2016-04-30,13.6786
000983.SZ,2016-05-31,-13.6682
000983.SZ,2016-06-30,10.2842
000983.SZ,2016-07-31,11.411
000983.SZ,2016-08-31,10.022
000983.SZ,2016-09-30,-4.1041
000983.SZ,2016-10-31,4.071
000983.SZ,2016-11-30,3.009
000983.SZ,2016-12-31,-17.6241
000983.SZ,2017-01-31,5.4374
000983.SZ,2017-02-28,5.6054
000983.SZ,2017-03-31,2.4416
000983.SZ,2017-04-30,-8.7047
000983.SZ,2017-05-31,-12.4858
000983.SZ,2017-06-30,13.8854
000983.SZ,2017-07-31,23.0331
000983.SZ,2017-08-31,1.6682
000983.SZ,2017-09-30,-6.0164
000983.SZ,2017-10-31,-5.9166
000983.SZ,2017-11-30,1.3402
000983.SZ,2017-12-31,3.1536
000983.SZ,2018-01-31,4.8323
000983.SZ,2018-02-28,-13.0762
000983.SZ,2018-03-31,-15.1515
000983.SZ,2018-04-30,-0.8929
000983.SZ,2018-05-31,-1.0296
000983.SZ,2018-06-30,-2.3407
000983.SZ,2018-07-31,-8.0921
000983.SZ,2018-08-31,-4.0816
000983.SZ,2018-09-30,1.0638
000983.SZ,2018-10-31,-2.5564
000983.SZ,2018-11-30,-6.1728
000983.SZ,2018-12-31,-9.7039
000983.SZ,2019-01-31,-0.5464
000983.SZ,2019-02-28,14.4689
000983.SZ,2019-03-31,-0.32
000983.SZ,2019-04-30,10.4334
000983.SZ,2019-05-31,-10.4651
000983.SZ,2019-06-30,3.1522
000983.SZ,2019-07-31,1.3201
000983.SZ,2019-08-31,-4.2345
000983.SZ,2019-09-30,0
000983.SZ,2019-10-31,-3.5714
000983.SZ,2019-11-30,1.94
000983.SZ,2019-12-31,6.0554
000983.SZ,2020-01-31,-8.9723
000983.SZ,2020-02-29,-9.319
000983.SZ,2020-03-31,-4.1502
000983.SZ,2020-04-30,-2.4742
000983.SZ,2020-05-31,1.0571
000983.SZ,2020-06-30,4.1157
000983.SZ,2020-07-31,12.2667
000983.SZ,2020-08-31,0.2375
000983.SZ,2020-09-30,3.0806
000983.SZ,2020-10-31,6.4368
000983.SZ,2020-11-30,18.5745
000983.SZ,2020-12-31,2.7322
000999.SZ,2016-01-31,-23.7729
000999.SZ,2016-02-29,-3.7482
000999.SZ,2016-03-31,15.7264
000999.SZ,2016-04-30,-7.0319
000999.SZ,2016-05-31,6.0325
000999.SZ,2016-06-30,5.9956
000999.SZ,2016-07-31,11.4673
000999.SZ,2016-08-31,-3.8748
000999.SZ,2016-09-30,-1.0078
000999.SZ,2016-10-31,5.2467
000999.SZ,2016-11-30,-2.1577
000999.SZ,2016-12-31,-5.9696
000999.SZ,2017-01-31,1.6983
000999.SZ,2017-02-28,3.2604
000999.SZ,2017-03-31,3.9661
000999.SZ,2017-04-30,3.2593
000999.SZ,2017-05-31,6.3845
000999.SZ,2017-06-30,7.0465
000999.SZ,2017-07-31,-9.427
000999.SZ,2017-08-31,-0.6294
000999.SZ,2017-09-30,-1.7241
000999.SZ,2017-10-31,0.9667
000999.SZ,2017-11-30,-7.6241
000999.SZ,2017-12-31,4.4146
000999.SZ,2018-01-31,-2.0956
000999.SZ,2018-02-28,-4.8817
000999.SZ,2018-03-31,8.7643
000999.SZ,2018-04-30,-6.3521
000999.SZ,2018-05-31,13.9922
000999.SZ,2018-06-30,-3.8127
000999.SZ,2018-07-31,-8.9112
000999.SZ,2018-08-31,3.8264
000999.SZ,2018-09-30,-3.2295
000999.SZ,2018-10-31,-5.7322
000999.SZ,2018-11-30,2.1658
000999.SZ,2018-12-31,1.3453
000999.SZ,2019-01-31,-11.1826
000999.SZ,2019-02-28,13.8587
000999.SZ,2019-03-31,14.7176
000999.SZ,2019-04-30,2.2885
000999.SZ,2019-05-31,-6.6102
000999.SZ,2019-06-30,6.4973
000999.SZ,2019-07-31,-0.1363
000999.SZ,2019-08-31,2.2096
000999.SZ,2019-09-30,-1.3546
000999.SZ,2019-10-31,1.2015
000999.SZ,2019-11-30,-0.3053
000999.SZ,2019-12-31,7.7918
000999.SZ,2020-01-31,12.8788
000999.SZ,2020-02-29,-8.2774
000999.SZ,2020-03-31,-15.0915
000999.SZ,2020-04-30,4.3088
000999.SZ,2020-05-31,-6.8158
000999.SZ,2020-06-30,7.8315
000999.SZ,2020-07-31,5.2379
000999.SZ,2020-08-31,-5.9406
000999.SZ,2020-09-30,-10.2456
000999.SZ,2020-10-31,5.864
000999.SZ,2020-11-30,0.0739
000999.SZ,2020-12-31,-7.9705
001979.SZ,2016-01-31,-30.8725
001979.SZ,2016-02-29,-3.3981
001979.SZ,2016-03-31,8.0402
001979.SZ,2016-04-30,-5.5814
001979.SZ,2016-05-31,-0.2111
001979.SZ,2016-06-30,2.3311
001979.SZ,2016-07-31,7.5789
001979.SZ,2016-08-31,7.1755
001979.SZ,2016-09-30,-2.7389
001979.SZ,2016-10-31,5.5695
001979.SZ,2016-11-30,14.4043
001979.SZ,2016-12-31,-15.0777
001979.SZ,2017-01-31,1.5253
001979.SZ,2017-02-28,2.9447
001979.SZ,2017-03-31,2.7437
001979.SZ,2017-04-30,8.6364
001979.SZ,2017-05-31,4.9163
001979.SZ,2017-06-30,6.4806
001979.SZ,2017-07-31,-6.8842
001979.SZ,2017-08-31,-2.3172
001979.SZ,2017-09-30,-3.6373
001979.SZ,2017-10-31,-0.6018
001979.SZ,2017-11-30,7.4298
001979.SZ,2017-12-31,0.2049
001979.SZ,2018-01-31,31.7996
001979.SZ,2018-02-28,-15.1668
001979.SZ,2018-03-31,-0.3201
001979.SZ,2018-04-30,-1.3303
001979.SZ,2018-05-31,1.2137
001979.SZ,2018-06-30,-10.0991
001979.SZ,2018-07-31,-0.1575
001979.SZ,2018-08-31,-5.3628
001979.SZ,2018-09-30,3.8333
001979.SZ,2018-10-31,0.5886
001979.SZ,2018-11-30,0.2128
001979.SZ,2018-12-31,-7.9087
001979.SZ,2019-01-31,11.0663
001979.SZ,2019-02-28,10.0156
001979.SZ,2019-03-31,8.6792
001979.SZ,2019-04-30,-4.5139
001979.SZ,2019-05-31,-1.2727
001979.SZ,2019-06-30,-3.7753
001979.SZ,2019-07-31,2.3326
001979.SZ,2019-08-31,-4.2656
001979.SZ,2019-09-30,-3.8481
001979.SZ,2019-10-31,-1.4218
001979.SZ,2019-11-30,-3.2585
001979.SZ,2019-12-31,9.7184
001979.SZ,2020-01-31,-8.7569
001979.SZ,2020-02-29,-4.3574
001979.SZ,2020-03-31,-4.9596
001979.SZ,2020-04-30,3.8835
001979.SZ,2020-05-31,-6.3668
001979.SZ,2020-06-30,2.5577
001979.SZ,2020-07-31,8.4229
001979.SZ,2020-08-31,-2.1102
001979.SZ,2020-09-30,-9.2814
001979.SZ,2020-10-31,-7.1947
001979.SZ,2020-11-30,4.2674
001979.SZ,2020-12-31,-9.3452
002007.SZ,2016-01-31,-0.6136
002007.SZ,2016-02-29,-7.6149
002007.SZ,2016-03-31,9.8762
002007.SZ,2016-04-30,5.4066
002007.SZ,2016-05-31,6.091
002007.SZ,2016-06-30,2.0295
002007.SZ,2016-07-31,22.3248
002007.SZ,2016-08-31,2.3171
002007.SZ,2016-09-30,-4.3766
002007.SZ,2016-10-31,-3.4593
002007.SZ,2016-11-30,-1.8743
002007.SZ,2016-12-31,0.4213
002007.SZ,2017-01-31,-3.8322
002007.SZ,2017-02-28,6.6899
002007.SZ,2017-03-31,-2.3991
002007.SZ,2017-04-30,2.2626
002007.SZ,2017-05-31,-3.3051
002007.SZ,2017-06-30,4.2536
002007.SZ,2017-07-31,-22.0548
002007.SZ,2017-08-31,-0.8436
002007.SZ,2017-09-30,-3.5448
002007.SZ,2017-10-31,5.3657
002007.SZ,2017-11-30,0.9766
002007.SZ,2017-12-31,-7.1503
002007.SZ,2018-01-31,0.5208
002007.SZ,2018-02-28,-0.5922
002007.SZ,2018-03-31,11.9509
002007.SZ,2018-04-30,-4.9551
002007.SZ,2018-05-31,26.2771
002007.SZ,2018-06-30,-10.0517
002007.SZ,2018-07-31,4.2289
002007.SZ,2018-08-31,1.6408
002007.SZ,2018-09-30,11.2416
002007.SZ,2018-10-31,-9.9736
002007.SZ,2018-11-30,10.7268
002007.SZ,2018-12-31,-13.1816
002007.SZ,2019-01-31,2.4695
002007.SZ,2019-02-28,15.1741
002007.SZ,2019-03-31,16.249
002007.SZ,2019-04-30,-5.2
002007.SZ,2019-05-31,-1.1486
002007.SZ,2019-06-30,9.5017
002007.SZ,2019-07-31,-1.6727
002007.SZ,2019-08-31,8.7392
002007.SZ,2019-09-30,5.2147
002007.SZ,2019-10-31,5.102
002007.SZ,2019-11-30,-7.1845
002007.SZ,2019-12-31,5.0508
002007.SZ,2020-01-31,2.6743
002007.SZ,2020-02-29,14.9903
002007.SZ,2020-03-31,15.4699
002007.SZ,2020-04-30,6.3183
002007.SZ,2020-05-31,5.9429
002007.SZ,2020-06-30,21.6853
002007.SZ,2020-07-31,29.5749
002007.SZ,2020-08-31,-11.2891
002007.SZ,2020-09-30,-1.059
002007.SZ,2020-10-31,-10.1597
002007.SZ,2020-11-30,-15.9375
002007.SZ,2020-12-31,-1.8587
002008.SZ,2016-01-31,-21.2823
002008.SZ,2016-02-29,-10.6477
002008.SZ,2016-03-31,22.1856
002008.SZ,2016-04-30,-2.2472
002008.SZ,2016-05-31,6.749
002008.SZ,2016-06-30,-0.6957
002008.SZ,2016-07-31,-0.2627
002008.SZ,2016-08-31,-0.3512
002008.SZ,2016-09-30,-5.9912
002008.SZ,2016-10-31,5.717
002008.SZ,2016-11-30,2.5709
002008.SZ,2016-12-31,-2.3336
002008.SZ,2017-01-31,-0.8407
002008.SZ,2017-02-28,7.3182
002008.SZ,2017-03-31,9.2308
002008.SZ,2017-04-30,11.9528
002008.SZ,2017-05-31,6.0864
002008.SZ,2017-06-30,11.712
002008.SZ,2017-07-31,3.3487
002008.SZ,2017-08-31,9.4693
002008.SZ,2017-09-30,11.2529
002008.SZ,2017-10-31,9.7248
002008.SZ,2017-11-30,1.4005
002008.SZ,2017-12-31,1.8347
002008.SZ,2018-01-31,-0.1215
002008.SZ,2018-02-28,15.3628
002008.SZ,2018-03-31,-3.9002
002008.SZ,2018-04-30,-14.6252
002008.SZ,2018-05-31,18.2108
002008.SZ,2018-06-30,-3.2909
002008.SZ,2018-07-31,-9.4003
002008.SZ,2018-08-31,-9.3588
002008.SZ,2018-09-30,-2.9991
002008.SZ,2018-10-31,-25.9854
002008.SZ,2018-11-30,7.2066
002008.SZ,2018-12-31,-9.6966
002008.SZ,2019-01-31,3.9855
002008.SZ,2019-02-28,25.974
002008.SZ,2019-03-31,6.1101
002008.SZ,2019-04-30,-7.346
002008.SZ,2019-05-31,-14.7492
002008.SZ,2019-06-30,3.773
002008.SZ,2019-07-31,-14.9215
002008.SZ,2019-08-31,5.9829
002008.SZ,2019-09-30,14.6774
002008.SZ,2019-10-31,6.8917
002008.SZ,2019-11-30,-7.9211
002008.SZ,2019-12-31,14.3184
002008.SZ,2020-01-31,8.65
002008.SZ,2020-02-29,-12.3562
002008.SZ,2020-03-31,-25.9911
002008.SZ,2020-04-30,7.4849
002008.SZ,2020-05-31,0.396
002008.SZ,2020-06-30,18.1788
002008.SZ,2020-07-31,11.7225
002008.SZ,2020-08-31,-7.007
002008.SZ,2020-09-30,-11.4639
002008.SZ,2020-10-31,22.1884
002008.SZ,2020-11-30,-1.6418
002008.SZ,2020-12-31,8.1184
002024.SZ,2016-01-31,-20.8922
002024.SZ,2016-02-29,-3.3835
002024.SZ,2016-03-31,11.3813
002024.SZ,2016-04-30,-2.5304
002024.SZ,2016-05-31,-0.7207
002024.SZ,2016-06-30,-1.4519
002024.SZ,2016-07-31,-2.7624
002024.SZ,2016-08-31,5.1136
002024.SZ,2016-09-30,-2.3423
002024.SZ,2016-10-31,3.321
002024.SZ,2016-11-30,4.1964
002024.SZ,2016-12-31,-1.8852
002024.SZ,2017-01-31,-3.3188
002024.SZ,2017-02-28,2.3487
002024.SZ,2017-03-31,-4.6778
002024.SZ,2017-04-30,-6.2963
002024.SZ,2017-05-31,5.0395
002024.SZ,2017-06-30,6.5463
002024.SZ,2017-07-31,5.7778
002024.SZ,2017-08-31,0.084
002024.SZ,2017-09-30,9.9916
002024.SZ,2017-10-31,10.229
002024.SZ,2017-11-30,-17.4515
002024.SZ,2017-12-31,3.104
002024.SZ,2018-01-31,7.323
002024.SZ,2018-02-28,-5.2312
002024.SZ,2018-03-31,12.56
002024.SZ,2018-04-30,-7.747
002024.SZ,2018-05-31,25.3467
002024.SZ,2018-06-30,-13.4604
002024.SZ,2018-07-31,-5.4396
002024.SZ,2018-08-31,-6.2831
002024.SZ,2018-09-30,8.8853
002024.SZ,2018-10-31,-15.5786
002024.SZ,2018-11-30,-6.0633
002024.SZ,2018-12-31,-7.8578
002024.SZ,2019-01-31,5.6853
002024.SZ,2019-02-28,17.5793
002024.SZ,2019-03-31,2.5327
002024.SZ,2019-04-30,0.5578
002024.SZ,2019-05-31,-14.1046
002024.SZ,2019-06-30,7.0091
002024.SZ,2019-07-31,-6.5331
002024.SZ,2019-08-31,0.0932
002024.SZ,2019-09-30,-3.5382
002024.SZ,2019-10-31,1.834
002024.SZ,2019-11-30,-6.6351
002024.SZ,2019-12-31,2.6396
002024.SZ,2020-01-31,-1.088
002024.SZ,2020-02-29,-7.2
002024.SZ,2020-03-31,-2.694
002024.SZ,2020-04-30,-6.7553
002024.SZ,2020-05-31,4.1568
002024.SZ,2020-06-30,0
002024.SZ,2020-07-31,18.2037
002024.SZ,2020-08-31,-4.4617
002024.SZ,2020-09-30,-7.6142
002024.SZ,2020-10-31,6.4835
002024.SZ,2020-11-30,-5.5728
002024.SZ,2020-12-31,-15.7377
002038.SZ,2016-01-31,-24.2388
002038.SZ,2016-02-29,-15.918
002038.SZ,2016-03-31,11.3871
002038.SZ,2016-04-30,19.0576
002038.SZ,2016-05-31,0.8481
002038.SZ,2016-06-30,5.7463
002038.SZ,2016-07-31,6.6265
002038.SZ,2016-08-31,0.7817
002038.SZ,2016-09-30,2.4201
002038.SZ,2016-10-31,-9.179
002038.SZ,2016-11-30,-0.8339
002038.SZ,2016-12-31,-10.1581
002038.SZ,2017-01-31,-2.0966
002038.SZ,2017-02-28,7.1893
002038.SZ,2017-03-31,-7.9558
002038.SZ,2017-04-30,-1.8992
002038.SZ,2017-05-31,1.2248
002038.SZ,2017-06-30,13.7783
002038.SZ,2017-07-31,-7.6868
002038.SZ,2017-08-31,-1.6841
002038.SZ,2017-09-30,3.3879
002038.SZ,2017-10-31,22.4595
002038.SZ,2017-11-30,14.4919
002038.SZ,2017-12-31,-18.6712
002038.SZ,2018-01-31,3.5841
002038.SZ,2018-02-28,-6.4526
002038.SZ,2018-03-31,27.5575
002038.SZ,2018-04-30,9.7701
002038.SZ,2018-05-31,13.5785
002038.SZ,2018-06-30,-19.4786
002038.SZ,2018-07-31,-8.1864
002038.SZ,2018-08-31,-0.6594
002038.SZ,2018-09-30,-7.1861
002038.SZ,2018-10-31,-15.3296
002038.SZ,2018-11-30,9.4014
002038.SZ,2018-12-31,-16.717
002038.SZ,2019-01-31,-2.6199
002038.SZ,2019-02-28,12.4172
002038.SZ,2019-03-31,1.62
002038.SZ,2019-04-30,-9.2391
002038.SZ,2019-05-31,-7.8643
002038.SZ,2019-06-30,2.0797
002038.SZ,2019-07-31,-9.5456
002038.SZ,2019-08-31,-5.4882
002038.SZ,2019-09-30,-5.8824
002038.SZ,2019-10-31,3.4455
002038.SZ,2019-11-30,-3.1758
002038.SZ,2019-12-31,5.2
002038.SZ,2020-01-31,7.9848
002038.SZ,2020-02-29,-9.0845
002038.SZ,2020-03-31,-7.4361
002038.SZ,2020-04-30,-6.7782
002038.SZ,2020-05-31,0.9874
002038.SZ,2020-06-30,13.8667
002038.SZ,2020-07-31,10.8189
002038.SZ,2020-08-31,-10.372
002038.SZ,2020-09-30,-6.9433
002038.SZ,2020-10-31,-4.4597
002038.SZ,2020-11-30,4.1293
002038.SZ,2020-12-31,-12.931
002065.SZ,2016-01-31,0
002065.SZ,2016-02-29,0
002065.SZ,2016-03-31,0
002065.SZ,2016-04-30,0
002065.SZ,2016-05-31,0
002065.SZ,2016-06-30,0
002065.SZ,2016-07-31,-20.1223
002065.SZ,2016-08-31,0.5023
002065.SZ,2016-09-30,2.9485
002065.SZ,2016-10-31,4.2718
002065.SZ,2016-11-30,8.1937
002065.SZ,2016-12-31,0.2582
002065.SZ,2017-01-31,-10.2575
002065.SZ,2017-02-28,0.9087
002065.SZ,2017-03-31,0.8531
002065.SZ,2017-04-30,-0.6579
002065.SZ,2017-05-31,-0.6149
002065.SZ,2017-06-30,3.7125
002065.SZ,2017-07-31,-5.3385
002065.SZ,2017-08-31,-2.3438
002065.SZ,2017-09-30,12.4
002065.SZ,2017-10-31,-10.4093
002065.SZ,2017-11-30,-5.859
002065.SZ,2017-12-31,-13.5021
002065.SZ,2018-01-31,-4.1463
002065.SZ,2018-02-28,3.6896
002065.SZ,2018-03-31,1.8405
002065.SZ,2018-04-30,3.494
002065.SZ,2018-05-31,19.9069
002065.SZ,2018-06-30,-16.5049
002065.SZ,2018-07-31,7.0943
002065.SZ,2018-08-31,-5.4885
002065.SZ,2018-09-30,4.5296
002065.SZ,2018-10-31,-20.5556
002065.SZ,2018-11-30,-0.5594
002065.SZ,2018-12-31,-2.2504
002065.SZ,2019-01-31,-7.1942
002065.SZ,2019-02-28,26.8217
002065.SZ,2019-03-31,8.1907
002065.SZ,2019-04-30,-11.0734
002065.SZ,2019-05-31,-9.1487
002065.SZ,2019-06-30,-2.2378
002065.SZ,2019-07-31,-1.9813
002065.SZ,2019-08-31,1.4815
002065.SZ,2019-09-30,-1.6058
002065.SZ,2019-10-31,5.9347
002065.SZ,2019-11-30,28.4314
002065.SZ,2019-12-31,12.5409
002065.SZ,2020-01-31,34.8837
002065.SZ,2020-02-29,5.9626
002065.SZ,2020-03-31,-12.4068
002065.SZ,2020-04-30,5.3406
002065.SZ,2020-05-31,-20.7201
002065.SZ,2020-06-30,16.0334
002065.SZ,2020-07-31,-2.3281
002065.SZ,2020-08-31,-4.2693
002065.SZ,2020-09-30,-12.6072
002065.SZ,2020-10-31,-10.4024
002065.SZ,2020-11-30,0.8762
002065.SZ,2020-12-31,-9.8806
002081.SZ,2016-01-31,-33.833
002081.SZ,2016-02-29,-1.2945
002081.SZ,2016-03-31,40
002081.SZ,2016-04-30,-10.4215
002081.SZ,2016-05-31,-0.915
002081.SZ,2016-06-30,0.4135
002081.SZ,2016-07-31,-1.497
002081.SZ,2016-08-31,17.3252
002081.SZ,2016-09-30,3.9724
002081.SZ,2016-10-31,-7.5581
002081.SZ,2016-11-30,1.9766
002081.SZ,2016-12-31,-13.7445
002081.SZ,2017-01-31,2.3493
002081.SZ,2017-02-28,7.8842
002081.SZ,2017-03-31,2.4977
002081.SZ,2017-04-30,-0.722
002081.SZ,2017-05-31,-8.0909
002081.SZ,2017-06-30,10.1673
002081.SZ,2017-07-31,0.2732
002081.SZ,2017-08-31,2.3615
002081.SZ,2017-09-30,-2.0408
002081.SZ,2017-10-31,24.0942
002081.SZ,2017-11-30,2.7737
002081.SZ,2017-12-31,8.8068
002081.SZ,2018-01-31,4.047
002081.SZ,2018-02-28,-11.1669
002081.SZ,2018-03-31,-8.3333
002081.SZ,2018-04-30,-6.1633
002081.SZ,2018-05-31,1.1494
002081.SZ,2018-06-30,-16.9964
002081.SZ,2018-07-31,5.9406
002081.SZ,2018-08-31,-12.3364
002081.SZ,2018-09-30,-4.1578
002081.SZ,2018-10-31,-10.7898
002081.SZ,2018-11-30,7.8554
002081.SZ,2018-12-31,-6.3584
002081.SZ,2019-01-31,4.321
002081.SZ,2019-02-28,28.1657
002081.SZ,2019-03-31,8.7719
002081.SZ,2019-04-30,-9.3379
002081.SZ,2019-05-31,-7.7793
002081.SZ,2019-06-30,6.8394
002081.SZ,2019-07-31,6.9835
002081.SZ,2019-08-31,-12.5113
002081.SZ,2019-09-30,-6.0104
002081.SZ,2019-10-31,-11.9074
002081.SZ,2019-11-30,0.7509
002081.SZ,2019-12-31,9.5652
002081.SZ,2020-01-31,-1.5873
002081.SZ,2020-02-29,-0.1152
002081.SZ,2020-03-31,-5.3057
002081.SZ,2020-04-30,-1.827
002081.SZ,2020-05-31,0.7794
002081.SZ,2020-06-30,-0.7576
002081.SZ,2020-07-31,14.1221
002081.SZ,2020-08-31,17.1683
002081.SZ,2020-09-30,-7.9924
002081.SZ,2020-10-31,1.9648
002081.SZ,2020-11-30,7.7079
002081.SZ,2020-12-31,-11.5819
002142.SZ,2016-01-31,-21.7924
002142.SZ,2016-02-29,-1.4839
002142.SZ,2016-03-31,12.7197
002142.SZ,2016-04-30,4.0831
002142.SZ,2016-05-31,6.2767
002142.SZ,2016-06-30,-0.8054
002142.SZ,2016-07-31,7.4811
002142.SZ,2016-08-31,8.3009
002142.SZ,2016-09-30,-6.2874
002142.SZ,2016-10-31,7.2843
002142.SZ,2016-11-30,4.4074
002142.SZ,2016-12-31,-5.077
002142.SZ,2017-01-31,6.6707
002142.SZ,2017-02-28,6.0845
002142.SZ,2017-03-31,-2.1774
002142.SZ,2017-04-30,-4.3974
002142.SZ,2017-05-31,4.77
002142.SZ,2017-06-30,4.607
002142.SZ,2017-07-31,8.4727
002142.SZ,2017-08-31,0.6325
002142.SZ,2017-09-30,-0.8171
002142.SZ,2017-10-31,8.6819
002142.SZ,2017-11-30,7.172
002142.SZ,2017-12-31,-3.1012
002142.SZ,2018-01-31,12.5772
002142.SZ,2018-02-28,1.1471
002142.SZ,2018-03-31,-6.1637
002142.SZ,2018-04-30,-4.8345
002142.SZ,2018-05-31,-6.0188
002142.SZ,2018-06-30,-4.2891
002142.SZ,2018-07-31,9.6401
002142.SZ,2018-08-31,-3.7292
002142.SZ,2018-09-30,5.8403
002142.SZ,2018-10-31,-0.8446
002142.SZ,2018-11-30,-3.975
002142.SZ,2018-12-31,-4.0804
002142.SZ,2019-01-31,7.5832
002142.SZ,2019-02-28,10.6017
002142.SZ,2019-03-31,10.0518
002142.SZ,2019-04-30,7.8154
002142.SZ,2019-05-31,1.31
002142.SZ,2019-06-30,4.4828
002142.SZ,2019-07-31,-0.9764
002142.SZ,2019-08-31,-3.1793
002142.SZ,2019-09-30,10.3765
002142.SZ,2019-10-31,7.14
002142.SZ,2019-11-30,-1.592
002142.SZ,2019-12-31,5.9067
002142.SZ,2020-01-31,-4.3339
002142.SZ,2020-02-29,-6.5726
002142.SZ,2020-03-31,-8.3466
002142.SZ,2020-04-30,12.9662
002142.SZ,2020-05-31,-1.6891
002142.SZ,2020-06-30,2.5771
002142.SZ,2020-07-31,12.0356
002142.SZ,2020-08-31,22.5406
002142.SZ,2020-09-30,-11.3239
002142.SZ,2020-10-31,7.9416
002142.SZ,2020-11-30,8.5933
002142.SZ,2020-12-31,-4.2276
002146.SZ,2016-01-31,-29.171
002146.SZ,2016-02-29,4
002146.SZ,2016-03-31,3.4188
002146.SZ,2016-04-30,-4.5455
002146.SZ,2016-05-31,-1.7316
002146.SZ,2016-06-30,2.2904
002146.SZ,2016-07-31,3.869
002146.SZ,2016-08-31,13.1805
002146.SZ,2016-09-30,-1.0127
002146.SZ,2016-10-31,4.6036
002146.SZ,2016-11-30,8.313
002146.SZ,2016-12-31,-11.3995
002146.SZ,2017-01-31,3.4395
002146.SZ,2017-02-28,4.9261
002146.SZ,2017-03-31,2.3474
002146.SZ,2017-04-30,34.7477
002146.SZ,2017-05-31,-11.7447
002146.SZ,2017-06-30,-1.0744
002146.SZ,2017-07-31,6.8896
002146.SZ,2017-08-31,-3.3175
002146.SZ,2017-09-30,-6.2745
002146.SZ,2017-10-31,-0.6276
002146.SZ,2017-11-30,-8.1053
002146.SZ,2017-12-31,9.1638
002146.SZ,2018-01-31,44.3861
002146.SZ,2018-02-28,-20.3488
002146.SZ,2018-03-31,-8.5766
002146.SZ,2018-04-30,1.996
002146.SZ,2018-05-31,-9.2955
002146.SZ,2018-06-30,-5.8252
002146.SZ,2018-07-31,-0.944
002146.SZ,2018-08-31,-1.0962
002146.SZ,2018-09-30,-1.7241
002146.SZ,2018-10-31,-0.5013
002146.SZ,2018-11-30,5.5416
002146.SZ,2018-12-31,-5.1313
002146.SZ,2019-01-31,15.4717
002146.SZ,2019-02-28,4.0305
002146.SZ,2019-03-31,17.801
002146.SZ,2019-04-30,-8
002146.SZ,2019-05-31,-9.0821
002146.SZ,2019-06-30,-0.2125
002146.SZ,2019-07-31,-2.141
002146.SZ,2019-08-31,-7.3143
002146.SZ,2019-09-30,2.0962
002146.SZ,2019-10-31,5.0725
002146.SZ,2019-11-30,-0.8046
002146.SZ,2019-12-31,13.905
002146.SZ,2020-01-31,-7.8332
002146.SZ,2020-02-29,-5.5188
002146.SZ,2020-03-31,-9.4626
002146.SZ,2020-04-30,4.5161
002146.SZ,2020-05-31,-3.8272
002146.SZ,2020-06-30,3.9795
002146.SZ,2020-07-31,7.2598
002146.SZ,2020-08-31,0.2433
002146.SZ,2020-09-30,-7.4029
002146.SZ,2020-10-31,-7.8637
002146.SZ,2020-11-30,3.9829
002146.SZ,2020-12-31,-10.6703
002153.SZ,2016-01-31,-46.9603
002153.SZ,2016-02-29,-11.2374
002153.SZ,2016-03-31,27.4019
002153.SZ,2016-04-30,-10.0364
002153.SZ,2016-05-31,-1.5658
002153.SZ,2016-06-30,-1.1985
002153.SZ,2016-07-31,-7.3541
002153.SZ,2016-08-31,1.7185
002153.SZ,2016-09-30,-1.7699
002153.SZ,2016-10-31,2.0066
002153.SZ,2016-11-30,2.9707
002153.SZ,2016-12-31,-4.9903
002153.SZ,2017-01-31,-8.2068
002153.SZ,2017-02-28,5.9008
002153.SZ,2017-03-31,-8.8645
002153.SZ,2017-04-30,-1.5748
002153.SZ,2017-05-31,-2.9647
002153.SZ,2017-06-30,10.4491
002153.SZ,2017-07-31,-2.1557
002153.SZ,2017-08-31,3.3723
002153.SZ,2017-09-30,2.3054
002153.SZ,2017-10-31,1.6156
002153.SZ,2017-11-30,18.8285
002153.SZ,2017-12-31,-6.1268
002153.SZ,2018-01-31,-5.0263
002153.SZ,2018-02-28,12.1643
002153.SZ,2018-03-31,-5.5282
002153.SZ,2018-04-30,-7.2307
002153.SZ,2018-05-31,20.0482
002153.SZ,2018-06-30,-2.6011
002153.SZ,2018-07-31,12.6552
002153.SZ,2018-08-31,9.5807
002153.SZ,2018-09-30,-5.6983
002153.SZ,2018-10-31,-13.6552
002153.SZ,2018-11-30,-1.5437
002153.SZ,2018-12-31,-9.547
002153.SZ,2019-01-31,7.0108
002153.SZ,2019-02-28,15.3708
002153.SZ,2019-03-31,1.8721
002153.SZ,2019-04-30,-4.6248
002153.SZ,2019-05-31,7.097
002153.SZ,2019-06-30,8.8458
002153.SZ,2019-07-31,-1.0776
002153.SZ,2019-08-31,-5.0279
002153.SZ,2019-09-30,16.0294
002153.SZ,2019-10-31,-7.8327
002153.SZ,2019-11-30,-0.7426
002153.SZ,2019-12-31,8.0632
002153.SZ,2020-01-31,-3.6923
002153.SZ,2020-02-29,3.328
002153.SZ,2020-03-31,-25.3801
002153.SZ,2020-04-30,5.8702
002153.SZ,2020-05-31,-3.1637
002153.SZ,2020-06-30,31.5932
002153.SZ,2020-07-31,-5.8417
002153.SZ,2020-08-31,-10.4762
002153.SZ,2020-09-30,16.4134
002153.SZ,2020-10-31,-3.812
002153.SZ,2020-11-30,-9.392
002153.SZ,2020-12-31,-6.8604
002202.SZ,2016-01-31,-29.706
002202.SZ,2016-02-29,-9.7378
002202.SZ,2016-03-31,13.5546
002202.SZ,2016-04-30,-3.9586
002202.SZ,2016-05-31,-4.2486
002202.SZ,2016-06-30,0.1987
002202.SZ,2016-07-31,2.842
002202.SZ,2016-08-31,8.2282
002202.SZ,2016-09-30,-3.9804
002202.SZ,2016-10-31,-0.8929
002202.SZ,2016-11-30,21.2355
002202.SZ,2016-12-31,-9.1826
002202.SZ,2017-01-31,-2.4547
002202.SZ,2017-02-28,1.0186
002202.SZ,2017-03-31,-4.745
002202.SZ,2017-04-30,-6.538
002202.SZ,2017-05-31,1.1992
002202.SZ,2017-06-30,1.8433
002202.SZ,2017-07-31,-1.5514
002202.SZ,2017-08-31,3.735
002202.SZ,2017-09-30,8.9241
002202.SZ,2017-10-31,10.2603
002202.SZ,2017-11-30,9.7222
002202.SZ,2017-12-31,19.3038
002202.SZ,2018-01-31,-3.8196
002202.SZ,2018-02-28,-2.5372
002202.SZ,2018-03-31,2.5467
002202.SZ,2018-04-30,-4.8565
002202.SZ,2018-05-31,-6.3805
002202.SZ,2018-06-30,-21.6853
002202.SZ,2018-07-31,10.2848
002202.SZ,2018-08-31,-11.3192
002202.SZ,2018-09-30,-1.3147
002202.SZ,2018-10-31,-26.811
002202.SZ,2018-11-30,25.3697
002202.SZ,2018-12-31,-9.3466
002202.SZ,2019-01-31,28.6286
002202.SZ,2019-02-28,7.5486
002202.SZ,2019-03-31,15.58
002202.SZ,2019-04-30,-20.5498
002202.SZ,2019-05-31,-1.1246
002202.SZ,2019-06-30,8.7489
002202.SZ,2019-07-31,-3.7812
002202.SZ,2019-08-31,10.6315
002202.SZ,2019-09-30,-3.3205
002202.SZ,2019-10-31,0.3994
002202.SZ,2019-11-30,-7.7963
002202.SZ,2019-12-31,3.1061
002202.SZ,2020-01-31,-1.5063
002202.SZ,2020-02-29,-10.6202
002202.SZ,2020-03-31,-9.6958
002202.SZ,2020-04-30,5.0526
002202.SZ,2020-05-31,-5.01
002202.SZ,2020-06-30,5.1688
002202.SZ,2020-07-31,30.3912
002202.SZ,2020-08-31,-14.8639
002202.SZ,2020-09-30,-6.3187
002202.SZ,2020-10-31,13.1965
002202.SZ,2020-11-30,8.0311
002202.SZ,2020-12-31,13.9089
002129.SZ,2016-01-31,-33.2242
002129.SZ,2016-02-29,-6.4951
002129.SZ,2016-03-31,14.6789
002129.SZ,2016-04-30,-5.2571
002129.SZ,2016-05-31,0
002129.SZ,2016-06-30,0
002129.SZ,2016-07-31,0
002129.SZ,2016-08-31,0
002129.SZ,2016-09-30,0
002129.SZ,2016-10-31,0
002129.SZ,2016-11-30,0
002129.SZ,2016-12-31,0
002129.SZ,2017-01-31,0
002129.SZ,2017-02-28,0
002129.SZ,2017-03-31,0
002129.SZ,2017-04-30,0
002129.SZ,2017-05-31,0
002129.SZ,2017-06-30,0
002129.SZ,2017-07-31,0
002129.SZ,2017-08-31,0
002129.SZ,2017-09-30,0
002129.SZ,2017-10-31,0
002129.SZ,2017-11-30,20.9951
002129.SZ,2017-12-31,15.2457
002129.SZ,2018-01-31,-17.4935
002129.SZ,2018-02-28,-4.0084
002129.SZ,2018-03-31,13.8462
002129.SZ,2018-04-30,9.749
002129.SZ,2018-05-31,-17.0624
002129.SZ,2018-06-30,-16.7358
002129.SZ,2018-07-31,7.6628
002129.SZ,2018-08-31,-11.7438
002129.SZ,2018-09-30,2.2849
002129.SZ,2018-10-31,-25.0986
002129.SZ,2018-11-30,15.614
002129.SZ,2018-12-31,9.7117
002129.SZ,2019-01-31,16.3209
002129.SZ,2019-02-28,15.1011
002129.SZ,2019-03-31,2.4793
002129.SZ,2019-04-30,2.4194
002129.SZ,2019-05-31,-0.1969
002129.SZ,2019-06-30,-3.7475
002129.SZ,2019-07-31,4.6171
002129.SZ,2019-08-31,6.778
002129.SZ,2019-09-30,11.4075
002129.SZ,2019-10-31,-5.0372
002129.SZ,2019-11-30,-12.087
002129.SZ,2019-12-31,16.815
002129.SZ,2020-01-31,32.7688
002129.SZ,2020-02-29,12.1173
002129.SZ,2020-03-31,-18.7144
002129.SZ,2020-04-30,20.154
002129.SZ,2020-05-31,2.2132
002129.SZ,2020-06-30,28.1583
002129.SZ,2020-07-31,8.3259
002129.SZ,2020-08-31,-10.933
002129.SZ,2020-09-30,2.215
002129.SZ,2020-10-31,5.3725
002129.SZ,2020-11-30,-4.413
002129.SZ,2020-12-31,14.2985
002230.SZ,2016-01-31,-31.7139
002230.SZ,2016-02-29,0.0395
002230.SZ,2016-03-31,10.3516
002230.SZ,2016-04-30,0
002230.SZ,2016-05-31,4.3119
002230.SZ,2016-06-30,13.1588
002230.SZ,2016-07-31,-11.7199
002230.SZ,2016-08-31,4.7241
002230.SZ,2016-09-30,-6.3879
002230.SZ,2016-10-31,5.452
002230.SZ,2016-11-30,-1.0007
002230.SZ,2016-12-31,-8.7264
002230.SZ,2017-01-31,-0.2215
002230.SZ,2017-02-28,13.7995
002230.SZ,2017-03-31,14.1092
002230.SZ,2017-04-30,-9.3949
002230.SZ,2017-05-31,-5.9306
002230.SZ,2017-06-30,33.8028
002230.SZ,2017-07-31,18.8471
002230.SZ,2017-08-31,20.2235
002230.SZ,2017-09-30,-5.8937
002230.SZ,2017-10-31,-0.0932
002230.SZ,2017-11-30,22.8731
002230.SZ,2017-12-31,-10.2035
002230.SZ,2018-01-31,-7.068
002230.SZ,2018-02-28,0.4185
002230.SZ,2018-03-31,10.2192
002230.SZ,2018-04-30,-13.2336
002230.SZ,2018-05-31,3.0851
002230.SZ,2018-06-30,-11.4333
002230.SZ,2018-07-31,-2.058
002230.SZ,2018-08-31,-0.5094
002230.SZ,2018-09-30,-8.576
002230.SZ,2018-10-31,-21.0011
002230.SZ,2018-11-30,9.0829
002230.SZ,2018-12-31,0.0812
002230.SZ,2019-01-31,10.7549
002230.SZ,2019-02-28,30.8538
002230.SZ,2019-03-31,1.6242
002230.SZ,2019-04-30,-10.9672
002230.SZ,2019-05-31,-9.9969
002230.SZ,2019-06-30,14.3054
002230.SZ,2019-07-31,-1.1733
002230.SZ,2019-08-31,0.1522
002230.SZ,2019-09-30,-3.1611
002230.SZ,2019-10-31,4.1602
002230.SZ,2019-11-30,-0.3929
002230.SZ,2019-12-31,4.6117
002230.SZ,2020-01-31,2.0592
002230.SZ,2020-02-29,9.6618
002230.SZ,2020-03-31,-10.7023
002230.SZ,2020-04-30,-3.4243
002230.SZ,2020-05-31,-3.9964
002230.SZ,2020-06-30,17.4865
002230.SZ,2020-07-31,-2.164
002230.SZ,2020-08-31,2.9219
002230.SZ,2020-09-30,-9.074
002230.SZ,2020-10-31,11.0009
002230.SZ,2020-11-30,0.4732
002230.SZ,2020-12-31,6.9335
002236.SZ,2016-01-31,-19.6748
002236.SZ,2016-02-29,4.251
002236.SZ,2016-03-31,16.6343
002236.SZ,2016-04-30,-3.2202
002236.SZ,2016-05-31,-4.1817
002236.SZ,2016-06-30,-1.4296
002236.SZ,2016-07-31,13.5878
002236.SZ,2016-08-31,1.7473
002236.SZ,2016-09-30,2.4439
002236.SZ,2016-10-31,-5.7382
002236.SZ,2016-11-30,-2.1204
002236.SZ,2016-12-31,-4.4025
002236.SZ,2017-01-31,0.1462
002236.SZ,2017-02-28,11.8248
002236.SZ,2017-03-31,4.2428
002236.SZ,2017-04-30,15.216
002236.SZ,2017-05-31,1.6304
002236.SZ,2017-06-30,22.5353
002236.SZ,2017-07-31,5.5677
002236.SZ,2017-08-31,2.2841
002236.SZ,2017-09-30,-2.2737
002236.SZ,2017-10-31,15.2887
002236.SZ,2017-11-30,-12.2883
002236.SZ,2017-12-31,-5.1356
002236.SZ,2018-01-31,13.7722
002236.SZ,2018-02-28,10.0114
002236.SZ,2018-03-31,-11.3495
002236.SZ,2018-04-30,-12.178
002236.SZ,2018-05-31,8.6789
002236.SZ,2018-06-30,-7.0103
002236.SZ,2018-07-31,-16.6741
002236.SZ,2018-08-31,-17.2432
002236.SZ,2018-09-30,-5.0161
002236.SZ,2018-10-31,-22.0718
002236.SZ,2018-11-30,15.8992
002236.SZ,2018-12-31,-14.093
002236.SZ,2019-01-31,7.8534
002236.SZ,2019-02-28,28.0744
002236.SZ,2019-03-31,3.7271
002236.SZ,2019-04-30,1.1909
002236.SZ,2019-05-31,-24.2131
002236.SZ,2019-06-30,15.9744
002236.SZ,2019-07-31,11.2259
002236.SZ,2019-08-31,-0.5573
002236.SZ,2019-09-30,7.5342
002236.SZ,2019-10-31,-6.6589
002236.SZ,2019-11-30,5.0868
002236.SZ,2019-12-31,17.3554
002236.SZ,2020-01-31,1.2072
002236.SZ,2020-02-29,-3.6779
002236.SZ,2020-03-31,-16.5635
002236.SZ,2020-04-30,4.329
002236.SZ,2020-05-31,-11.083
002236.SZ,2020-06-30,29.0995
002236.SZ,2020-07-31,10.8277
002236.SZ,2020-08-31,7.3744
002236.SZ,2020-09-30,-10.3237
002236.SZ,2020-10-31,10.2927
002236.SZ,2020-11-30,-7.6073
002236.SZ,2020-12-31,-4.787
002195.SZ,2016-01-31,-34.0541
002195.SZ,2016-02-29,-3.4836
002195.SZ,2016-03-31,14.2675
002195.SZ,2016-04-30,-10.851
002195.SZ,2016-05-31,8.1284
002195.SZ,2016-06-30,-4.8762
002195.SZ,2016-07-31,-4.1497
002195.SZ,2016-08-31,-1.2733
002195.SZ,2016-09-30,-2.4936
002195.SZ,2016-10-31,5.2028
002195.SZ,2016-11-30,2.0117
002195.SZ,2016-12-31,-6.9844
002195.SZ,2017-01-31,-12.7208
002195.SZ,2017-02-28,18.2186
002195.SZ,2017-03-31,-0.8562
002195.SZ,2017-04-30,-13.0422
002195.SZ,2017-05-31,1.5254
002195.SZ,2017-06-30,19.3656
002195.SZ,2017-07-31,9.7902
002195.SZ,2017-08-31,3.3121
002195.SZ,2017-09-30,-12.0838
002195.SZ,2017-10-31,-4.7686
002195.SZ,2017-11-30,-11.6348
002195.SZ,2017-12-31,-2.6667
002195.SZ,2018-01-31,3.7671
002195.SZ,2018-02-28,-0.165
002195.SZ,2018-03-31,-5.2893
002195.SZ,2018-04-30,28.2723
002195.SZ,2018-05-31,-19.1837
002195.SZ,2018-06-30,-5.8306
002195.SZ,2018-07-31,4.9065
002195.SZ,2018-08-31,-0.2227
002195.SZ,2018-09-30,-4.0179
002195.SZ,2018-10-31,-7.6744
002195.SZ,2018-11-30,-2.7708
002195.SZ,2018-12-31,-4.4041
002195.SZ,2019-01-31,-4.878
002195.SZ,2019-02-28,39.6011
002195.SZ,2019-03-31,23.6735
002195.SZ,2019-04-30,-7.7558
002195.SZ,2019-05-31,-9.1234
002195.SZ,2019-06-30,0.1518
002195.SZ,2019-07-31,-5.3985
002195.SZ,2019-08-31,-10.8696
002195.SZ,2019-09-30,0.9146
002195.SZ,2019-10-31,-1.5106
002195.SZ,2019-11-30,-7.362
002195.SZ,2019-12-31,6.9536
002195.SZ,2020-01-31,-2.1672
002195.SZ,2020-02-29,0
002195.SZ,2020-03-31,-12.0253
002195.SZ,2020-04-30,7.1942
002195.SZ,2020-05-31,-4.3624
002195.SZ,2020-06-30,-1.0576
002195.SZ,2020-07-31,9.9644
002195.SZ,2020-08-31,-2.2654
002195.SZ,2020-09-30,-5.9603
002195.SZ,2020-10-31,-4.9296
002195.SZ,2020-11-30,-5.9259
002195.SZ,2020-12-31,-11.0236
002241.SZ,2016-01-31,-20.8671
002241.SZ,2016-02-29,-13.6231
002241.SZ,2016-03-31,8.2452
002241.SZ,2016-04-30,11.9922
002241.SZ,2016-05-31,-5.4063
002241.SZ,2016-06-30,6.1308
002241.SZ,2016-07-31,-11.053
002241.SZ,2016-08-31,13.8769
002241.SZ,2016-09-30,4.062
002241.SZ,2016-10-31,1.6209
002241.SZ,2016-11-30,-7.8451
002241.SZ,2016-12-31,-6.3229
002241.SZ,2017-01-31,4.4872
002241.SZ,2017-02-28,7.4341
002241.SZ,2017-03-31,14.3433
002241.SZ,2017-04-30,2.4971
002241.SZ,2017-05-31,-2.1301
002241.SZ,2017-06-30,13.4118
002241.SZ,2017-07-31,-0.2593
002241.SZ,2017-08-31,12.3245
002241.SZ,2017-09-30,-6.2963
002241.SZ,2017-10-31,9.3874
002241.SZ,2017-11-30,-14.4986
002241.SZ,2017-12-31,-8.3465
002241.SZ,2018-01-31,-19.3084
002241.SZ,2018-02-28,11.1429
002241.SZ,2018-03-31,-13.7532
002241.SZ,2018-04-30,-15.7228
002241.SZ,2018-05-31,0.623
002241.SZ,2018-06-30,-9.7431
002241.SZ,2018-07-31,-5.5937
002241.SZ,2018-08-31,-7.6923
002241.SZ,2018-09-30,-6.5315
002241.SZ,2018-10-31,-12.4096
002241.SZ,2018-11-30,-1.1004
002241.SZ,2018-12-31,-4.3115
002241.SZ,2019-01-31,-3.6337
002241.SZ,2019-02-28,33.9367
002241.SZ,2019-03-31,18.2432
002241.SZ,2019-04-30,1.5238
002241.SZ,2019-05-31,-25.7974
002241.SZ,2019-06-30,13.7633
002241.SZ,2019-07-31,31.2711
002241.SZ,2019-08-31,12.7678
002241.SZ,2019-09-30,33.5866
002241.SZ,2019-10-31,5.6883
002241.SZ,2019-11-30,4.3595
002241.SZ,2019-12-31,2.7334
002241.SZ,2020-01-31,18.5241
002241.SZ,2020-02-29,-5.6756
002241.SZ,2020-03-31,-26.3134
002241.SZ,2020-04-30,17.9159
002241.SZ,2020-05-31,10.3394
002241.SZ,2020-06-30,38.2298
002241.SZ,2020-07-31,45.436
002241.SZ,2020-08-31,-3.7705
002241.SZ,2020-09-30,-1.6062
002241.SZ,2020-10-31,12.1939
002241.SZ,2020-11-30,-16.2919
002241.SZ,2020-12-31,-1.7119
002252.SZ,2016-01-31,-5.4061
002252.SZ,2016-02-29,2.2594
002252.SZ,2016-03-31,-0.7798
002252.SZ,2016-04-30,-2.0173
002252.SZ,2016-05-31,0.4561
002252.SZ,2016-06-30,0.4264
002252.SZ,2016-07-31,0.1062
002252.SZ,2016-08-31,10.8165
002252.SZ,2016-09-30,-4.1964
002252.SZ,2016-10-31,-2.382
002252.SZ,2016-11-30,-1.5193
002252.SZ,2016-12-31,7.9476
002252.SZ,2017-01-31,-3.3348
002252.SZ,2017-02-28,-6.2724
002252.SZ,2017-03-31,-1.7208
002252.SZ,2017-04-30,-1.4105
002252.SZ,2017-05-31,0
002252.SZ,2017-06-30,0
002252.SZ,2017-07-31,0
002252.SZ,2017-08-31,0
002252.SZ,2017-09-30,2.8162
002252.SZ,2017-10-31,-3.1235
002252.SZ,2017-11-30,-1.9345
002252.SZ,2017-12-31,0.4047
002252.SZ,2018-01-31,-0.5038
002252.SZ,2018-02-28,-1.0633
002252.SZ,2018-03-31,0
002252.SZ,2018-04-30,0
002252.SZ,2018-05-31,0
002252.SZ,2018-06-30,0
002252.SZ,2018-07-31,0
002252.SZ,2018-08-31,0
002252.SZ,2018-09-30,0
002252.SZ,2018-10-31,0
002252.SZ,2018-11-30,0
002252.SZ,2018-12-31,-58.9652
002252.SZ,2019-01-31,-27.3408
002252.SZ,2019-02-28,67.354
002252.SZ,2019-03-31,-1.3347
002252.SZ,2019-04-30,-12.2789
002252.SZ,2019-05-31,-15.8956
002252.SZ,2019-06-30,-1.9746
002252.SZ,2019-07-31,1.4388
002252.SZ,2019-08-31,17.0213
002252.SZ,2019-09-30,-5.4545
002252.SZ,2019-10-31,-4.7436
002252.SZ,2019-11-30,-3.4993
002252.SZ,2019-12-31,3.4868
002252.SZ,2020-01-31,7.9515
002252.SZ,2020-02-29,13.7328
002252.SZ,2020-03-31,-14.5993
002252.SZ,2020-04-30,8.8689
002252.SZ,2020-05-31,-3.0697
002252.SZ,2020-06-30,3.0451
002252.SZ,2020-07-31,22.2186
002252.SZ,2020-08-31,-12.9719
002252.SZ,2020-09-30,-8.5651
002252.SZ,2020-10-31,3.6496
002252.SZ,2020-11-30,-0.939
002252.SZ,2020-12-31,-12.3223
002292.SZ,2016-01-31,-40.4371
002292.SZ,2016-02-29,10.2922
002292.SZ,2016-03-31,19.841
002292.SZ,2016-04-30,-17.0474
002292.SZ,2016-05-31,-6.7219
002292.SZ,2016-06-30,-4.7893
002292.SZ,2016-07-31,-4.374
002292.SZ,2016-08-31,1.1173
002292.SZ,2016-09-30,-3.384
002292.SZ,2016-10-31,-0.965
002292.SZ,2016-11-30,-2.7788
002292.SZ,2016-12-31,-15.7387
002292.SZ,2017-01-31,-5.1101
002292.SZ,2017-02-28,2.0891
002292.SZ,2017-03-31,-8.6858
002292.SZ,2017-04-30,-15.1892
002292.SZ,2017-05-31,-12.155
002292.SZ,2017-06-30,13.2596
002292.SZ,2017-07-31,-14.9704
002292.SZ,2017-08-31,6.6806
002292.SZ,2017-09-30,-3.1963
002292.SZ,2017-10-31,0.6065
002292.SZ,2017-11-30,-3.5499
002292.SZ,2017-12-31,-0.7639
002292.SZ,2018-01-31,-13.7159
002292.SZ,2018-02-28,-6.0827
002292.SZ,2018-03-31,8.0311
002292.SZ,2018-04-30,-3.8369
002292.SZ,2018-05-31,-0.8313
002292.SZ,2018-06-30,-25.1467
002292.SZ,2018-07-31,-6.495
002292.SZ,2018-08-31,-22.6347
002292.SZ,2018-09-30,-1.548
002292.SZ,2018-10-31,-14.3082
002292.SZ,2018-11-30,21.8349
002292.SZ,2018-12-31,-14.759
002292.SZ,2019-01-31,-10.0707
002292.SZ,2019-02-28,33.9882
002292.SZ,2019-03-31,22.1408
002292.SZ,2019-04-30,-12.7251
002292.SZ,2019-05-31,-10.729
002292.SZ,2019-06-30,-1.2327
002292.SZ,2019-07-31,-4.2122
002292.SZ,2019-08-31,1.1401
002292.SZ,2019-09-30,-1.4493
002292.SZ,2019-10-31,15.8497
002292.SZ,2019-11-30,16.9252
002292.SZ,2019-12-31,19.7829
002292.SZ,2020-01-31,-10.9768
002292.SZ,2020-02-29,-14.1403
002292.SZ,2020-03-31,-4.4796
002292.SZ,2020-04-30,-12.1379
002292.SZ,2020-05-31,3.7677
002292.SZ,2020-06-30,27.3828
002292.SZ,2020-07-31,14.6081
002292.SZ,2020-08-31,-8.8083
002292.SZ,2020-09-30,-22.8409
002292.SZ,2020-10-31,-5.4492
002292.SZ,2020-11-30,23.053
002292.SZ,2020-12-31,-22.9114
002294.SZ,2016-01-31,-19.9535
002294.SZ,2016-02-29,8.1294
002294.SZ,2016-03-31,8.5155
002294.SZ,2016-04-30,-1.0251
002294.SZ,2016-05-31,-3.6496
002294.SZ,2016-06-30,3.0303
002294.SZ,2016-07-31,5.3676
002294.SZ,2016-08-31,0.8723
002294.SZ,2016-09-30,-3.9779
002294.SZ,2016-10-31,8.7896
002294.SZ,2016-11-30,-0.3311
002294.SZ,2016-12-31,-2.8571
002294.SZ,2017-01-31,-1.7784
002294.SZ,2017-02-28,-1.6017
002294.SZ,2017-03-31,1.0262
002294.SZ,2017-04-30,3.958
002294.SZ,2017-05-31,9.0266
002294.SZ,2017-06-30,12.8481
002294.SZ,2017-07-31,-9.8149
002294.SZ,2017-08-31,-3.5448
002294.SZ,2017-09-30,-0.3546
002294.SZ,2017-10-31,14.1378
002294.SZ,2017-11-30,1.729
002294.SZ,2017-12-31,25.9125
002294.SZ,2018-01-31,-13.8305
002294.SZ,2018-02-28,0.6163
002294.SZ,2018-03-31,10.5156
002294.SZ,2018-04-30,-6.1894
002294.SZ,2018-05-31,7.423
002294.SZ,2018-06-30,-13.1339
002294.SZ,2018-07-31,-9.0934
002294.SZ,2018-08-31,-13.3175
002294.SZ,2018-09-30,-3.5166
002294.SZ,2018-10-31,-12.7742
002294.SZ,2018-11-30,2.8398
002294.SZ,2018-12-31,-17.5937
002294.SZ,2019-01-31,-5.0742
002294.SZ,2019-02-28,22.8946
002294.SZ,2019-03-31,11.5716
002294.SZ,2019-04-30,-8.8271
002294.SZ,2019-05-31,-7.2735
002294.SZ,2019-06-30,0.3138
002294.SZ,2019-07-31,0.2234
002294.SZ,2019-08-31,-1.605
002294.SZ,2019-09-30,-15.2696
002294.SZ,2019-10-31,0.1604
002294.SZ,2019-11-30,-0.9076
002294.SZ,2019-12-31,7.4353
002294.SZ,2020-01-31,-6.9208
002294.SZ,2020-02-29,-0.1616
002294.SZ,2020-03-31,-4.2634
002294.SZ,2020-04-30,5.5242
002294.SZ,2020-05-31,9.1878
002294.SZ,2020-06-30,48.8209
002294.SZ,2020-07-31,17.3297
002294.SZ,2020-08-31,8.3621
002294.SZ,2020-09-30,-8.5654
002294.SZ,2020-10-31,-10.6148
002294.SZ,2020-11-30,-11.6483
002294.SZ,2020-12-31,4.0397
002304.SZ,2016-01-31,-14.1961
002304.SZ,2016-02-29,-2.5506
002304.SZ,2016-03-31,16.5591
002304.SZ,2016-04-30,1.2126
002304.SZ,2016-05-31,1.0649
002304.SZ,2016-06-30,7.8628
002304.SZ,2016-07-31,-0.5701
002304.SZ,2016-08-31,-1.7061
002304.SZ,2016-09-30,-4.5526
002304.SZ,2016-10-31,3.8158
002304.SZ,2016-11-30,1.2204
002304.SZ,2016-12-31,0.1418
002304.SZ,2017-01-31,-0.5382
002304.SZ,2017-02-28,15.4087
002304.SZ,2017-03-31,7.8233
002304.SZ,2017-04-30,-8.4459
002304.SZ,2017-05-31,9
002304.SZ,2017-06-30,1.9988
002304.SZ,2017-07-31,2.9835
002304.SZ,2017-08-31,-0.0559
002304.SZ,2017-09-30,13.5982
002304.SZ,2017-10-31,8.6108
002304.SZ,2017-11-30,-5.6876
002304.SZ,2017-12-31,10.6088
002304.SZ,2018-01-31,13
002304.SZ,2018-02-28,-9.2035
002304.SZ,2018-03-31,-8.4753
002304.SZ,2018-04-30,3.8615
002304.SZ,2018-05-31,28.1027
002304.SZ,2018-06-30,-6.7445
002304.SZ,2018-07-31,-2.4696
002304.SZ,2018-08-31,-10.1441
002304.SZ,2018-09-30,10.9859
002304.SZ,2018-10-31,-30.9453
002304.SZ,2018-11-30,13.3386
002304.SZ,2018-12-31,-5.4502
002304.SZ,2019-01-31,-0.2323
002304.SZ,2019-02-28,17.5132
002304.SZ,2019-03-31,17.4426
002304.SZ,2019-04-30,-9.7838
002304.SZ,2019-05-31,-2.8047
002304.SZ,2019-06-30,9.1861
002304.SZ,2019-07-31,-4.1543
002304.SZ,2019-08-31,-3.8881
002304.SZ,2019-09-30,-7.1263
002304.SZ,2019-10-31,-3.0865
002304.SZ,2019-11-30,-2.5796
002304.SZ,2019-12-31,12.5369
002304.SZ,2020-01-31,-3.0226
002304.SZ,2020-02-29,-9.1265
002304.SZ,2020-03-31,-13.8735
002304.SZ,2020-04-30,17.3721
002304.SZ,2020-05-31,7.182
002304.SZ,2020-06-30,2.4402
002304.SZ,2020-07-31,28.4478
002304.SZ,2020-08-31,4.4724
002304.SZ,2020-09-30,-11.4112
002304.SZ,2020-10-31,34.4588
002304.SZ,2020-11-30,5.9146
002304.SZ,2020-12-31,32.5787
002353.SZ,2016-01-31,-37.7463
002353.SZ,2016-02-29,-5
002353.SZ,2016-03-31,17.1885
002353.SZ,2016-04-30,6.5378
002353.SZ,2016-05-31,2.4037
002353.SZ,2016-06-30,0.6263
002353.SZ,2016-07-31,-11.1515
002353.SZ,2016-08-31,1.3427
002353.SZ,2016-09-30,4.8387
002353.SZ,2016-10-31,-0.3297
002353.SZ,2016-11-30,5.5678
002353.SZ,2016-12-31,6.0052
002353.SZ,2017-01-31,1.3793
002353.SZ,2017-02-28,13.6054
002353.SZ,2017-03-31,-11.3345
002353.SZ,2017-04-30,-16.3531
002353.SZ,2017-05-31,-6.286
002353.SZ,2017-06-30,-2.4654
002353.SZ,2017-07-31,-5.1201
002353.SZ,2017-08-31,0.6662
002353.SZ,2017-09-30,2.6473
002353.SZ,2017-10-31,-1.5474
002353.SZ,2017-11-30,-7.5966
002353.SZ,2017-12-31,-7.0163
002353.SZ,2018-01-31,12.4238
002353.SZ,2018-02-28,-2.1695
002353.SZ,2018-03-31,3.8808
002353.SZ,2018-04-30,6.1374
002353.SZ,2018-05-31,18.3528
002353.SZ,2018-06-30,-13.1016
002353.SZ,2018-07-31,14.7692
002353.SZ,2018-08-31,-2.1448
002353.SZ,2018-09-30,19.3425
002353.SZ,2018-10-31,-6.5657
002353.SZ,2018-11-30,-15.2334
002353.SZ,2018-12-31,-13.0435
002353.SZ,2019-01-31,13.8
002353.SZ,2019-02-28,17.3404
002353.SZ,2019-03-31,18.7718
002353.SZ,2019-04-30,-4.3716
002353.SZ,2019-05-31,-2.8132
002353.SZ,2019-06-30,5.0766
002353.SZ,2019-07-31,15.671
002353.SZ,2019-08-31,-2.994
002353.SZ,2019-09-30,4.2052
002353.SZ,2019-10-31,13.4765
002353.SZ,2019-11-30,3.4584
002353.SZ,2019-12-31,16.5563
002353.SZ,2020-01-31,0.0541
002353.SZ,2020-02-29,-6.4359
002353.SZ,2020-03-31,-36.0983
002353.SZ,2020-04-30,12.7092
002353.SZ,2020-05-31,2.2472
002353.SZ,2020-06-30,21.6641
002353.SZ,2020-07-31,1.6066
002353.SZ,2020-08-31,9.2853
002353.SZ,2020-09-30,-13.0511
002353.SZ,2020-10-31,-10.2418
002353.SZ,2020-11-30,38.3838
002353.SZ,2020-12-31,-5.3798
002375.SZ,2016-01-31,-34.052
002375.SZ,2016-02-29,1.25
002375.SZ,2016-03-31,28.585
002375.SZ,2016-04-30,-15.7312
002375.SZ,2016-05-31,0.8764
002375.SZ,2016-06-30,-1.8245
002375.SZ,2016-07-31,-3.3133
002375.SZ,2016-08-31,5.9798
002375.SZ,2016-09-30,3.3854
002375.SZ,2016-10-31,-4.1142
002375.SZ,2016-11-30,1.0508
002375.SZ,2016-12-31,-8.3189
002375.SZ,2017-01-31,-2.3629
002375.SZ,2017-02-28,5.2275
002375.SZ,2017-03-31,2.7599
002375.SZ,2017-04-30,-9.7583
002375.SZ,2017-05-31,-11.3095
002375.SZ,2017-06-30,-0.3356
002375.SZ,2017-07-31,-3.3727
002375.SZ,2017-08-31,4.3174
002375.SZ,2017-09-30,3.8031
002375.SZ,2017-10-31,-6.3578
002375.SZ,2017-11-30,-4.7181
002375.SZ,2017-12-31,-9.1787
002375.SZ,2018-01-31,0
002375.SZ,2018-02-28,-10.7713
002375.SZ,2018-03-31,1.4903
002375.SZ,2018-04-30,-5.1395
002375.SZ,2018-05-31,-0.774
002375.SZ,2018-06-30,-16.6927
002375.SZ,2018-07-31,7.6076
002375.SZ,2018-08-31,-8.2456
002375.SZ,2018-09-30,4.5889
002375.SZ,2018-10-31,-8.4095
002375.SZ,2018-11-30,5.5888
002375.SZ,2018-12-31,-4.7259
002375.SZ,2019-01-31,6.746
002375.SZ,2019-02-28,14.8699
002375.SZ,2019-03-31,8.0906
002375.SZ,2019-04-30,-9.8802
002375.SZ,2019-05-31,-9.1362
002375.SZ,2019-06-30,8.0439
002375.SZ,2019-07-31,-8.4834
002375.SZ,2019-08-31,-0.1862
002375.SZ,2019-09-30,0.1866
002375.SZ,2019-10-31,-1.1173
002375.SZ,2019-11-30,5.2731
002375.SZ,2019-12-31,3.7567
002375.SZ,2020-01-31,-7.2414
002375.SZ,2020-02-29,-6.3197
002375.SZ,2020-03-31,37.5
002375.SZ,2020-04-30,24.6753
002375.SZ,2020-05-31,11.9213
002375.SZ,2020-06-30,5.6877
002375.SZ,2020-07-31,50.6472
002375.SZ,2020-08-31,-8.2085
002375.SZ,2020-09-30,-29.4535
002375.SZ,2020-10-31,-9.7586
002375.SZ,2020-11-30,-6.1315
002375.SZ,2020-12-31,-11.639
002385.SZ,2016-01-31,-20.2293
002385.SZ,2016-02-29,6.6735
002385.SZ,2016-03-31,13.5707
002385.SZ,2016-04-30,-11.6102
002385.SZ,2016-05-31,20.0492
002385.SZ,2016-06-30,-2.7744
002385.SZ,2016-07-31,-1.861
002385.SZ,2016-08-31,0.5057
002385.SZ,2016-09-30,-8.0503
002385.SZ,2016-10-31,0.4104
002385.SZ,2016-11-30,2.4523
002385.SZ,2016-12-31,-5.5851
002385.SZ,2017-01-31,-8.5915
002385.SZ,2017-02-28,2.0031
002385.SZ,2017-03-31,-1.3595
002385.SZ,2017-04-30,-1.8377
002385.SZ,2017-05-31,-1.4822
002385.SZ,2017-06-30,0.64
002385.SZ,2017-07-31,-2.7027
002385.SZ,2017-08-31,2.1242
002385.SZ,2017-09-30,-1.44
002385.SZ,2017-10-31,0.974
002385.SZ,2017-11-30,2.2508
002385.SZ,2017-12-31,-4.717
002385.SZ,2018-01-31,11.0561
002385.SZ,2018-02-28,-6.2407
002385.SZ,2018-03-31,-8.8748
002385.SZ,2018-04-30,-2.7826
002385.SZ,2018-05-31,-0.6752
002385.SZ,2018-06-30,-24.4973
002385.SZ,2018-07-31,0.4843
002385.SZ,2018-08-31,-17.5904
002385.SZ,2018-09-30,7.6023
002385.SZ,2018-10-31,-8.6957
002385.SZ,2018-11-30,0.5952
002385.SZ,2018-12-31,-5.3254
002385.SZ,2019-01-31,0.3336
002385.SZ,2019-02-28,25.1592
002385.SZ,2019-03-31,35.6234
002385.SZ,2019-04-30,43.152
002385.SZ,2019-05-31,-18.4797
002385.SZ,2019-06-30,-14.9518
002385.SZ,2019-07-31,2.0794
002385.SZ,2019-08-31,3.1481
002385.SZ,2019-09-30,-17.9533
002385.SZ,2019-10-31,5.9081
002385.SZ,2019-11-30,-10.3306
002385.SZ,2019-12-31,16.4217
002385.SZ,2020-01-31,17.4699
002385.SZ,2020-02-29,17.094
002385.SZ,2020-03-31,26.2774
002385.SZ,2020-04-30,4.7399
002385.SZ,2020-05-31,-6.4087
002385.SZ,2020-06-30,10.2906
002385.SZ,2020-07-31,18.551
002385.SZ,2020-08-31,5.2778
002385.SZ,2020-09-30,-21.2841
002385.SZ,2020-10-31,-7.3743
002385.SZ,2020-11-30,-0.6031
002385.SZ,2020-12-31,17.233
002410.SZ,2016-01-31,-37.8438
002410.SZ,2016-02-29,3.8938
002410.SZ,2016-03-31,15.3322
002410.SZ,2016-04-30,-3.1019
002410.SZ,2016-05-31,-1.2957
002410.SZ,2016-06-30,12.094
002410.SZ,2016-07-31,6.4336
002410.SZ,2016-08-31,11.3666
002410.SZ,2016-09-30,-7.4336
002410.SZ,2016-10-31,0.4461
002410.SZ,2016-11-30,-0.1904
002410.SZ,2016-12-31,-7.1837
002410.SZ,2017-01-31,-4.4521
002410.SZ,2017-02-28,7.5269
002410.SZ,2017-03-31,-0.6
002410.SZ,2017-04-30,6.4386
002410.SZ,2017-05-31,11.1165
002410.SZ,2017-06-30,8.7334
002410.SZ,2017-07-31,-8.2979
002410.SZ,2017-08-31,8.5267
002410.SZ,2017-09-30,9.2998
002410.SZ,2017-10-31,-3.0318
002410.SZ,2017-11-30,-0.5547
002410.SZ,2017-12-31,-0.6085
002410.SZ,2018-01-31,-2.602
002410.SZ,2018-02-28,13.4625
002410.SZ,2018-03-31,17.1283
002410.SZ,2018-04-30,-0.4336
002410.SZ,2018-05-31,7.5953
002410.SZ,2018-06-30,3.0855
002410.SZ,2018-07-31,-0.8294
002410.SZ,2018-08-31,8.3636
002410.SZ,2018-09-30,-10.1342
002410.SZ,2018-10-31,-9.7834
002410.SZ,2018-11-30,-5.2566
002410.SZ,2018-12-31,-9.0869
002410.SZ,2019-01-31,16.963
002410.SZ,2019-02-28,9.4084
002410.SZ,2019-03-31,11.9414
002410.SZ,2019-04-30,-6.0718
002410.SZ,2019-05-31,4.2457
002410.SZ,2019-06-30,13.4921
002410.SZ,2019-07-31,6.6586
002410.SZ,2019-08-31,2.9076
002410.SZ,2019-09-30,-1.6898
002410.SZ,2019-10-31,-10.1155
002410.SZ,2019-11-30,3.511
002410.SZ,2019-12-31,2.9073
002410.SZ,2020-01-31,17.7163
002410.SZ,2020-02-29,11.775
002410.SZ,2020-03-31,-4.5627
002410.SZ,2020-04-30,23.131
002410.SZ,2020-05-31,9.3415
002410.SZ,2020-06-30,21.5556
002410.SZ,2020-07-31,9.7991
002410.SZ,2020-08-31,-8.9507
002410.SZ,2020-09-30,4.6929
002410.SZ,2020-10-31,-2.7142
002410.SZ,2020-11-30,-5.453
002410.SZ,2020-12-31,17.3472
002399.SZ,2016-01-31,-25.3322
002399.SZ,2016-02-29,-1.3253
002399.SZ,2016-03-31,17.1144
002399.SZ,2016-04-30,-3.3421
002399.SZ,2016-05-31,-5.7966
002399.SZ,2016-06-30,2.7023
002399.SZ,2016-07-31,-1.4318
002399.SZ,2016-08-31,2.3242
002399.SZ,2016-09-30,0
002399.SZ,2016-10-31,4.6564
002399.SZ,2016-11-30,0.7054
002399.SZ,2016-12-31,-1.8319
002399.SZ,2017-01-31,1.427
002399.SZ,2017-02-28,8.3333
002399.SZ,2017-03-31,4.1459
002399.SZ,2017-04-30,-1.7746
002399.SZ,2017-05-31,0
002399.SZ,2017-06-30,0
002399.SZ,2017-07-31,0
002399.SZ,2017-08-31,0
002399.SZ,2017-09-30,-15.0272
002399.SZ,2017-10-31,-5.8755
002399.SZ,2017-11-30,5.068
002399.SZ,2017-12-31,-10.1176
002399.SZ,2018-01-31,3.8613
002399.SZ,2018-02-28,9.7038
002399.SZ,2018-03-31,-2.1252
002399.SZ,2018-04-30,4.108
002399.SZ,2018-05-31,36.4149
002399.SZ,2018-06-30,-8.5124
002399.SZ,2018-07-31,-15.5204
002399.SZ,2018-08-31,-8.0343
002399.SZ,2018-09-30,11.8229
002399.SZ,2018-10-31,-6.5104
002399.SZ,2018-11-30,12.7577
002399.SZ,2018-12-31,13.8834
002399.SZ,2019-01-31,-12.4078
002399.SZ,2019-02-28,15.2055
002399.SZ,2019-03-31,11.3929
002399.SZ,2019-04-30,-8.6453
002399.SZ,2019-05-31,-13.4347
002399.SZ,2019-06-30,2.4402
002399.SZ,2019-07-31,-3.4148
002399.SZ,2019-08-31,3.0739
002399.SZ,2019-09-30,-10.5339
002399.SZ,2019-10-31,-10.2151
002399.SZ,2019-11-30,3.3533
002399.SZ,2019-12-31,13.0359
002399.SZ,2020-01-31,16.8631
002399.SZ,2020-02-29,11.7544
002399.SZ,2020-03-31,-19.1523
002399.SZ,2020-04-30,7.2816
002399.SZ,2020-05-31,-3.9819
002399.SZ,2020-06-30,18.0019
002399.SZ,2020-07-31,-1.2067
002399.SZ,2020-08-31,-0.4479
002399.SZ,2020-09-30,-7.1575
002399.SZ,2020-10-31,-12.3348
002399.SZ,2020-11-30,-5.9799
002399.SZ,2020-12-31,-7.9637
002415.SZ,2016-01-31,-22.7973
002415.SZ,2016-02-29,4.4821
002415.SZ,2016-03-31,11.1031
002415.SZ,2016-04-30,-1.1356
002415.SZ,2016-05-31,6.1751
002415.SZ,2016-06-30,1.658
002415.SZ,2016-07-31,20.4567
002415.SZ,2016-08-31,-2.9787
002415.SZ,2016-09-30,-2.4322
002415.SZ,2016-10-31,0.2861
002415.SZ,2016-11-30,1.8745
002415.SZ,2016-12-31,-4.76
002415.SZ,2017-01-31,9.7438
002415.SZ,2017-02-28,7.08
002415.SZ,2017-03-31,14.01
002415.SZ,2017-04-30,14.6395
002415.SZ,2017-05-31,10.3582
002415.SZ,2017-06-30,21.8868
002415.SZ,2017-07-31,-7.1207
002415.SZ,2017-08-31,7.1667
002415.SZ,2017-09-30,-0.4666
002415.SZ,2017-10-31,22.75
002415.SZ,2017-11-30,-5.779
002415.SZ,2017-12-31,5.3769
002415.SZ,2018-01-31,2.3077
002415.SZ,2018-02-28,6.6917
002415.SZ,2018-03-31,-2.9833
002415.SZ,2018-04-30,-6.7797
002415.SZ,2018-05-31,2.9135
002415.SZ,2018-06-30,-5.1596
002415.SZ,2018-07-31,-6.8678
002415.SZ,2018-08-31,-9.0515
002415.SZ,2018-09-30,-8.6169
002415.SZ,2018-10-31,-15.7968
002415.SZ,2018-11-30,12.2727
002415.SZ,2018-12-31,-5.1895
002415.SZ,2019-01-31,16.5761
002415.SZ,2019-02-28,14.8851
002415.SZ,2019-03-31,1.6522
002415.SZ,2019-04-30,-6.8149
002415.SZ,2019-05-31,-22.0868
002415.SZ,2019-06-30,11.0306
002415.SZ,2019-07-31,11.9289
002415.SZ,2019-08-31,0.162
002415.SZ,2019-09-30,4.4631
002415.SZ,2019-10-31,0.1548
002415.SZ,2019-11-30,-2.9057
002415.SZ,2019-12-31,4.2343
002415.SZ,2020-01-31,9.9572
002415.SZ,2020-02-29,-2.7778
002415.SZ,2020-03-31,-20.2857
002415.SZ,2020-04-30,14.9104
002415.SZ,2020-05-31,-12.1524
002415.SZ,2020-06-30,10.4842
002415.SZ,2020-07-31,21.8781
002415.SZ,2020-08-31,1.1625
002415.SZ,2020-09-30,1.8439
002415.SZ,2020-10-31,17.8168
002415.SZ,2020-11-30,1.7149
002415.SZ,2020-12-31,6.2185
002422.SZ,2016-01-31,-23.3333
002422.SZ,2016-02-29,-3.9271
002422.SZ,2016-03-31,6.7153
002422.SZ,2016-04-30,7.1135
002422.SZ,2016-05-31,-5.6833
002422.SZ,2016-06-30,5.3377
002422.SZ,2016-07-31,0.584
002422.SZ,2016-08-31,0.3871
002422.SZ,2016-09-30,4.4344
002422.SZ,2016-10-31,5.2308
002422.SZ,2016-11-30,1.1696
002422.SZ,2016-12-31,-6.8208
002422.SZ,2017-01-31,4.0943
002422.SZ,2017-02-28,0.3576
002422.SZ,2017-03-31,-5.5819
002422.SZ,2017-04-30,1.1321
002422.SZ,2017-05-31,-6.0945
002422.SZ,2017-06-30,10.3577
002422.SZ,2017-07-31,-0.5448
002422.SZ,2017-08-31,6.0864
002422.SZ,2017-09-30,4.5324
002422.SZ,2017-10-31,15.9166
002422.SZ,2017-11-30,-0.5208
002422.SZ,2017-12-31,18.515
002422.SZ,2018-01-31,-0.0402
002422.SZ,2018-02-28,3.2141
002422.SZ,2018-03-31,23.7836
002422.SZ,2018-04-30,4.0881
002422.SZ,2018-05-31,-1.3595
002422.SZ,2018-06-30,-1.6845
002422.SZ,2018-07-31,-7.7212
002422.SZ,2018-08-31,-4.3508
002422.SZ,2018-09-30,-5.2239
002422.SZ,2018-10-31,-11.886
002422.SZ,2018-11-30,2.8511
002422.SZ,2018-12-31,-14.5635
002422.SZ,2019-01-31,3.632
002422.SZ,2019-02-28,11.3551
002422.SZ,2019-03-31,21.4855
002422.SZ,2019-04-30,-0.8636
002422.SZ,2019-05-31,5.0871
002422.SZ,2019-06-30,-0.7209
002422.SZ,2019-07-31,5.5499
002422.SZ,2019-08-31,-11.7272
002422.SZ,2019-09-30,-6.6426
002422.SZ,2019-10-31,-7.5793
002422.SZ,2019-11-30,-2.8452
002422.SZ,2019-12-31,1.1628
002422.SZ,2020-01-31,6.4283
002422.SZ,2020-02-29,-8.2
002422.SZ,2020-03-31,-9.8475
002422.SZ,2020-04-30,-5.9932
002422.SZ,2020-05-31,7.5505
002422.SZ,2020-06-30,2.439
002422.SZ,2020-07-31,7
002422.SZ,2020-08-31,10.1024
002422.SZ,2020-09-30,-10.1859
002422.SZ,2020-10-31,5.3105
002422.SZ,2020-11-30,-11.9231
002422.SZ,2020-12-31,-5.6769
002450.SZ,2016-01-31,-21.5223
002450.SZ,2016-02-29,0
002450.SZ,2016-03-31,10.3344
002450.SZ,2016-04-30,2.9706
002450.SZ,2016-05-31,-2.9143
002450.SZ,2016-06-30,3.8866
002450.SZ,2016-07-31,5.0292
002450.SZ,2016-08-31,0.5568
002450.SZ,2016-09-30,0.1107
002450.SZ,2016-10-31,-2.5996
002450.SZ,2016-11-30,2.1011
002450.SZ,2016-12-31,6.2848
002450.SZ,2017-01-31,-6.0701
002450.SZ,2017-02-28,1.0585
002450.SZ,2017-03-31,5.4024
002450.SZ,2017-04-30,4.1318
002450.SZ,2017-05-31,1.1013
002450.SZ,2017-06-30,12.2073
002450.SZ,2017-07-31,-12.3446
002450.SZ,2017-08-31,-1.7224
002450.SZ,2017-09-30,9.3299
002450.SZ,2017-10-31,14.71
002450.SZ,2017-11-30,-3.1237
002450.SZ,2017-12-31,-5.8125
002450.SZ,2018-01-31,-9.9099
002450.SZ,2018-02-28,-1.1
002450.SZ,2018-03-31,0
002450.SZ,2018-04-30,4.2467
002450.SZ,2018-05-31,-7.9534
002450.SZ,2018-06-30,-10.0105
002450.SZ,2018-07-31,0
002450.SZ,2018-08-31,0
002450.SZ,2018-09-30,0
002450.SZ,2018-10-31,0
002450.SZ,2018-11-30,-44.3857
002450.SZ,2018-12-31,-19.2389
002450.SZ,2019-01-31,-44.8953
002450.SZ,2019-02-28,48.2185
002450.SZ,2019-03-31,-4.9679
002450.SZ,2019-04-30,-15.683
002450.SZ,2019-05-31,-42.4
002450.SZ,2019-06-30,12.1528
002450.SZ,2019-07-31,8.9783
002450.SZ,2019-08-31,0
002450.SZ,2019-09-30,0
002450.SZ,2019-10-31,0
002450.SZ,2019-11-30,0
002450.SZ,2019-12-31,0
002450.SZ,2020-01-31,0
002450.SZ,2020-02-29,0
002450.SZ,2020-03-31,0
002450.SZ,2020-04-30,0
002450.SZ,2020-05-31,0
002450.SZ,2020-06-30,0
002450.SZ,2020-07-31,0
002450.SZ,2020-08-31,0
002450.SZ,2020-09-30,0
002450.SZ,2020-10-31,0
002450.SZ,2020-11-30,0
002450.SZ,2020-12-31,0
002465.SZ,2016-01-31,0
002465.SZ,2016-02-29,-32.8939
002465.SZ,2016-03-31,15.4464
002465.SZ,2016-04-30,-9.0487
002465.SZ,2016-05-31,0.3878
002465.SZ,2016-06-30,6.7811
002465.SZ,2016-07-31,0
002465.SZ,2016-08-31,0
002465.SZ,2016-09-30,0
002465.SZ,2016-10-31,0.8842
002465.SZ,2016-11-30,-3.9841
002465.SZ,2016-12-31,-3.3195
002465.SZ,2017-01-31,0.515
002465.SZ,2017-02-28,2.0495
002465.SZ,2017-03-31,-1.7573
002465.SZ,2017-04-30,-5.0256
002465.SZ,2017-05-31,-2.771
002465.SZ,2017-06-30,0
002465.SZ,2017-07-31,6.797
002465.SZ,2017-08-31,-1.6565
002465.SZ,2017-09-30,2.7482
002465.SZ,2017-10-31,-5.7808
002465.SZ,2017-11-30,-14.652
002465.SZ,2017-12-31,2.897
002465.SZ,2018-01-31,-0.9385
002465.SZ,2018-02-28,6.4211
002465.SZ,2018-03-31,4.3521
002465.SZ,2018-04-30,3.6967
002465.SZ,2018-05-31,-11.0357
002465.SZ,2018-06-30,-16.8737
002465.SZ,2018-07-31,11.457
002465.SZ,2018-08-31,-10.0559
002465.SZ,2018-09-30,9.3168
002465.SZ,2018-10-31,-16.0227
002465.SZ,2018-11-30,2.571
002465.SZ,2018-12-31,2.9024
002465.SZ,2019-01-31,-2.0513
002465.SZ,2019-02-28,28.0105
002465.SZ,2019-03-31,0
002465.SZ,2019-04-30,-5.1125
002465.SZ,2019-05-31,4.8306
002465.SZ,2019-06-30,-0.7284
002465.SZ,2019-07-31,0.3145
002465.SZ,2019-08-31,3.6573
002465.SZ,2019-09-30,-1.2097
002465.SZ,2019-10-31,-1.8367
002465.SZ,2019-11-30,6.7568
002465.SZ,2019-12-31,5.4528
002465.SZ,2020-01-31,10.0646
002465.SZ,2020-02-29,0.5872
002465.SZ,2020-03-31,-5.9216
002465.SZ,2020-04-30,7.3582
002465.SZ,2020-05-31,-0.2377
002465.SZ,2020-06-30,8.194
002465.SZ,2020-07-31,11.2828
002465.SZ,2020-08-31,-8.1944
002465.SZ,2020-09-30,-11.4977
002465.SZ,2020-10-31,-4.359
002465.SZ,2020-11-30,10.0089
002465.SZ,2020-12-31,-12.0227
002456.SZ,2016-01-31,-29.207
002456.SZ,2016-02-29,-9.8361
002456.SZ,2016-03-31,34.0404
002456.SZ,2016-04-30,-3.7302
002456.SZ,2016-05-31,14.2074
002456.SZ,2016-06-30,1.0966
002456.SZ,2016-07-31,6.5919
002456.SZ,2016-08-31,15.7157
002456.SZ,2016-09-30,0.1653
002456.SZ,2016-10-31,7.3982
002456.SZ,2016-11-30,-5.7362
002456.SZ,2016-12-31,-6.8731
002456.SZ,2017-01-31,-4.3757
002456.SZ,2017-02-28,2.1049
002456.SZ,2017-03-31,13.1162
002456.SZ,2017-04-30,2.4828
002456.SZ,2017-05-31,0.6443
002456.SZ,2017-06-30,16.6029
002456.SZ,2017-07-31,4.2928
002456.SZ,2017-08-31,12.4538
002456.SZ,2017-09-30,-0.5631
002456.SZ,2017-10-31,11.1845
002456.SZ,2017-11-30,-7.2156
002456.SZ,2017-12-31,-5.8097
002456.SZ,2018-01-31,-13.3074
002456.SZ,2018-02-28,20.9524
002456.SZ,2018-03-31,-6.1603
002456.SZ,2018-04-30,-18.0652
002456.SZ,2018-05-31,10.241
002456.SZ,2018-06-30,-11.8579
002456.SZ,2018-07-31,3.2858
002456.SZ,2018-08-31,2.9016
002456.SZ,2018-09-30,-21.065
002456.SZ,2018-10-31,-2.891
002456.SZ,2018-11-30,-12.3664
002456.SZ,2018-12-31,-19.9477
002456.SZ,2019-01-31,8.9227
002456.SZ,2019-02-28,38.2617
002456.SZ,2019-03-31,2.6012
002456.SZ,2019-04-30,-15
002456.SZ,2019-05-31,-32.3944
002456.SZ,2019-06-30,-3.9216
002456.SZ,2019-07-31,8.1633
002456.SZ,2019-08-31,6.1321
002456.SZ,2019-09-30,32.2222
002456.SZ,2019-10-31,-6.0504
002456.SZ,2019-11-30,12.9696
002456.SZ,2019-12-31,23.5154
002456.SZ,2020-01-31,14.8718
002456.SZ,2020-02-29,3.2366
002456.SZ,2020-03-31,-26.2703
002456.SZ,2020-04-30,11.437
002456.SZ,2020-05-31,-6.7105
002456.SZ,2020-06-30,29.6897
002456.SZ,2020-07-31,5.8741
002456.SZ,2020-08-31,-2.7763
002456.SZ,2020-09-30,-23.7969
002456.SZ,2020-10-31,7.2172
002456.SZ,2020-11-30,-0.5873
002456.SZ,2020-12-31,-14.1368
002470.SZ,2016-01-31,-26.5978
002470.SZ,2016-02-29,-7.0328
002470.SZ,2016-03-31,12.3199
002470.SZ,2016-04-30,2.1167
002470.SZ,2016-05-31,-3.6662
002470.SZ,2016-06-30,5.643
002470.SZ,2016-07-31,6.8323
002470.SZ,2016-08-31,-2.6744
002470.SZ,2016-09-30,-5.7348
002470.SZ,2016-10-31,-4.0558
002470.SZ,2016-11-30,3.4346
002470.SZ,2016-12-31,0.894
002470.SZ,2017-01-31,-5.443
002470.SZ,2017-02-28,3.2129
002470.SZ,2017-03-31,-6.3554
002470.SZ,2017-04-30,2.6316
002470.SZ,2017-05-31,-6.7476
002470.SZ,2017-06-30,8.9725
002470.SZ,2017-07-31,9.6749
002470.SZ,2017-08-31,0.2454
002470.SZ,2017-09-30,-1.4688
002470.SZ,2017-10-31,13.6646
002470.SZ,2017-11-30,0
002470.SZ,2017-12-31,0
002470.SZ,2018-01-31,0
002470.SZ,2018-02-28,-7.3224
002470.SZ,2018-03-31,2.0047
002470.SZ,2018-04-30,0.1156
002470.SZ,2018-05-31,-4.0416
002470.SZ,2018-06-30,-16.3119
002470.SZ,2018-07-31,2.1802
002470.SZ,2018-08-31,-5.2632
002470.SZ,2018-09-30,1.5015
002470.SZ,2018-10-31,-16.2722
002470.SZ,2018-11-30,6.3604
002470.SZ,2018-12-31,4.9834
002470.SZ,2019-01-31,7.2785
002470.SZ,2019-02-28,14.1593
002470.SZ,2019-03-31,-4.1344
002470.SZ,2019-04-30,-21.8329
002470.SZ,2019-05-31,-29.1379
002470.SZ,2019-06-30,-11.4355
002470.SZ,2019-07-31,-11.5385
002470.SZ,2019-08-31,-1.2422
002470.SZ,2019-09-30,-5.3459
002470.SZ,2019-10-31,-3.3223
002470.SZ,2019-11-30,-14.433
002470.SZ,2019-12-31,6.8273
002470.SZ,2020-01-31,-3.7594
002470.SZ,2020-02-29,-2.7344
002470.SZ,2020-03-31,16.4659
002470.SZ,2020-04-30,-7.5862
002470.SZ,2020-05-31,-12.6866
002470.SZ,2020-06-30,-2.9915
002470.SZ,2020-07-31,-31.2775
002470.SZ,2020-08-31,6.4103
002470.SZ,2020-09-30,-7.8313
002470.SZ,2020-10-31,-11.7647
002470.SZ,2020-11-30,1.4815
002470.SZ,2020-12-31,-6.5693
002475.SZ,2016-01-31,-13.0516
002475.SZ,2016-02-29,-0.36
002475.SZ,2016-03-31,5.672
002475.SZ,2016-04-30,-3.5214
002475.SZ,2016-05-31,1.0276
002475.SZ,2016-06-30,3.7022
002475.SZ,2016-07-31,-5.5471
002475.SZ,2016-08-31,7.0582
002475.SZ,2016-09-30,1.7614
002475.SZ,2016-10-31,10.7814
002475.SZ,2016-11-30,-8.7054
002475.SZ,2016-12-31,1.467
002475.SZ,2017-01-31,-1.9759
002475.SZ,2017-02-28,7.8663
002475.SZ,2017-03-31,15.3145
002475.SZ,2017-04-30,7.2332
002475.SZ,2017-05-31,2.5433
002475.SZ,2017-06-30,5.1042
002475.SZ,2017-07-31,7.9243
002475.SZ,2017-08-31,0
002475.SZ,2017-09-30,-1.5253
002475.SZ,2017-10-31,19.3611
002475.SZ,2017-11-30,-4.5418
002475.SZ,2017-12-31,-0.4248
002475.SZ,2018-01-31,-7.2099
002475.SZ,2018-02-28,12.5977
002475.SZ,2018-03-31,-1.2658
002475.SZ,2018-04-30,-13.4822
002475.SZ,2018-05-31,11.0899
002475.SZ,2018-06-30,-3.012
002475.SZ,2018-07-31,4.3336
002475.SZ,2018-08-31,3.0471
002475.SZ,2018-09-30,-17.0968
002475.SZ,2018-10-31,7.6524
002475.SZ,2018-11-30,-9.0964
002475.SZ,2018-12-31,-6.8257
002475.SZ,2019-01-31,16.4296
002475.SZ,2019-02-28,28.1002
002475.SZ,2019-03-31,18.2642
002475.SZ,2019-04-30,5.2016
002475.SZ,2019-05-31,-17.7463
002475.SZ,2019-06-30,15.5172
002475.SZ,2019-07-31,13.5113
002475.SZ,2019-08-31,13.3333
002475.SZ,2019-09-30,9.3137
002475.SZ,2019-10-31,18.8714
002475.SZ,2019-11-30,6.9789
002475.SZ,2019-12-31,7.2583
002475.SZ,2020-01-31,23.6986
002475.SZ,2020-02-29,5.8693
002475.SZ,2020-03-31,-20.1674
002475.SZ,2020-04-30,23.978
002475.SZ,2020-05-31,-5.9395
002475.SZ,2020-06-30,50.3485
002475.SZ,2020-07-31,14.0993
002475.SZ,2020-08-31,-6.1273
002475.SZ,2020-09-30,3.8727
002475.SZ,2020-10-31,-3.9734
002475.SZ,2020-11-30,-5.7783
002475.SZ,2020-12-31,8.5703
002500.SZ,2016-01-31,-31.1024
002500.SZ,2016-02-29,-11.1429
002500.SZ,2016-03-31,27.1168
002500.SZ,2016-04-30,2.1079
002500.SZ,2016-05-31,21.9653
002500.SZ,2016-06-30,12.1192
002500.SZ,2016-07-31,-13.4015
002500.SZ,2016-08-31,4.0226
002500.SZ,2016-09-30,-5.0882
002500.SZ,2016-10-31,-1.1437
002500.SZ,2016-11-30,2.1692
002500.SZ,2016-12-31,-14.9328
002500.SZ,2017-01-31,-8.7354
002500.SZ,2017-02-28,4.9225
002500.SZ,2017-03-31,-4.0834
002500.SZ,2017-04-30,-6.6123
002500.SZ,2017-05-31,-10.0873
002500.SZ,2017-06-30,4.3432
002500.SZ,2017-07-31,20.5637
002500.SZ,2017-08-31,5.8009
002500.SZ,2017-09-30,-7.5286
002500.SZ,2017-10-31,-11.3274
002500.SZ,2017-11-30,-0.2994
002500.SZ,2017-12-31,-7.7077
002500.SZ,2018-01-31,2.4946
002500.SZ,2018-02-28,-16.9312
002500.SZ,2018-03-31,-1.4013
002500.SZ,2018-04-30,5.6848
002500.SZ,2018-05-31,-11.4914
002500.SZ,2018-06-30,-5.7724
002500.SZ,2018-07-31,-0.5935
002500.SZ,2018-08-31,-5.3731
002500.SZ,2018-09-30,-1.5773
002500.SZ,2018-10-31,-5.2885
002500.SZ,2018-11-30,9.3063
002500.SZ,2018-12-31,-8.3591
002500.SZ,2019-01-31,1.8581
002500.SZ,2019-02-28,35.3234
002500.SZ,2019-03-31,17.5245
002500.SZ,2019-04-30,-9.3848
002500.SZ,2019-05-31,-7.9402
002500.SZ,2019-06-30,1.25
002500.SZ,2019-07-31,3.9873
002500.SZ,2019-08-31,-9.319
002500.SZ,2019-09-30,3.4256
002500.SZ,2019-10-31,-0.7643
002500.SZ,2019-11-30,-4.4929
002500.SZ,2019-12-31,11.4247
002500.SZ,2020-01-31,-4.4632
002500.SZ,2020-02-29,-0.7576
002500.SZ,2020-03-31,-10.687
002500.SZ,2020-04-30,0.8547
002500.SZ,2020-05-31,-0.7042
002500.SZ,2020-06-30,-1.1412
002500.SZ,2020-07-31,26.4526
002500.SZ,2020-08-31,-0.6046
002500.SZ,2020-09-30,-3.2847
002500.SZ,2020-10-31,-5.5346
002500.SZ,2020-11-30,6.9241
002500.SZ,2020-12-31,11.457
002594.SZ,2016-01-31,-26.1025
002594.SZ,2016-02-29,6.1357
002594.SZ,2016-03-31,16.4324
002594.SZ,2016-04-30,8.3319
002594.SZ,2016-05-31,-6.1372
002594.SZ,2016-06-30,2.0234
002594.SZ,2016-07-31,-2.7209
002594.SZ,2016-08-31,-1.3479
002594.SZ,2016-09-30,-5.0555
002594.SZ,2016-10-31,1.0254
002594.SZ,2016-11-30,-1.4779
002594.SZ,2016-12-31,-9.5396
002594.SZ,2017-01-31,-2.0129
002594.SZ,2017-02-28,2.9376
002594.SZ,2017-03-31,-4.1708
002594.SZ,2017-04-30,8.0383
002594.SZ,2017-05-31,-3.9129
002594.SZ,2017-06-30,0.2006
002594.SZ,2017-07-31,-1.9019
002594.SZ,2017-08-31,-0.6734
002594.SZ,2017-09-30,40.8538
002594.SZ,2017-10-31,-7.7599
002594.SZ,2017-11-30,-1.2381
002594.SZ,2017-12-31,4.5484
002594.SZ,2018-01-31,-3.0899
002594.SZ,2018-02-28,0.7456
002594.SZ,2018-03-31,-11.3525
002594.SZ,2018-04-30,-5.9325
002594.SZ,2018-05-31,-3.4177
002594.SZ,2018-06-30,-6.784
002594.SZ,2018-07-31,-11.4094
002594.SZ,2018-08-31,5.6055
002594.SZ,2018-09-30,10.4363
002594.SZ,2018-10-31,-4.7047
002594.SZ,2018-11-30,21.8209
002594.SZ,2018-12-31,-10.5263
002594.SZ,2019-01-31,-8.9804
002594.SZ,2019-02-28,17.4278
002594.SZ,2019-03-31,-1.8712
002594.SZ,2019-04-30,6.375
002594.SZ,2019-05-31,-15.2021
002594.SZ,2019-06-30,5.1192
002594.SZ,2019-07-31,10.7014
002594.SZ,2019-08-31,-11.6175
002594.SZ,2019-09-30,-1.3549
002594.SZ,2019-10-31,-12.1566
002594.SZ,2019-11-30,1.2602
002594.SZ,2019-12-31,9.864
002594.SZ,2020-01-31,25.5087
002594.SZ,2020-02-29,9.2596
002594.SZ,2020-03-31,-8.2607
002594.SZ,2020-04-30,-0.0167
002594.SZ,2020-05-31,-4.2528
002594.SZ,2020-06-30,25.0653
002594.SZ,2020-07-31,18.9276
002594.SZ,2020-08-31,-0.3846
002594.SZ,2020-09-30,36.7529
002594.SZ,2020-10-31,37.4828
002594.SZ,2020-11-30,7.7217
002594.SZ,2020-12-31,12.8667
002673.SZ,2016-01-31,-26.618
002673.SZ,2016-02-29,-20.4141
002673.SZ,2016-03-31,40.5827
002673.SZ,2016-04-30,-12.6203
002673.SZ,2016-05-31,1.8636
002673.SZ,2016-06-30,8.5448
002673.SZ,2016-07-31,-5.6845
002673.SZ,2016-08-31,6.1501
002673.SZ,2016-09-30,-8.4202
002673.SZ,2016-10-31,2.1088
002673.SZ,2016-11-30,2.2305
002673.SZ,2016-12-31,-16.0808
002673.SZ,2017-01-31,-9.9663
002673.SZ,2017-02-28,5.508
002673.SZ,2017-03-31,-7.3492
002673.SZ,2017-04-30,-11.8899
002673.SZ,2017-05-31,-3.054
002673.SZ,2017-06-30,4.9909
002673.SZ,2017-07-31,6.7511
002673.SZ,2017-08-31,6.4559
002673.SZ,2017-09-30,-3.5272
002673.SZ,2017-10-31,-9.2367
002673.SZ,2017-11-30,-6.9965
002673.SZ,2017-12-31,-6.383
002673.SZ,2018-01-31,1.5422
002673.SZ,2018-02-28,-20.2238
002673.SZ,2018-03-31,-3.006
002673.SZ,2018-04-30,-4.6488
002673.SZ,2018-05-31,-7.6923
002673.SZ,2018-06-30,-10.4674
002673.SZ,2018-07-31,-0.9272
002673.SZ,2018-08-31,5.615
002673.SZ,2018-09-30,2.4051
002673.SZ,2018-10-31,3.3375
002673.SZ,2018-11-30,1.555
002673.SZ,2018-12-31,-9.6584
002673.SZ,2019-01-31,0.2608
002673.SZ,2019-02-28,33.1599
002673.SZ,2019-03-31,12.5977
002673.SZ,2019-04-30,-7.8057
002673.SZ,2019-05-31,-7.8081
002673.SZ,2019-06-30,2.8571
002673.SZ,2019-07-31,-3.5775
002673.SZ,2019-08-31,-7.4534
002673.SZ,2019-09-30,-0.3356
002673.SZ,2019-10-31,-0.6734
002673.SZ,2019-11-30,-0.339
002673.SZ,2019-12-31,11.1111
002673.SZ,2020-01-31,-5.6122
002673.SZ,2020-02-29,2.3784
002673.SZ,2020-03-31,-12.6716
002673.SZ,2020-04-30,-3.8694
002673.SZ,2020-05-31,0.1258
002673.SZ,2020-06-30,3.2843
002673.SZ,2020-07-31,21.5686
002673.SZ,2020-08-31,-1.6129
002673.SZ,2020-09-30,-2.6639
002673.SZ,2020-10-31,-4.2105
002673.SZ,2020-11-30,5.4945
002673.SZ,2020-12-31,5.625
002736.SZ,2016-01-31,-26.1266
002736.SZ,2016-02-29,-7.4709
002736.SZ,2016-03-31,21.6296
002736.SZ,2016-04-30,-6.6382
002736.SZ,2016-05-31,2.0222
002736.SZ,2016-06-30,14.155
002736.SZ,2016-07-31,-7.2464
002736.SZ,2016-08-31,10.9375
002736.SZ,2016-09-30,-7.1549
002736.SZ,2016-10-31,3.9442
002736.SZ,2016-11-30,3.2107
002736.SZ,2016-12-31,-12.0475
002736.SZ,2017-01-31,-2.6367
002736.SZ,2017-02-28,0.7266
002736.SZ,2017-03-31,-4.3934
002736.SZ,2017-04-30,-5.487
002736.SZ,2017-05-31,-3.1205
002736.SZ,2017-06-30,0.7651
002736.SZ,2017-07-31,7.4717
002736.SZ,2017-08-31,0.4213
002736.SZ,2017-09-30,-4.2657
002736.SZ,2017-10-31,-4.6749
002736.SZ,2017-11-30,-5.1341
002736.SZ,2017-12-31,-12.3586
002736.SZ,2018-01-31,8.1106
002736.SZ,2018-02-28,-7.4169
002736.SZ,2018-03-31,0.0921
002736.SZ,2018-04-30,-1.104
002736.SZ,2018-05-31,-6.8837
002736.SZ,2018-06-30,-7.7037
002736.SZ,2018-07-31,-0.5495
002736.SZ,2018-08-31,-7.1823
002736.SZ,2018-09-30,0.4762
002736.SZ,2018-10-31,-0.7109
002736.SZ,2018-11-30,7.0406
002736.SZ,2018-12-31,-6.689
002736.SZ,2019-01-31,-0.1195
002736.SZ,2019-02-28,36.1244
002736.SZ,2019-03-31,18.9807
002736.SZ,2019-04-30,-8.8626
002736.SZ,2019-05-31,-3.3225
002736.SZ,2019-06-30,11.389
002736.SZ,2019-07-31,3.5714
002736.SZ,2019-08-31,-5.2091
002736.SZ,2019-09-30,-4.9536
002736.SZ,2019-10-31,-0.4072
002736.SZ,2019-11-30,-7.1137
002736.SZ,2019-12-31,10.4754
002736.SZ,2020-01-31,-1.992
002736.SZ,2020-02-29,-4.3089
002736.SZ,2020-03-31,-5.6924
002736.SZ,2020-04-30,-1.8558
002736.SZ,2020-05-31,-0.0935
002736.SZ,2020-06-30,5.8052
002736.SZ,2020-07-31,16.8142
002736.SZ,2020-08-31,6.1364
002736.SZ,2020-09-30,-3.9971
002736.SZ,2020-10-31,-0.7435
002736.SZ,2020-11-30,2.9213
002736.SZ,2020-12-31,-0.7278
002739.SZ,2016-01-31,-35.4583
002739.SZ,2016-02-29,3.6798
002739.SZ,2016-03-31,0
002739.SZ,2016-04-30,0
002739.SZ,2016-05-31,0
002739.SZ,2016-06-30,-0.2321
002739.SZ,2016-07-31,-10.7009
002739.SZ,2016-08-31,0.911
002739.SZ,2016-09-30,-6.5556
002739.SZ,2016-10-31,-1.1891
002739.SZ,2016-11-30,0.1504
002739.SZ,2016-12-31,-18.7894
002739.SZ,2017-01-31,7.2314
002739.SZ,2017-02-28,-4.1911
002739.SZ,2017-03-31,1.7462
002739.SZ,2017-04-30,-6.7233
002739.SZ,2017-05-31,5.0835
002739.SZ,2017-06-30,-7.6746
002739.SZ,2017-07-31,2.0993
002739.SZ,2017-08-31,0
002739.SZ,2017-09-30,0
002739.SZ,2017-10-31,0
002739.SZ,2017-11-30,0
002739.SZ,2017-12-31,0
002739.SZ,2018-01-31,0
002739.SZ,2018-02-28,0
002739.SZ,2018-03-31,0
002739.SZ,2018-04-30,0
002739.SZ,2018-05-31,0
002739.SZ,2018-06-30,0
002739.SZ,2018-07-31,0
002739.SZ,2018-08-31,0
002739.SZ,2018-09-30,0
002739.SZ,2018-10-31,0
002739.SZ,2018-11-30,-37.5868
002739.SZ,2018-12-31,1.2054
002739.SZ,2019-01-31,-17.453
002739.SZ,2019-02-28,30.1332
002739.SZ,2019-03-31,-8.2303
002739.SZ,2019-04-30,3.2528
002739.SZ,2019-05-31,-14.8965
002739.SZ,2019-06-30,-2.4855
002739.SZ,2019-07-31,-11.3883
002739.SZ,2019-08-31,-3.6108
002739.SZ,2019-09-30,10.5397
002739.SZ,2019-10-31,-14.0724
002739.SZ,2019-11-30,-4.6791
002739.SZ,2019-12-31,27.2791
002739.SZ,2020-01-31,-4.7383
002739.SZ,2020-02-29,-6.3042
002739.SZ,2020-03-31,-2.7778
002739.SZ,2020-04-30,6.0317
002739.SZ,2020-05-31,-3.2934
002739.SZ,2020-06-30,-5.4489
002739.SZ,2020-07-31,13.6215
002739.SZ,2020-08-31,6.8012
002739.SZ,2020-09-30,-3.9396
002739.SZ,2020-10-31,-13.5955
002739.SZ,2020-11-30,24.3823
002739.SZ,2020-12-31,-5.4888
300003.SZ,2016-01-31,-20.6477
300003.SZ,2016-02-29,0.3265
300003.SZ,2016-03-31,20.6964
300003.SZ,2016-04-30,-5.3653
300003.SZ,2016-05-31,2.849
300003.SZ,2016-06-30,1.5
300003.SZ,2016-07-31,1.3706
300003.SZ,2016-08-31,2.4337
300003.SZ,2016-09-30,-2.2703
300003.SZ,2016-10-31,0.2161
300003.SZ,2016-11-30,0.9704
300003.SZ,2016-12-31,-4.2712
300003.SZ,2017-01-31,-4.9637
300003.SZ,2017-02-28,-0.1761
300003.SZ,2017-03-31,1.8812
300003.SZ,2017-04-30,5.3664
300003.SZ,2017-05-31,7.9409
300003.SZ,2017-06-30,12.7177
300003.SZ,2017-07-31,-6.739
300003.SZ,2017-08-31,8.8264
300003.SZ,2017-09-30,-4.2335
300003.SZ,2017-10-31,10.0512
300003.SZ,2017-11-30,-7.9915
300003.SZ,2017-12-31,11.0294
300003.SZ,2018-01-31,8.0298
300003.SZ,2018-02-28,6.0153
300003.SZ,2018-03-31,21.8648
300003.SZ,2018-04-30,9.4306
300003.SZ,2018-05-31,7.8591
300003.SZ,2018-06-30,-7.4936
300003.SZ,2018-07-31,-5.916
300003.SZ,2018-08-31,-8.867
300003.SZ,2018-09-30,-3.4976
300003.SZ,2018-10-31,-5.5684
300003.SZ,2018-11-30,9.2114
300003.SZ,2018-12-31,-33.5144
300003.SZ,2019-01-31,-2.2585
300003.SZ,2019-02-28,26.9912
300003.SZ,2019-03-31,2.5939
300003.SZ,2019-04-30,0.5283
300003.SZ,2019-05-31,-13.7387
300003.SZ,2019-06-30,0.8964
300003.SZ,2019-07-31,7.6455
300003.SZ,2019-08-31,8.636
300003.SZ,2019-09-30,-6.9094
300003.SZ,2019-10-31,20.5108
300003.SZ,2019-11-30,6.8543
300003.SZ,2019-12-31,2.5101
300003.SZ,2020-01-31,-3.5369
300003.SZ,2020-02-29,7.4898
300003.SZ,2020-03-31,5.5977
300003.SZ,2020-04-30,5.2181
300003.SZ,2020-05-31,-8.3443
300003.SZ,2020-06-30,5.1458
300003.SZ,2020-07-31,17.4151
300003.SZ,2020-08-31,-9.6082
300003.SZ,2020-09-30,-13.0289
300003.SZ,2020-10-31,-8.7214
300003.SZ,2020-11-30,-6.0448
300003.SZ,2020-12-31,-5.9841
300002.SZ,2016-01-31,-33.6641
300002.SZ,2016-02-29,-13.1185
300002.SZ,2016-03-31,16.8212
300002.SZ,2016-04-30,-3.4014
300002.SZ,2016-05-31,3.0516
300002.SZ,2016-06-30,21.1845
300002.SZ,2016-07-31,-8.5914
300002.SZ,2016-08-31,9.4008
300002.SZ,2016-09-30,0.661
300002.SZ,2016-10-31,-0.0938
300002.SZ,2016-11-30,-2.6291
300002.SZ,2016-12-31,-10.8968
300002.SZ,2017-01-31,-0.2165
300002.SZ,2017-02-28,1.0846
300002.SZ,2017-03-31,1.6094
300002.SZ,2017-04-30,-11.0876
300002.SZ,2017-05-31,1.0689
300002.SZ,2017-06-30,-1.9976
300002.SZ,2017-07-31,-15.2839
300002.SZ,2017-08-31,7.9545
300002.SZ,2017-09-30,-0.5263
300002.SZ,2017-10-31,-9.5238
300002.SZ,2017-11-30,-6.2865
300002.SZ,2017-12-31,-4.5242
300002.SZ,2018-01-31,0.4902
300002.SZ,2018-02-28,7.6423
300002.SZ,2018-03-31,6.1934
300002.SZ,2018-04-30,-5.6899
300002.SZ,2018-05-31,-7.6923
300002.SZ,2018-06-30,-31.8627
300002.SZ,2018-07-31,-1.1967
300002.SZ,2018-08-31,-7.056
300002.SZ,2018-09-30,-0.7853
300002.SZ,2018-10-31,-11.0818
300002.SZ,2018-11-30,5.0445
300002.SZ,2018-12-31,-6.7797
300002.SZ,2019-01-31,-7.8788
300002.SZ,2019-02-28,42.4342
300002.SZ,2019-03-31,23.7875
300002.SZ,2019-04-30,-16.791
300002.SZ,2019-05-31,-9.1928
300002.SZ,2019-06-30,-1.7284
300002.SZ,2019-07-31,-6.0302
300002.SZ,2019-08-31,-4.5455
300002.SZ,2019-09-30,-1.1204
300002.SZ,2019-10-31,-7.6487
300002.SZ,2019-11-30,-3.0675
300002.SZ,2019-12-31,3.1646
300002.SZ,2020-01-31,0.9202
300002.SZ,2020-02-29,3.0395
300002.SZ,2020-03-31,7.6696
300002.SZ,2020-04-30,43.2877
300002.SZ,2020-05-31,8.413
300002.SZ,2020-06-30,9.1711
300002.SZ,2020-07-31,9.6931
300002.SZ,2020-08-31,-2.9455
300002.SZ,2020-09-30,-15.7815
300002.SZ,2020-10-31,0.1802
300002.SZ,2020-11-30,8.0935
300002.SZ,2020-12-31,-14.975
300017.SZ,2016-01-31,-12.9855
300017.SZ,2016-02-29,-0.5556
300017.SZ,2016-03-31,12.5217
300017.SZ,2016-04-30,9.5931
300017.SZ,2016-05-31,5.0932
300017.SZ,2016-06-30,0.2088
300017.SZ,2016-07-31,10.6994
300017.SZ,2016-08-31,-7.7026
300017.SZ,2016-09-30,1.6604
300017.SZ,2016-10-31,-10.3725
300017.SZ,2016-11-30,-3.0531
300017.SZ,2016-12-31,-11.6076
300017.SZ,2017-01-31,-9.4758
300017.SZ,2017-02-28,0.9685
300017.SZ,2017-03-31,-17.3469
300017.SZ,2017-04-30,-0.9431
300017.SZ,2017-05-31,-15.7776
300017.SZ,2017-06-30,7.6717
300017.SZ,2017-07-31,-15.1616
300017.SZ,2017-08-31,9.9609
300017.SZ,2017-09-30,7.1936
300017.SZ,2017-10-31,-14.4988
300017.SZ,2017-11-30,-10.562
300017.SZ,2017-12-31,15.2763
300017.SZ,2018-01-31,11.0902
300017.SZ,2018-02-28,4.8223
300017.SZ,2018-03-31,20.6618
300017.SZ,2018-04-30,-12.0401
300017.SZ,2018-05-31,-16.0561
300017.SZ,2018-06-30,-2.7248
300017.SZ,2018-07-31,-5.2288
300017.SZ,2018-08-31,-2.4631
300017.SZ,2018-09-30,-6.1616
300017.SZ,2018-10-31,-15.8235
300017.SZ,2018-11-30,2.3018
300017.SZ,2018-12-31,-2.125
300017.SZ,2019-01-31,-5.6194
300017.SZ,2019-02-28,36.4005
300017.SZ,2019-03-31,25.9921
300017.SZ,2019-04-30,-13.421
300017.SZ,2019-05-31,-4.1933
300017.SZ,2019-06-30,2.569
300017.SZ,2019-07-31,-1.3915
300017.SZ,2019-08-31,-5.6444
300017.SZ,2019-09-30,-0.2991
300017.SZ,2019-10-31,-4.7
300017.SZ,2019-11-30,-7.2403
300017.SZ,2019-12-31,7.8054
300017.SZ,2020-01-31,-13.9559
300017.SZ,2020-02-29,19.3902
300017.SZ,2020-03-31,-20.3269
300017.SZ,2020-04-30,5.1282
300017.SZ,2020-05-31,-5
300017.SZ,2020-06-30,9.4072
300017.SZ,2020-07-31,5.5359
300017.SZ,2020-08-31,2.2321
300017.SZ,2020-09-30,-12.2271
300017.SZ,2020-10-31,-3.3582
300017.SZ,2020-11-30,-0.5148
300017.SZ,2020-12-31,-10.8668
300015.SZ,2016-01-31,-6.7448
300015.SZ,2016-02-29,-4.4143
300015.SZ,2016-03-31,6.0036
300015.SZ,2016-04-30,6.5013
300015.SZ,2016-05-31,3.6501
300015.SZ,2016-06-30,10.8986
300015.SZ,2016-07-31,0.2718
300015.SZ,2016-08-31,-2.0914
300015.SZ,2016-09-30,-1.7426
300015.SZ,2016-10-31,-3.2609
300015.SZ,2016-11-30,-1.1532
300015.SZ,2016-12-31,-10.5594
300015.SZ,2017-01-31,2.4749
300015.SZ,2017-02-28,3.6227
300015.SZ,2017-03-31,-4.7874
300015.SZ,2017-04-30,8.733
300015.SZ,2017-05-31,2.6231
300015.SZ,2017-06-30,3.9785
300015.SZ,2017-07-31,-2.8375
300015.SZ,2017-08-31,3.2301
300015.SZ,2017-09-30,8.5727
300015.SZ,2017-10-31,9.2775
300015.SZ,2017-11-30,-1.7341
300015.SZ,2017-12-31,13.2353
300015.SZ,2018-01-31,13.5714
300015.SZ,2018-02-28,3.7736
300015.SZ,2018-03-31,13.4435
300015.SZ,2018-04-30,14.1331
300015.SZ,2018-05-31,5.9722
300015.SZ,2018-06-30,-2.1515
300015.SZ,2018-07-31,3.4995
300015.SZ,2018-08-31,-6.1341
300015.SZ,2018-09-30,2.8052
300015.SZ,2018-10-31,-16.155
300015.SZ,2018-11-30,5.3994
300015.SZ,2018-12-31,-7.7193
300015.SZ,2019-01-31,3.27
300015.SZ,2019-02-28,18.4462
300015.SZ,2019-03-31,5.6885
300015.SZ,2019-04-30,9.7941
300015.SZ,2019-05-31,2.5717
300015.SZ,2019-06-30,5.7087
300015.SZ,2019-07-31,-1.5499
300015.SZ,2019-08-31,10.7904
300015.SZ,2019-09-30,5.003
300015.SZ,2019-10-31,11.5309
300015.SZ,2019-11-30,0.91
300015.SZ,2019-12-31,-0.9018
300015.SZ,2020-01-31,1.1122
300015.SZ,2020-02-29,0
300015.SZ,2020-03-31,-1.55
300015.SZ,2020-04-30,12.7222
300015.SZ,2020-05-31,15.0336
300015.SZ,2020-06-30,10.9551
300015.SZ,2020-07-31,4.2578
300015.SZ,2020-08-31,14.7241
300015.SZ,2020-09-30,-1.0583
300015.SZ,2020-10-31,21.0813
300015.SZ,2020-11-30,-1.7025
300015.SZ,2020-12-31,22.3693
300024.SZ,2016-01-31,-27.854
300024.SZ,2016-02-29,-10.947
300024.SZ,2016-03-31,28.4935
300024.SZ,2016-04-30,2.4959
300024.SZ,2016-05-31,-2.7757
300024.SZ,2016-06-30,-0.7039
300024.SZ,2016-07-31,-5.0807
300024.SZ,2016-08-31,0.9959
300024.SZ,2016-09-30,-3.2868
300024.SZ,2016-10-31,0.3398
300024.SZ,2016-11-30,2.9636
300024.SZ,2016-12-31,-12.0888
300024.SZ,2017-01-31,-5.2853
300024.SZ,2017-02-28,2.321
300024.SZ,2017-03-31,4.2954
300024.SZ,2017-04-30,-6.8487
300024.SZ,2017-05-31,-7.3522
300024.SZ,2017-06-30,4.5576
300024.SZ,2017-07-31,2.3077
300024.SZ,2017-08-31,12.2807
300024.SZ,2017-09-30,-4.8214
300024.SZ,2017-10-31,-2.8612
300024.SZ,2017-11-30,-5.8909
300024.SZ,2017-12-31,-3.4377
300024.SZ,2018-01-31,6.3231
300024.SZ,2018-02-28,-10.3448
300024.SZ,2018-03-31,16.4437
300024.SZ,2018-04-30,-4.5476
300024.SZ,2018-05-31,-6.7703
300024.SZ,2018-06-30,-6.1413
300024.SZ,2018-07-31,-1.7816
300024.SZ,2018-08-31,-4.6811
300024.SZ,2018-09-30,0.2455
300024.SZ,2018-10-31,-13.0435
300024.SZ,2018-11-30,-3.5915
300024.SZ,2018-12-31,-3.4332
300024.SZ,2019-01-31,2.7988
300024.SZ,2019-02-28,19.9411
300024.SZ,2019-03-31,17.1779
300024.SZ,2019-04-30,-12.3037
300024.SZ,2019-05-31,-7.6418
300024.SZ,2019-06-30,-1.5514
300024.SZ,2019-07-31,4.2022
300024.SZ,2019-08-31,-9.1997
300024.SZ,2019-09-30,0.1388
300024.SZ,2019-10-31,-2.2176
300024.SZ,2019-11-30,-4.5358
300024.SZ,2019-12-31,3.9347
300024.SZ,2020-01-31,8.0714
300024.SZ,2020-02-29,-1.0575
300024.SZ,2020-03-31,-8.7508
300024.SZ,2020-04-30,-3.5139
300024.SZ,2020-05-31,-1.7451
300024.SZ,2020-06-30,5.5598
300024.SZ,2020-07-31,14.4111
300024.SZ,2020-08-31,1.2148
300024.SZ,2020-09-30,-8.5913
300024.SZ,2020-10-31,-7.6019
300024.SZ,2020-11-30,2.3186
300024.SZ,2020-12-31,-10.0877
300027.SZ,2016-01-31,-34.9566
300027.SZ,2016-02-29,-15.9748
300027.SZ,2016-03-31,23.3348
300027.SZ,2016-04-30,-1.3591
300027.SZ,2016-05-31,8.5091
300027.SZ,2016-06-30,-9.2493
300027.SZ,2016-07-31,-5.9084
300027.SZ,2016-08-31,1.2559
300027.SZ,2016-09-30,-4.031
300027.SZ,2016-10-31,0
300027.SZ,2016-11-30,0
300027.SZ,2016-12-31,-11.147
300027.SZ,2017-01-31,-4.6364
300027.SZ,2017-02-28,2.5739
300027.SZ,2017-03-31,-8.9219
300027.SZ,2017-04-30,-12.449
300027.SZ,2017-05-31,-6.8765
300027.SZ,2017-06-30,1.6193
300027.SZ,2017-07-31,16.8109
300027.SZ,2017-08-31,-3.0688
300027.SZ,2017-09-30,-1.0917
300027.SZ,2017-10-31,-3.2009
300027.SZ,2017-11-30,-4.561
300027.SZ,2017-12-31,4.3011
300027.SZ,2018-01-31,16.7239
300027.SZ,2018-02-28,-3.631
300027.SZ,2018-03-31,-2.6477
300027.SZ,2018-04-30,-8.0544
300027.SZ,2018-05-31,-6.2814
300027.SZ,2018-06-30,-24.9695
300027.SZ,2018-07-31,-2.5974
300027.SZ,2018-08-31,-10
300027.SZ,2018-09-30,-1.2963
300027.SZ,2018-10-31,-14.8218
300027.SZ,2018-11-30,9.0308
300027.SZ,2018-12-31,-5.2525
300027.SZ,2019-01-31,-8.3156
300027.SZ,2019-02-28,26.9767
300027.SZ,2019-03-31,-0.1832
300027.SZ,2019-04-30,-2.5688
300027.SZ,2019-05-31,-1.5066
300027.SZ,2019-06-30,-6.1185
300027.SZ,2019-07-31,-3.8697
300027.SZ,2019-08-31,-5.0847
300027.SZ,2019-09-30,5.5804
300027.SZ,2019-10-31,-7.3996
300027.SZ,2019-11-30,0
300027.SZ,2019-12-31,5.7078
300027.SZ,2020-01-31,-8.6393
300027.SZ,2020-02-29,-12.5296
300027.SZ,2020-03-31,-11.6216
300027.SZ,2020-04-30,20.4893
300027.SZ,2020-05-31,2.2843
300027.SZ,2020-06-30,-8.933
300027.SZ,2020-07-31,29.9728
300027.SZ,2020-08-31,28.5115
300027.SZ,2020-09-30,-19.0865
300027.SZ,2020-10-31,-10.4839
300027.SZ,2020-11-30,-6.3063
300027.SZ,2020-12-31,3.3654
300058.SZ,2016-01-31,-38.7644
300058.SZ,2016-02-29,-12.8603
300058.SZ,2016-03-31,34.6056
300058.SZ,2016-04-30,2.6465
300058.SZ,2016-05-31,-10.4052
300058.SZ,2016-06-30,-0.2055
300058.SZ,2016-07-31,6.2542
300058.SZ,2016-08-31,3.9922
300058.SZ,2016-09-30,0.9363
300058.SZ,2016-10-31,-2.5974
300058.SZ,2016-11-30,3.9048
300058.SZ,2016-12-31,-6.7828
300058.SZ,2017-01-31,-6.0964
300058.SZ,2017-02-28,3.3508
300058.SZ,2017-03-31,-7.4975
300058.SZ,2017-04-30,-12.5958
300058.SZ,2017-05-31,-2.8822
300058.SZ,2017-06-30,1.8123
300058.SZ,2017-07-31,-6.9054
300058.SZ,2017-08-31,5.3571
300058.SZ,2017-09-30,-3.781
300058.SZ,2017-10-31,-0.1355
300058.SZ,2017-11-30,-5.156
300058.SZ,2017-12-31,-21.03
300058.SZ,2018-01-31,27.8986
300058.SZ,2018-02-28,3.3994
300058.SZ,2018-03-31,9.3151
300058.SZ,2018-04-30,-10.6516
300058.SZ,2018-05-31,-14.5863
300058.SZ,2018-06-30,-6.4039
300058.SZ,2018-07-31,-0.6669
300058.SZ,2018-08-31,-8.6879
300058.SZ,2018-09-30,-8.7379
300058.SZ,2018-10-31,-6.383
300058.SZ,2018-11-30,5
300058.SZ,2018-12-31,-6.0606
300058.SZ,2019-01-31,-12.4424
300058.SZ,2019-02-28,27.3684
300058.SZ,2019-03-31,13.2231
300058.SZ,2019-04-30,-11.6788
300058.SZ,2019-05-31,-13.6364
300058.SZ,2019-06-30,2.1531
300058.SZ,2019-07-31,21.8111
300058.SZ,2019-08-31,15.8607
300058.SZ,2019-09-30,-1.0017
300058.SZ,2019-10-31,-4.3845
300058.SZ,2019-11-30,-7.9365
300058.SZ,2019-12-31,8.2375
300058.SZ,2020-01-31,9.9115
300058.SZ,2020-02-29,19.6457
300058.SZ,2020-03-31,-23.6878
300058.SZ,2020-04-30,22.7513
300058.SZ,2020-05-31,3.4483
300058.SZ,2020-06-30,8.3333
300058.SZ,2020-07-31,-2.0513
300058.SZ,2020-08-31,0.5236
300058.SZ,2020-09-30,-4.5573
300058.SZ,2020-10-31,-6.5484
300058.SZ,2020-11-30,-4.2336
300058.SZ,2020-12-31,-8.5366
300059.SZ,2016-01-31,-25.9081
300059.SZ,2016-02-29,-13.93
300059.SZ,2016-03-31,33.5142
300059.SZ,2016-04-30,-11.1604
300059.SZ,2016-05-31,0.7791
300059.SZ,2016-06-30,0.955
300059.SZ,2016-07-31,-11.9369
300059.SZ,2016-08-31,3.0179
300059.SZ,2016-09-30,-4.9156
300059.SZ,2016-10-31,1.6188
300059.SZ,2016-11-30,11.408
300059.SZ,2016-12-31,-21.9096
300059.SZ,2017-01-31,-5.9657
300059.SZ,2017-02-28,3.8317
300059.SZ,2017-03-31,-9.3769
300059.SZ,2017-04-30,-10.8499
300059.SZ,2017-05-31,6.2162
300059.SZ,2017-06-30,1.9508
300059.SZ,2017-07-31,-4.2429
300059.SZ,2017-08-31,28.9314
300059.SZ,2017-09-30,-6.8059
300059.SZ,2017-10-31,-10.6291
300059.SZ,2017-11-30,10.1133
300059.SZ,2017-12-31,-4.8494
300059.SZ,2018-01-31,18.0695
300059.SZ,2018-02-28,-9.8103
300059.SZ,2018-03-31,22.7701
300059.SZ,2018-04-30,1.7102
300059.SZ,2018-05-31,-7.3971
300059.SZ,2018-06-30,-0.6782
300059.SZ,2018-07-31,1.9727
300059.SZ,2018-08-31,-5.5804
300059.SZ,2018-09-30,-11.3475
300059.SZ,2018-10-31,9.9556
300059.SZ,2018-11-30,3.6378
300059.SZ,2018-12-31,-5.6162
300059.SZ,2019-01-31,6.3636
300059.SZ,2019-02-28,52.2922
300059.SZ,2019-03-31,-1.1224
300059.SZ,2019-04-30,-15.4283
300059.SZ,2019-05-31,-7.2862
300059.SZ,2019-06-30,7.1146
300059.SZ,2019-07-31,7.3801
300059.SZ,2019-08-31,-0.5498
300059.SZ,2019-09-30,2.1424
300059.SZ,2019-10-31,0.9472
300059.SZ,2019-11-30,-7.1716
300059.SZ,2019-12-31,13.8628
300059.SZ,2020-01-31,-4.3754
300059.SZ,2020-02-29,15.0531
300059.SZ,2020-03-31,-7.4928
300059.SZ,2020-04-30,13.6449
300059.SZ,2020-05-31,-6.0721
300059.SZ,2020-06-30,41.7544
300059.SZ,2020-07-31,32.0297
300059.SZ,2020-08-31,-1.9123
300059.SZ,2020-09-30,-8.2951
300059.SZ,2020-10-31,-2.5427
300059.SZ,2020-11-30,17.6219
300059.SZ,2020-12-31,12.7273
300070.SZ,2016-01-31,-24.1839
300070.SZ,2016-02-29,-14.1401
300070.SZ,2016-03-31,15.6973
300070.SZ,2016-04-30,3.7445
300070.SZ,2016-05-31,-5.9131
300070.SZ,2016-06-30,-3.3766
300070.SZ,2016-07-31,20.2957
300070.SZ,2016-08-31,4.9162
300070.SZ,2016-09-30,-1.4377
300070.SZ,2016-10-31,-2.161
300070.SZ,2016-11-30,-0.5522
300070.SZ,2016-12-31,-2.7207
300070.SZ,2017-01-31,-11.3014
300070.SZ,2017-02-28,5.4054
300070.SZ,2017-03-31,-0.9768
300070.SZ,2017-04-30,34.2787
300070.SZ,2017-05-31,-14.7842
300070.SZ,2017-06-30,0.8204
300070.SZ,2017-07-31,-7.2922
300070.SZ,2017-08-31,9.7166
300070.SZ,2017-09-30,-5.0606
300070.SZ,2017-10-31,5.9967
300070.SZ,2017-11-30,-10.4767
300070.SZ,2017-12-31,1.6384
300070.SZ,2018-01-31,-6.5055
300070.SZ,2018-02-28,1.9704
300070.SZ,2018-03-31,9.4203
300070.SZ,2018-04-30,2.0419
300070.SZ,2018-05-31,-14.5484
300070.SZ,2018-06-30,-11.8354
300070.SZ,2018-07-31,-3.7608
300070.SZ,2018-08-31,-15.8647
300070.SZ,2018-09-30,-10.6345
300070.SZ,2018-10-31,-18.2
300070.SZ,2018-11-30,6.7237
300070.SZ,2018-12-31,-10.6529
300070.SZ,2019-01-31,-8.9744
300070.SZ,2019-02-28,32.1127
300070.SZ,2019-03-31,0
300070.SZ,2019-04-30,-5.5437
300070.SZ,2019-05-31,-13.9814
300070.SZ,2019-06-30,2.7704
300070.SZ,2019-07-31,-15.276
300070.SZ,2019-08-31,-3.6364
300070.SZ,2019-09-30,5.5031
300070.SZ,2019-10-31,15.2012
300070.SZ,2019-11-30,-2.8461
300070.SZ,2019-12-31,1.1984
300070.SZ,2020-01-31,12.7632
300070.SZ,2020-02-29,15.0525
300070.SZ,2020-03-31,-6.4909
300070.SZ,2020-04-30,3.4707
300070.SZ,2020-05-31,-16.0441
300070.SZ,2020-06-30,2.267
300070.SZ,2020-07-31,5.665
300070.SZ,2020-08-31,13.4033
300070.SZ,2020-09-30,-10.5858
300070.SZ,2020-10-31,-10.8046
300070.SZ,2020-11-30,8.634
300070.SZ,2020-12-31,-9.2527
300104.SZ,2016-01-31,0
300104.SZ,2016-02-29,0
300104.SZ,2016-03-31,0
300104.SZ,2016-04-30,0
300104.SZ,2016-05-31,0
300104.SZ,2016-06-30,-9.9711
300104.SZ,2016-07-31,-10.8864
300104.SZ,2016-08-31,-2.0785
300104.SZ,2016-09-30,-4.1585
300104.SZ,2016-10-31,-0.226
300104.SZ,2016-11-30,-13.8845
300104.SZ,2016-12-31,-5.839
300104.SZ,2017-01-31,2.2346
300104.SZ,2017-02-28,-4.1257
300104.SZ,2017-03-31,-3.3343
300104.SZ,2017-04-30,-9.5519
300104.SZ,2017-05-31,0
300104.SZ,2017-06-30,0
300104.SZ,2017-07-31,0
300104.SZ,2017-08-31,0
300104.SZ,2017-09-30,0
300104.SZ,2017-10-31,0
300104.SZ,2017-11-30,0
300104.SZ,2017-12-31,0
300104.SZ,2018-01-31,-46.8363
300104.SZ,2018-02-28,-35.9509
300104.SZ,2018-03-31,-8.8123
300104.SZ,2018-04-30,-3.5714
300104.SZ,2018-05-31,-23.3115
300104.SZ,2018-06-30,1.1364
300104.SZ,2018-07-31,-23.3146
300104.SZ,2018-08-31,14.2857
300104.SZ,2018-09-30,25.3205
300104.SZ,2018-10-31,-22.7621
300104.SZ,2018-11-30,-2.649
300104.SZ,2018-12-31,-15.3061
300104.SZ,2019-01-31,5.6225
300104.SZ,2019-02-28,3.4221
300104.SZ,2019-03-31,4.4118
300104.SZ,2019-04-30,-40.493
300104.SZ,2019-05-31,0
300104.SZ,2019-06-30,0
300104.SZ,2019-07-31,0
300104.SZ,2019-08-31,0
300104.SZ,2019-09-30,0
300104.SZ,2019-10-31,0
300104.SZ,2019-11-30,0
300104.SZ,2019-12-31,0
300104.SZ,2020-01-31,0
300104.SZ,2020-02-29,0
300104.SZ,2020-03-31,0
300104.SZ,2020-04-30,0
300104.SZ,2020-05-31,0
300104.SZ,2020-06-30,-81.0651
300104.SZ,2020-07-31,-43.75
300104.SZ,2020-08-31,0
300104.SZ,2020-09-30,0
300104.SZ,2020-10-31,0
300104.SZ,2020-11-30,0
300104.SZ,2020-12-31,0
300133.SZ,2016-01-31,-29.1709
300133.SZ,2016-02-29,-14.6919
300133.SZ,2016-03-31,47.7778
300133.SZ,2016-04-30,-2.6316
300133.SZ,2016-05-31,-3.6998
300133.SZ,2016-06-30,0.0643
300133.SZ,2016-07-31,-8.1567
300133.SZ,2016-08-31,0.7692
300133.SZ,2016-09-30,-5.3435
300133.SZ,2016-10-31,-2.2727
300133.SZ,2016-11-30,0.2251
300133.SZ,2016-12-31,-15.0449
300133.SZ,2017-01-31,-6.1674
300133.SZ,2017-02-28,12.4883
300133.SZ,2017-03-31,-7.6795
300133.SZ,2017-04-30,-2.0796
300133.SZ,2017-05-31,1.2927
300133.SZ,2017-06-30,2.0966
300133.SZ,2017-07-31,3.3945
300133.SZ,2017-08-31,7.5325
300133.SZ,2017-09-30,-12.1578
300133.SZ,2017-10-31,0.55
300133.SZ,2017-11-30,-6.381
300133.SZ,2017-12-31,5.5501
300133.SZ,2018-01-31,10.0554
300133.SZ,2018-02-28,8.8852
300133.SZ,2018-03-31,-7.3133
300133.SZ,2018-04-30,-9.8837
300133.SZ,2018-05-31,-7.1388
300133.SZ,2018-06-30,6.0757
300133.SZ,2018-07-31,-9.4836
300133.SZ,2018-08-31,-4.4606
300133.SZ,2018-09-30,4.0174
300133.SZ,2018-10-31,7.8288
300133.SZ,2018-11-30,-14.5208
300133.SZ,2018-12-31,1.4723
300133.SZ,2019-01-31,-27.6786
300133.SZ,2019-02-28,25.463
300133.SZ,2019-03-31,-1.599
300133.SZ,2019-04-30,-10.875
300133.SZ,2019-05-31,-10.5189
300133.SZ,2019-06-30,5.4859
300133.SZ,2019-07-31,-2.8175
300133.SZ,2019-08-31,-1.9908
300133.SZ,2019-09-30,3.125
300133.SZ,2019-10-31,-3.0303
300133.SZ,2019-11-30,-3.125
300133.SZ,2019-12-31,19.3548
300133.SZ,2020-01-31,4.4595
300133.SZ,2020-02-29,1.9405
300133.SZ,2020-03-31,-15.6091
300133.SZ,2020-04-30,22.5564
300133.SZ,2020-05-31,-16.072
300133.SZ,2020-06-30,6.1493
300133.SZ,2020-07-31,-0.4138
300133.SZ,2020-08-31,15.2355
300133.SZ,2020-09-30,-8.2933
300133.SZ,2020-10-31,-3.9318
300133.SZ,2020-11-30,-1.91
300133.SZ,2020-12-31,-14.0473
300144.SZ,2016-01-31,-18.3746
300144.SZ,2016-02-29,-3.4632
300144.SZ,2016-03-31,31.2108
300144.SZ,2016-04-30,-6.4714
300144.SZ,2016-05-31,-8.0952
300144.SZ,2016-06-30,-0.7174
300144.SZ,2016-07-31,-8.1493
300144.SZ,2016-08-31,4.5455
300144.SZ,2016-09-30,2.4247
300144.SZ,2016-10-31,0.6122
300144.SZ,2016-11-30,-7.5051
300144.SZ,2016-12-31,-8.1579
300144.SZ,2017-01-31,-1.3849
300144.SZ,2017-02-28,3.0024
300144.SZ,2017-03-31,-8.2276
300144.SZ,2017-04-30,3.6939
300144.SZ,2017-05-31,5.6107
300144.SZ,2017-06-30,-1.8806
300144.SZ,2017-07-31,-5.7499
300144.SZ,2017-08-31,-2.3894
300144.SZ,2017-09-30,-2.5
300144.SZ,2017-10-31,7.6389
300144.SZ,2017-11-30,-8.2878
300144.SZ,2017-12-31,0.974
300144.SZ,2018-01-31,-1.1254
300144.SZ,2018-02-28,6.5583
300144.SZ,2018-03-31,6.2564
300144.SZ,2018-04-30,-2.0105
300144.SZ,2018-05-31,13.7958
300144.SZ,2018-06-30,1.468
300144.SZ,2018-07-31,9.7872
300144.SZ,2018-08-31,-12.907
300144.SZ,2018-09-30,-0.9791
300144.SZ,2018-10-31,-4.8539
300144.SZ,2018-11-30,3.8734
300144.SZ,2018-12-31,-2.9104
300144.SZ,2019-01-31,-8.8993
300144.SZ,2019-02-28,8.4833
300144.SZ,2019-03-31,9.9526
300144.SZ,2019-04-30,-2.7155
300144.SZ,2019-05-31,-4.6591
300144.SZ,2019-06-30,8.1308
300144.SZ,2019-07-31,13.051
300144.SZ,2019-08-31,0.9939
300144.SZ,2019-09-30,5.7532
300144.SZ,2019-10-31,5.9413
300144.SZ,2019-11-30,-7.6351
300144.SZ,2019-12-31,13.0578
300144.SZ,2020-01-31,-12.8437
300144.SZ,2020-02-29,2.3756
300144.SZ,2020-03-31,-9.4271
300144.SZ,2020-04-30,19.4155
300144.SZ,2020-05-31,10.9703
300144.SZ,2020-06-30,-5.3611
300144.SZ,2020-07-31,7.9191
300144.SZ,2020-08-31,-4.2314
300144.SZ,2020-09-30,2.0134
300144.SZ,2020-10-31,-8.9912
300144.SZ,2020-11-30,16.1446
300144.SZ,2020-12-31,-8.0913
300146.SZ,2016-01-31,-21.013
300146.SZ,2016-02-29,-12.8576
300146.SZ,2016-03-31,25.283
300146.SZ,2016-04-30,-15.1534
300146.SZ,2016-05-31,0.8677
300146.SZ,2016-06-30,-2.9391
300146.SZ,2016-07-31,-2.2157
300146.SZ,2016-08-31,-0.0755
300146.SZ,2016-09-30,-4.4596
300146.SZ,2016-10-31,0.2373
300146.SZ,2016-11-30,4.9724
300146.SZ,2016-12-31,-10.2256
300146.SZ,2017-01-31,-5.5276
300146.SZ,2017-02-28,2.8369
300146.SZ,2017-03-31,-4.9138
300146.SZ,2017-04-30,0.0498
300146.SZ,2017-05-31,10.3896
300146.SZ,2017-06-30,15.4622
300146.SZ,2017-07-31,3.2751
300146.SZ,2017-08-31,3.0303
300146.SZ,2017-09-30,-6.7031
300146.SZ,2017-10-31,0.8065
300146.SZ,2017-11-30,-1.7455
300146.SZ,2017-12-31,11.1769
300146.SZ,2018-01-31,12.7164
300146.SZ,2018-02-28,0
300146.SZ,2018-03-31,0
300146.SZ,2018-04-30,0
300146.SZ,2018-05-31,0
300146.SZ,2018-06-30,0
300146.SZ,2018-07-31,10
300146.SZ,2018-08-31,7.2289
300146.SZ,2018-09-30,4.6987
300146.SZ,2018-10-31,-8.8293
300146.SZ,2018-11-30,6.9556
300146.SZ,2018-12-31,-15.0075
300146.SZ,2019-01-31,0.6474
300146.SZ,2019-02-28,22.3392
300146.SZ,2019-03-31,9.2256
300146.SZ,2019-04-30,-3.004
300146.SZ,2019-05-31,-9.6358
300146.SZ,2019-06-30,-1.0204
300146.SZ,2019-07-31,-0.8247
300146.SZ,2019-08-31,2.2349
300146.SZ,2019-09-30,-5.8465
300146.SZ,2019-10-31,-13.5529
300146.SZ,2019-11-30,-8.6821
300146.SZ,2019-12-31,11.4227
300146.SZ,2020-01-31,3.1308
300146.SZ,2020-02-29,-2.6786
300146.SZ,2020-03-31,2.6911
300146.SZ,2020-04-30,13.3489
300146.SZ,2020-05-31,0.4292
300146.SZ,2020-06-30,5.1816
300146.SZ,2020-07-31,27.0696
300146.SZ,2020-08-31,-1.9584
300146.SZ,2020-09-30,-14.3498
300146.SZ,2020-10-31,23.1318
300146.SZ,2020-11-30,-2.9764
300146.SZ,2020-12-31,-3.7849
300124.SZ,2016-01-31,-25.6356
300124.SZ,2016-02-29,-8.8034
300124.SZ,2016-03-31,19.4314
300124.SZ,2016-04-30,-4.1852
300124.SZ,2016-05-31,2.0232
300124.SZ,2016-06-30,5.2632
300124.SZ,2016-07-31,-7.4742
300124.SZ,2016-08-31,6.8524
300124.SZ,2016-09-30,-1.4077
300124.SZ,2016-10-31,9.2015
300124.SZ,2016-11-30,2.1792
300124.SZ,2016-12-31,-3.6493
300124.SZ,2017-01-31,1.3281
300124.SZ,2017-02-28,5.2427
300124.SZ,2017-03-31,1.2454
300124.SZ,2017-04-30,7.0159
300124.SZ,2017-05-31,-0.9178
300124.SZ,2017-06-30,11.0435
300124.SZ,2017-07-31,-2.7408
300124.SZ,2017-08-31,6.2802
300124.SZ,2017-09-30,9.4697
300124.SZ,2017-10-31,6.782
300124.SZ,2017-11-30,-15.5541
300124.SZ,2017-12-31,11.3584
300124.SZ,2018-01-31,-3.2391
300124.SZ,2018-02-28,12.2863
300124.SZ,2018-03-31,12.1472
300124.SZ,2018-04-30,-7.1833
300124.SZ,2018-05-31,-0.4266
300124.SZ,2018-06-30,1.3589
300124.SZ,2018-07-31,-18.6776
300124.SZ,2018-08-31,-2.323
300124.SZ,2018-09-30,6.2524
300124.SZ,2018-10-31,-19.5668
300124.SZ,2018-11-30,-4.2639
300124.SZ,2018-12-31,-5.579
300124.SZ,2019-01-31,7.7954
300124.SZ,2019-02-28,19.5302
300124.SZ,2019-03-31,1.079
300124.SZ,2019-04-30,-4.0412
300124.SZ,2019-05-31,-10.0119
300124.SZ,2019-06-30,1.1479
300124.SZ,2019-07-31,9.686
300124.SZ,2019-08-31,-7.6244
300124.SZ,2019-09-30,5.6907
300124.SZ,2019-10-31,2.4661
300124.SZ,2019-11-30,5.3751
300124.SZ,2019-12-31,16.6349
300124.SZ,2020-01-31,-4.5366
300124.SZ,2020-02-29,-3.2137
300124.SZ,2020-03-31,-8.6895
300124.SZ,2020-04-30,26.6151
300124.SZ,2020-05-31,4.8885
300124.SZ,2020-06-30,10.6612
300124.SZ,2020-07-31,32.7741
300124.SZ,2020-08-31,11.0227
300124.SZ,2020-09-30,3.7634
300124.SZ,2020-10-31,10.9499
300124.SZ,2020-11-30,19.863
300124.SZ,2020-12-31,21.1688
300251.SZ,2016-01-31,-33.6415
300251.SZ,2016-02-29,-7.2139
300251.SZ,2016-03-31,23.5925
300251.SZ,2016-04-30,10.4989
300251.SZ,2016-05-31,-5.1221
300251.SZ,2016-06-30,-3.9867
300251.SZ,2016-07-31,-4.6713
300251.SZ,2016-08-31,1.7241
300251.SZ,2016-09-30,-3.2114
300251.SZ,2016-10-31,0.9217
300251.SZ,2016-11-30,4.2009
300251.SZ,2016-12-31,-14.461
300251.SZ,2017-01-31,9.2213
300251.SZ,2017-02-28,-7.7861
300251.SZ,2017-03-31,-4.5778
300251.SZ,2017-04-30,-8.1023
300251.SZ,2017-05-31,-5.5684
300251.SZ,2017-06-30,1.0883
300251.SZ,2017-07-31,10.1343
300251.SZ,2017-08-31,-2.7716
300251.SZ,2017-09-30,24.7434
300251.SZ,2017-10-31,-11.3346
300251.SZ,2017-11-30,-3.8144
300251.SZ,2017-12-31,12.0043
300251.SZ,2018-01-31,24.0191
300251.SZ,2018-02-28,-3.5494
300251.SZ,2018-03-31,2.88
300251.SZ,2018-04-30,-9.9533
300251.SZ,2018-05-31,-4.9252
300251.SZ,2018-06-30,-5.915
300251.SZ,2018-07-31,-3.7328
300251.SZ,2018-08-31,-17.449
300251.SZ,2018-09-30,-3.7083
300251.SZ,2018-10-31,-10.1412
300251.SZ,2018-11-30,3.1429
300251.SZ,2018-12-31,5.2632
300251.SZ,2019-01-31,7.6316
300251.SZ,2019-02-28,8.0685
300251.SZ,2019-03-31,-2.2624
300251.SZ,2019-04-30,-10.0694
300251.SZ,2019-05-31,-10.4247
300251.SZ,2019-06-30,-1.5676
300251.SZ,2019-07-31,23.9706
300251.SZ,2019-08-31,1.7794
300251.SZ,2019-09-30,9.0909
300251.SZ,2019-10-31,-5.4487
300251.SZ,2019-11-30,12.4294
300251.SZ,2019-12-31,18.593
300251.SZ,2020-01-31,-10.4237
300251.SZ,2020-02-29,2.5544
300251.SZ,2020-03-31,-17.8044
300251.SZ,2020-04-30,19.3042
300251.SZ,2020-05-31,10.0968
300251.SZ,2020-06-30,-6.3519
300251.SZ,2020-07-31,21.9065
300251.SZ,2020-08-31,21.8045
300251.SZ,2020-09-30,2.8395
300251.SZ,2020-10-31,-27.0108
300251.SZ,2020-11-30,6.6612
300251.SZ,2020-12-31,-6.9391
300315.SZ,2016-01-31,-20.0714
300315.SZ,2016-02-29,-13.4942
300315.SZ,2016-03-31,24.8967
300315.SZ,2016-04-30,-6.7825
300315.SZ,2016-05-31,-5.2351
300315.SZ,2016-06-30,-1.779
300315.SZ,2016-07-31,-1.1477
300315.SZ,2016-08-31,-1.3527
300315.SZ,2016-09-30,-7.7375
300315.SZ,2016-10-31,0.8493
300315.SZ,2016-11-30,16.4211
300315.SZ,2016-12-31,-16.4557
300315.SZ,2017-01-31,-4.329
300315.SZ,2017-02-28,0
300315.SZ,2017-03-31,0
300315.SZ,2017-04-30,0
300315.SZ,2017-05-31,0
300315.SZ,2017-06-30,-7.6923
300315.SZ,2017-07-31,-7.4922
300315.SZ,2017-08-31,4.5153
300315.SZ,2017-09-30,-5.0826
300315.SZ,2017-10-31,-8.4337
300315.SZ,2017-11-30,-12.1345
300315.SZ,2017-12-31,-7.4875
300315.SZ,2018-01-31,8.9928
300315.SZ,2018-02-28,8.0858
300315.SZ,2018-03-31,5.8015
300315.SZ,2018-04-30,-17.7489
300315.SZ,2018-05-31,-12.2807
300315.SZ,2018-06-30,-16.4
300315.SZ,2018-07-31,1.4597
300315.SZ,2018-08-31,-6.6194
300315.SZ,2018-09-30,7.8481
300315.SZ,2018-10-31,-9.1549
300315.SZ,2018-11-30,0.5168
300315.SZ,2018-12-31,-9.2545
300315.SZ,2019-01-31,-14.4476
300315.SZ,2019-02-28,26.8212
300315.SZ,2019-03-31,5.2219
300315.SZ,2019-04-30,2.7295
300315.SZ,2019-05-31,-18.3575
300315.SZ,2019-06-30,2.071
300315.SZ,2019-07-31,0.2899
300315.SZ,2019-08-31,0.289
300315.SZ,2019-09-30,36.5994
300315.SZ,2019-10-31,-3.7975
300315.SZ,2019-11-30,19.0789
300315.SZ,2019-12-31,13.628
300315.SZ,2020-01-31,-0.9724
300315.SZ,2020-02-29,7.856
300315.SZ,2020-03-31,-21.3961
300315.SZ,2020-04-30,8.8803
300315.SZ,2020-05-31,8.3333
300315.SZ,2020-06-30,19.9673
300315.SZ,2020-07-31,28.1037
300315.SZ,2020-08-31,-5.6443
300315.SZ,2020-09-30,-23.0248
300315.SZ,2020-10-31,-4.6921
300315.SZ,2020-11-30,-0.9231
300315.SZ,2020-12-31,-20.6522
600008.SH,2016-01-31,-32.6791
600008.SH,2016-02-29,5.5394
600008.SH,2016-03-31,16.8508
600008.SH,2016-04-30,-4.0189
600008.SH,2016-05-31,0.2506
600008.SH,2016-06-30,-2.75
600008.SH,2016-07-31,0.5141
600008.SH,2016-08-31,6.3939
600008.SH,2016-09-30,0.7212
600008.SH,2016-10-31,1.1933
600008.SH,2016-11-30,1.8868
600008.SH,2016-12-31,-4.8611
600008.SH,2017-01-31,1.7032
600008.SH,2017-02-28,3.5885
600008.SH,2017-03-31,-1.6166
600008.SH,2017-04-30,76.2911
600008.SH,2017-05-31,-6.2629
600008.SH,2017-06-30,-5.4598
600008.SH,2017-07-31,-10.6383
600008.SH,2017-08-31,12.9252
600008.SH,2017-09-30,-3.6145
600008.SH,2017-10-31,-7.9688
600008.SH,2017-11-30,-9.6774
600008.SH,2017-12-31,-3.3835
600008.SH,2018-01-31,0.5837
600008.SH,2018-02-28,-3.8685
600008.SH,2018-03-31,7.6459
600008.SH,2018-04-30,-8.0374
600008.SH,2018-05-31,-5.7946
600008.SH,2018-06-30,-7.4561
600008.SH,2018-07-31,0.4739
600008.SH,2018-08-31,-6.8396
600008.SH,2018-09-30,-4.0506
600008.SH,2018-10-31,-14.7757
600008.SH,2018-11-30,6.8111
600008.SH,2018-12-31,-0.5797
600008.SH,2019-01-31,-3.207
600008.SH,2019-02-28,20.4819
600008.SH,2019-03-31,4.25
600008.SH,2019-04-30,-6.235
600008.SH,2019-05-31,-10.5037
600008.SH,2019-06-30,2.924
600008.SH,2019-07-31,-1.7045
600008.SH,2019-08-31,-3.1792
600008.SH,2019-09-30,-0.8955
600008.SH,2019-10-31,0
600008.SH,2019-11-30,-1.2048
600008.SH,2019-12-31,0.3049
600008.SH,2020-01-31,-0.6079
600008.SH,2020-02-29,0.6116
600008.SH,2020-03-31,-8.2067
600008.SH,2020-04-30,8.9404
600008.SH,2020-05-31,-6.535
600008.SH,2020-06-30,0.3333
600008.SH,2020-07-31,9.6346
600008.SH,2020-08-31,3.6364
600008.SH,2020-09-30,-9.4558
600008.SH,2020-10-31,0.3448
600008.SH,2020-11-30,4.811
600008.SH,2020-12-31,-7.2131
600000.SH,2016-01-31,-7.4986
600000.SH,2016-02-29,9.1716
600000.SH,2016-03-31,-2.8184
600000.SH,2016-04-30,-0.5577
600000.SH,2016-05-31,2.5799
600000.SH,2016-06-30,-3.6108
600000.SH,2016-07-31,0.8349
600000.SH,2016-08-31,4.9682
600000.SH,2016-09-30,0.0607
600000.SH,2016-10-31,-1.3341
600000.SH,2016-11-30,5.4702
600000.SH,2016-12-31,-5.5361
600000.SH,2017-01-31,3.2696
600000.SH,2017-02-28,-0.8961
600000.SH,2017-03-31,-3.4961
600000.SH,2017-04-30,-4.9969
600000.SH,2017-05-31,11.1446
600000.SH,2017-06-30,-1.4798
600000.SH,2017-07-31,5.6126
600000.SH,2017-08-31,-4.8653
600000.SH,2017-09-30,1.2589
600000.SH,2017-10-31,-2.0202
600000.SH,2017-11-30,2.3791
600000.SH,2017-12-31,-2.4787
600000.SH,2018-01-31,4.6068
600000.SH,2018-02-28,-5.391
600000.SH,2018-03-31,-6.5008
600000.SH,2018-04-30,-0.3433
600000.SH,2018-05-31,-9.1301
600000.SH,2018-06-30,-9.3839
600000.SH,2018-07-31,7.5041
600000.SH,2018-08-31,1.5733
600000.SH,2018-09-30,2.8074
600000.SH,2018-10-31,3.3898
600000.SH,2018-11-30,-2.459
600000.SH,2018-12-31,-8.4967
600000.SH,2019-01-31,9.4898
600000.SH,2019-02-28,9.4129
600000.SH,2019-03-31,-3.9182
600000.SH,2019-04-30,6.117
600000.SH,2019-05-31,-7.0175
600000.SH,2019-06-30,8.2035
600000.SH,2019-07-31,1.6267
600000.SH,2019-08-31,-4.9705
600000.SH,2019-09-30,4.9645
600000.SH,2019-10-31,5.6588
600000.SH,2019-11-30,-4.7962
600000.SH,2019-12-31,3.8623
600000.SH,2020-01-31,-8.2458
600000.SH,2020-02-29,-4.4053
600000.SH,2020-03-31,-6.4516
600000.SH,2020-04-30,4.7291
600000.SH,2020-05-31,-0.5644
600000.SH,2020-06-30,0.0946
600000.SH,2020-07-31,3.252
600000.SH,2020-08-31,0
600000.SH,2020-09-30,-9.3629
600000.SH,2020-10-31,-1.3845
600000.SH,2020-11-30,8.6393
600000.SH,2020-12-31,-3.7773
600009.SH,2016-01-31,-12.3984
600009.SH,2016-02-29,5.1817
600009.SH,2016-03-31,10.625
600009.SH,2016-04-30,-9.5713
600009.SH,2016-05-31,1.8376
600009.SH,2016-06-30,-5.9906
600009.SH,2016-07-31,7.025
600009.SH,2016-08-31,1.064
600009.SH,2016-09-30,-2.8458
600009.SH,2016-10-31,0.5191
600009.SH,2016-11-30,1.0328
600009.SH,2016-12-31,-3.1763
600009.SH,2017-01-31,3.6953
600009.SH,2017-02-28,-0.2182
600009.SH,2017-03-31,9.2566
600009.SH,2017-04-30,14.2428
600009.SH,2017-05-31,10.3358
600009.SH,2017-06-30,-1.2702
600009.SH,2017-07-31,0.3752
600009.SH,2017-08-31,5.5164
600009.SH,2017-09-30,-2.7401
600009.SH,2017-10-31,15.1922
600009.SH,2017-11-30,-4.5486
600009.SH,2017-12-31,7.7826
600009.SH,2018-01-31,4.1768
600009.SH,2018-02-28,4.2226
600009.SH,2018-03-31,-0.0614
600009.SH,2018-04-30,1.9451
600009.SH,2018-05-31,8.1944
600009.SH,2018-06-30,2.9887
600009.SH,2018-07-31,8.6337
600009.SH,2018-08-31,-8.0299
600009.SH,2018-09-30,7.0882
600009.SH,2018-10-31,-15.6883
600009.SH,2018-11-30,1.11
600009.SH,2018-12-31,1.3174
600009.SH,2019-01-31,-2.8763
600009.SH,2019-02-28,16.146
600009.SH,2019-03-31,8.54
600009.SH,2019-04-30,13.6444
600009.SH,2019-05-31,-2.1096
600009.SH,2019-06-30,21.1744
600009.SH,2019-07-31,-1.1936
600009.SH,2019-08-31,2.3287
600009.SH,2019-09-30,-5.0803
600009.SH,2019-10-31,-4.4247
600009.SH,2019-11-30,-1.4689
600009.SH,2019-12-31,4.8183
600009.SH,2020-01-31,-12.4063
600009.SH,2020-02-29,-4.7405
600009.SH,2020-03-31,-7.457
600009.SH,2020-04-30,16.2638
600009.SH,2020-05-31,2.3904
600009.SH,2020-06-30,-0.4421
600009.SH,2020-07-31,-5.7444
600009.SH,2020-08-31,13.6118
600009.SH,2020-09-30,-9.9738
600009.SH,2020-10-31,-3.8965
600009.SH,2020-11-30,18.7897
600009.SH,2020-12-31,-3.6424
600005.SH,2016-01-31,-18.732
600005.SH,2016-02-29,-0.7092
600005.SH,2016-03-31,3.9286
600005.SH,2016-04-30,13.7457
600005.SH,2016-05-31,-11.4804
600005.SH,2016-06-30,-5.802
600005.SH,2016-07-31,0
600005.SH,2016-08-31,0
600005.SH,2016-09-30,0
600005.SH,2016-10-31,13.4058
600005.SH,2016-11-30,9.2652
600005.SH,2016-12-31,-0.2924
600005.SH,2017-01-31,8.7977
600005.SH,2017-02-28,0
600005.SH,2017-03-31,0
600005.SH,2017-04-30,0
600005.SH,2017-05-31,0
600005.SH,2017-06-30,0
600005.SH,2017-07-31,0
600005.SH,2017-08-31,0
600005.SH,2017-09-30,0
600005.SH,2017-10-31,0
600005.SH,2017-11-30,0
600005.SH,2017-12-31,0
600005.SH,2018-01-31,0
600005.SH,2018-02-28,0
600005.SH,2018-03-31,0
600005.SH,2018-04-30,0
600005.SH,2018-05-31,0
600005.SH,2018-06-30,0
600005.SH,2018-07-31,0
600005.SH,2018-08-31,0
600005.SH,2018-09-30,0
600005.SH,2018-10-31,0
600005.SH,2018-11-30,0
600005.SH,2018-12-31,0
600005.SH,2019-01-31,0
600005.SH,2019-02-28,0
600005.SH,2019-03-31,0
600005.SH,2019-04-30,0
600005.SH,2019-05-31,0
600005.SH,2019-06-30,0
600005.SH,2019-07-31,0
600005.SH,2019-08-31,0
600005.SH,2019-09-30,0
600005.SH,2019-10-31,0
600005.SH,2019-11-30,0
600005.SH,2019-12-31,0
600005.SH,2020-01-31,0
600005.SH,2020-02-29,0
600005.SH,2020-03-31,0
600005.SH,2020-04-30,0
600005.SH,2020-05-31,0
600005.SH,2020-06-30,0
600005.SH,2020-07-31,0
600005.SH,2020-08-31,0
600005.SH,2020-09-30,0
600005.SH,2020-10-31,0
600005.SH,2020-11-30,0
600005.SH,2020-12-31,0
600011.SH,2016-01-31,-21.4204
600011.SH,2016-02-29,0.4373
600011.SH,2016-03-31,15.6749
600011.SH,2016-04-30,-6.1481
600011.SH,2016-05-31,0.4011
600011.SH,2016-06-30,0.1332
600011.SH,2016-07-31,3.3245
600011.SH,2016-08-31,-1.2329
600011.SH,2016-09-30,-2.3578
600011.SH,2016-10-31,1.5625
600011.SH,2016-11-30,7.1329
600011.SH,2016-12-31,-7.9634
600011.SH,2017-01-31,3.1206
600011.SH,2017-02-28,6.3274
600011.SH,2017-03-31,-7.2445
600011.SH,2017-04-30,8.7866
600011.SH,2017-05-31,-0.1282
600011.SH,2017-06-30,-2.099
600011.SH,2017-07-31,0
600011.SH,2017-08-31,-2.5886
600011.SH,2017-09-30,-2.9371
600011.SH,2017-10-31,-3.0259
600011.SH,2017-11-30,-5.9435
600011.SH,2017-12-31,-2.5276
600011.SH,2018-01-31,2.269
600011.SH,2018-02-28,-1.9017
600011.SH,2018-03-31,10.9855
600011.SH,2018-04-30,-8.8792
600011.SH,2018-05-31,14.0227
600011.SH,2018-06-30,-9.5306
600011.SH,2018-07-31,18.8679
600011.SH,2018-08-31,-7.1429
600011.SH,2018-09-30,9.8291
600011.SH,2018-10-31,-16.2127
600011.SH,2018-11-30,6.8111
600011.SH,2018-12-31,6.9565
600011.SH,2019-01-31,-13.0081
600011.SH,2019-02-28,7.3209
600011.SH,2019-03-31,-4.7896
600011.SH,2019-04-30,2.8963
600011.SH,2019-05-31,-3.7037
600011.SH,2019-06-30,-2.6252
600011.SH,2019-07-31,4.6549
600011.SH,2019-08-31,-3.3742
600011.SH,2019-09-30,-7.9365
600011.SH,2019-10-31,-1.7241
600011.SH,2019-11-30,5.0877
600011.SH,2019-12-31,-6.8447
600011.SH,2020-01-31,-3.0466
600011.SH,2020-02-29,-13.1238
600011.SH,2020-03-31,-0.2128
600011.SH,2020-04-30,-10.0213
600011.SH,2020-05-31,2.6066
600011.SH,2020-06-30,-2.5404
600011.SH,2020-07-31,14.4664
600011.SH,2020-08-31,17.484
600011.SH,2020-09-30,-1.8149
600011.SH,2020-10-31,-9.7967
600011.SH,2020-11-30,5.3279
600011.SH,2020-12-31,-12.8405
600010.SH,2016-01-31,-18.0055
600010.SH,2016-02-29,-7.0946
600010.SH,2016-03-31,7.6364
600010.SH,2016-04-30,2.7027
600010.SH,2016-05-31,0.3289
600010.SH,2016-06-30,-6.2295
600010.SH,2016-07-31,-1.3986
600010.SH,2016-08-31,3.5461
600010.SH,2016-09-30,-4.7945
600010.SH,2016-10-31,1.0791
600010.SH,2016-11-30,6.0498
600010.SH,2016-12-31,-6.3758
600010.SH,2017-01-31,5.3763
600010.SH,2017-02-28,5.7823
600010.SH,2017-03-31,-2.5723
600010.SH,2017-04-30,-0.33
600010.SH,2017-05-31,1.3199
600010.SH,2017-06-30,0
600010.SH,2017-07-31,28.3105
600010.SH,2017-08-31,-0.7117
600010.SH,2017-09-30,-3.2258
600010.SH,2017-10-31,-3.7037
600010.SH,2017-11-30,0
600010.SH,2017-12-31,-5.3846
600010.SH,2018-01-31,0.813
600010.SH,2018-02-28,-4.4355
600010.SH,2018-03-31,-8.0169
600010.SH,2018-04-30,-4.5872
600010.SH,2018-05-31,-17.7885
600010.SH,2018-06-30,-9.3567
600010.SH,2018-07-31,7.7419
600010.SH,2018-08-31,-9.5808
600010.SH,2018-09-30,9.9338
600010.SH,2018-10-31,-2.4096
600010.SH,2018-11-30,-5.5556
600010.SH,2018-12-31,-3.268
600010.SH,2019-01-31,-0.6757
600010.SH,2019-02-28,20.4082
600010.SH,2019-03-31,3.3898
600010.SH,2019-04-30,-7.1038
600010.SH,2019-05-31,3.5294
600010.SH,2019-06-30,-3.9773
600010.SH,2019-07-31,-5.9246
600010.SH,2019-08-31,-5.0633
600010.SH,2019-09-30,-2.6667
600010.SH,2019-10-31,-6.1644
600010.SH,2019-11-30,-6.5693
600010.SH,2019-12-31,3.125
600010.SH,2020-01-31,-5.303
600010.SH,2020-02-29,-6.4
600010.SH,2020-03-31,-1.7094
600010.SH,2020-04-30,-6.087
600010.SH,2020-05-31,1.8519
600010.SH,2020-06-30,-1.8182
600010.SH,2020-07-31,8.3333
600010.SH,2020-08-31,-0.8547
600010.SH,2020-09-30,-0.8621
600010.SH,2020-10-31,-0.8696
600010.SH,2020-11-30,6.1404
600010.SH,2020-12-31,-3.3058
600016.SH,2016-01-31,-10.8921
600016.SH,2016-02-29,-0.7839
600016.SH,2016-03-31,7.8107
600016.SH,2016-04-30,2.0856
600016.SH,2016-05-31,-2.2581
600016.SH,2016-06-30,0
600016.SH,2016-07-31,2.5756
600016.SH,2016-08-31,1.6376
600016.SH,2016-09-30,0.6432
600016.SH,2016-10-31,-0.6479
600016.SH,2016-11-30,3.2609
600016.SH,2016-12-31,-4.4211
600016.SH,2017-01-31,1.8722
600016.SH,2017-02-28,-2.3784
600016.SH,2017-03-31,-6.0908
600016.SH,2017-04-30,-7.1934
600016.SH,2017-05-31,2.033
600016.SH,2017-06-30,2.3661
600016.SH,2017-07-31,6.7049
600016.SH,2017-08-31,-2.3256
600016.SH,2017-09-30,-3.0988
600016.SH,2017-10-31,3.3666
600016.SH,2017-11-30,6.7551
600016.SH,2017-12-31,-5.1977
600016.SH,2018-01-31,7.9857
600016.SH,2018-02-28,-6.2914
600016.SH,2018-03-31,-5.8893
600016.SH,2018-04-30,-3.3792
600016.SH,2018-05-31,-0.7772
600016.SH,2018-06-30,-8.6162
600016.SH,2018-07-31,5.6581
600016.SH,2018-08-31,-1.8092
600016.SH,2018-09-30,6.1977
600016.SH,2018-10-31,0.7886
600016.SH,2018-11-30,-4.5383
600016.SH,2018-12-31,-6.0656
600016.SH,2019-01-31,3.8394
600016.SH,2019-02-28,9.7479
600016.SH,2019-03-31,-2.9096
600016.SH,2019-04-30,0.9464
600016.SH,2019-05-31,-4.5313
600016.SH,2019-06-30,3.928
600016.SH,2019-07-31,0.9185
600016.SH,2019-08-31,-4.2834
600016.SH,2019-09-30,3.6145
600016.SH,2019-10-31,2.1595
600016.SH,2019-11-30,0.3252
600016.SH,2019-12-31,2.269
600016.SH,2020-01-31,-3.645
600016.SH,2020-02-29,-5.9211
600016.SH,2020-03-31,-0.1748
600016.SH,2020-04-30,3.1524
600016.SH,2020-05-31,-3.3956
600016.SH,2020-06-30,-0.3515
600016.SH,2020-07-31,3.8346
600016.SH,2020-08-31,0.1805
600016.SH,2020-09-30,-4.5045
600016.SH,2020-10-31,-0.3774
600016.SH,2020-11-30,0.3788
600016.SH,2020-12-31,-1.8868
600015.SH,2016-01-31,-21.4992
600015.SH,2016-02-29,-2.3085
600015.SH,2016-03-31,9.13
600015.SH,2016-04-30,0.0984
600015.SH,2016-05-31,0.295
600015.SH,2016-06-30,-3.0392
600015.SH,2016-07-31,4.0413
600015.SH,2016-08-31,5.9476
600015.SH,2016-09-30,-4.3768
600015.SH,2016-10-31,3.5821
600015.SH,2016-11-30,10.951
600015.SH,2016-12-31,-6.0606
600015.SH,2017-01-31,6.8203
600015.SH,2017-02-28,0.6903
600015.SH,2017-03-31,-3.2562
600015.SH,2017-04-30,-5.8459
600015.SH,2017-05-31,0.7526
600015.SH,2017-06-30,4.9512
600015.SH,2017-07-31,8.4599
600015.SH,2017-08-31,-4.8
600015.SH,2017-09-30,-2.6261
600015.SH,2017-10-31,-1.9417
600015.SH,2017-11-30,1.9802
600015.SH,2017-12-31,-2.9126
600015.SH,2018-01-31,9.4444
600015.SH,2018-02-28,-5.5838
600015.SH,2018-03-31,-4.1935
600015.SH,2018-04-30,-2.2447
600015.SH,2018-05-31,-4.3628
600015.SH,2018-06-30,-8.7415
600015.SH,2018-07-31,2.1477
600015.SH,2018-08-31,1.8397
600015.SH,2018-09-30,5.4194
600015.SH,2018-10-31,-2.0808
600015.SH,2018-11-30,-2.625
600015.SH,2018-12-31,-5.1348
600015.SH,2019-01-31,2.4357
600015.SH,2019-02-28,9.9075
600015.SH,2019-03-31,-0.8413
600015.SH,2019-04-30,-2.7879
600015.SH,2019-05-31,-6.4838
600015.SH,2019-06-30,2.6667
600015.SH,2019-07-31,0.4162
600015.SH,2019-08-31,-4.2328
600015.SH,2019-09-30,1.9337
600015.SH,2019-10-31,1.4905
600015.SH,2019-11-30,-0.8011
600015.SH,2019-12-31,3.2301
600015.SH,2020-01-31,-3.5202
600015.SH,2020-02-29,-6.0811
600015.SH,2020-03-31,-6.9065
600015.SH,2020-04-30,1.391
600015.SH,2020-05-31,-2.8963
600015.SH,2020-06-30,0.0193
600015.SH,2020-07-31,3.9216
600015.SH,2020-08-31,1.1006
600015.SH,2020-09-30,-4.6656
600015.SH,2020-10-31,-1.1419
600015.SH,2020-11-30,7.7558
600015.SH,2020-12-31,-4.2879
600018.SH,2016-01-31,-27.9321
600018.SH,2016-02-29,-0.6424
600018.SH,2016-03-31,19.6121
600018.SH,2016-04-30,-11.5315
600018.SH,2016-05-31,6.721
600018.SH,2016-06-30,-2.6718
600018.SH,2016-07-31,7.7262
600018.SH,2016-08-31,-3.1835
600018.SH,2016-09-30,-0.9671
600018.SH,2016-10-31,1.1719
600018.SH,2016-11-30,2.5097
600018.SH,2016-12-31,-3.5782
600018.SH,2017-01-31,4.2969
600018.SH,2017-02-28,10.6742
600018.SH,2017-03-31,-0.1692
600018.SH,2017-04-30,2.3729
600018.SH,2017-05-31,4.3046
600018.SH,2017-06-30,0.6349
600018.SH,2017-07-31,9.7179
600018.SH,2017-08-31,-3.9764
600018.SH,2017-09-30,2.6074
600018.SH,2017-10-31,29.148
600018.SH,2017-11-30,-13.7731
600018.SH,2017-12-31,-10.7383
600018.SH,2018-01-31,8.8722
600018.SH,2018-02-28,4.8343
600018.SH,2018-03-31,-7.1146
600018.SH,2018-04-30,-1.1348
600018.SH,2018-05-31,-6.5997
600018.SH,2018-06-30,-6.0393
600018.SH,2018-07-31,1.6779
600018.SH,2018-08-31,-7.4257
600018.SH,2018-09-30,-3.5651
600018.SH,2018-10-31,-0.1848
600018.SH,2018-11-30,3.1481
600018.SH,2018-12-31,-7.0018
600018.SH,2019-01-31,3.668
600018.SH,2019-02-28,11.1732
600018.SH,2019-03-31,21.7755
600018.SH,2019-04-30,11.0041
600018.SH,2019-05-31,-6.1958
600018.SH,2019-06-30,-7.9518
600018.SH,2019-07-31,6.7449
600018.SH,2019-08-31,-21.1538
600018.SH,2019-09-30,-0.8711
600018.SH,2019-10-31,2.109
600018.SH,2019-11-30,-4.1308
600018.SH,2019-12-31,3.5907
600018.SH,2020-01-31,-9.8787
600018.SH,2020-02-29,-12.6923
600018.SH,2020-03-31,-1.3216
600018.SH,2020-04-30,-6.6964
600018.SH,2020-05-31,-3.11
600018.SH,2020-06-30,3.7037
600018.SH,2020-07-31,10.8054
600018.SH,2020-08-31,-1.5521
600018.SH,2020-09-30,-5.8559
600018.SH,2020-10-31,0
600018.SH,2020-11-30,10.7656
600018.SH,2020-12-31,-1.2959
600019.SH,2016-01-31,-6.6308
600019.SH,2016-02-29,-2.6871
600019.SH,2016-03-31,3.5503
600019.SH,2016-04-30,6.0952
600019.SH,2016-05-31,-5.0269
600019.SH,2016-06-30,-6.2974
600019.SH,2016-07-31,0
600019.SH,2016-08-31,0
600019.SH,2016-09-30,0
600019.SH,2016-10-31,14.4898
600019.SH,2016-11-30,14.082
600019.SH,2016-12-31,-0.7813
600019.SH,2017-01-31,7.0866
600019.SH,2017-02-28,4.2647
600019.SH,2017-03-31,-8.1805
600019.SH,2017-04-30,-4.1475
600019.SH,2017-05-31,1.6026
600019.SH,2017-06-30,9.325
600019.SH,2017-07-31,10.8793
600019.SH,2017-08-31,10.2151
600019.SH,2017-09-30,-9.878
600019.SH,2017-10-31,3.7889
600019.SH,2017-11-30,22.2947
600019.SH,2017-12-31,-7.8891
600019.SH,2018-01-31,15.5093
600019.SH,2018-02-28,0.6012
600019.SH,2018-03-31,-15.1394
600019.SH,2018-04-30,8.4507
600019.SH,2018-05-31,-8.8745
600019.SH,2018-06-30,-2.7187
600019.SH,2018-07-31,11.5533
600019.SH,2018-08-31,-9.3211
600019.SH,2018-09-30,-0.3807
600019.SH,2018-10-31,-2.5478
600019.SH,2018-11-30,-12.1569
600019.SH,2018-12-31,-3.2738
600019.SH,2019-01-31,7.8462
600019.SH,2019-02-28,6.99
600019.SH,2019-03-31,-3.6
600019.SH,2019-04-30,-0.8299
600019.SH,2019-05-31,-5.2907
600019.SH,2019-06-30,3.1746
600019.SH,2019-07-31,-1.8462
600019.SH,2019-08-31,-8.9342
600019.SH,2019-09-30,1.7212
600019.SH,2019-10-31,-1.8613
600019.SH,2019-11-30,-5.6897
600019.SH,2019-12-31,4.936
600019.SH,2020-01-31,-5.4007
600019.SH,2020-02-29,-4.2357
600019.SH,2020-03-31,-6.3462
600019.SH,2020-04-30,0
600019.SH,2020-05-31,0.4107
600019.SH,2020-06-30,-1.0969
600019.SH,2020-07-31,7.8947
600019.SH,2020-08-31,0.4065
600019.SH,2020-09-30,1.0121
600019.SH,2020-10-31,7.014
600019.SH,2020-11-30,16.2921
600019.SH,2020-12-31,-4.1868
600021.SH,2016-01-31,-33.288
600021.SH,2016-02-29,11.609
600021.SH,2016-03-31,6.3869
600021.SH,2016-04-30,-7.1184
600021.SH,2016-05-31,-2.4931
600021.SH,2016-06-30,-2.7462
600021.SH,2016-07-31,9.0118
600021.SH,2016-08-31,7.1233
600021.SH,2016-09-30,0
600021.SH,2016-10-31,0
600021.SH,2016-11-30,0
600021.SH,2016-12-31,3.4953
600021.SH,2017-01-31,4.0362
600021.SH,2017-02-28,1.5044
600021.SH,2017-03-31,-3.9002
600021.SH,2017-04-30,5.6006
600021.SH,2017-05-31,-0.4612
600021.SH,2017-06-30,-5.2857
600021.SH,2017-07-31,-4.3838
600021.SH,2017-08-31,-0.6055
600021.SH,2017-09-30,-2.8721
600021.SH,2017-10-31,0
600021.SH,2017-11-30,-11.5591
600021.SH,2017-12-31,-7.3961
600021.SH,2018-01-31,-5.5799
600021.SH,2018-02-28,-7.0684
600021.SH,2018-03-31,9.601
600021.SH,2018-04-30,-6.4846
600021.SH,2018-05-31,-0.7954
600021.SH,2018-06-30,-15.3266
600021.SH,2018-07-31,13.6499
600021.SH,2018-08-31,-3.0026
600021.SH,2018-09-30,0.9421
600021.SH,2018-10-31,-9.8667
600021.SH,2018-11-30,11.6864
600021.SH,2018-12-31,7.2848
600021.SH,2019-01-31,3.2099
600021.SH,2019-02-28,7.6555
600021.SH,2019-03-31,0.3333
600021.SH,2019-04-30,-4.6512
600021.SH,2019-05-31,-3.6005
600021.SH,2019-06-30,8.6624
600021.SH,2019-07-31,1.6129
600021.SH,2019-08-31,-10.0907
600021.SH,2019-09-30,-0.5044
600021.SH,2019-10-31,-4.6895
600021.SH,2019-11-30,-1.9947
600021.SH,2019-12-31,9.2266
600021.SH,2020-01-31,-7.3292
600021.SH,2020-02-29,-5.63
600021.SH,2020-03-31,-0.2841
600021.SH,2020-04-30,4.8433
600021.SH,2020-05-31,1.3611
600021.SH,2020-06-30,0.955
600021.SH,2020-07-31,6.0811
600021.SH,2020-08-31,-4.0764
600021.SH,2020-09-30,-0.2656
600021.SH,2020-10-31,-4.7936
600021.SH,2020-11-30,3.9161
600021.SH,2020-12-31,-4.1723
600023.SH,2016-01-31,-30.4406
600023.SH,2016-02-29,-1.3436
600023.SH,2016-03-31,8.5603
600023.SH,2016-04-30,-2.8674
600023.SH,2016-05-31,-1.845
600023.SH,2016-06-30,0.6066
600023.SH,2016-07-31,1.5717
600023.SH,2016-08-31,3.4816
600023.SH,2016-09-30,-2.0561
600023.SH,2016-10-31,2.4809
600023.SH,2016-11-30,6.1453
600023.SH,2016-12-31,-4.7368
600023.SH,2017-01-31,4.6041
600023.SH,2017-02-28,2.8169
600023.SH,2017-03-31,-2.3973
600023.SH,2017-04-30,-4.0351
600023.SH,2017-05-31,4.5704
600023.SH,2017-06-30,-0.5682
600023.SH,2017-07-31,1.4652
600023.SH,2017-08-31,-1.2635
600023.SH,2017-09-30,-2.1938
600023.SH,2017-10-31,0
600023.SH,2017-11-30,-0.1869
600023.SH,2017-12-31,-0.1873
600023.SH,2018-01-31,8.818
600023.SH,2018-02-28,-4.1379
600023.SH,2018-03-31,-0.5396
600023.SH,2018-04-30,-7.7758
600023.SH,2018-05-31,2.3529
600023.SH,2018-06-30,-10.728
600023.SH,2018-07-31,11.7954
600023.SH,2018-08-31,-3.1746
600023.SH,2018-09-30,4.0984
600023.SH,2018-10-31,-6.8898
600023.SH,2018-11-30,-5.074
600023.SH,2018-12-31,5.3452
600023.SH,2019-01-31,-5.2854
600023.SH,2019-02-28,6.6964
600023.SH,2019-03-31,1.8828
600023.SH,2019-04-30,-2.6694
600023.SH,2019-05-31,-1.6878
600023.SH,2019-06-30,-1.2612
600023.SH,2019-07-31,-2.2624
600023.SH,2019-08-31,-7.4074
600023.SH,2019-09-30,-2.5
600023.SH,2019-10-31,-0.5128
600023.SH,2019-11-30,-0.7732
600023.SH,2019-12-31,2.8571
600023.SH,2020-01-31,-5.303
600023.SH,2020-02-29,-8
600023.SH,2020-03-31,-1.7391
600023.SH,2020-04-30,2.9499
600023.SH,2020-05-31,-0.5731
600023.SH,2020-06-30,1.1527
600023.SH,2020-07-31,6.0956
600023.SH,2020-08-31,7.6487
600023.SH,2020-09-30,-4.4737
600023.SH,2020-10-31,-1.1019
600023.SH,2020-11-30,5.0139
600023.SH,2020-12-31,-3.7135
600027.SH,2016-01-31,-26.1765
600027.SH,2016-02-29,4.1833
600027.SH,2016-03-31,8.0306
600027.SH,2016-04-30,-6.5487
600027.SH,2016-05-31,0
600027.SH,2016-06-30,-0.6807
600027.SH,2016-07-31,4.6465
600027.SH,2016-08-31,0
600027.SH,2016-09-30,-4.4402
600027.SH,2016-10-31,1.2121
600027.SH,2016-11-30,5.3892
600027.SH,2016-12-31,-6.25
600027.SH,2017-01-31,1.8182
600027.SH,2017-02-28,3.1746
600027.SH,2017-03-31,-3.0769
600027.SH,2017-04-30,3.1746
600027.SH,2017-05-31,-6.7308
600027.SH,2017-06-30,-0.4124
600027.SH,2017-07-31,-2.29
600027.SH,2017-08-31,0.2183
600027.SH,2017-09-30,-4.1394
600027.SH,2017-10-31,-3.1818
600027.SH,2017-11-30,-5.6338
600027.SH,2017-12-31,-7.7114
600027.SH,2018-01-31,0.8086
600027.SH,2018-02-28,-5.3476
600027.SH,2018-03-31,7.3446
600027.SH,2018-04-30,-10
600027.SH,2018-05-31,21.9298
600027.SH,2018-06-30,-5.9952
600027.SH,2018-07-31,15.0615
600027.SH,2018-08-31,-16.9265
600027.SH,2018-09-30,12.6005
600027.SH,2018-10-31,-0.9524
600027.SH,2018-11-30,9.6154
600027.SH,2018-12-31,4.1667
600027.SH,2019-01-31,-10.1053
600027.SH,2019-02-28,4.2155
600027.SH,2019-03-31,-2.0225
600027.SH,2019-04-30,-4.8165
600027.SH,2019-05-31,-5.5422
600027.SH,2019-06-30,-3.8265
600027.SH,2019-07-31,6.1394
600027.SH,2019-08-31,-4.3257
600027.SH,2019-09-30,-4.7872
600027.SH,2019-10-31,-1.676
600027.SH,2019-11-30,5.3977
600027.SH,2019-12-31,-1.0782
600027.SH,2020-01-31,-3.5422
600027.SH,2020-02-29,-6.7797
600027.SH,2020-03-31,4.5455
600027.SH,2020-04-30,6.3768
600027.SH,2020-05-31,-0.545
600027.SH,2020-06-30,-6.3014
600027.SH,2020-07-31,10.5143
600027.SH,2020-08-31,10.4683
600027.SH,2020-09-30,-11.2219
600027.SH,2020-10-31,-5.618
600027.SH,2020-11-30,7.1429
600027.SH,2020-12-31,-5.5556
600028.SH,2016-01-31,-11.6935
600028.SH,2016-02-29,-0.6849
600028.SH,2016-03-31,9.4253
600028.SH,2016-04-30,2.3109
600028.SH,2016-05-31,-0.8214
600028.SH,2016-06-30,-1.0165
600028.SH,2016-07-31,1.4831
600028.SH,2016-08-31,4.3841
600028.SH,2016-09-30,-1.1698
600028.SH,2016-10-31,3.0864
600028.SH,2016-11-30,2.1956
600028.SH,2016-12-31,5.6641
600028.SH,2017-01-31,11.4603
600028.SH,2017-02-28,-4.6434
600028.SH,2017-03-31,-0.1739
600028.SH,2017-04-30,0.6969
600028.SH,2017-05-31,8.4775
600028.SH,2017-06-30,-5.4226
600028.SH,2017-07-31,5.9022
600028.SH,2017-08-31,-1.6367
600028.SH,2017-09-30,-0.1522
600028.SH,2017-10-31,1.1864
600028.SH,2017-11-30,1.005
600028.SH,2017-12-31,1.6584
600028.SH,2018-01-31,15.4976
600028.SH,2018-02-28,-9.4633
600028.SH,2018-03-31,1.092
600028.SH,2018-04-30,6.6358
600028.SH,2018-05-31,2.026
600028.SH,2018-06-30,-2.406
600028.SH,2018-07-31,4.1602
600028.SH,2018-08-31,1.1834
600028.SH,2018-09-30,6.6094
600028.SH,2018-10-31,-11.3764
600028.SH,2018-11-30,-6.4976
600028.SH,2018-12-31,-14.4068
600028.SH,2019-01-31,13.4653
600028.SH,2019-02-28,4.8866
600028.SH,2019-03-31,-4.4925
600028.SH,2019-04-30,-1.0453
600028.SH,2019-05-31,-4.4014
600028.SH,2019-06-30,5.6972
600028.SH,2019-07-31,-3.6563
600028.SH,2019-08-31,-5.5028
600028.SH,2019-09-30,3.1161
600028.SH,2019-10-31,-2.3904
600028.SH,2019-11-30,1.8367
600028.SH,2019-12-31,2.4048
600028.SH,2020-01-31,-3.3268
600028.SH,2020-02-29,-6.8826
600028.SH,2020-03-31,-3.6957
600028.SH,2020-04-30,0.6772
600028.SH,2020-05-31,-7.1749
600028.SH,2020-06-30,-1.1789
600028.SH,2020-07-31,2.3018
600028.SH,2020-08-31,0.75
600028.SH,2020-09-30,-2.9777
600028.SH,2020-10-31,1.5578
600028.SH,2020-11-30,7.4359
600028.SH,2020-12-31,-3.8186
600029.SH,2016-01-31,-26.2544
600029.SH,2016-02-29,-7.2785
600029.SH,2016-03-31,7.6792
600029.SH,2016-04-30,-3.962
600029.SH,2016-05-31,12.8713
600029.SH,2016-06-30,3.2164
600029.SH,2016-07-31,21.4899
600029.SH,2016-08-31,-13.6792
600029.SH,2016-09-30,-4.3716
600029.SH,2016-10-31,2.4286
600029.SH,2016-11-30,7.9498
600029.SH,2016-12-31,-9.3023
600029.SH,2017-01-31,4.2735
600029.SH,2017-02-28,5.1913
600029.SH,2017-03-31,4.6753
600029.SH,2017-04-30,-4.4665
600029.SH,2017-05-31,12.0779
600029.SH,2017-06-30,0.8111
600029.SH,2017-07-31,-6.3443
600029.SH,2017-08-31,8.9441
600029.SH,2017-09-30,-5.7013
600029.SH,2017-10-31,5.4414
600029.SH,2017-11-30,26.9495
600029.SH,2017-12-31,7.6784
600029.SH,2018-01-31,-1.2584
600029.SH,2018-02-28,0.3398
600029.SH,2018-03-31,-11.8544
600029.SH,2018-04-30,-0.5764
600029.SH,2018-05-31,-3.3816
600029.SH,2018-06-30,-15.5
600029.SH,2018-07-31,-14.9608
600029.SH,2018-08-31,-4.7955
600029.SH,2018-09-30,0.1481
600029.SH,2018-10-31,-9.9112
600029.SH,2018-11-30,16.5846
600029.SH,2018-12-31,-6.4789
600029.SH,2019-01-31,7.2289
600029.SH,2019-02-28,17.2753
600029.SH,2019-03-31,2.3952
600029.SH,2019-04-30,-0.8187
600029.SH,2019-05-31,-15.2123
600029.SH,2019-06-30,7.3713
600029.SH,2019-07-31,-5.0649
600029.SH,2019-08-31,-9.7527
600029.SH,2019-09-30,0.9132
600029.SH,2019-10-31,0.4525
600029.SH,2019-11-30,-0.7508
600029.SH,2019-12-31,8.6233
600029.SH,2020-01-31,-10.4457
600029.SH,2020-02-29,-10.4199
600029.SH,2020-03-31,-10.5903
600029.SH,2020-04-30,4.8544
600029.SH,2020-05-31,-6.2963
600029.SH,2020-06-30,2.1739
600029.SH,2020-07-31,3.0948
600029.SH,2020-08-31,9.9437
600029.SH,2020-09-30,-1.0239
600029.SH,2020-10-31,-5
600029.SH,2020-11-30,14.3376
600029.SH,2020-12-31,-5.3968
600030.SH,2016-01-31,-25.0646
600030.SH,2016-02-29,-1.5172
600030.SH,2016-03-31,24.6499
600030.SH,2016-04-30,-7.6404
600030.SH,2016-05-31,2.129
600030.SH,2016-06-30,-3.3353
600030.SH,2016-07-31,-0.0616
600030.SH,2016-08-31,7.2622
600030.SH,2016-09-30,-4.6154
600030.SH,2016-10-31,3.0397
600030.SH,2016-11-30,6.8633
600030.SH,2016-12-31,-9.5211
600030.SH,2017-01-31,2.6152
600030.SH,2017-02-28,0.4248
600030.SH,2017-03-31,-2.6586
600030.SH,2017-04-30,0.7449
600030.SH,2017-05-31,1.2939
600030.SH,2017-06-30,3.528
600030.SH,2017-07-31,1.9389
600030.SH,2017-08-31,7.2597
600030.SH,2017-09-30,-0.2194
600030.SH,2017-10-31,-4.7828
600030.SH,2017-11-30,10.7968
600030.SH,2017-12-31,-5.68
600030.SH,2018-01-31,17.6243
600030.SH,2018-02-28,-14.9366
600030.SH,2018-03-31,2.5953
600030.SH,2018-04-30,2.2067
600030.SH,2018-05-31,-1.8431
600030.SH,2018-06-30,-11.1052
600030.SH,2018-07-31,1.7502
600030.SH,2018-08-31,-2.832
600030.SH,2018-09-30,4.4431
600030.SH,2018-10-31,2.8161
600030.SH,2018-11-30,-1.69
600030.SH,2018-12-31,-5.0978
600030.SH,2019-01-31,14.0537
600030.SH,2019-02-28,28.7514
600030.SH,2019-03-31,5.402
600030.SH,2019-04-30,-7.0218
600030.SH,2019-05-31,-12.6302
600030.SH,2019-06-30,18.2812
600030.SH,2019-07-31,-2.436
600030.SH,2019-08-31,-2.4274
600030.SH,2019-09-30,0.7168
600030.SH,2019-10-31,-3.4698
600030.SH,2019-11-30,-1.3364
600030.SH,2019-12-31,18.1691
600030.SH,2020-01-31,-5.5336
600030.SH,2020-02-29,-2.0921
600030.SH,2020-03-31,-5.2991
600030.SH,2020-04-30,6.9495
600030.SH,2020-05-31,-6.0338
600030.SH,2020-06-30,8.2622
600030.SH,2020-07-31,24.2638
600030.SH,2020-08-31,7.8274
600030.SH,2020-09-30,-5.566
600030.SH,2020-10-31,-4.662
600030.SH,2020-11-30,5.833
600030.SH,2020-12-31,-2.9703
600031.SH,2016-01-31,-26.8997
600031.SH,2016-02-29,1.6632
600031.SH,2016-03-31,16.3599
600031.SH,2016-04-30,-5.0967
600031.SH,2016-05-31,-5.7407
600031.SH,2016-06-30,-1.3752
600031.SH,2016-07-31,3.7849
600031.SH,2016-08-31,1.7211
600031.SH,2016-09-30,3.4026
600031.SH,2016-10-31,7.4954
600031.SH,2016-11-30,10.5442
600031.SH,2016-12-31,-6.1538
600031.SH,2017-01-31,12.7869
600031.SH,2017-02-28,6.1047
600031.SH,2017-03-31,-1.3699
600031.SH,2017-04-30,-2.3611
600031.SH,2017-05-31,-1.8492
600031.SH,2017-06-30,17.8261
600031.SH,2017-07-31,4.674
600031.SH,2017-08-31,-7.8769
600031.SH,2017-09-30,-2.2989
600031.SH,2017-10-31,7.4644
600031.SH,2017-11-30,9.878
600031.SH,2017-12-31,0.6659
600031.SH,2018-01-31,1.323
600031.SH,2018-02-28,-9.9021
600031.SH,2018-03-31,-5.0725
600031.SH,2018-04-30,10.9415
600031.SH,2018-05-31,-7.2248
600031.SH,2018-06-30,10.8776
600031.SH,2018-07-31,3.1215
600031.SH,2018-08-31,-0.9594
600031.SH,2018-09-30,-1.3333
600031.SH,2018-10-31,-11.3739
600031.SH,2018-11-30,2.033
600031.SH,2018-12-31,3.8605
600031.SH,2019-01-31,9.3525
600031.SH,2019-02-28,13.9254
600031.SH,2019-03-31,23.0029
600031.SH,2019-04-30,-4.1471
600031.SH,2019-05-31,-1.4694
600031.SH,2019-06-30,8.3679
600031.SH,2019-07-31,10.0838
600031.SH,2019-08-31,-4.6034
600031.SH,2019-09-30,6.0134
600031.SH,2019-10-31,-5.6723
600031.SH,2019-11-30,7.4981
600031.SH,2019-12-31,17.7486
600031.SH,2020-01-31,-5.9824
600031.SH,2020-02-29,8.7336
600031.SH,2020-03-31,-0.7458
600031.SH,2020-04-30,13.5838
600031.SH,2020-05-31,-6.7176
600031.SH,2020-06-30,2.3459
600031.SH,2020-07-31,14.6328
600031.SH,2020-08-31,4.8792
600031.SH,2020-09-30,12.421
600031.SH,2020-10-31,4.2587
600031.SH,2020-11-30,18.343
600031.SH,2020-12-31,13.9043
600036.SH,2016-01-31,-16.6759
600036.SH,2016-02-29,-2.8686
600036.SH,2016-03-31,10.5082
600036.SH,2016-04-30,10.317
600036.SH,2016-05-31,1.4085
600036.SH,2016-06-30,-2.7778
600036.SH,2016-07-31,2.0324
600036.SH,2016-08-31,8.5664
600036.SH,2016-09-30,-3.3816
600036.SH,2016-10-31,-0.7778
600036.SH,2016-11-30,3.8634
600036.SH,2016-12-31,-5.1213
600036.SH,2017-01-31,7.9545
600036.SH,2017-02-28,2.3158
600036.SH,2017-03-31,-1.3889
600036.SH,2017-04-30,-0.2087
600036.SH,2017-05-31,17.1981
600036.SH,2017-06-30,10.2743
600036.SH,2017-07-31,6.9427
600036.SH,2017-08-31,4.6148
600036.SH,2017-09-30,-4.486
600036.SH,2017-10-31,6.0665
600036.SH,2017-11-30,6.9742
600036.SH,2017-12-31,0.1035
600036.SH,2018-01-31,16.9538
600036.SH,2018-02-28,-10.7248
600036.SH,2018-03-31,-3.9934
600036.SH,2018-04-30,0.825
600036.SH,2018-05-31,-1.8752
600036.SH,2018-06-30,-8.1306
600036.SH,2018-07-31,10.8766
600036.SH,2018-08-31,-0.3522
600036.SH,2018-09-30,8.4836
600036.SH,2018-10-31,-5.7999
600036.SH,2018-11-30,-1.2452
600036.SH,2018-12-31,-11.7338
600036.SH,2019-01-31,15.9127
600036.SH,2019-02-28,8.6614
600036.SH,2019-03-31,6.8683
600036.SH,2019-04-30,1.5625
600036.SH,2019-05-31,-0.6967
600036.SH,2019-06-30,5.1739
600036.SH,2019-07-31,4.3441
600036.SH,2019-08-31,-6.2363
600036.SH,2019-09-30,1.3711
600036.SH,2019-10-31,2.1583
600036.SH,2019-11-30,1.493
600036.SH,2019-12-31,4.302
600036.SH,2020-01-31,-2.049
600036.SH,2020-02-29,-7.0905
600036.SH,2020-03-31,-5.614
600036.SH,2020-04-30,8.7051
600036.SH,2020-05-31,-3.6193
600036.SH,2020-06-30,-0.2957
600036.SH,2020-07-31,6.4021
600036.SH,2020-08-31,8.3046
600036.SH,2020-09-30,-4.4839
600036.SH,2020-10-31,10.5833
600036.SH,2020-11-30,11.0274
600036.SH,2020-12-31,-0.5656
600048.SH,2016-01-31,-18.1391
600048.SH,2016-02-29,4.248
600048.SH,2016-03-31,2.2026
600048.SH,2016-04-30,-3.556
600048.SH,2016-05-31,-1.3981
600048.SH,2016-06-30,1.649
600048.SH,2016-07-31,4.1715
600048.SH,2016-08-31,9.01
600048.SH,2016-09-30,-2.0408
600048.SH,2016-10-31,-4.6875
600048.SH,2016-11-30,7.9781
600048.SH,2016-12-31,-7.5911
600048.SH,2017-01-31,0.9858
600048.SH,2017-02-28,2.7115
600048.SH,2017-03-31,0.6336
600048.SH,2017-04-30,-1.1542
600048.SH,2017-05-31,2.8662
600048.SH,2017-06-30,6.1643
600048.SH,2017-07-31,5.4162
600048.SH,2017-08-31,-1.9029
600048.SH,2017-09-30,0.8729
600048.SH,2017-10-31,4.7115
600048.SH,2017-11-30,15.7025
600048.SH,2017-12-31,12.3016
600048.SH,2018-01-31,21.7668
600048.SH,2018-02-28,-15.09
600048.SH,2018-03-31,-7.9289
600048.SH,2018-04-30,-2.5241
600048.SH,2018-05-31,-6.0168
600048.SH,2018-06-30,1.8167
600048.SH,2018-07-31,-0.5738
600048.SH,2018-08-31,1.2366
600048.SH,2018-09-30,-0.8958
600048.SH,2018-10-31,3.5333
600048.SH,2018-11-30,3.9683
600048.SH,2018-12-31,-10
600048.SH,2019-01-31,9.2451
600048.SH,2019-02-28,2.5621
600048.SH,2019-03-31,7.7971
600048.SH,2019-04-30,-5.2669
600048.SH,2019-05-31,-6.1588
600048.SH,2019-06-30,4.9342
600048.SH,2019-07-31,11.3636
600048.SH,2019-08-31,-5.3483
600048.SH,2019-09-30,6.3197
600048.SH,2019-10-31,0.7692
600048.SH,2019-11-30,0.1388
600048.SH,2019-12-31,12.1275
600048.SH,2020-01-31,-5.2534
600048.SH,2020-02-29,5.6099
600048.SH,2020-03-31,-8.1532
600048.SH,2020-04-30,9.2132
600048.SH,2020-05-31,-6.6338
600048.SH,2020-06-30,2.9248
600048.SH,2020-07-31,5.548
600048.SH,2020-08-31,3.2051
600048.SH,2020-09-30,-1.3043
600048.SH,2020-10-31,-3.3354
600048.SH,2020-11-30,12.1094
600048.SH,2020-12-31,-8.1301
600038.SH,2016-01-31,-25.7728
600038.SH,2016-02-29,-3.1426
600038.SH,2016-03-31,14.7982
600038.SH,2016-04-30,-9.1222
600038.SH,2016-05-31,-0.2781
600038.SH,2016-06-30,5.1724
600038.SH,2016-07-31,2.1659
600038.SH,2016-08-31,5.458
600038.SH,2016-09-30,-8.5284
600038.SH,2016-10-31,6.2485
600038.SH,2016-11-30,7.4786
600038.SH,2016-12-31,4.3085
600038.SH,2017-01-31,7.3317
600038.SH,2017-02-28,-1.7318
600038.SH,2017-03-31,-2.0952
600038.SH,2017-04-30,-4.76
600038.SH,2017-05-31,-13.7127
600038.SH,2017-06-30,11.9743
600038.SH,2017-07-31,-4.2823
600038.SH,2017-08-31,-4.1543
600038.SH,2017-09-30,4.0962
600038.SH,2017-10-31,2.8826
600038.SH,2017-11-30,-0.8005
600038.SH,2017-12-31,4.304
600038.SH,2018-01-31,-12.1857
600038.SH,2018-02-28,-3.6955
600038.SH,2018-03-31,22.8717
600038.SH,2018-04-30,-1.8821
600038.SH,2018-05-31,-12.7108
600038.SH,2018-06-30,-3.4291
600038.SH,2018-07-31,-1.5425
600038.SH,2018-08-31,-3.6271
600038.SH,2018-09-30,5.6454
600038.SH,2018-10-31,-8.7055
600038.SH,2018-11-30,9.0959
600038.SH,2018-12-31,-5.8942
600038.SH,2019-01-31,7.7623
600038.SH,2019-02-28,15.847
600038.SH,2019-03-31,0.2358
600038.SH,2019-04-30,-9.0267
600038.SH,2019-05-31,-1.9516
600038.SH,2019-06-30,-1.6307
600038.SH,2019-07-31,7.5874
600038.SH,2019-08-31,9.6671
600038.SH,2019-09-30,-6.6112
600038.SH,2019-10-31,0.6456
600038.SH,2019-11-30,0.6415
600038.SH,2019-12-31,4.8571
600038.SH,2020-01-31,-6.8749
600038.SH,2020-02-29,-9.2505
600038.SH,2020-03-31,3.1498
600038.SH,2020-04-30,6.2996
600038.SH,2020-05-31,-6.0394
600038.SH,2020-06-30,-1.1314
600038.SH,2020-07-31,25.2983
600038.SH,2020-08-31,11.6815
600038.SH,2020-09-30,-2.0804
600038.SH,2020-10-31,-10.6052
600038.SH,2020-11-30,7.2898
600038.SH,2020-12-31,16.7349
600050.SH,2016-01-31,-34.466
600050.SH,2016-02-29,-0.7407
600050.SH,2016-03-31,9.204
600050.SH,2016-04-30,-7.9727
600050.SH,2016-05-31,-0.9901
600050.SH,2016-06-30,-3.246
600050.SH,2016-07-31,11.811
600050.SH,2016-08-31,0.4695
600050.SH,2016-09-30,-3.0374
600050.SH,2016-10-31,23.6145
600050.SH,2016-11-30,29.8246
600050.SH,2016-12-31,9.7598
600050.SH,2017-01-31,-10.5335
600050.SH,2017-02-28,7.4924
600050.SH,2017-03-31,6.2589
600050.SH,2017-04-30,0
600050.SH,2017-05-31,0
600050.SH,2017-06-30,0
600050.SH,2017-07-31,0
600050.SH,2017-08-31,7.6305
600050.SH,2017-09-30,-7.7114
600050.SH,2017-10-31,2.965
600050.SH,2017-11-30,-8.9005
600050.SH,2017-12-31,-9.0517
600050.SH,2018-01-31,10.2686
600050.SH,2018-02-28,-8.0229
600050.SH,2018-03-31,-10.1246
600050.SH,2018-04-30,-1.0399
600050.SH,2018-05-31,-4.9037
600050.SH,2018-06-30,-9.0147
600050.SH,2018-07-31,5.8943
600050.SH,2018-08-31,7.6775
600050.SH,2018-09-30,-0.713
600050.SH,2018-10-31,-2.693
600050.SH,2018-11-30,-2.583
600050.SH,2018-12-31,-2.0833
600050.SH,2019-01-31,2.7079
600050.SH,2019-02-28,21.0923
600050.SH,2019-03-31,5.5988
600050.SH,2019-04-30,-1.7673
600050.SH,2019-05-31,-11.0945
600050.SH,2019-06-30,4.7273
600050.SH,2019-07-31,-3.7338
600050.SH,2019-08-31,-1.3491
600050.SH,2019-09-30,2.735
600050.SH,2019-10-31,2.1631
600050.SH,2019-11-30,-7.0033
600050.SH,2019-12-31,3.1524
600050.SH,2020-01-31,-4.0747
600050.SH,2020-02-29,-3.0088
600050.SH,2020-03-31,-4.7445
600050.SH,2020-04-30,0
600050.SH,2020-05-31,-4.9808
600050.SH,2020-06-30,-1.2245
600050.SH,2020-07-31,4.9587
600050.SH,2020-08-31,2.1654
600050.SH,2020-09-30,-6.5511
600050.SH,2020-10-31,-1.6495
600050.SH,2020-11-30,2.7254
600050.SH,2020-12-31,-8.9796
600060.SH,2016-01-31,-28.0122
600060.SH,2016-02-29,-9.0395
600060.SH,2016-03-31,29.1925
600060.SH,2016-04-30,1.4423
600060.SH,2016-05-31,-4.9763
600060.SH,2016-06-30,10.2244
600060.SH,2016-07-31,2.8304
600060.SH,2016-08-31,-2.9164
600060.SH,2016-09-30,-3.8706
600060.SH,2016-10-31,2.5841
600060.SH,2016-11-30,5.4482
600060.SH,2016-12-31,-4.8889
600060.SH,2017-01-31,1.8692
600060.SH,2017-02-28,8.0849
600060.SH,2017-03-31,-4.0318
600060.SH,2017-04-30,-5.1962
600060.SH,2017-05-31,-17.4927
600060.SH,2017-06-30,7.2085
600060.SH,2017-07-31,-2.3497
600060.SH,2017-08-31,0.6949
600060.SH,2017-09-30,8.4196
600060.SH,2017-10-31,-3.5646
600060.SH,2017-11-30,0.33
600060.SH,2017-12-31,-1.1842
600060.SH,2018-01-31,4.7936
600060.SH,2018-02-28,-0.8259
600060.SH,2018-03-31,-0.8969
600060.SH,2018-04-30,-13.51
600060.SH,2018-05-31,10.9118
600060.SH,2018-06-30,-9.7709
600060.SH,2018-07-31,-14.481
600060.SH,2018-08-31,-11.6341
600060.SH,2018-09-30,2.0101
600060.SH,2018-10-31,-16.0591
600060.SH,2018-11-30,6.8075
600060.SH,2018-12-31,-4.6154
600060.SH,2019-01-31,-4.7235
600060.SH,2019-02-28,16.8077
600060.SH,2019-03-31,8.9027
600060.SH,2019-04-30,-10.2662
600060.SH,2019-05-31,-12.9237
600060.SH,2019-06-30,4.8662
600060.SH,2019-07-31,-0.1527
600060.SH,2019-08-31,-10.2113
600060.SH,2019-09-30,6.1438
600060.SH,2019-10-31,13.0542
600060.SH,2019-11-30,3.9216
600060.SH,2019-12-31,13.7317
600060.SH,2020-01-31,15.023
600060.SH,2020-02-29,0.8814
600060.SH,2020-03-31,-25.4964
600060.SH,2020-04-30,17.8038
600060.SH,2020-05-31,23.8914
600060.SH,2020-06-30,-11.2491
600060.SH,2020-07-31,14.5533
600060.SH,2020-08-31,6.8215
600060.SH,2020-09-30,-11.8207
600060.SH,2020-10-31,-3.0046
600060.SH,2020-11-30,-11.4376
600060.SH,2020-12-31,2.9596
600066.SH,2016-01-31,-16.9409
600066.SH,2016-02-29,1.1777
600066.SH,2016-03-31,2.5397
600066.SH,2016-04-30,5.8308
600066.SH,2016-05-31,2.621
600066.SH,2016-06-30,1.0204
600066.SH,2016-07-31,16.0101
600066.SH,2016-08-31,-5.8337
600066.SH,2016-09-30,1.988
600066.SH,2016-10-31,-2.3119
600066.SH,2016-11-30,-2.3202
600066.SH,2016-12-31,-6.9359
600066.SH,2017-01-31,3.4201
600066.SH,2017-02-28,0.2468
600066.SH,2017-03-31,5.7607
600066.SH,2017-04-30,-6.2384
600066.SH,2017-05-31,1.2413
600066.SH,2017-06-30,12.6355
600066.SH,2017-07-31,0.6372
600066.SH,2017-08-31,-6.0154
600066.SH,2017-09-30,18.3831
600066.SH,2017-10-31,3.4146
600066.SH,2017-11-30,-6.4858
600066.SH,2017-12-31,1.177
600066.SH,2018-01-31,-8.9323
600066.SH,2018-02-28,5.8394
600066.SH,2018-03-31,-3.6207
600066.SH,2018-04-30,-8.4079
600066.SH,2018-05-31,7.3242
600066.SH,2018-06-30,-12.6934
600066.SH,2018-07-31,-9.9198
600066.SH,2018-08-31,-9.8214
600066.SH,2018-09-30,-3.1683
600066.SH,2018-10-31,-27.3347
600066.SH,2018-11-30,5.6285
600066.SH,2018-12-31,5.2398
600066.SH,2019-01-31,-2.3629
600066.SH,2019-02-28,21.694
600066.SH,2019-03-31,-4.6165
600066.SH,2019-04-30,6.478
600066.SH,2019-05-31,-9.2113
600066.SH,2019-06-30,4.0767
600066.SH,2019-07-31,-0.2304
600066.SH,2019-08-31,11.8553
600066.SH,2019-09-30,-4.3359
600066.SH,2019-10-31,2.8777
600066.SH,2019-11-30,-1.8881
600066.SH,2019-12-31,1.5681
600066.SH,2020-01-31,10.7368
600066.SH,2020-02-29,-4.436
600066.SH,2020-03-31,-9.2175
600066.SH,2020-04-30,-4.748
600066.SH,2020-05-31,0.0863
600066.SH,2020-06-30,0.8264
600066.SH,2020-07-31,11.6393
600066.SH,2020-08-31,4.3319
600066.SH,2020-09-30,10.6263
600066.SH,2020-10-31,1.7812
600066.SH,2020-11-30,8.625
600066.SH,2020-12-31,-2.6467
600068.SH,2016-01-31,-31.1309
600068.SH,2016-02-29,-3.69
600068.SH,2016-03-31,15.3257
600068.SH,2016-04-30,-1.6611
600068.SH,2016-05-31,-0.3378
600068.SH,2016-06-30,1.496
600068.SH,2016-07-31,19.4158
600068.SH,2016-08-31,19.4245
600068.SH,2016-09-30,-4.6988
600068.SH,2016-10-31,8.7231
600068.SH,2016-11-30,11.5116
600068.SH,2016-12-31,-4.171
600068.SH,2017-01-31,7.8346
600068.SH,2017-02-28,11.8063
600068.SH,2017-03-31,6.2274
600068.SH,2017-04-30,1.4444
600068.SH,2017-05-31,-14.8241
600068.SH,2017-06-30,12.6741
600068.SH,2017-07-31,1.2456
600068.SH,2017-08-31,-6.5905
600068.SH,2017-09-30,-2.3518
600068.SH,2017-10-31,-5.2987
600068.SH,2017-11-30,-7.6297
600068.SH,2017-12-31,-9.6916
600068.SH,2018-01-31,15.9756
600068.SH,2018-02-28,-0.4206
600068.SH,2018-03-31,-7.3918
600068.SH,2018-04-30,-5.9293
600068.SH,2018-05-31,-7.2727
600068.SH,2018-06-30,-2.3035
600068.SH,2018-07-31,8.4605
600068.SH,2018-08-31,-9.335
600068.SH,2018-09-30,2.8209
600068.SH,2018-10-31,-12.0713
600068.SH,2018-11-30,0
600068.SH,2018-12-31,-1.4041
600068.SH,2019-01-31,-2.3734
600068.SH,2019-02-28,14.9109
600068.SH,2019-03-31,2.3977
600068.SH,2019-04-30,-6.1983
600068.SH,2019-05-31,-9.1043
600068.SH,2019-06-30,0.6462
600068.SH,2019-07-31,-3.0498
600068.SH,2019-08-31,-7.7172
600068.SH,2019-09-30,7.963
600068.SH,2019-10-31,-1.7153
600068.SH,2019-11-30,7.3298
600068.SH,2019-12-31,8.6179
600068.SH,2020-01-31,-5.8383
600068.SH,2020-02-29,5.7234
600068.SH,2020-03-31,4.9624
600068.SH,2020-04-30,-6.447
600068.SH,2020-05-31,-8.8821
600068.SH,2020-06-30,0
600068.SH,2020-07-31,12.1008
600068.SH,2020-08-31,-2.3361
600068.SH,2020-09-30,-6.6038
600068.SH,2020-10-31,17.0034
600068.SH,2020-11-30,-2.0144
600068.SH,2020-12-31,-3.3774
600089.SH,2016-01-31,-27.4427
600089.SH,2016-02-29,-4.918
600089.SH,2016-03-31,12.1921
600089.SH,2016-04-30,-4.281
600089.SH,2016-05-31,-2.6376
600089.SH,2016-06-30,0.3534
600089.SH,2016-07-31,8.1914
600089.SH,2016-08-31,-0.3322
600089.SH,2016-09-30,-4.2222
600089.SH,2016-10-31,2.7842
600089.SH,2016-11-30,9.0293
600089.SH,2016-12-31,-5.4865
600089.SH,2017-01-31,3.2859
600089.SH,2017-02-28,9.544
600089.SH,2017-03-31,8.3253
600089.SH,2017-04-30,1.2511
600089.SH,2017-05-31,-12.9329
600089.SH,2017-06-30,10.8369
600089.SH,2017-07-31,1.7425
600089.SH,2017-08-31,-4.4719
600089.SH,2017-09-30,-1.7928
600089.SH,2017-10-31,1.8256
600089.SH,2017-11-30,-0.3984
600089.SH,2017-12-31,-0.9
600089.SH,2018-01-31,-1.0091
600089.SH,2018-02-28,-8.1549
600089.SH,2018-03-31,-2.1088
600089.SH,2018-04-30,-9.9773
600089.SH,2018-05-31,-1.5113
600089.SH,2018-06-30,-11.3811
600089.SH,2018-07-31,2.832
600089.SH,2018-08-31,-2.4602
600089.SH,2018-09-30,6.3798
600089.SH,2018-10-31,-3.0683
600089.SH,2018-11-30,-1.4388
600089.SH,2018-12-31,-0.8759
600089.SH,2019-01-31,3.3873
600089.SH,2019-02-28,13.2479
600089.SH,2019-03-31,4.1509
600089.SH,2019-04-30,-6.6425
600089.SH,2019-05-31,-7.1151
600089.SH,2019-06-30,0.9749
600089.SH,2019-07-31,0.5482
600089.SH,2019-08-31,-7.4543
600089.SH,2019-09-30,-1.2158
600089.SH,2019-10-31,-1.2308
600089.SH,2019-11-30,1.0903
600089.SH,2019-12-31,2.4653
600089.SH,2020-01-31,-4.3609
600089.SH,2020-02-29,-2.044
600089.SH,2020-03-31,17.175
600089.SH,2020-04-30,3.1507
600089.SH,2020-05-31,-8.7649
600089.SH,2020-06-30,-1.4556
600089.SH,2020-07-31,31.8903
600089.SH,2020-08-31,-6.4147
600089.SH,2020-09-30,7.4663
600089.SH,2020-10-31,-6.492
600089.SH,2020-11-30,3.8977
600089.SH,2020-12-31,18.9918
600100.SH,2016-01-31,-37.3341
600100.SH,2016-02-29,-6.4431
600100.SH,2016-03-31,20.8491
600100.SH,2016-04-30,-4.6058
600100.SH,2016-05-31,24.3044
600100.SH,2016-06-30,-1.5142
600100.SH,2016-07-31,10.6066
600100.SH,2016-08-31,-9.2017
600100.SH,2016-09-30,-7.5839
600100.SH,2016-10-31,1.6703
600100.SH,2016-11-30,9.0714
600100.SH,2016-12-31,-9.2993
600100.SH,2017-01-31,-2.0217
600100.SH,2017-02-28,1.4738
600100.SH,2017-03-31,-0.8715
600100.SH,2017-04-30,3.4432
600100.SH,2017-05-31,0
600100.SH,2017-06-30,0
600100.SH,2017-07-31,0
600100.SH,2017-08-31,0
600100.SH,2017-09-30,-12.0404
600100.SH,2017-10-31,-11.5574
600100.SH,2017-11-30,2.595
600100.SH,2017-12-31,-11.4724
600100.SH,2018-01-31,0.8163
600100.SH,2018-02-28,4.0486
600100.SH,2018-03-31,1.5564
600100.SH,2018-04-30,4.4061
600100.SH,2018-05-31,1.1927
600100.SH,2018-06-30,-20.3989
600100.SH,2018-07-31,8.7783
600100.SH,2018-08-31,-0.3145
600100.SH,2018-09-30,2.5237
600100.SH,2018-10-31,-10.5641
600100.SH,2018-11-30,15.8257
600100.SH,2018-12-31,-3.6634
600100.SH,2019-01-31,-11.8191
600100.SH,2019-02-28,20.8625
600100.SH,2019-03-31,18.9971
600100.SH,2019-04-30,-15.6402
600100.SH,2019-05-31,-4.5149
600100.SH,2019-06-30,-8.9537
600100.SH,2019-07-31,-1.326
600100.SH,2019-08-31,-1.1198
600100.SH,2019-09-30,-7.3613
600100.SH,2019-10-31,0.7335
600100.SH,2019-11-30,-3.1553
600100.SH,2019-12-31,9.8997
600100.SH,2020-01-31,0.4561
600100.SH,2020-02-29,1.9296
600100.SH,2020-03-31,-11.2472
600100.SH,2020-04-30,-8.532
600100.SH,2020-05-31,-4.5267
600100.SH,2020-06-30,4.7414
600100.SH,2020-07-31,9.3076
600100.SH,2020-08-31,-0.5038
600100.SH,2020-09-30,-10.5063
600100.SH,2020-10-31,-6.6478
600100.SH,2020-11-30,0.9091
600100.SH,2020-12-31,-6.9069
600085.SH,2016-01-31,-34.8352
600085.SH,2016-02-29,-6.6047
600085.SH,2016-03-31,11.1234
600085.SH,2016-04-30,-7.6235
600085.SH,2016-05-31,-1.3276
600085.SH,2016-06-30,8.3273
600085.SH,2016-07-31,7.385
600085.SH,2016-08-31,-2.1184
600085.SH,2016-09-30,-1.7696
600085.SH,2016-10-31,2.8169
600085.SH,2016-11-30,9.1749
600085.SH,2016-12-31,-8.433
600085.SH,2017-01-31,-3.0911
600085.SH,2017-02-28,0.4275
600085.SH,2017-03-31,3.5036
600085.SH,2017-04-30,-1.8349
600085.SH,2017-05-31,4.0606
600085.SH,2017-06-30,8.2688
600085.SH,2017-07-31,-5.9783
600085.SH,2017-08-31,-1.0973
600085.SH,2017-09-30,0.4338
600085.SH,2017-10-31,3.8877
600085.SH,2017-11-30,-4.1283
600085.SH,2017-12-31,-0.1239
600085.SH,2018-01-31,5.1489
600085.SH,2018-02-28,-4.4248
600085.SH,2018-03-31,6.9753
600085.SH,2018-04-30,2.337
600085.SH,2018-05-31,14.2374
600085.SH,2018-06-30,-12.9319
600085.SH,2018-07-31,-4.195
600085.SH,2018-08-31,-4.6436
600085.SH,2018-09-30,-0.7192
600085.SH,2018-10-31,-10.4567
600085.SH,2018-11-30,2.3215
600085.SH,2018-12-31,-5.4658
600085.SH,2019-01-31,-4.0727
600085.SH,2019-02-28,10.8415
600085.SH,2019-03-31,2.3598
600085.SH,2019-04-30,4.143
600085.SH,2019-05-31,-6.256
600085.SH,2019-06-30,-0.7529
600085.SH,2019-07-31,-1.3011
600085.SH,2019-08-31,-1.9746
600085.SH,2019-09-30,-3.2374
600085.SH,2019-10-31,2.2305
600085.SH,2019-11-30,-3.2727
600085.SH,2019-12-31,8.0082
600085.SH,2020-01-31,-2.9454
600085.SH,2020-02-29,-4.4241
600085.SH,2020-03-31,-3.0222
600085.SH,2020-04-30,1.3018
600085.SH,2020-05-31,-2.4143
600085.SH,2020-06-30,8.2203
600085.SH,2020-07-31,0.677
600085.SH,2020-08-31,9.8373
600085.SH,2020-09-30,-9.1582
600085.SH,2020-10-31,-0.2965
600085.SH,2020-11-30,0
600085.SH,2020-12-31,-11.1524
600104.SH,2016-01-31,-12.2526
600104.SH,2016-02-29,-1.5575
600104.SH,2016-03-31,9.4381
600104.SH,2016-04-30,1.3958
600104.SH,2016-05-31,-0.2458
600104.SH,2016-06-30,0
600104.SH,2016-07-31,22.334
600104.SH,2016-08-31,-4.9505
600104.SH,2016-09-30,-1.0417
600104.SH,2016-10-31,8.3753
600104.SH,2016-11-30,6.6301
600104.SH,2016-12-31,-7.1287
600104.SH,2017-01-31,8.145
600104.SH,2017-02-28,1.6562
600104.SH,2017-03-31,-1.5516
600104.SH,2017-04-30,7.368
600104.SH,2017-05-31,10.3486
600104.SH,2017-06-30,8.9063
600104.SH,2017-07-31,-2.9308
600104.SH,2017-08-31,-1.3603
600104.SH,2017-09-30,1.5473
600104.SH,2017-10-31,4.3061
600104.SH,2017-11-30,-1.9371
600104.SH,2017-12-31,3.7565
600104.SH,2018-01-31,7.3346
600104.SH,2018-02-28,-2.1809
600104.SH,2018-03-31,1.0999
600104.SH,2018-04-30,-6.1158
600104.SH,2018-05-31,13.5296
600104.SH,2018-06-30,-3.4759
600104.SH,2018-07-31,-3.8692
600104.SH,2018-08-31,-8.5634
600104.SH,2018-09-30,14.1681
600104.SH,2018-10-31,-18.5397
600104.SH,2018-11-30,-8.3364
600104.SH,2018-12-31,7.3239
600104.SH,2019-01-31,-0.2625
600104.SH,2019-02-28,6.4662
600104.SH,2019-03-31,-7.9449
600104.SH,2019-04-30,5.0249
600104.SH,2019-05-31,-12.5274
600104.SH,2019-06-30,6.4718
600104.SH,2019-07-31,2.469
600104.SH,2019-08-31,0.9662
600104.SH,2019-09-30,-5.1834
600104.SH,2019-10-31,-1.1775
600104.SH,2019-11-30,-1.0638
600104.SH,2019-12-31,2.5806
600104.SH,2020-01-31,-5.1992
600104.SH,2020-02-29,-1.7691
600104.SH,2020-03-31,-7.6992
600104.SH,2020-04-30,-7.8049
600104.SH,2020-05-31,-5.1852
600104.SH,2020-06-30,-0.3106
600104.SH,2020-07-31,7.0041
600104.SH,2020-08-31,2.6403
600104.SH,2020-09-30,2.5188
600104.SH,2020-10-31,21.0141
600104.SH,2020-11-30,14.514
600104.SH,2020-12-31,-7.8084
600109.SH,2016-01-31,-30.5211
600109.SH,2016-02-29,1.5179
600109.SH,2016-03-31,26.9129
600109.SH,2016-04-30,-9.4941
600109.SH,2016-05-31,0.6126
600109.SH,2016-06-30,3.2174
600109.SH,2016-07-31,-4.2285
600109.SH,2016-08-31,3.9504
600109.SH,2016-09-30,-4.8435
600109.SH,2016-10-31,4.9334
600109.SH,2016-11-30,5.4478
600109.SH,2016-12-31,-7.7849
600109.SH,2017-01-31,2.6094
600109.SH,2017-02-28,-0.5236
600109.SH,2017-03-31,3.0075
600109.SH,2017-04-30,-3.2847
600109.SH,2017-05-31,-9.354
600109.SH,2017-06-30,-2.0067
600109.SH,2017-07-31,-4.8635
600109.SH,2017-08-31,7.4439
600109.SH,2017-09-30,-2.0868
600109.SH,2017-10-31,-8.2694
600109.SH,2017-11-30,0.5576
600109.SH,2017-12-31,-11.8299
600109.SH,2018-01-31,0.4193
600109.SH,2018-02-28,-11.2735
600109.SH,2018-03-31,-0.8235
600109.SH,2018-04-30,2.6097
600109.SH,2018-05-31,-9.3642
600109.SH,2018-06-30,-8.6414
600109.SH,2018-07-31,-0.7032
600109.SH,2018-08-31,-4.1076
600109.SH,2018-09-30,3.6928
600109.SH,2018-10-31,2.1368
600109.SH,2018-11-30,8.6471
600109.SH,2018-12-31,-8.0873
600109.SH,2019-01-31,6.4246
600109.SH,2019-02-28,29.1339
600109.SH,2019-03-31,9.1463
600109.SH,2019-04-30,-4.3762
600109.SH,2019-05-31,-11.0029
600109.SH,2019-06-30,6.8132
600109.SH,2019-07-31,-4.4239
600109.SH,2019-08-31,-5.4898
600109.SH,2019-09-30,-0.7973
600109.SH,2019-10-31,-2.2962
600109.SH,2019-11-30,-3.4078
600109.SH,2019-12-31,13.1387
600109.SH,2020-01-31,-5.0538
600109.SH,2020-02-29,13.2503
600109.SH,2020-03-31,-8.5
600109.SH,2020-04-30,6.1202
600109.SH,2020-05-31,1.3388
600109.SH,2020-06-30,16.4921
600109.SH,2020-07-31,26.468
600109.SH,2020-08-31,7.8309
600109.SH,2020-09-30,-1.7352
600109.SH,2020-10-31,-2.2891
600109.SH,2020-11-30,20.415
600109.SH,2020-12-31,-9.5609
600115.SH,2016-01-31,-20.3679
600115.SH,2016-02-29,-8.2508
600115.SH,2016-03-31,9.3525
600115.SH,2016-04-30,0.1645
600115.SH,2016-05-31,10.509
600115.SH,2016-06-30,-1.7831
600115.SH,2016-07-31,5.4463
600115.SH,2016-08-31,-6.5997
600115.SH,2016-09-30,-4.6083
600115.SH,2016-10-31,1.7713
600115.SH,2016-11-30,4.7468
600115.SH,2016-12-31,7.6017
600115.SH,2017-01-31,-2.546
600115.SH,2017-02-28,3.193
600115.SH,2017-03-31,-3.3755
600115.SH,2017-04-30,-4.3668
600115.SH,2017-05-31,3.653
600115.SH,2017-06-30,-0.1468
600115.SH,2017-07-31,-0.4412
600115.SH,2017-08-31,3.8772
600115.SH,2017-09-30,-3.1519
600115.SH,2017-10-31,1.9231
600115.SH,2017-11-30,7.402
600115.SH,2017-12-31,10.9459
600115.SH,2018-01-31,1.7052
600115.SH,2018-02-28,-6.5868
600115.SH,2018-03-31,-7.5641
600115.SH,2018-04-30,-1.8031
600115.SH,2018-05-31,3.9548
600115.SH,2018-06-30,-10.0543
600115.SH,2018-07-31,-10.5829
600115.SH,2018-08-31,-1.5332
600115.SH,2018-09-30,-3.1142
600115.SH,2018-10-31,-10.7143
600115.SH,2018-11-30,5
600115.SH,2018-12-31,-9.5238
600115.SH,2019-01-31,5.8947
600115.SH,2019-02-28,16.1034
600115.SH,2019-03-31,18.8356
600115.SH,2019-04-30,-1.4409
600115.SH,2019-05-31,-12.4269
600115.SH,2019-06-30,4.6745
600115.SH,2019-07-31,-6.0606
600115.SH,2019-08-31,-13.9219
600115.SH,2019-09-30,2.1696
600115.SH,2019-10-31,0
600115.SH,2019-11-30,-1.1583
600115.SH,2019-12-31,13.4766
600115.SH,2020-01-31,-12.2203
600115.SH,2020-02-29,-10.9804
600115.SH,2020-03-31,-9.0308
600115.SH,2020-04-30,6.0533
600115.SH,2020-05-31,-5.0228
600115.SH,2020-06-30,1.4423
600115.SH,2020-07-31,4.5024
600115.SH,2020-08-31,15.7933
600115.SH,2020-09-30,-2.1782
600115.SH,2020-10-31,-7.085
600115.SH,2020-11-30,8.4967
600115.SH,2020-12-31,-6.0241
600111.SH,2016-01-31,-18.2596
600111.SH,2016-02-29,-2.8796
600111.SH,2016-03-31,13.9263
600111.SH,2016-04-30,5.9148
600111.SH,2016-05-31,11.9881
600111.SH,2016-06-30,-11.309
600111.SH,2016-07-31,1.728
600111.SH,2016-08-31,-1.3294
600111.SH,2016-09-30,-7.485
600111.SH,2016-10-31,1.6181
600111.SH,2016-11-30,3.4236
600111.SH,2016-12-31,-5.5427
600111.SH,2017-01-31,1.8745
600111.SH,2017-02-28,3.04
600111.SH,2017-03-31,-5.9783
600111.SH,2017-04-30,-5.9455
600111.SH,2017-05-31,-3.7752
600111.SH,2017-06-30,3.4715
600111.SH,2017-07-31,64.2542
600111.SH,2017-08-31,-2.7942
600111.SH,2017-09-30,-10.8347
600111.SH,2017-10-31,-9.9814
600111.SH,2017-11-30,-2.2727
600111.SH,2017-12-31,2.8189
600111.SH,2018-01-31,-7.8821
600111.SH,2018-02-28,-2.6042
600111.SH,2018-03-31,-0.6112
600111.SH,2018-04-30,-3.5357
600111.SH,2018-05-31,-3.6653
600111.SH,2018-06-30,-5.6229
600111.SH,2018-07-31,-2.3726
600111.SH,2018-08-31,-7.8308
600111.SH,2018-09-30,-0.0977
600111.SH,2018-10-31,2.6393
600111.SH,2018-11-30,-7.3333
600111.SH,2018-12-31,-9.8664
600111.SH,2019-01-31,-2.5086
600111.SH,2019-02-28,24.6784
600111.SH,2019-03-31,4.5966
600111.SH,2019-04-30,-7.8924
600111.SH,2019-05-31,27.8481
600111.SH,2019-06-30,-1.8531
600111.SH,2019-07-31,-12.4611
600111.SH,2019-08-31,3.3808
600111.SH,2019-09-30,-6.4544
600111.SH,2019-10-31,-7.5437
600111.SH,2019-11-30,-1.0945
600111.SH,2019-12-31,9.0543
600111.SH,2020-01-31,-6.4576
600111.SH,2020-02-29,-10.2564
600111.SH,2020-03-31,-1.2088
600111.SH,2020-04-30,0.4449
600111.SH,2020-05-31,12.4031
600111.SH,2020-06-30,-8.1773
600111.SH,2020-07-31,33.1545
600111.SH,2020-08-31,-0.4835
600111.SH,2020-09-30,-13.0364
600111.SH,2020-10-31,-6.2384
600111.SH,2020-11-30,34.4588
600111.SH,2020-12-31,-3.3235
600118.SH,2016-01-31,-28.6554
600118.SH,2016-02-29,-3.6903
600118.SH,2016-03-31,22.1348
600118.SH,2016-04-30,-9.5518
600118.SH,2016-05-31,-1.0948
600118.SH,2016-06-30,5.5608
600118.SH,2016-07-31,-0.9226
600118.SH,2016-08-31,1.2616
600118.SH,2016-09-30,-5.577
600118.SH,2016-10-31,-0.4713
600118.SH,2016-11-30,3.5669
600118.SH,2016-12-31,-4.7851
600118.SH,2017-01-31,5.6338
600118.SH,2017-02-28,-0.5455
600118.SH,2017-03-31,-2.0414
600118.SH,2017-04-30,-5.4432
600118.SH,2017-05-31,-11.6118
600118.SH,2017-06-30,4.0356
600118.SH,2017-07-31,-2.6221
600118.SH,2017-08-31,1.4017
600118.SH,2017-09-30,2.4372
600118.SH,2017-10-31,-4.652
600118.SH,2017-11-30,-6.3315
600118.SH,2017-12-31,0.3976
600118.SH,2018-01-31,-6.4158
600118.SH,2018-02-28,-11.3838
600118.SH,2018-03-31,10.0764
600118.SH,2018-04-30,0
600118.SH,2018-05-31,-8.7202
600118.SH,2018-06-30,-9.2205
600118.SH,2018-07-31,1.6796
600118.SH,2018-08-31,-6.8876
600118.SH,2018-09-30,3.1702
600118.SH,2018-10-31,-12.5067
600118.SH,2018-11-30,6.3463
600118.SH,2018-12-31,0.3476
600118.SH,2019-01-31,2.7714
600118.SH,2019-02-28,25.8427
600118.SH,2019-03-31,12.3661
600118.SH,2019-04-30,-8.383
600118.SH,2019-05-31,2.3039
600118.SH,2019-06-30,-3.9608
600118.SH,2019-07-31,3.3703
600118.SH,2019-08-31,-0.1287
600118.SH,2019-09-30,-6.9158
600118.SH,2019-10-31,-3.461
600118.SH,2019-11-30,-3.1549
600118.SH,2019-12-31,5.4788
600118.SH,2020-01-31,37.9504
600118.SH,2020-02-29,15.3664
600118.SH,2020-03-31,-14.0841
600118.SH,2020-04-30,12.5257
600118.SH,2020-05-31,-2.0377
600118.SH,2020-06-30,-4.2844
600118.SH,2020-07-31,14.906
600118.SH,2020-08-31,11.6898
600118.SH,2020-09-30,-15.7375
600118.SH,2020-10-31,-5.6541
600118.SH,2020-11-30,8.3838
600118.SH,2020-12-31,-5.3529
600150.SH,2016-01-31,-35.5441
600150.SH,2016-02-29,-6.5479
600150.SH,2016-03-31,19.7331
600150.SH,2016-04-30,-9.5939
600150.SH,2016-05-31,-0.3082
600150.SH,2016-06-30,-1.5917
600150.SH,2016-07-31,4.9416
600150.SH,2016-08-31,-1.5411
600150.SH,2016-09-30,-6.2174
600150.SH,2016-10-31,4.4506
600150.SH,2016-11-30,5.8145
600150.SH,2016-12-31,15.8138
600150.SH,2017-01-31,1.6298
600150.SH,2017-02-28,4.4191
600150.SH,2017-03-31,-3.413
600150.SH,2017-04-30,-5.7951
600150.SH,2017-05-31,-16.3166
600150.SH,2017-06-30,2.5101
600150.SH,2017-07-31,1.1806
600150.SH,2017-08-31,9.2913
600150.SH,2017-09-30,-2.4516
600150.SH,2017-10-31,0
600150.SH,2017-11-30,0
600150.SH,2017-12-31,0
600150.SH,2018-01-31,0
600150.SH,2018-02-28,0
600150.SH,2018-03-31,-22.7402
600150.SH,2018-04-30,-26.8625
600150.SH,2018-05-31,-10.4017
600150.SH,2018-06-30,-22.4179
600150.SH,2018-07-31,14.1383
600150.SH,2018-08-31,5.3345
600150.SH,2018-09-30,-0.7725
600150.SH,2018-10-31,-4.3253
600150.SH,2018-11-30,21.2477
600150.SH,2018-12-31,-2.088
600150.SH,2019-01-31,-5.6359
600150.SH,2019-02-28,19.8547
600150.SH,2019-03-31,36.7003
600150.SH,2019-04-30,14.9261
600150.SH,2019-05-31,-15.9122
600150.SH,2019-06-30,20.9636
600150.SH,2019-07-31,6.2288
600150.SH,2019-08-31,-2.9916
600150.SH,2019-09-30,-9.4984
600150.SH,2019-10-31,-7.1331
600150.SH,2019-11-30,-1.5166
600150.SH,2019-12-31,8.0974
600150.SH,2020-01-31,-1.6085
600150.SH,2020-02-29,-10.0887
600150.SH,2020-03-31,-4.2597
600150.SH,2020-04-30,1.4107
600150.SH,2020-05-31,-3.4778
600150.SH,2020-06-30,-3.3259
600150.SH,2020-07-31,18.75
600150.SH,2020-08-31,0.8691
600150.SH,2020-09-30,-11.6324
600150.SH,2020-10-31,-3.467
600150.SH,2020-11-30,7.9686
600150.SH,2020-12-31,-8.0561
600166.SH,2016-01-31,-26.0664
600166.SH,2016-02-29,0
600166.SH,2016-03-31,16.2393
600166.SH,2016-04-30,-4.4118
600166.SH,2016-05-31,4.2308
600166.SH,2016-06-30,1.845
600166.SH,2016-07-31,0.1584
600166.SH,2016-08-31,1.0909
600166.SH,2016-09-30,-3.9568
600166.SH,2016-10-31,5.2434
600166.SH,2016-11-30,13.1673
600166.SH,2016-12-31,-2.8302
600166.SH,2017-01-31,9.7087
600166.SH,2017-02-28,3.2448
600166.SH,2017-03-31,-6.5714
600166.SH,2017-04-30,-5.1988
600166.SH,2017-05-31,-8.3871
600166.SH,2017-06-30,0
600166.SH,2017-07-31,2.4759
600166.SH,2017-08-31,0.6944
600166.SH,2017-09-30,6.8966
600166.SH,2017-10-31,-2.2581
600166.SH,2017-11-30,-5.2805
600166.SH,2017-12-31,-2.0906
600166.SH,2018-01-31,-2.847
600166.SH,2018-02-28,-6.5934
600166.SH,2018-03-31,-1.1765
600166.SH,2018-04-30,-6.3492
600166.SH,2018-05-31,-8.8983
600166.SH,2018-06-30,-5.5814
600166.SH,2018-07-31,-0.4877
600166.SH,2018-08-31,-6.9652
600166.SH,2018-09-30,0
600166.SH,2018-10-31,-1.0695
600166.SH,2018-11-30,-1.0811
600166.SH,2018-12-31,-0.5464
600166.SH,2019-01-31,-6.044
600166.SH,2019-02-28,23.3918
600166.SH,2019-03-31,10.9005
600166.SH,2019-04-30,14.9573
600166.SH,2019-05-31,-13.3829
600166.SH,2019-06-30,1.7167
600166.SH,2019-07-31,-8.8608
600166.SH,2019-08-31,-1.8519
600166.SH,2019-09-30,-6.6038
600166.SH,2019-10-31,-0.5051
600166.SH,2019-11-30,-1.0152
600166.SH,2019-12-31,7.1795
600166.SH,2020-01-31,-4.3062
600166.SH,2020-02-29,0.5
600166.SH,2020-03-31,-4.9751
600166.SH,2020-04-30,-5.7592
600166.SH,2020-05-31,-1.6667
600166.SH,2020-06-30,1.6949
600166.SH,2020-07-31,10.5556
600166.SH,2020-08-31,31.1558
600166.SH,2020-09-30,-7.2797
600166.SH,2020-10-31,28.5124
600166.SH,2020-11-30,8.0386
600166.SH,2020-12-31,-6.25
600153.SH,2016-01-31,0
600153.SH,2016-02-29,0
600153.SH,2016-03-31,0
600153.SH,2016-04-30,0
600153.SH,2016-05-31,0
600153.SH,2016-06-30,-30.1222
600153.SH,2016-07-31,-6.25
600153.SH,2016-08-31,6.0444
600153.SH,2016-09-30,-7.0411
600153.SH,2016-10-31,0
600153.SH,2016-11-30,6.4923
600153.SH,2016-12-31,-9.3988
600153.SH,2017-01-31,-0.8411
600153.SH,2017-02-28,4.9953
600153.SH,2017-03-31,-1.526
600153.SH,2017-04-30,10.6655
600153.SH,2017-05-31,-4.6129
600153.SH,2017-06-30,11.658
600153.SH,2017-07-31,5.109
600153.SH,2017-08-31,-2.5797
600153.SH,2017-09-30,-9.2679
600153.SH,2017-10-31,0.6867
600153.SH,2017-11-30,-1.7903
600153.SH,2017-12-31,-3.4722
600153.SH,2018-01-31,13.6691
600153.SH,2018-02-28,-2.8481
600153.SH,2018-03-31,-8.8762
600153.SH,2018-04-30,-3.2172
600153.SH,2018-05-31,-1.4774
600153.SH,2018-06-30,-15.7451
600153.SH,2018-07-31,0.1485
600153.SH,2018-08-31,-5.347
600153.SH,2018-09-30,-2.524
600153.SH,2018-10-31,-7.1517
600153.SH,2018-11-30,0.1328
600153.SH,2018-12-31,-6.4987
600153.SH,2019-01-31,8.9362
600153.SH,2019-02-28,10.8073
600153.SH,2019-03-31,1.7626
600153.SH,2019-04-30,11.2009
600153.SH,2019-05-31,-8.9304
600153.SH,2019-06-30,6.892
600153.SH,2019-07-31,1.3514
600153.SH,2019-08-31,-4.8889
600153.SH,2019-09-30,1.6355
600153.SH,2019-10-31,-2.4138
600153.SH,2019-11-30,-5.7715
600153.SH,2019-12-31,12.375
600153.SH,2020-01-31,-4.6719
600153.SH,2020-02-29,-10.5018
600153.SH,2020-03-31,-0.2608
600153.SH,2020-04-30,9.4118
600153.SH,2020-05-31,4.3011
600153.SH,2020-06-30,-1.6871
600153.SH,2020-07-31,15.8025
600153.SH,2020-08-31,2.5586
600153.SH,2020-09-30,-11.0187
600153.SH,2020-10-31,-2.3364
600153.SH,2020-11-30,9.2105
600153.SH,2020-12-31,-10.0767
600157.SH,2016-01-31,-23.2704
600157.SH,2016-02-29,-1.0929
600157.SH,2016-03-31,8.011
600157.SH,2016-04-30,12.7877
600157.SH,2016-05-31,-6.3492
600157.SH,2016-06-30,-4.6005
600157.SH,2016-07-31,0.5076
600157.SH,2016-08-31,2.7778
600157.SH,2016-09-30,-1.7199
600157.SH,2016-10-31,6
600157.SH,2016-11-30,4.7596
600157.SH,2016-12-31,-8.8636
600157.SH,2017-01-31,0.9975
600157.SH,2017-02-28,1.7284
600157.SH,2017-03-31,-3.8835
600157.SH,2017-04-30,-8.0808
600157.SH,2017-05-31,-3.022
600157.SH,2017-06-30,1.1331
600157.SH,2017-07-31,6.4509
600157.SH,2017-08-31,-2.9024
600157.SH,2017-09-30,-2.1739
600157.SH,2017-10-31,-2.5
600157.SH,2017-11-30,-4.2735
600157.SH,2017-12-31,0
600157.SH,2018-01-31,0
600157.SH,2018-02-28,0
600157.SH,2018-03-31,0
600157.SH,2018-04-30,-35.7143
600157.SH,2018-05-31,-3.2407
600157.SH,2018-06-30,-14.8325
600157.SH,2018-07-31,-6.1798
600157.SH,2018-08-31,0
600157.SH,2018-09-30,0
600157.SH,2018-10-31,0
600157.SH,2018-11-30,0
600157.SH,2018-12-31,-19.7605
600157.SH,2019-01-31,17.1642
600157.SH,2019-02-28,32.4841
600157.SH,2019-03-31,4.8077
600157.SH,2019-04-30,-5.0459
600157.SH,2019-05-31,-11.5942
600157.SH,2019-06-30,-8.1967
600157.SH,2019-07-31,-5.3571
600157.SH,2019-08-31,-1.8868
600157.SH,2019-09-30,-6.4103
600157.SH,2019-10-31,-1.3699
600157.SH,2019-11-30,-3.4722
600157.SH,2019-12-31,2.8777
600157.SH,2020-01-31,-0.6993
600157.SH,2020-02-29,4.2254
600157.SH,2020-03-31,-12.1622
600157.SH,2020-04-30,-3.0769
600157.SH,2020-05-31,-3.9683
600157.SH,2020-06-30,4.1322
600157.SH,2020-07-31,7.9365
600157.SH,2020-08-31,10.2941
600157.SH,2020-09-30,-12.6667
600157.SH,2020-10-31,0.7634
600157.SH,2020-11-30,5.303
600157.SH,2020-12-31,-3.5971
600170.SH,2016-01-31,-32.9096
600170.SH,2016-02-29,3.7895
600170.SH,2016-03-31,9.1278
600170.SH,2016-04-30,-5.5762
600170.SH,2016-05-31,-4.4983
600170.SH,2016-06-30,-2.2959
600170.SH,2016-07-31,9.1384
600170.SH,2016-08-31,7.8947
600170.SH,2016-09-30,-6.2084
600170.SH,2016-10-31,6.1466
600170.SH,2016-11-30,10.245
600170.SH,2016-12-31,-4.4444
600170.SH,2017-01-31,4.6512
600170.SH,2017-02-28,2.2222
600170.SH,2017-03-31,-3.5573
600170.SH,2017-04-30,-3.2787
600170.SH,2017-05-31,-5.9671
600170.SH,2017-06-30,5.5249
600170.SH,2017-07-31,1.8325
600170.SH,2017-08-31,-0.5141
600170.SH,2017-09-30,-1.0336
600170.SH,2017-10-31,0.7833
600170.SH,2017-11-30,-0.2591
600170.SH,2017-12-31,-3.3766
600170.SH,2018-01-31,4.0323
600170.SH,2018-02-28,-2.0672
600170.SH,2018-03-31,-1.3193
600170.SH,2018-04-30,-3.4759
600170.SH,2018-05-31,-4.1551
600170.SH,2018-06-30,-8.6775
600170.SH,2018-07-31,5.5921
600170.SH,2018-08-31,-5.296
600170.SH,2018-09-30,1.9737
600170.SH,2018-10-31,-2.9032
600170.SH,2018-11-30,-0.9967
600170.SH,2018-12-31,1.6779
600170.SH,2019-01-31,4.9505
600170.SH,2019-02-28,11.6352
600170.SH,2019-03-31,5.3521
600170.SH,2019-04-30,2.139
600170.SH,2019-05-31,-2.0942
600170.SH,2019-06-30,0.5348
600170.SH,2019-07-31,4.5488
600170.SH,2019-08-31,-5.2632
600170.SH,2019-09-30,-5.8333
600170.SH,2019-10-31,0.59
600170.SH,2019-11-30,2.0528
600170.SH,2019-12-31,1.7241
600170.SH,2020-01-31,-4.5198
600170.SH,2020-02-29,-0.8876
600170.SH,2020-03-31,-4.1791
600170.SH,2020-04-30,2.4922
600170.SH,2020-05-31,-6.079
600170.SH,2020-06-30,-0.6472
600170.SH,2020-07-31,6.0889
600170.SH,2020-08-31,1.9231
600170.SH,2020-09-30,-2.8302
600170.SH,2020-10-31,-1.6181
600170.SH,2020-11-30,0.9868
600170.SH,2020-12-31,-1.9544
600177.SH,2016-01-31,-29.7912
600177.SH,2016-02-29,-0.8749
600177.SH,2016-03-31,33.451
600177.SH,2016-04-30,0.3968
600177.SH,2016-05-31,0.3294
600177.SH,2016-06-30,-4.4834
600177.SH,2016-07-31,10.0798
600177.SH,2016-08-31,-0.4611
600177.SH,2016-09-30,-5.9563
600177.SH,2016-10-31,0.3519
600177.SH,2016-11-30,4.1374
600177.SH,2016-12-31,-5.8586
600177.SH,2017-01-31,0.9299
600177.SH,2017-02-28,0.3544
600177.SH,2017-03-31,-1.6243
600177.SH,2017-04-30,-1.7947
600177.SH,2017-05-31,3.5088
600177.SH,2017-06-30,3.7476
600177.SH,2017-07-31,6.1265
600177.SH,2017-08-31,-5.2142
600177.SH,2017-09-30,-3.7328
600177.SH,2017-10-31,-1.1224
600177.SH,2017-11-30,-4.2312
600177.SH,2017-12-31,-1.1853
600177.SH,2018-01-31,-0.6543
600177.SH,2018-02-28,-1.0977
600177.SH,2018-03-31,-5.9933
600177.SH,2018-04-30,-3.778
600177.SH,2018-05-31,3.3129
600177.SH,2018-06-30,-4.0351
600177.SH,2018-07-31,-5.5844
600177.SH,2018-08-31,-2.4759
600177.SH,2018-09-30,4.5134
600177.SH,2018-10-31,-0.135
600177.SH,2018-11-30,3.3784
600177.SH,2018-12-31,-6.0131
600177.SH,2019-01-31,5.8414
600177.SH,2019-02-28,11.958
600177.SH,2019-03-31,6.9249
600177.SH,2019-04-30,4.7201
600177.SH,2019-05-31,-0.7338
600177.SH,2019-06-30,-0.7475
600177.SH,2019-07-31,2.0472
600177.SH,2019-08-31,-4.6296
600177.SH,2019-09-30,3.7217
600177.SH,2019-10-31,1.248
600177.SH,2019-11-30,3.2357
600177.SH,2019-12-31,4.0299
600177.SH,2020-01-31,-0.7174
600177.SH,2020-02-29,-5.3468
600177.SH,2020-03-31,-2.7481
600177.SH,2020-04-30,3.1397
600177.SH,2020-05-31,-5.4795
600177.SH,2020-06-30,-0.8842
600177.SH,2020-07-31,11.9128
600177.SH,2020-08-31,15.2924
600177.SH,2020-09-30,-11.3134
600177.SH,2020-10-31,4.5455
600177.SH,2020-11-30,1.4025
600177.SH,2020-12-31,-0.5533
600208.SH,2016-01-31,-20.1258
600208.SH,2016-02-29,-7.0866
600208.SH,2016-03-31,13.8418
600208.SH,2016-04-30,-8.933
600208.SH,2016-05-31,7.3569
600208.SH,2016-06-30,7.3604
600208.SH,2016-07-31,-0.2641
600208.SH,2016-08-31,9.1127
600208.SH,2016-09-30,-3.0769
600208.SH,2016-10-31,6.3492
600208.SH,2016-11-30,0.2132
600208.SH,2016-12-31,-11.4894
600208.SH,2017-01-31,6.7308
600208.SH,2017-02-28,1.8018
600208.SH,2017-03-31,8.1858
600208.SH,2017-04-30,-0.818
600208.SH,2017-05-31,2.6804
600208.SH,2017-06-30,-9.6386
600208.SH,2017-07-31,-1.7778
600208.SH,2017-08-31,-0.4525
600208.SH,2017-09-30,-2.5
600208.SH,2017-10-31,-0.2331
600208.SH,2017-11-30,17.0561
600208.SH,2017-12-31,4.1916
600208.SH,2018-01-31,6.8966
600208.SH,2018-02-28,-22.4014
600208.SH,2018-03-31,7.3903
600208.SH,2018-04-30,-7.5269
600208.SH,2018-05-31,-4.8837
600208.SH,2018-06-30,-6.6015
600208.SH,2018-07-31,-2.1317
600208.SH,2018-08-31,-14.1304
600208.SH,2018-09-30,-1.5823
600208.SH,2018-10-31,0
600208.SH,2018-11-30,-0.9646
600208.SH,2018-12-31,-5.8442
600208.SH,2019-01-31,-2.4138
600208.SH,2019-02-28,29.3286
600208.SH,2019-03-31,7.6503
600208.SH,2019-04-30,-10.1523
600208.SH,2019-05-31,-14.6893
600208.SH,2019-06-30,3.9735
600208.SH,2019-07-31,-5.4589
600208.SH,2019-08-31,-1.7182
600208.SH,2019-09-30,1.049
600208.SH,2019-10-31,46.7128
600208.SH,2019-11-30,-12.2642
600208.SH,2019-12-31,1.6129
600208.SH,2020-01-31,-7.1429
600208.SH,2020-02-29,-10.2564
600208.SH,2020-03-31,-4.127
600208.SH,2020-04-30,3.9735
600208.SH,2020-05-31,-4.7771
600208.SH,2020-06-30,-0.3344
600208.SH,2020-07-31,14.7574
600208.SH,2020-08-31,3.2258
600208.SH,2020-09-30,-4.2614
600208.SH,2020-10-31,-5.0445
600208.SH,2020-11-30,2.1875
600208.SH,2020-12-31,-5.1988
600196.SH,2016-01-31,-22.5628
600196.SH,2016-02-29,-1.3194
600196.SH,2016-03-31,11.0306
600196.SH,2016-04-30,-3.1109
600196.SH,2016-05-31,-0.1554
600196.SH,2016-06-30,0.3459
600196.SH,2016-07-31,13.6172
600196.SH,2016-08-31,7.9593
600196.SH,2016-09-30,0.6429
600196.SH,2016-10-31,1.2351
600196.SH,2016-11-30,0.1262
600196.SH,2016-12-31,-2.7731
600196.SH,2017-01-31,7.6923
600196.SH,2017-02-28,3.4109
600196.SH,2017-03-31,9.5072
600196.SH,2017-04-30,4.6775
600196.SH,2017-05-31,7.2444
600196.SH,2017-06-30,-2.178
600196.SH,2017-07-31,-5.9374
600196.SH,2017-08-31,1.604
600196.SH,2017-09-30,16.8489
600196.SH,2017-10-31,16.5253
600196.SH,2017-11-30,-7.9819
600196.SH,2017-12-31,21.3857
600196.SH,2018-01-31,-8.7865
600196.SH,2018-02-28,-1.6999
600196.SH,2018-03-31,11.5038
600196.SH,2018-04-30,-13.5536
600196.SH,2018-05-31,20.3588
600196.SH,2018-06-30,-10.5854
600196.SH,2018-07-31,-10.6064
600196.SH,2018-08-31,-20.2339
600196.SH,2018-09-30,8.0479
600196.SH,2018-10-31,-19.4929
600196.SH,2018-11-30,9.6063
600196.SH,2018-12-31,-16.4152
600196.SH,2019-01-31,-0.1719
600196.SH,2019-02-28,23.8915
600196.SH,2019-03-31,3.4746
600196.SH,2019-04-30,-2.2834
600196.SH,2019-05-31,-14.9828
600196.SH,2019-06-30,2.2635
600196.SH,2019-07-31,3.9526
600196.SH,2019-08-31,6.4452
600196.SH,2019-09-30,-8.6076
600196.SH,2019-10-31,0.7519
600196.SH,2019-11-30,-1.2176
600196.SH,2019-12-31,5.7654
600196.SH,2020-01-31,-1.5789
600196.SH,2020-02-29,2.6738
600196.SH,2020-03-31,22.247
600196.SH,2020-04-30,2.3433
600196.SH,2020-05-31,-8.5638
600196.SH,2020-06-30,10.0813
600196.SH,2020-07-31,85.1323
600196.SH,2020-08-31,-11.9074
600196.SH,2020-09-30,-10.4159
600196.SH,2020-10-31,10.731
600196.SH,2020-11-30,-4.3766
600196.SH,2020-12-31,3.8269
600252.SH,2016-01-31,-32.5613
600252.SH,2016-02-29,-7.8788
600252.SH,2016-03-31,7.8947
600252.SH,2016-04-30,-4.878
600252.SH,2016-05-31,-5.3419
600252.SH,2016-06-30,-2.0316
600252.SH,2016-07-31,0.9217
600252.SH,2016-08-31,2.968
600252.SH,2016-09-30,-3.3259
600252.SH,2016-10-31,3.211
600252.SH,2016-11-30,8.2222
600252.SH,2016-12-31,-5.9548
600252.SH,2017-01-31,3.4934
600252.SH,2017-02-28,-0.211
600252.SH,2017-03-31,-5.074
600252.SH,2017-04-30,0.2227
600252.SH,2017-05-31,-10.4444
600252.SH,2017-06-30,1.2358
600252.SH,2017-07-31,-0.9901
600252.SH,2017-08-31,9.25
600252.SH,2017-09-30,-1.1442
600252.SH,2017-10-31,-3.4722
600252.SH,2017-11-30,-3.8369
600252.SH,2017-12-31,9.4763
600252.SH,2018-01-31,-6.8337
600252.SH,2018-02-28,-3.423
600252.SH,2018-03-31,1.7722
600252.SH,2018-04-30,-6.4677
600252.SH,2018-05-31,-1.6426
600252.SH,2018-06-30,-10.989
600252.SH,2018-07-31,-0.3086
600252.SH,2018-08-31,-9.5975
600252.SH,2018-09-30,-0.6849
600252.SH,2018-10-31,-4.8276
600252.SH,2018-11-30,-3.2609
600252.SH,2018-12-31,-3.7453
600252.SH,2019-01-31,-1.5564
600252.SH,2019-02-28,24.9012
600252.SH,2019-03-31,3.7975
600252.SH,2019-04-30,-1.5244
600252.SH,2019-05-31,-8.0685
600252.SH,2019-06-30,0.6873
600252.SH,2019-07-31,2.3891
600252.SH,2019-08-31,-2.6667
600252.SH,2019-09-30,-1.7123
600252.SH,2019-10-31,2.439
600252.SH,2019-11-30,-0.6803
600252.SH,2019-12-31,11.6438
600252.SH,2020-01-31,0.3067
600252.SH,2020-02-29,-3.0581
600252.SH,2020-03-31,1.2618
600252.SH,2020-04-30,5.296
600252.SH,2020-05-31,-5.6213
600252.SH,2020-06-30,2.4847
600252.SH,2020-07-31,18.6916
600252.SH,2020-08-31,-5.7743
600252.SH,2020-09-30,-10.0279
600252.SH,2020-10-31,-1.548
600252.SH,2020-11-30,1.5723
600252.SH,2020-12-31,-4.9536
600271.SH,2016-01-31,0
600271.SH,2016-02-29,0
600271.SH,2016-03-31,0
600271.SH,2016-04-30,-4.8828
600271.SH,2016-05-31,-3.8996
600271.SH,2016-06-30,-5.8917
600271.SH,2016-07-31,-2.1429
600271.SH,2016-08-31,-3.0056
600271.SH,2016-09-30,-2.3019
600271.SH,2016-10-31,-0.1359
600271.SH,2016-11-30,3.4483
600271.SH,2016-12-31,-12.5
600271.SH,2017-01-31,3.8095
600271.SH,2017-02-28,-1.2554
600271.SH,2017-03-31,2.6895
600271.SH,2017-04-30,-3.2857
600271.SH,2017-05-31,-9.2421
600271.SH,2017-06-30,13.5314
600271.SH,2017-07-31,-6.8798
600271.SH,2017-08-31,2.7055
600271.SH,2017-09-30,-4.7112
600271.SH,2017-10-31,-0.319
600271.SH,2017-11-30,17.6
600271.SH,2017-12-31,-2.3129
600271.SH,2018-01-31,-4.4568
600271.SH,2018-02-28,-2.0894
600271.SH,2018-03-31,25.5087
600271.SH,2018-04-30,-7.5524
600271.SH,2018-05-31,15.4405
600271.SH,2018-06-30,-4.7644
600271.SH,2018-07-31,7.5979
600271.SH,2018-08-31,4.2663
600271.SH,2018-09-30,-1.8342
600271.SH,2018-10-31,-15.5587
600271.SH,2018-11-30,4.8936
600271.SH,2018-12-31,-7.14
600271.SH,2019-01-31,6.291
600271.SH,2019-02-28,16.7694
600271.SH,2019-03-31,-1.6895
600271.SH,2019-04-30,-8.7719
600271.SH,2019-05-31,-9.9294
600271.SH,2019-06-30,2.3496
600271.SH,2019-07-31,-0.6941
600271.SH,2019-08-31,-6.6841
600271.SH,2019-09-30,-1.9195
600271.SH,2019-10-31,-1.6706
600271.SH,2019-11-30,0.2427
600271.SH,2019-12-31,12.2034
600271.SH,2020-01-31,-1.1653
600271.SH,2020-02-29,3.0568
600271.SH,2020-03-31,-19.1102
600271.SH,2020-04-30,-10.0576
600271.SH,2020-05-31,-7.1054
600271.SH,2020-06-30,1.8182
600271.SH,2020-07-31,9.1005
600271.SH,2020-08-31,2.9731
600271.SH,2020-09-30,-12.4375
600271.SH,2020-10-31,-1.5853
600271.SH,2020-11-30,-10.7603
600271.SH,2020-12-31,-9.0253
600256.SH,2016-01-31,-36.1319
600256.SH,2016-02-29,-4.6948
600256.SH,2016-03-31,10.5911
600256.SH,2016-04-30,3.3408
600256.SH,2016-05-31,-8.1897
600256.SH,2016-06-30,-3.7559
600256.SH,2016-07-31,11.4634
600256.SH,2016-08-31,-3.2823
600256.SH,2016-09-30,-7.4661
600256.SH,2016-10-31,3.6675
600256.SH,2016-11-30,4.0094
600256.SH,2016-12-31,5.8957
600256.SH,2017-01-31,-6.2099
600256.SH,2017-02-28,5.7078
600256.SH,2017-03-31,1.2959
600256.SH,2017-04-30,-7.6759
600256.SH,2017-05-31,-5.0808
600256.SH,2017-06-30,1.4688
600256.SH,2017-07-31,5.7971
600256.SH,2017-08-31,-2.0548
600256.SH,2017-09-30,-1.8648
600256.SH,2017-10-31,0
600256.SH,2017-11-30,3.0879
600256.SH,2017-12-31,16.5899
600256.SH,2018-01-31,-0.5929
600256.SH,2018-02-28,-11.7296
600256.SH,2018-03-31,-5.6306
600256.SH,2018-04-30,5.5118
600256.SH,2018-05-31,5.2239
600256.SH,2018-06-30,-2.1071
600256.SH,2018-07-31,12.4694
600256.SH,2018-08-31,-3.4783
600256.SH,2018-09-30,15.0901
600256.SH,2018-10-31,-13.5029
600256.SH,2018-11-30,-9.9548
600256.SH,2018-12-31,-5.5276
600256.SH,2019-01-31,-1.0638
600256.SH,2019-02-28,16.9355
600256.SH,2019-03-31,0
600256.SH,2019-04-30,-6.8966
600256.SH,2019-05-31,-8.3951
600256.SH,2019-06-30,-1.3248
600256.SH,2019-07-31,-2.2472
600256.SH,2019-08-31,-4.8851
600256.SH,2019-09-30,0.3021
600256.SH,2019-10-31,-0.9036
600256.SH,2019-11-30,-1.2158
600256.SH,2019-12-31,1.8462
600256.SH,2020-01-31,-1.8127
600256.SH,2020-02-29,-12.6154
600256.SH,2020-03-31,-9.1549
600256.SH,2020-04-30,-2.3256
600256.SH,2020-05-31,3.9683
600256.SH,2020-06-30,3.0534
600256.SH,2020-07-31,8.8889
600256.SH,2020-08-31,-1.0204
600256.SH,2020-09-30,-2.4055
600256.SH,2020-10-31,1.4085
600256.SH,2020-11-30,5.5556
600256.SH,2020-12-31,-6.9079
600188.SH,2016-01-31,-2.8571
600188.SH,2016-02-29,14.2702
600188.SH,2016-03-31,1.2393
600188.SH,2016-04-30,-0.565
600188.SH,2016-05-31,-11.8371
600188.SH,2016-06-30,17.6154
600188.SH,2016-07-31,2.925
600188.SH,2016-08-31,10.4796
600188.SH,2016-09-30,0.0804
600188.SH,2016-10-31,1.5261
600188.SH,2016-11-30,-6.7247
600188.SH,2016-12-31,-7.888
600188.SH,2017-01-31,0.3683
600188.SH,2017-02-28,-0.7339
600188.SH,2017-03-31,5.3604
600188.SH,2017-04-30,3.5965
600188.SH,2017-05-31,-11.3463
600188.SH,2017-06-30,16.9054
600188.SH,2017-07-31,17.5887
600188.SH,2017-08-31,-5.3997
600188.SH,2017-09-30,-3.3358
600188.SH,2017-10-31,-8.3589
600188.SH,2017-11-30,16.6527
600188.SH,2017-12-31,4.1607
600188.SH,2018-01-31,23.9669
600188.SH,2018-02-28,-12.5556
600188.SH,2018-03-31,-12.5159
600188.SH,2018-04-30,4.793
600188.SH,2018-05-31,-6.237
600188.SH,2018-06-30,-0.2742
600188.SH,2018-07-31,-7.2086
600188.SH,2018-08-31,-7.6033
600188.SH,2018-09-30,3.0411
600188.SH,2018-10-31,-10.8507
600188.SH,2018-11-30,-7.1081
600188.SH,2018-12-31,-7.9665
600188.SH,2019-01-31,0.6834
600188.SH,2019-02-28,19.457
600188.SH,2019-03-31,0.4735
600188.SH,2019-04-30,7.9171
600188.SH,2019-05-31,-6.8996
600188.SH,2019-06-30,7.3737
600188.SH,2019-07-31,-5.3358
600188.SH,2019-08-31,-6.9971
600188.SH,2019-09-30,11.2853
600188.SH,2019-10-31,-2.4413
600188.SH,2019-11-30,0.1668
600188.SH,2019-12-31,12.4601
600188.SH,2020-01-31,-8.3333
600188.SH,2020-02-29,-8.3678
600188.SH,2020-03-31,-2.593
600188.SH,2020-04-30,-4.0509
600188.SH,2020-05-31,1.93
600188.SH,2020-06-30,3.6686
600188.SH,2020-07-31,11.1633
600188.SH,2020-08-31,0.8696
600188.SH,2020-09-30,-0.2155
600188.SH,2020-10-31,-2.6998
600188.SH,2020-11-30,26.0821
600188.SH,2020-12-31,-11.3556
600276.SH,2016-01-31,-10.4235
600276.SH,2016-02-29,2.2045
600276.SH,2016-03-31,5.0256
600276.SH,2016-04-30,-1.1645
600276.SH,2016-05-31,-1.5853
600276.SH,2016-06-30,4.9896
600276.SH,2016-07-31,8.9005
600276.SH,2016-08-31,-0.7784
600276.SH,2016-09-30,1.6382
600276.SH,2016-10-31,4.7446
600276.SH,2016-11-30,1.5605
600276.SH,2016-12-31,-2.9023
600276.SH,2017-01-31,5.1209
600276.SH,2017-02-28,5.3523
600276.SH,2017-03-31,7.819
600276.SH,2017-04-30,-1.2884
600276.SH,2017-05-31,11.6695
600276.SH,2017-06-30,1.6067
600276.SH,2017-07-31,1.2058
600276.SH,2017-08-31,5.7422
600276.SH,2017-09-30,10.6945
600276.SH,2017-10-31,12.1809
600276.SH,2017-11-30,-3.0344
600276.SH,2017-12-31,5.8138
600276.SH,2018-01-31,9.7275
600276.SH,2018-02-28,-4.241
600276.SH,2018-03-31,20.0469
600276.SH,2018-04-30,-4.057
600276.SH,2018-05-31,18.7159
600276.SH,2018-06-30,-0.486
600276.SH,2018-07-31,-9.0945
600276.SH,2018-08-31,-3.9495
600276.SH,2018-09-30,-4.006
600276.SH,2018-10-31,-3.0236
600276.SH,2018-11-30,6.2845
600276.SH,2018-12-31,-19.4041
600276.SH,2019-01-31,11.9431
600276.SH,2019-02-28,21.7612
600276.SH,2019-03-31,9.5149
600276.SH,2019-04-30,0.5044
600276.SH,2019-05-31,-5.4601
600276.SH,2019-06-30,6.1776
600276.SH,2019-07-31,1.4242
600276.SH,2019-08-31,19.5847
600276.SH,2019-09-30,0.787
600276.SH,2019-10-31,12.6425
600276.SH,2019-11-30,-5.4798
600276.SH,2019-12-31,1.8859
600276.SH,2020-01-31,0.537
600276.SH,2020-02-29,-4.4323
600276.SH,2020-03-31,9.4423
600276.SH,2020-04-30,1.054
600276.SH,2020-05-31,1.7904
600276.SH,2020-06-30,17.2808
600276.SH,2020-07-31,2.2535
600276.SH,2020-08-31,0.5192
600276.SH,2020-09-30,-5.3231
600276.SH,2020-10-31,-1.0911
600276.SH,2020-11-30,-3.208
600276.SH,2020-12-31,29.6197
600221.SH,2016-01-31,-22.108
600221.SH,2016-02-29,-0.6601
600221.SH,2016-03-31,5.3156
600221.SH,2016-04-30,-3.1546
600221.SH,2016-05-31,4.5603
600221.SH,2016-06-30,-1.2461
600221.SH,2016-07-31,6.6246
600221.SH,2016-08-31,-0.5917
600221.SH,2016-09-30,-4.7619
600221.SH,2016-10-31,0.625
600221.SH,2016-11-30,4.6584
600221.SH,2016-12-31,-3.2641
600221.SH,2017-01-31,2.454
600221.SH,2017-02-28,2.0958
600221.SH,2017-03-31,1.173
600221.SH,2017-04-30,-3.1884
600221.SH,2017-05-31,-3.2934
600221.SH,2017-06-30,1.2481
600221.SH,2017-07-31,1.8634
600221.SH,2017-08-31,0.6098
600221.SH,2017-09-30,-1.5152
600221.SH,2017-10-31,-0.6154
600221.SH,2017-11-30,-1.2384
600221.SH,2017-12-31,0
600221.SH,2018-01-31,1.8809
600221.SH,2018-02-28,0
600221.SH,2018-03-31,0
600221.SH,2018-04-30,0
600221.SH,2018-05-31,0
600221.SH,2018-06-30,0
600221.SH,2018-07-31,-24.4582
600221.SH,2018-08-31,-16.3934
600221.SH,2018-09-30,0.9804
600221.SH,2018-10-31,-5.8252
600221.SH,2018-11-30,3.6082
600221.SH,2018-12-31,-6.4677
600221.SH,2019-01-31,-1.5957
600221.SH,2019-02-28,17.8378
600221.SH,2019-03-31,0
600221.SH,2019-04-30,0.4587
600221.SH,2019-05-31,-8.2192
600221.SH,2019-06-30,0.995
600221.SH,2019-07-31,-2.9557
600221.SH,2019-08-31,-5.0761
600221.SH,2019-09-30,-3.2086
600221.SH,2019-10-31,-4.9724
600221.SH,2019-11-30,-4.0698
600221.SH,2019-12-31,4.8485
600221.SH,2020-01-31,-3.4682
600221.SH,2020-02-29,6.5868
600221.SH,2020-03-31,-12.9213
600221.SH,2020-04-30,-5.8065
600221.SH,2020-05-31,10.9589
600221.SH,2020-06-30,-7.4074
600221.SH,2020-07-31,5.3333
600221.SH,2020-08-31,3.7975
600221.SH,2020-09-30,6.7073
600221.SH,2020-10-31,-11.4286
600221.SH,2020-11-30,2.5806
600221.SH,2020-12-31,-4.4025
600317.SH,2016-01-31,-29.4737
600317.SH,2016-02-29,-4.7761
600317.SH,2016-03-31,31.348
600317.SH,2016-04-30,-14.7971
600317.SH,2016-05-31,-2.521
600317.SH,2016-06-30,-3.4483
600317.SH,2016-07-31,11.9048
600317.SH,2016-08-31,-2.1319
600317.SH,2016-09-30,-6.267
600317.SH,2016-10-31,2.0349
600317.SH,2016-11-30,3.9886
600317.SH,2016-12-31,-4.9315
600317.SH,2017-01-31,-0.2882
600317.SH,2017-02-28,3.7572
600317.SH,2017-03-31,4.1783
600317.SH,2017-04-30,-5.0802
600317.SH,2017-05-31,-5.9155
600317.SH,2017-06-30,3.3041
600317.SH,2017-07-31,1.7493
600317.SH,2017-08-31,2.2923
600317.SH,2017-09-30,-4.2017
600317.SH,2017-10-31,2.0468
600317.SH,2017-11-30,-2.5788
600317.SH,2017-12-31,-0.2941
600317.SH,2018-01-31,-1.1799
600317.SH,2018-02-28,-7.7612
600317.SH,2018-03-31,-1.6181
600317.SH,2018-04-30,-2.6316
600317.SH,2018-05-31,-4.0541
600317.SH,2018-06-30,-20.4225
600317.SH,2018-07-31,4.0303
600317.SH,2018-08-31,-1.2876
600317.SH,2018-09-30,10
600317.SH,2018-10-31,8.3004
600317.SH,2018-11-30,-6.9343
600317.SH,2018-12-31,-11.3725
600317.SH,2019-01-31,1.7699
600317.SH,2019-02-28,16.5217
600317.SH,2019-03-31,13.4328
600317.SH,2019-04-30,-8.2237
600317.SH,2019-05-31,-6.0932
600317.SH,2019-06-30,5.3435
600317.SH,2019-07-31,-2.1739
600317.SH,2019-08-31,-1.8081
600317.SH,2019-09-30,-1.5385
600317.SH,2019-10-31,1.9531
600317.SH,2019-11-30,-4.2146
600317.SH,2019-12-31,2
600317.SH,2020-01-31,-5.098
600317.SH,2020-02-29,-9.9174
600317.SH,2020-03-31,-0.9174
600317.SH,2020-04-30,-0.9259
600317.SH,2020-05-31,-0.4673
600317.SH,2020-06-30,3.7559
600317.SH,2020-07-31,23.0854
600317.SH,2020-08-31,-3.7453
600317.SH,2020-09-30,0.3891
600317.SH,2020-10-31,-2.3256
600317.SH,2020-11-30,1.5873
600317.SH,2020-12-31,0.3906
600309.SH,2016-01-31,-23.4174
600309.SH,2016-02-29,-5.7059
600309.SH,2016-03-31,14.4298
600309.SH,2016-04-30,10.6072
600309.SH,2016-05-31,-1.3648
600309.SH,2016-06-30,8.805
600309.SH,2016-07-31,10.4046
600309.SH,2016-08-31,6.911
600309.SH,2016-09-30,0.6856
600309.SH,2016-10-31,1.5564
600309.SH,2016-11-30,-0.0479
600309.SH,2016-12-31,3.1624
600309.SH,2017-01-31,13.4696
600309.SH,2017-02-28,7.3271
600309.SH,2017-03-31,3.3944
600309.SH,2017-04-30,2.7665
600309.SH,2017-05-31,1.4241
600309.SH,2017-06-30,23.8219
600309.SH,2017-07-31,20.9497
600309.SH,2017-08-31,4.0127
600309.SH,2017-09-30,16.9858
600309.SH,2017-10-31,-12.0285
600309.SH,2017-11-30,3.8296
600309.SH,2017-12-31,-1.4545
600309.SH,2018-01-31,0
600309.SH,2018-02-28,0
600309.SH,2018-03-31,0
600309.SH,2018-04-30,0
600309.SH,2018-05-31,0
600309.SH,2018-06-30,24.6432
600309.SH,2018-07-31,12.1973
600309.SH,2018-08-31,-3.2575
600309.SH,2018-09-30,-13.854
600309.SH,2018-10-31,-33.3176
600309.SH,2018-11-30,1.9774
600309.SH,2018-12-31,-3.0817
600309.SH,2019-01-31,16.8274
600309.SH,2019-02-28,24.9847
600309.SH,2019-03-31,11.402
600309.SH,2019-04-30,-0.6589
600309.SH,2019-05-31,-11.4863
600309.SH,2019-06-30,12.4869
600309.SH,2019-07-31,2.781
600309.SH,2019-08-31,1.6598
600309.SH,2019-09-30,-1.2525
600309.SH,2019-10-31,3.3069
600309.SH,2019-11-30,6.139
600309.SH,2019-12-31,16.0297
600309.SH,2020-01-31,-7.5841
600309.SH,2020-02-29,-9.3816
600309.SH,2020-03-31,-12.3087
600309.SH,2020-04-30,9.0909
600309.SH,2020-05-31,6.2921
600309.SH,2020-06-30,7.5516
600309.SH,2020-07-31,35.207
600309.SH,2020-08-31,8.4332
600309.SH,2020-09-30,-5.4441
600309.SH,2020-10-31,13.2612
600309.SH,2020-11-30,3.4527
600309.SH,2020-12-31,12.1182
600315.SH,2016-01-31,-23.0438
600315.SH,2016-02-29,-3.2247
600315.SH,2016-03-31,4.3523
600315.SH,2016-04-30,-7.5269
600315.SH,2016-05-31,-2.0789
600315.SH,2016-06-30,3.7783
600315.SH,2016-07-31,6.3195
600315.SH,2016-08-31,-1.8887
600315.SH,2016-09-30,-3.5064
600315.SH,2016-10-31,-3.4913
600315.SH,2016-11-30,3.6545
600315.SH,2016-12-31,-3.4544
600315.SH,2017-01-31,0.3689
600315.SH,2017-02-28,5.4392
600315.SH,2017-03-31,5.0889
600315.SH,2017-04-30,-0.0332
600315.SH,2017-05-31,-5.8394
600315.SH,2017-06-30,14.7141
600315.SH,2017-07-31,-5.0539
600315.SH,2017-08-31,0.0649
600315.SH,2017-09-30,4.3464
600315.SH,2017-10-31,14.1436
600315.SH,2017-11-30,-0.463
600315.SH,2017-12-31,0.9302
600315.SH,2018-01-31,-7.5359
600315.SH,2018-02-28,-0.2932
600315.SH,2018-03-31,17.7595
600315.SH,2018-04-30,1.4732
600315.SH,2018-05-31,10.2362
600315.SH,2018-06-30,-11.5402
600315.SH,2018-07-31,-3.5571
600315.SH,2018-08-31,-22.6544
600315.SH,2018-09-30,0.2379
600315.SH,2018-10-31,-13.1186
600315.SH,2018-11-30,3.8236
600315.SH,2018-12-31,2.593
600315.SH,2019-01-31,4.1392
600315.SH,2019-02-28,8.9694
600315.SH,2019-03-31,1.969
600315.SH,2019-04-30,-4.4001
600315.SH,2019-05-31,-6.5563
600315.SH,2019-06-30,10.3827
600315.SH,2019-07-31,0.3852
600315.SH,2019-08-31,9.7357
600315.SH,2019-09-30,0.9107
600315.SH,2019-10-31,-3.639
600315.SH,2019-11-30,-9.3656
600315.SH,2019-12-31,3.1333
600315.SH,2020-01-31,-8.0478
600315.SH,2020-02-29,-9.5255
600315.SH,2020-03-31,-2.603
600315.SH,2020-04-30,29.3578
600315.SH,2020-05-31,18.9639
600315.SH,2020-06-30,24.1576
600315.SH,2020-07-31,-2.8184
600315.SH,2020-08-31,-10.1596
600315.SH,2020-09-30,-9.2878
600315.SH,2020-10-31,9.3369
600315.SH,2020-11-30,-9.0733
600315.SH,2020-12-31,-7.3372
600332.SH,2016-01-31,-30.1288
600332.SH,2016-02-29,-4.3026
600332.SH,2016-03-31,12.9447
600332.SH,2016-04-30,-3.5871
600332.SH,2016-05-31,8.3031
600332.SH,2016-06-30,3.2258
600332.SH,2016-07-31,10.836
600332.SH,2016-08-31,-7.067
600332.SH,2016-09-30,-3.7037
600332.SH,2016-10-31,1.1457
600332.SH,2016-11-30,2.9313
600332.SH,2016-12-31,-4.6521
600332.SH,2017-01-31,2.5438
600332.SH,2017-02-28,5.5307
600332.SH,2017-03-31,9.711
600332.SH,2017-04-30,-2.8802
600332.SH,2017-05-31,1.3743
600332.SH,2017-06-30,3.6033
600332.SH,2017-07-31,-6.1508
600332.SH,2017-08-31,2.854
600332.SH,2017-09-30,0.2162
600332.SH,2017-10-31,15.5699
600332.SH,2017-11-30,0
600332.SH,2017-12-31,0
600332.SH,2018-01-31,-14.219
600332.SH,2018-02-28,-6.4926
600332.SH,2018-03-31,17.6881
600332.SH,2018-04-30,16.1173
600332.SH,2018-05-31,25.518
600332.SH,2018-06-30,-13.953
600332.SH,2018-07-31,-3.315
600332.SH,2018-08-31,-3.2099
600332.SH,2018-09-30,3.7415
600332.SH,2018-10-31,0.7104
600332.SH,2018-11-30,2.7672
600332.SH,2018-12-31,-5.5966
600332.SH,2019-01-31,-6.3199
600332.SH,2019-02-28,12.3284
600332.SH,2019-03-31,3.6407
600332.SH,2019-04-30,16.641
600332.SH,2019-05-31,-14.9483
600332.SH,2019-06-30,5.893
600332.SH,2019-07-31,-7.1801
600332.SH,2019-08-31,-1.966
600332.SH,2019-09-30,-5.9621
600332.SH,2019-10-31,-2.6801
600332.SH,2019-11-30,-1.5694
600332.SH,2019-12-31,7.13
600332.SH,2020-01-31,5.813
600332.SH,2020-02-29,-9.5807
600332.SH,2020-03-31,-7.602
600332.SH,2020-04-30,-1.8424
600332.SH,2020-05-31,-2.4595
600332.SH,2020-06-30,7.2661
600332.SH,2020-07-31,16.8929
600332.SH,2020-08-31,-12.5135
600332.SH,2020-09-30,-7.1363
600332.SH,2020-10-31,1.0931
600332.SH,2020-11-30,0.2621
600332.SH,2020-12-31,-4.4118
600340.SH,2016-01-31,-26.6276
600340.SH,2016-02-29,-0.7098
600340.SH,2016-03-31,8.4897
600340.SH,2016-04-30,3.7068
600340.SH,2016-05-31,0.3184
600340.SH,2016-06-30,-1.2955
600340.SH,2016-07-31,5.0041
600340.SH,2016-08-31,4.1016
600340.SH,2016-09-30,5.9287
600340.SH,2016-10-31,-1.6649
600340.SH,2016-11-30,-5.8718
600340.SH,2016-12-31,-8.5343
600340.SH,2017-01-31,1.6736
600340.SH,2017-02-28,5.4321
600340.SH,2017-03-31,6.4012
600340.SH,2017-04-30,34.0059
600340.SH,2017-05-31,-8.1851
600340.SH,2017-06-30,2.0105
600340.SH,2017-07-31,-7.9512
600340.SH,2017-08-31,5.0146
600340.SH,2017-09-30,-4.2514
600340.SH,2017-10-31,-0.9653
600340.SH,2017-11-30,4.2235
600340.SH,2017-12-31,-2.1509
600340.SH,2018-01-31,43.5489
600340.SH,2018-02-28,-17.3546
600340.SH,2018-03-31,-11.8958
600340.SH,2018-04-30,-11.4599
600340.SH,2018-05-31,-6.7126
600340.SH,2018-06-30,-1.9501
600340.SH,2018-07-31,2.0971
600340.SH,2018-08-31,-4.5264
600340.SH,2018-09-30,0.9163
600340.SH,2018-10-31,-7.8168
600340.SH,2018-11-30,9.2077
600340.SH,2018-12-31,-0.1961
600340.SH,2019-01-31,7.2299
600340.SH,2019-02-28,15.8666
600340.SH,2019-03-31,-1.8975
600340.SH,2019-04-30,1.2895
600340.SH,2019-05-31,-5.697
600340.SH,2019-06-30,9.9224
600340.SH,2019-07-31,-6.8265
600340.SH,2019-08-31,-8.6301
600340.SH,2019-09-30,1.087
600340.SH,2019-10-31,5.8584
600340.SH,2019-11-30,-2.1716
600340.SH,2019-12-31,2.7569
600340.SH,2020-01-31,-8.0139
600340.SH,2020-02-29,-10.6439
600340.SH,2020-03-31,-11.4455
600340.SH,2020-04-30,14.6003
600340.SH,2020-05-31,-9.5238
600340.SH,2020-06-30,5.5402
600340.SH,2020-07-31,4.2558
600340.SH,2020-08-31,-3.17
600340.SH,2020-09-30,-9.7024
600340.SH,2020-10-31,-7.2512
600340.SH,2020-11-30,5.5437
600340.SH,2020-12-31,-12.9293
600350.SH,2016-01-31,-30.9423
600350.SH,2016-02-29,-1.833
600350.SH,2016-03-31,16.805
600350.SH,2016-04-30,-3.0195
600350.SH,2016-05-31,-2.0147
600350.SH,2016-06-30,-0.9346
600350.SH,2016-07-31,12.0541
600350.SH,2016-08-31,12.3478
600350.SH,2016-09-30,-6.9659
600350.SH,2016-10-31,3.827
600350.SH,2016-11-30,11.3782
600350.SH,2016-12-31,-6.7626
600350.SH,2017-01-31,4.784
600350.SH,2017-02-28,1.62
600350.SH,2017-03-31,2.6087
600350.SH,2017-04-30,-11.5819
600350.SH,2017-05-31,-1.5974
600350.SH,2017-06-30,0.6494
600350.SH,2017-07-31,6.3364
600350.SH,2017-08-31,-3.5994
600350.SH,2017-09-30,-1.461
600350.SH,2017-10-31,0.3295
600350.SH,2017-11-30,2.9557
600350.SH,2017-12-31,-4.4657
600350.SH,2018-01-31,5.6761
600350.SH,2018-02-28,-5.3712
600350.SH,2018-03-31,-3.6728
600350.SH,2018-04-30,-10.052
600350.SH,2018-05-31,-6.1657
600350.SH,2018-06-30,-13.4511
600350.SH,2018-07-31,5.679
600350.SH,2018-08-31,-1.4019
600350.SH,2018-09-30,5.9242
600350.SH,2018-10-31,-4.4743
600350.SH,2018-11-30,0.2342
600350.SH,2018-12-31,6.5421
600350.SH,2019-01-31,-6.5789
600350.SH,2019-02-28,14.3192
600350.SH,2019-03-31,3.9014
600350.SH,2019-04-30,-2.7668
600350.SH,2019-05-31,-3.252
600350.SH,2019-06-30,0.8403
600350.SH,2019-07-31,0.625
600350.SH,2019-08-31,-5.2071
600350.SH,2019-09-30,0.2294
600350.SH,2019-10-31,9.611
600350.SH,2019-11-30,-0.6263
600350.SH,2019-12-31,3.1513
600350.SH,2020-01-31,-8.3503
600350.SH,2020-02-29,-7.5556
600350.SH,2020-03-31,-0.2404
600350.SH,2020-04-30,40.9639
600350.SH,2020-05-31,-6.8376
600350.SH,2020-06-30,12.6606
600350.SH,2020-07-31,16.4827
600350.SH,2020-08-31,-5.037
600350.SH,2020-09-30,-12.0125
600350.SH,2020-10-31,7.0922
600350.SH,2020-11-30,19.0397
600350.SH,2020-12-31,-14.0473
600352.SH,2016-01-31,-33.1615
600352.SH,2016-02-29,5.9126
600352.SH,2016-03-31,28.7621
600352.SH,2016-04-30,-11.7813
600352.SH,2016-05-31,-7.0513
600352.SH,2016-06-30,0.7429
600352.SH,2016-07-31,10.5568
600352.SH,2016-08-31,1.7838
600352.SH,2016-09-30,-5.1546
600352.SH,2016-10-31,-0.7609
600352.SH,2016-11-30,3.8335
600352.SH,2016-12-31,-2.8481
600352.SH,2017-01-31,5.4289
600352.SH,2017-02-28,-0.7209
600352.SH,2017-03-31,-2.4896
600352.SH,2017-04-30,1.1702
600352.SH,2017-05-31,-1.8927
600352.SH,2017-06-30,4.3545
600352.SH,2017-07-31,13.851
600352.SH,2017-08-31,2.3963
600352.SH,2017-09-30,-7.6508
600352.SH,2017-10-31,0.1949
600352.SH,2017-11-30,6.1284
600352.SH,2017-12-31,7.3327
600352.SH,2018-01-31,6.4902
600352.SH,2018-02-28,1.5237
600352.SH,2018-03-31,-11.8483
600352.SH,2018-04-30,-2.3297
600352.SH,2018-05-31,19.7248
600352.SH,2018-06-30,-6.6586
600352.SH,2018-07-31,-2.2594
600352.SH,2018-08-31,-9.9315
600352.SH,2018-09-30,-7.2243
600352.SH,2018-10-31,-9.0164
600352.SH,2018-11-30,2.1396
600352.SH,2018-12-31,6.3947
600352.SH,2019-01-31,2.6943
600352.SH,2019-02-28,9.5863
600352.SH,2019-03-31,58.3794
600352.SH,2019-04-30,18.0814
600352.SH,2019-05-31,-18.4146
600352.SH,2019-06-30,-3.3787
600352.SH,2019-07-31,-4.312
600352.SH,2019-08-31,-7.5547
600352.SH,2019-09-30,0.7885
600352.SH,2019-10-31,-1.6358
600352.SH,2019-11-30,-4.7722
600352.SH,2019-12-31,9.8709
600352.SH,2020-01-31,-7.6019
600352.SH,2020-02-29,-3.3657
600352.SH,2020-03-31,-7.8173
600352.SH,2020-04-30,1.5953
600352.SH,2020-05-31,0.6612
600352.SH,2020-06-30,5.0082
600352.SH,2020-07-31,17.5835
600352.SH,2020-08-31,-2.9093
600352.SH,2020-09-30,-5.2962
600352.SH,2020-10-31,-2.2075
600352.SH,2020-11-30,12.1144
600352.SH,2020-12-31,-8.5906
600362.SH,2016-01-31,-21.1563
600362.SH,2016-02-29,1.0475
600362.SH,2016-03-31,12.9187
600362.SH,2016-04-30,-1.6243
600362.SH,2016-05-31,-4.3073
600362.SH,2016-06-30,1.1253
600362.SH,2016-07-31,7.4926
600362.SH,2016-08-31,0.8092
600362.SH,2016-09-30,-3.9283
600362.SH,2016-10-31,4.8063
600362.SH,2016-11-30,30.8008
600362.SH,2016-12-31,-12.4542
600362.SH,2017-01-31,24.208
600362.SH,2017-02-28,-8.9509
600362.SH,2017-03-31,-8.8266
600362.SH,2017-04-30,-4.8116
600362.SH,2017-05-31,-8.039
600362.SH,2017-06-30,11.6556
600362.SH,2017-07-31,24.047
600362.SH,2017-08-31,-5.7405
600362.SH,2017-09-30,-5.5271
600362.SH,2017-10-31,-4.442
600362.SH,2017-11-30,4.5351
600362.SH,2017-12-31,9.3818
600362.SH,2018-01-31,2.826
600362.SH,2018-02-28,-11.1379
600362.SH,2018-03-31,-6.1856
600362.SH,2018-04-30,-0.7519
600362.SH,2018-05-31,-3.8462
600362.SH,2018-06-30,-3.9394
600362.SH,2018-07-31,-1.46
600362.SH,2018-08-31,-5.9014
600362.SH,2018-09-30,-0.2757
600362.SH,2018-10-31,-6.7726
600362.SH,2018-11-30,-1.5567
600362.SH,2018-12-31,-0.9036
600362.SH,2019-01-31,0.8359
600362.SH,2019-02-28,17.1816
600362.SH,2019-03-31,0.3215
600362.SH,2019-04-30,-1.7308
600362.SH,2019-05-31,-3.0007
600362.SH,2019-06-30,5.8507
600362.SH,2019-07-31,-5.0327
600362.SH,2019-08-31,-2.9831
600362.SH,2019-09-30,0.4193
600362.SH,2019-10-31,-1.6006
600362.SH,2019-11-30,-0.3536
600362.SH,2019-12-31,20.1561
600362.SH,2020-01-31,-10.632
600362.SH,2020-02-29,-9.5175
600362.SH,2020-03-31,-7.7429
600362.SH,2020-04-30,1.346
600362.SH,2020-05-31,-0.3906
600362.SH,2020-06-30,5.5686
600362.SH,2020-07-31,21.045
600362.SH,2020-08-31,-3.5207
600362.SH,2020-09-30,-9.283
600362.SH,2020-10-31,4.446
600362.SH,2020-11-30,48.6486
600362.SH,2020-12-31,-9.3182
600369.SH,2016-01-31,-17.1717
600369.SH,2016-02-29,-10.9756
600369.SH,2016-03-31,16.5753
600369.SH,2016-04-30,-5.2879
600369.SH,2016-05-31,2.346
600369.SH,2016-06-30,-10.4809
600369.SH,2016-07-31,-0.1377
600369.SH,2016-08-31,4.1379
600369.SH,2016-09-30,-4.5033
600369.SH,2016-10-31,1.2483
600369.SH,2016-11-30,6.8493
600369.SH,2016-12-31,-8.5897
600369.SH,2017-01-31,-2.6648
600369.SH,2017-02-28,0.7205
600369.SH,2017-03-31,-11.1588
600369.SH,2017-04-30,-1.6103
600369.SH,2017-05-31,-10.4746
600369.SH,2017-06-30,2.5594
600369.SH,2017-07-31,8.167
600369.SH,2017-08-31,3.6913
600369.SH,2017-09-30,-5.8252
600369.SH,2017-10-31,-6.1856
600369.SH,2017-11-30,-5.8608
600369.SH,2017-12-31,-9.9222
600369.SH,2018-01-31,3.4557
600369.SH,2018-02-28,-5.8455
600369.SH,2018-03-31,-3.3259
600369.SH,2018-04-30,-4.3578
600369.SH,2018-05-31,0
600369.SH,2018-06-30,-7.6739
600369.SH,2018-07-31,1.889
600369.SH,2018-08-31,-5.6848
600369.SH,2018-09-30,-2.1918
600369.SH,2018-10-31,14.2857
600369.SH,2018-11-30,-6.3725
600369.SH,2018-12-31,-8.9005
600369.SH,2019-01-31,10.6322
600369.SH,2019-02-28,34.8052
600369.SH,2019-03-31,6.5511
600369.SH,2019-04-30,-5.2441
600369.SH,2019-05-31,-11.0687
600369.SH,2019-06-30,6.0086
600369.SH,2019-07-31,-1.0121
600369.SH,2019-08-31,-6.5357
600369.SH,2019-09-30,-0.6608
600369.SH,2019-10-31,-1.1086
600369.SH,2019-11-30,-2.9148
600369.SH,2019-12-31,19.8614
600369.SH,2020-01-31,-2.3121
600369.SH,2020-02-29,-0.9862
600369.SH,2020-03-31,-9.9602
600369.SH,2020-04-30,0
600369.SH,2020-05-31,-3.0973
600369.SH,2020-06-30,6.6912
600369.SH,2020-07-31,27.451
600369.SH,2020-08-31,-4.1026
600369.SH,2020-09-30,-6.2389
600369.SH,2020-10-31,-4.1825
600369.SH,2020-11-30,6.5476
600369.SH,2020-12-31,0.1862
600372.SH,2016-01-31,-25.7004
600372.SH,2016-02-29,-6.1202
600372.SH,2016-03-31,15.1921
600372.SH,2016-04-30,-3.9414
600372.SH,2016-05-31,-1.5255
600372.SH,2016-06-30,4.0064
600372.SH,2016-07-31,3.0162
600372.SH,2016-08-31,3.2984
600372.SH,2016-09-30,-7.8858
600372.SH,2016-10-31,0.9454
600372.SH,2016-11-30,1.0406
600372.SH,2016-12-31,-4.4284
600372.SH,2017-01-31,10.0754
600372.SH,2017-02-28,-1.3705
600372.SH,2017-03-31,-4.2184
600372.SH,2017-04-30,-3.7306
600372.SH,2017-05-31,-19.1066
600372.SH,2017-06-30,15.5689
600372.SH,2017-07-31,-8.538
600372.SH,2017-08-31,3.9773
600372.SH,2017-09-30,-1.3358
600372.SH,2017-10-31,-5.4154
600372.SH,2017-11-30,-7.417
600372.SH,2017-12-31,-3.7948
600372.SH,2018-01-31,-3.4332
600372.SH,2018-02-28,1.059
600372.SH,2018-03-31,16.7665
600372.SH,2018-04-30,-6.5385
600372.SH,2018-05-31,-6.5158
600372.SH,2018-06-30,-3.7286
600372.SH,2018-07-31,10.9495
600372.SH,2018-08-31,-11.1801
600372.SH,2018-09-30,12.3543
600372.SH,2018-10-31,-6.1549
600372.SH,2018-11-30,11.0538
600372.SH,2018-12-31,-13.8686
600372.SH,2019-01-31,3.3128
600372.SH,2019-02-28,23.1171
600372.SH,2019-03-31,0.6663
600372.SH,2019-04-30,-7.9422
600372.SH,2019-05-31,-2.0261
600372.SH,2019-06-30,-1.0007
600372.SH,2019-07-31,2.4223
600372.SH,2019-08-31,-1.1881
600372.SH,2019-09-30,-5.1436
600372.SH,2019-10-31,-1.0563
600372.SH,2019-11-30,-2.6335
600372.SH,2019-12-31,4.0936
600372.SH,2020-01-31,0.7725
600372.SH,2020-02-29,-1.5331
600372.SH,2020-03-31,-8.5633
600372.SH,2020-04-30,7.1981
600372.SH,2020-05-31,-4.3321
600372.SH,2020-06-30,0.5283
600372.SH,2020-07-31,31.2312
600372.SH,2020-08-31,2.3591
600372.SH,2020-09-30,-4.4843
600372.SH,2020-10-31,-5.6925
600372.SH,2020-11-30,11.9477
600372.SH,2020-12-31,9.2273
600398.SH,2016-01-31,-30.1576
600398.SH,2016-02-29,4.6154
600398.SH,2016-03-31,12.8431
600398.SH,2016-04-30,-6.9505
600398.SH,2016-05-31,7.7039
600398.SH,2016-06-30,0.8929
600398.SH,2016-07-31,4.9558
600398.SH,2016-08-31,-5.3963
600398.SH,2016-09-30,-4.3672
600398.SH,2016-10-31,2.4231
600398.SH,2016-11-30,0.455
600398.SH,2016-12-31,-2.2645
600398.SH,2017-01-31,-1.8536
600398.SH,2017-02-28,-1.6053
600398.SH,2017-03-31,0.4798
600398.SH,2017-04-30,1.3634
600398.SH,2017-05-31,-6.5089
600398.SH,2017-06-30,0.1055
600398.SH,2017-07-31,-0.5269
600398.SH,2017-08-31,0.7415
600398.SH,2017-09-30,5.7834
600398.SH,2017-10-31,-3.2803
600398.SH,2017-11-30,-8.8386
600398.SH,2017-12-31,9.3574
600398.SH,2018-01-31,17.9381
600398.SH,2018-02-28,7.8671
600398.SH,2018-03-31,-6.8882
600398.SH,2018-04-30,3.4813
600398.SH,2018-05-31,22.2876
600398.SH,2018-06-30,-9.2527
600398.SH,2018-07-31,-8.8697
600398.SH,2018-08-31,-14.2119
600398.SH,2018-09-30,3.3133
600398.SH,2018-10-31,-24.7813
600398.SH,2018-11-30,1.5504
600398.SH,2018-12-31,7.888
600398.SH,2019-01-31,4.2453
600398.SH,2019-02-28,11.4253
600398.SH,2019-03-31,-0.8122
600398.SH,2019-04-30,-7.1648
600398.SH,2019-05-31,0.1639
600398.SH,2019-06-30,4.2529
600398.SH,2019-07-31,-0.7718
600398.SH,2019-08-31,-6.5556
600398.SH,2019-09-30,-3.4483
600398.SH,2019-10-31,-5.4187
600398.SH,2019-11-30,0
600398.SH,2019-12-31,0
600398.SH,2020-01-31,-3.125
600398.SH,2020-02-29,-8.4677
600398.SH,2020-03-31,-7.0485
600398.SH,2020-04-30,1.1058
600398.SH,2020-05-31,-4.8438
600398.SH,2020-06-30,-4.4335
600398.SH,2020-07-31,9.1887
600398.SH,2020-08-31,15.5993
600398.SH,2020-09-30,-11.5057
600398.SH,2020-10-31,8.0257
600398.SH,2020-11-30,-0.4458
600398.SH,2020-12-31,-4.1791
600383.SH,2016-01-31,17.3188
600383.SH,2016-02-29,-11.7974
600383.SH,2016-03-31,-18.6275
600383.SH,2016-04-30,4.5611
600383.SH,2016-05-31,-8.2305
600383.SH,2016-06-30,-7.0852
600383.SH,2016-07-31,-2.6458
600383.SH,2016-08-31,23.9422
600383.SH,2016-09-30,-0.1665
600383.SH,2016-10-31,0
600383.SH,2016-11-30,22.352
600383.SH,2016-12-31,-11.6564
600383.SH,2017-01-31,-1.8519
600383.SH,2017-02-28,-4.9528
600383.SH,2017-03-31,-8.1886
600383.SH,2017-04-30,3.964
600383.SH,2017-05-31,3.0329
600383.SH,2017-06-30,2.4807
600383.SH,2017-07-31,5.1439
600383.SH,2017-08-31,-2.8192
600383.SH,2017-09-30,-2.1331
600383.SH,2017-10-31,3.1386
600383.SH,2017-11-30,4.7337
600383.SH,2017-12-31,1.937
600383.SH,2018-01-31,23.9905
600383.SH,2018-02-28,-18.2631
600383.SH,2018-03-31,-8.9063
600383.SH,2018-04-30,-3.8593
600383.SH,2018-05-31,-5.174
600383.SH,2018-06-30,-4.1392
600383.SH,2018-07-31,-4.9011
600383.SH,2018-08-31,-0.1092
600383.SH,2018-09-30,-0.8743
600383.SH,2018-10-31,0.9923
600383.SH,2018-11-30,3.821
600383.SH,2018-12-31,1.1567
600383.SH,2019-01-31,13.9293
600383.SH,2019-02-28,3.1934
600383.SH,2019-03-31,21.5738
600383.SH,2019-04-30,-11.7818
600383.SH,2019-05-31,-4.4518
600383.SH,2019-06-30,2.9336
600383.SH,2019-07-31,7.2761
600383.SH,2019-08-31,-7.9508
600383.SH,2019-09-30,2.8495
600383.SH,2019-10-31,3.0303
600383.SH,2019-11-30,0
600383.SH,2019-12-31,21.8487
600383.SH,2020-01-31,-9.1724
600383.SH,2020-02-29,8.5801
600383.SH,2020-03-31,-1.4685
600383.SH,2020-04-30,-4.6842
600383.SH,2020-05-31,-5.0633
600383.SH,2020-06-30,7.451
600383.SH,2020-07-31,6.409
600383.SH,2020-08-31,2.3588
600383.SH,2020-09-30,1.6061
600383.SH,2020-10-31,-8.2474
600383.SH,2020-11-30,13.3333
600383.SH,2020-12-31,-10.7733
600373.SH,2016-01-31,-15.2831
600373.SH,2016-02-29,-15.5779
600373.SH,2016-03-31,15.119
600373.SH,2016-04-30,7.4974
600373.SH,2016-05-31,0.962
600373.SH,2016-06-30,-0.7632
600373.SH,2016-07-31,6.747
600373.SH,2016-08-31,4.0181
600373.SH,2016-09-30,1.4323
600373.SH,2016-10-31,-1.2837
600373.SH,2016-11-30,-1.3871
600373.SH,2016-12-31,-11.2088
600373.SH,2017-01-31,5.297
600373.SH,2017-02-28,2.6328
600373.SH,2017-03-31,2.1988
600373.SH,2017-04-30,-3.2273
600373.SH,2017-05-31,-7.1792
600373.SH,2017-06-30,17.9968
600373.SH,2017-07-31,-2.5096
600373.SH,2017-08-31,3.0105
600373.SH,2017-09-30,-6.3109
600373.SH,2017-10-31,-9.5841
600373.SH,2017-11-30,-10.35
600373.SH,2017-12-31,-5.5772
600373.SH,2018-01-31,-1.772
600373.SH,2018-02-28,-1.1425
600373.SH,2018-03-31,-6.1436
600373.SH,2018-04-30,-7.7122
600373.SH,2018-05-31,14.5258
600373.SH,2018-06-30,-19.1824
600373.SH,2018-07-31,-3.3463
600373.SH,2018-08-31,-13.0435
600373.SH,2018-09-30,1.0185
600373.SH,2018-10-31,5.3162
600373.SH,2018-11-30,3.8294
600373.SH,2018-12-31,9.0528
600373.SH,2019-01-31,-1.9985
600373.SH,2019-02-28,10.0392
600373.SH,2019-03-31,8.268
600373.SH,2019-04-30,-6.7808
600373.SH,2019-05-31,-4.9435
600373.SH,2019-06-30,-2.9599
600373.SH,2019-07-31,2.707
600373.SH,2019-08-31,-2.7907
600373.SH,2019-09-30,4.1467
600373.SH,2019-10-31,-8.9587
600373.SH,2019-11-30,0.4205
600373.SH,2019-12-31,13.9866
600373.SH,2020-01-31,5.5841
600373.SH,2020-02-29,-1.0438
600373.SH,2020-03-31,-15.3305
600373.SH,2020-04-30,-0.2492
600373.SH,2020-05-31,-5.5787
600373.SH,2020-06-30,8.2521
600373.SH,2020-07-31,7.5552
600373.SH,2020-08-31,4.262
600373.SH,2020-09-30,-11.6578
600373.SH,2020-10-31,-0.8569
600373.SH,2020-11-30,1.6422
600373.SH,2020-12-31,-14.2007
600406.SH,2016-01-31,-22.1823
600406.SH,2016-02-29,-3.0817
600406.SH,2016-03-31,14.4674
600406.SH,2016-04-30,-2.9861
600406.SH,2016-05-31,-1.9138
600406.SH,2016-06-30,-0.3726
600406.SH,2016-07-31,11.6679
600406.SH,2016-08-31,1.6745
600406.SH,2016-09-30,7.5099
600406.SH,2016-10-31,-6.25
600406.SH,2016-11-30,1.0458
600406.SH,2016-12-31,7.5679
600406.SH,2017-01-31,0
600406.SH,2017-02-28,0
600406.SH,2017-03-31,0
600406.SH,2017-04-30,0
600406.SH,2017-05-31,0
600406.SH,2017-06-30,8.0175
600406.SH,2017-07-31,-1.4164
600406.SH,2017-08-31,-2.7586
600406.SH,2017-09-30,-2.3641
600406.SH,2017-10-31,2.4213
600406.SH,2017-11-30,12.0567
600406.SH,2017-12-31,-3.5865
600406.SH,2018-01-31,-7.3851
600406.SH,2018-02-28,-4.1347
600406.SH,2018-03-31,3.5736
600406.SH,2018-04-30,2.9149
600406.SH,2018-05-31,-1.3295
600406.SH,2018-06-30,-5.2832
600406.SH,2018-07-31,0.5696
600406.SH,2018-08-31,1.1328
600406.SH,2018-09-30,9.832
600406.SH,2018-10-31,-1.6997
600406.SH,2018-11-30,1.3256
600406.SH,2018-12-31,5.4039
600406.SH,2019-01-31,3.3459
600406.SH,2019-02-28,-3.4987
600406.SH,2019-03-31,14.2316
600406.SH,2019-04-30,-5.5898
600406.SH,2019-05-31,-8.1786
600406.SH,2019-06-30,1.8579
600406.SH,2019-07-31,3.2776
600406.SH,2019-08-31,-8.2715
600406.SH,2019-09-30,18.2081
600406.SH,2019-10-31,7.335
600406.SH,2019-11-30,4.6014
600406.SH,2019-12-31,-7.7526
600406.SH,2020-01-31,-14.2115
600406.SH,2020-02-29,9.1359
600406.SH,2020-03-31,-0.4034
600406.SH,2020-04-30,1.7722
600406.SH,2020-05-31,-7.9104
600406.SH,2020-06-30,9.4003
600406.SH,2020-07-31,6.326
600406.SH,2020-08-31,5.4118
600406.SH,2020-09-30,-11.9643
600406.SH,2020-10-31,5.2738
600406.SH,2020-11-30,13.632
600406.SH,2020-12-31,12.6325
600415.SH,2016-01-31,-35.4733
600415.SH,2016-02-29,9.1062
600415.SH,2016-03-31,18.238
600415.SH,2016-04-30,-7.7124
600415.SH,2016-05-31,-8.0737
600415.SH,2016-06-30,-4.0074
600415.SH,2016-07-31,5.3398
600415.SH,2016-08-31,10.9063
600415.SH,2016-09-30,12.4654
600415.SH,2016-10-31,-6.4039
600415.SH,2016-11-30,9.4737
600415.SH,2016-12-31,3.9663
600415.SH,2017-01-31,-7.052
600415.SH,2017-02-28,-1.3682
600415.SH,2017-03-31,-0.1261
600415.SH,2017-04-30,-9.3434
600415.SH,2017-05-31,9.0529
600415.SH,2017-06-30,-6.7793
600415.SH,2017-07-31,1.2431
600415.SH,2017-08-31,-1.5007
600415.SH,2017-09-30,-2.6316
600415.SH,2017-10-31,-0.2845
600415.SH,2017-11-30,-12.6961
600415.SH,2017-12-31,-5.5556
600415.SH,2018-01-31,2.9412
600415.SH,2018-02-28,-9.7479
600415.SH,2018-03-31,-0.3724
600415.SH,2018-04-30,-6.1682
600415.SH,2018-05-31,2.7888
600415.SH,2018-06-30,-16.4729
600415.SH,2018-07-31,3.5281
600415.SH,2018-08-31,-6.621
600415.SH,2018-09-30,-0.489
600415.SH,2018-10-31,-10.0737
600415.SH,2018-11-30,-1.0929
600415.SH,2018-12-31,-3.5912
600415.SH,2019-01-31,2.8653
600415.SH,2019-02-28,21.4485
600415.SH,2019-03-31,9.1743
600415.SH,2019-04-30,-9.6639
600415.SH,2019-05-31,-6.9767
600415.SH,2019-06-30,4.4892
600415.SH,2019-07-31,-3.3981
600415.SH,2019-08-31,-4.2714
600415.SH,2019-09-30,-0.7874
600415.SH,2019-10-31,3.1746
600415.SH,2019-11-30,-2.3077
600415.SH,2019-12-31,1.5748
600415.SH,2020-01-31,1.0336
600415.SH,2020-02-29,-11.7647
600415.SH,2020-03-31,-4.058
600415.SH,2020-04-30,-0.6042
600415.SH,2020-05-31,4.8632
600415.SH,2020-06-30,41.1594
600415.SH,2020-07-31,53.1655
600415.SH,2020-08-31,-18.6739
600415.SH,2020-09-30,-6.822
600415.SH,2020-10-31,-5.1786
600415.SH,2020-11-30,3.0132
600415.SH,2020-12-31,0.7313
600485.SH,2016-01-31,-31.5514
600485.SH,2016-02-29,0
600485.SH,2016-03-31,0
600485.SH,2016-04-30,0
600485.SH,2016-05-31,-3.0584
600485.SH,2016-06-30,0.507
600485.SH,2016-07-31,-5.2197
600485.SH,2016-08-31,8.5207
600485.SH,2016-09-30,-6.5431
600485.SH,2016-10-31,2.1587
600485.SH,2016-11-30,-0.7424
600485.SH,2016-12-31,-15.9954
600485.SH,2017-01-31,0
600485.SH,2017-02-28,0
600485.SH,2017-03-31,0
600485.SH,2017-04-30,0
600485.SH,2017-05-31,0
600485.SH,2017-06-30,0
600485.SH,2017-07-31,0
600485.SH,2017-08-31,0
600485.SH,2017-09-30,0
600485.SH,2017-10-31,0
600485.SH,2017-11-30,0
600485.SH,2017-12-31,0
600485.SH,2018-01-31,0
600485.SH,2018-02-28,0
600485.SH,2018-03-31,0
600485.SH,2018-04-30,0
600485.SH,2018-05-31,0
600485.SH,2018-06-30,0
600485.SH,2018-07-31,0
600485.SH,2018-08-31,0
600485.SH,2018-09-30,0
600485.SH,2018-10-31,0
600485.SH,2018-11-30,0
600485.SH,2018-12-31,0
600485.SH,2019-01-31,0
600485.SH,2019-02-28,0
600485.SH,2019-03-31,0
600485.SH,2019-04-30,0
600485.SH,2019-05-31,0
600485.SH,2019-06-30,0
600485.SH,2019-07-31,-51.1309
600485.SH,2019-08-31,-67.6017
600485.SH,2019-09-30,-35.9307
600485.SH,2019-10-31,-14.8649
600485.SH,2019-11-30,29.3651
600485.SH,2019-12-31,87.7301
600485.SH,2020-01-31,-20.2614
600485.SH,2020-02-29,-37.7049
600485.SH,2020-03-31,-5.2632
600485.SH,2020-04-30,-3.4722
600485.SH,2020-05-31,0
600485.SH,2020-06-30,0
600485.SH,2020-07-31,0
600485.SH,2020-08-31,0
600485.SH,2020-09-30,0
600485.SH,2020-10-31,0
600485.SH,2020-11-30,0
600485.SH,2020-12-31,0
600518.SH,2016-01-31,-22.8909
600518.SH,2016-02-29,-0.153
600518.SH,2016-03-31,19.4636
600518.SH,2016-04-30,-4.9391
600518.SH,2016-05-31,2.2073
600518.SH,2016-06-30,1.6054
600518.SH,2016-07-31,9.5458
600518.SH,2016-08-31,-1.8029
600518.SH,2016-09-30,-0.7344
600518.SH,2016-10-31,4.6856
600518.SH,2016-11-30,1.7668
600518.SH,2016-12-31,3.2986
600518.SH,2017-01-31,0.7283
600518.SH,2017-02-28,-2.0578
600518.SH,2017-03-31,7.0982
600518.SH,2017-04-30,3.0223
600518.SH,2017-05-31,9.7272
600518.SH,2017-06-30,2.9089
600518.SH,2017-07-31,-4.5998
600518.SH,2017-08-31,0.2893
600518.SH,2017-09-30,-3.4615
600518.SH,2017-10-31,6.3745
600518.SH,2017-11-30,-0.5618
600518.SH,2017-12-31,5.2731
600518.SH,2018-01-31,-6.8426
600518.SH,2018-02-28,1.2482
600518.SH,2018-03-31,6.5434
600518.SH,2018-04-30,0.089
600518.SH,2018-05-31,18.9862
600518.SH,2018-06-30,-14.4993
600518.SH,2018-07-31,-5.7362
600518.SH,2018-08-31,-2.4356
600518.SH,2018-09-30,5.0408
600518.SH,2018-10-31,-43.5558
600518.SH,2018-11-30,-14.7368
600518.SH,2018-12-31,-12.5356
600518.SH,2019-01-31,-36.5907
600518.SH,2019-02-28,81.8493
600518.SH,2019-03-31,-1.6008
600518.SH,2019-04-30,-8.7081
600518.SH,2019-05-31,-56.0797
600518.SH,2019-06-30,-17.1838
600518.SH,2019-07-31,-7.2046
600518.SH,2019-08-31,8.366
600518.SH,2019-09-30,12.1037
600518.SH,2019-10-31,-4.1131
600518.SH,2019-11-30,-2.9491
600518.SH,2019-12-31,3.0387
600518.SH,2020-01-31,-7.7748
600518.SH,2020-02-29,-6.686
600518.SH,2020-03-31,-4.0498
600518.SH,2020-04-30,-12.6623
600518.SH,2020-05-31,-7.4349
600518.SH,2020-06-30,2.4096
600518.SH,2020-07-31,15.6863
600518.SH,2020-08-31,0
600518.SH,2020-09-30,11.1864
600518.SH,2020-10-31,-1.5244
600518.SH,2020-11-30,-6.192
600518.SH,2020-12-31,-11.5512
600489.SH,2016-01-31,-18.9325
600489.SH,2016-02-29,26.7081
600489.SH,2016-03-31,5.098
600489.SH,2016-04-30,5.8769
600489.SH,2016-05-31,-8.9534
600489.SH,2016-06-30,16.1157
600489.SH,2016-07-31,26.1566
600489.SH,2016-08-31,-6.347
600489.SH,2016-09-30,-8.6596
600489.SH,2016-10-31,2.7205
600489.SH,2016-11-30,3.8523
600489.SH,2016-12-31,-6.5688
600489.SH,2017-01-31,0.579
600489.SH,2017-02-28,2.7961
600489.SH,2017-03-31,-6.24
600489.SH,2017-04-30,-2.3038
600489.SH,2017-05-31,-12.8384
600489.SH,2017-06-30,0.501
600489.SH,2017-07-31,9.4003
600489.SH,2017-08-31,1.9196
600489.SH,2017-09-30,-3.8565
600489.SH,2017-10-31,-5.9701
600489.SH,2017-11-30,-3.4722
600489.SH,2017-12-31,1.6444
600489.SH,2018-01-31,-1.0111
600489.SH,2018-02-28,-11.4402
600489.SH,2018-03-31,7.0358
600489.SH,2018-04-30,-5.6034
600489.SH,2018-05-31,-1.1416
600489.SH,2018-06-30,-21.2471
600489.SH,2018-07-31,2.4927
600489.SH,2018-08-31,-4.5714
600489.SH,2018-09-30,2.259
600489.SH,2018-10-31,16.3476
600489.SH,2018-11-30,-1.0127
600489.SH,2018-12-31,9.7187
600489.SH,2019-01-31,-7.5758
600489.SH,2019-02-28,9.5839
600489.SH,2019-03-31,-1.611
600489.SH,2019-04-30,-7.1345
600489.SH,2019-05-31,2.0151
600489.SH,2019-06-30,26.7901
600489.SH,2019-07-31,-8.5701
600489.SH,2019-08-31,4.3757
600489.SH,2019-09-30,-11.2474
600489.SH,2019-10-31,-5.1843
600489.SH,2019-11-30,-4.7388
600489.SH,2019-12-31,8.1633
600489.SH,2020-01-31,-4.3632
600489.SH,2020-02-29,0
600489.SH,2020-03-31,-0.4932
600489.SH,2020-04-30,4.0892
600489.SH,2020-05-31,10.4762
600489.SH,2020-06-30,-1.5086
600489.SH,2020-07-31,24.3162
600489.SH,2020-08-31,-3.8801
600489.SH,2020-09-30,-7.7982
600489.SH,2020-10-31,-7.4627
600489.SH,2020-11-30,2.4731
600489.SH,2020-12-31,-7.5551
600519.SH,2016-01-31,-8.0389
600519.SH,2016-02-29,7.1069
600519.SH,2016-03-31,15.2296
600519.SH,2016-04-30,1.4376
600519.SH,2016-05-31,5.2826
600519.SH,2016-06-30,10.3792
600519.SH,2016-07-31,9.5888
600519.SH,2016-08-31,-0.9452
600519.SH,2016-09-30,-3.9589
600519.SH,2016-10-31,6.7269
600519.SH,2016-11-30,0.3554
600519.SH,2016-12-31,4.723
600519.SH,2017-01-31,3.0735
600519.SH,2017-02-28,2.9731
600519.SH,2017-03-31,8.9381
600519.SH,2017-04-30,7.0194
600519.SH,2017-05-31,7.1249
600519.SH,2017-06-30,6.5268
600519.SH,2017-07-31,3.5274
600519.SH,2017-08-31,2.0635
600519.SH,2017-09-30,5.3935
600519.SH,2017-10-31,19.3938
600519.SH,2017-11-30,2.0986
600519.SH,2017-12-31,10.5372
600519.SH,2018-01-31,9.613
600519.SH,2018-02-28,-5.0906
600519.SH,2018-03-31,-5.7882
600519.SH,2018-04-30,-3.085
600519.SH,2018-05-31,13.373
600519.SH,2018-06-30,-1.2368
600519.SH,2018-07-31,-0.6863
600519.SH,2018-08-31,-9.2575
600519.SH,2018-09-30,10.742
600519.SH,2018-10-31,-24.8082
600519.SH,2018-11-30,2.9331
600519.SH,2018-12-31,4.4265
600519.SH,2019-01-31,16.8794
600519.SH,2019-02-28,9.4852
600519.SH,2019-03-31,13.1098
600519.SH,2019-04-30,14.0529
600519.SH,2019-05-31,-8.6242
600519.SH,2019-06-30,12.1992
600519.SH,2019-07-31,-1.1585
600519.SH,2019-08-31,17.4172
600519.SH,2019-09-30,0.7005
600519.SH,2019-10-31,2.6096
600519.SH,2019-11-30,-4.3228
600519.SH,2019-12-31,4.783
600519.SH,2020-01-31,-11.0059
600519.SH,2020-02-29,0.3989
600519.SH,2020-03-31,5.1088
600519.SH,2020-04-30,13.9244
600519.SH,2020-05-31,7.9719
600519.SH,2020-06-30,8.2953
600519.SH,2020-07-31,14.7175
600519.SH,2020-08-31,6.4546
600519.SH,2020-09-30,-6.6051
600519.SH,2020-10-31,0.0911
600519.SH,2020-11-30,2.6281
600519.SH,2020-12-31,16.5755
600535.SH,2016-01-31,-18.8172
600535.SH,2016-02-29,1.2643
600535.SH,2016-03-31,15.4281
600535.SH,2016-04-30,-9.3227
600535.SH,2016-05-31,4.5267
600535.SH,2016-06-30,-1.7042
600535.SH,2016-07-31,14.6812
600535.SH,2016-08-31,-3.4382
600535.SH,2016-09-30,6.5152
600535.SH,2016-10-31,-2.0389
600535.SH,2016-11-30,-0.0484
600535.SH,2016-12-31,0.46
600535.SH,2017-01-31,-3.6153
600535.SH,2017-02-28,-4.5761
600535.SH,2017-03-31,4.6908
600535.SH,2017-04-30,4.5056
600535.SH,2017-05-31,-4.7186
600535.SH,2017-06-30,5.8722
600535.SH,2017-07-31,-9.5811
600535.SH,2017-08-31,1.0383
600535.SH,2017-09-30,-7.3781
600535.SH,2017-10-31,8.3073
600535.SH,2017-11-30,-3.5986
600535.SH,2017-12-31,-3.0518
600535.SH,2018-01-31,0.7026
600535.SH,2018-02-28,0.2512
600535.SH,2018-03-31,26.7261
600535.SH,2018-04-30,-2.1749
600535.SH,2018-05-31,-5.1875
600535.SH,2018-06-30,-13.5172
600535.SH,2018-07-31,-3.7568
600535.SH,2018-08-31,-11.0664
600535.SH,2018-09-30,3.5294
600535.SH,2018-10-31,-12.0192
600535.SH,2018-11-30,4.62
600535.SH,2018-12-31,-8.8319
600535.SH,2019-01-31,-6.0417
600535.SH,2019-02-28,15.0776
600535.SH,2019-03-31,8.4778
600535.SH,2019-04-30,-2.6643
600535.SH,2019-05-31,-16.2409
600535.SH,2019-06-30,-8.1963
600535.SH,2019-07-31,-1.994
600535.SH,2019-08-31,4.8089
600535.SH,2019-09-30,-8.3529
600535.SH,2019-10-31,-6.0976
600535.SH,2019-11-30,4.3062
600535.SH,2019-12-31,1.0485
600535.SH,2020-01-31,1.5564
600535.SH,2020-02-29,-2.4266
600535.SH,2020-03-31,-9.555
600535.SH,2020-04-30,1.3748
600535.SH,2020-05-31,5.3533
600535.SH,2020-06-30,12.4099
600535.SH,2020-07-31,6.9051
600535.SH,2020-08-31,4.0369
600535.SH,2020-09-30,-6.4302
600535.SH,2020-10-31,3.673
600535.SH,2020-11-30,-5.0857
600535.SH,2020-12-31,-10.9573
600570.SH,2016-01-31,-34.6072
600570.SH,2016-02-29,-12.6912
600570.SH,2016-03-31,67.5955
600570.SH,2016-04-30,-6.4621
600570.SH,2016-05-31,12.6014
600570.SH,2016-06-30,9.1548
600570.SH,2016-07-31,-15.8454
600570.SH,2016-08-31,5.3746
600570.SH,2016-09-30,-5.5227
600570.SH,2016-10-31,5.5238
600570.SH,2016-11-30,-3.3034
600570.SH,2016-12-31,-17.4142
600570.SH,2017-01-31,-6.1095
600570.SH,2017-02-28,5.1966
600570.SH,2017-03-31,-9.2569
600570.SH,2017-04-30,-7.6923
600570.SH,2017-05-31,-3.9057
600570.SH,2017-06-30,24.8796
600570.SH,2017-07-31,-9.4901
600570.SH,2017-08-31,21.5148
600570.SH,2017-09-30,-0.5843
600570.SH,2017-10-31,0.0784
600570.SH,2017-11-30,-8.0658
600570.SH,2017-12-31,-1.1925
600570.SH,2018-01-31,10.9698
600570.SH,2018-02-28,-7.283
600570.SH,2018-03-31,25.2199
600570.SH,2018-04-30,1.8401
600570.SH,2018-05-31,-4.7909
600570.SH,2018-06-30,-8.2163
600570.SH,2018-07-31,-3.3805
600570.SH,2018-08-31,4.2611
600570.SH,2018-09-30,3.5058
600570.SH,2018-10-31,-15.3595
600570.SH,2018-11-30,15.964
600570.SH,2018-12-31,-4.0782
600570.SH,2019-01-31,19.9885
600570.SH,2019-02-28,38.5762
600570.SH,2019-03-31,1.3074
600570.SH,2019-04-30,-5.1508
600570.SH,2019-05-31,-2.0479
600570.SH,2019-06-30,9.3199
600570.SH,2019-07-31,4.314
600570.SH,2019-08-31,4.5154
600570.SH,2019-09-30,-0.498
600570.SH,2019-10-31,3.1516
600570.SH,2019-11-30,-4.524
600570.SH,2019-12-31,6.7573
600570.SH,2020-01-31,14.1001
600570.SH,2020-02-29,8.4564
600570.SH,2020-03-31,-8.6184
600570.SH,2020-04-30,16.7349
600570.SH,2020-05-31,2.6313
600570.SH,2020-06-30,33.592
600570.SH,2020-07-31,1.6992
600570.SH,2020-08-31,1.7438
600570.SH,2020-09-30,-11.5309
600570.SH,2020-10-31,-5.7308
600570.SH,2020-11-30,-4.8526
600570.SH,2020-12-31,18.6249
600578.SH,2016-01-31,0
600578.SH,2016-02-29,-23.888
600578.SH,2016-03-31,6.0606
600578.SH,2016-04-30,-3.2653
600578.SH,2016-05-31,-7.384
600578.SH,2016-06-30,-2.5057
600578.SH,2016-07-31,6.3084
600578.SH,2016-08-31,0.4396
600578.SH,2016-09-30,-3.6613
600578.SH,2016-10-31,2.1378
600578.SH,2016-11-30,4.186
600578.SH,2016-12-31,-6.25
600578.SH,2017-01-31,1.9048
600578.SH,2017-02-28,2.5701
600578.SH,2017-03-31,1.139
600578.SH,2017-04-30,3.6036
600578.SH,2017-05-31,-7.6087
600578.SH,2017-06-30,0.9412
600578.SH,2017-07-31,2.331
600578.SH,2017-08-31,1.769
600578.SH,2017-09-30,-4.4186
600578.SH,2017-10-31,-2.6764
600578.SH,2017-11-30,-6.75
600578.SH,2017-12-31,-0.8043
600578.SH,2018-01-31,-1.3514
600578.SH,2018-02-28,-7.1233
600578.SH,2018-03-31,2.3599
600578.SH,2018-04-30,-1.4409
600578.SH,2018-05-31,5.848
600578.SH,2018-06-30,-13.8122
600578.SH,2018-07-31,8.0128
600578.SH,2018-08-31,-6.2485
600578.SH,2018-09-30,2.9032
600578.SH,2018-10-31,-2.1944
600578.SH,2018-11-30,-2.2436
600578.SH,2018-12-31,-3.9344
600578.SH,2019-01-31,-3.0717
600578.SH,2019-02-28,13.7324
600578.SH,2019-03-31,3.7152
600578.SH,2019-04-30,1.791
600578.SH,2019-05-31,-8.7977
600578.SH,2019-06-30,4.1801
600578.SH,2019-07-31,-0.3086
600578.SH,2019-08-31,-2.2222
600578.SH,2019-09-30,-2.2727
600578.SH,2019-10-31,1.3289
600578.SH,2019-11-30,-0.3279
600578.SH,2019-12-31,2.6316
600578.SH,2020-01-31,-6.4103
600578.SH,2020-02-29,-6.8493
600578.SH,2020-03-31,0.7353
600578.SH,2020-04-30,5.4745
600578.SH,2020-05-31,0.692
600578.SH,2020-06-30,0.6873
600578.SH,2020-07-31,8.5324
600578.SH,2020-08-31,4.7526
600578.SH,2020-09-30,-5.6075
600578.SH,2020-10-31,-2.6403
600578.SH,2020-11-30,4.0678
600578.SH,2020-12-31,-1.6287
600547.SH,2016-01-31,-20.5238
600547.SH,2016-02-29,51.3481
600547.SH,2016-03-31,4.0776
600547.SH,2016-04-30,15.9757
600547.SH,2016-05-31,-2.919
600547.SH,2016-06-30,31.8196
600547.SH,2016-07-31,17.7332
600547.SH,2016-08-31,-8.8845
600547.SH,2016-09-30,-8.505
600547.SH,2016-10-31,6.6248
600547.SH,2016-11-30,-6.336
600547.SH,2016-12-31,-4.2737
600547.SH,2017-01-31,1.3969
600547.SH,2017-02-28,0.1351
600547.SH,2017-03-31,-3.4799
600547.SH,2017-04-30,0.9503
600547.SH,2017-05-31,-20.9579
600547.SH,2017-06-30,1.6766
600547.SH,2017-07-31,10.3353
600547.SH,2017-08-31,2.2556
600547.SH,2017-09-30,-3.7071
600547.SH,2017-10-31,-6.1088
600547.SH,2017-11-30,2.101
600547.SH,2017-12-31,3.4849
600547.SH,2018-01-31,1.9243
600547.SH,2018-02-28,-18.159
600547.SH,2018-03-31,11.9507
600547.SH,2018-04-30,-3.8567
600547.SH,2018-05-31,1.6887
600547.SH,2018-06-30,-15.6261
600547.SH,2018-07-31,2.2575
600547.SH,2018-08-31,-7.6043
600547.SH,2018-09-30,4.7345
600547.SH,2018-10-31,11.1111
600547.SH,2018-11-30,2.8517
600547.SH,2018-12-31,11.8299
600547.SH,2019-01-31,1.4215
600547.SH,2019-02-28,6.2581
600547.SH,2019-03-31,-4.6626
600547.SH,2019-04-30,-6.1454
600547.SH,2019-05-31,6.5821
600547.SH,2019-06-30,32.422
600547.SH,2019-07-31,2.3318
600547.SH,2019-08-31,32.8022
600547.SH,2019-09-30,-15.0201
600547.SH,2019-10-31,-6.226
600547.SH,2019-11-30,-5.3178
600547.SH,2019-12-31,8.4081
600547.SH,2020-01-31,-0.4598
600547.SH,2020-02-29,4.4657
600547.SH,2020-03-31,1.2382
600547.SH,2020-04-30,5.6785
600547.SH,2020-05-31,2.232
600547.SH,2020-06-30,-1.2938
600547.SH,2020-07-31,17.4495
600547.SH,2020-08-31,-5.4267
600547.SH,2020-09-30,-12.0386
600547.SH,2020-10-31,-6.7451
600547.SH,2020-11-30,0.2523
600547.SH,2020-12-31,-0.9228
600549.SH,2016-01-31,-27.0069
600549.SH,2016-02-29,28.1136
600549.SH,2016-03-31,8.5844
600549.SH,2016-04-30,23.6649
600549.SH,2016-05-31,13.5055
600549.SH,2016-06-30,11.5431
600549.SH,2016-07-31,-9.4581
600549.SH,2016-08-31,5.0558
600549.SH,2016-09-30,-10.1203
600549.SH,2016-10-31,2.7953
600549.SH,2016-11-30,2.298
600549.SH,2016-12-31,-17.559
600549.SH,2017-01-31,-0.772
600549.SH,2017-02-28,12.1281
600549.SH,2017-03-31,-12.1224
600549.SH,2017-04-30,-5.6201
600549.SH,2017-05-31,-1.9193
600549.SH,2017-06-30,8.8304
600549.SH,2017-07-31,41.9265
600549.SH,2017-08-31,13.082
600549.SH,2017-09-30,-6.8426
600549.SH,2017-10-31,-13.6632
600549.SH,2017-11-30,-7.354
600549.SH,2017-12-31,0.1556
600549.SH,2018-01-31,-2.8361
600549.SH,2018-02-28,0.08
600549.SH,2018-03-31,5.5533
600549.SH,2018-04-30,-13.9667
600549.SH,2018-05-31,-7.919
600549.SH,2018-06-30,-4.7966
600549.SH,2018-07-31,-0.0659
600549.SH,2018-08-31,-10.2175
600549.SH,2018-09-30,5.3598
600549.SH,2018-10-31,-4.7387
600549.SH,2018-11-30,-3.1456
600549.SH,2018-12-31,-8.7613
600549.SH,2019-01-31,-2.4834
600549.SH,2019-02-28,21.2224
600549.SH,2019-03-31,5.6022
600549.SH,2019-04-30,-11.3395
600549.SH,2019-05-31,14.5849
600549.SH,2019-06-30,-6.5927
600549.SH,2019-07-31,-8.2697
600549.SH,2019-08-31,-0.1541
600549.SH,2019-09-30,3.4722
600549.SH,2019-10-31,-5.2946
600549.SH,2019-11-30,-4.6457
600549.SH,2019-12-31,7.6796
600549.SH,2020-01-31,-4.1411
600549.SH,2020-02-29,-4.48
600549.SH,2020-03-31,-5.1089
600549.SH,2020-04-30,-0.6178
600549.SH,2020-05-31,10.3908
600549.SH,2020-06-30,-3.9594
600549.SH,2020-07-31,26.6892
600549.SH,2020-08-31,-2
600549.SH,2020-09-30,-8.9116
600549.SH,2020-10-31,0.224
600549.SH,2020-11-30,13.0402
600549.SH,2020-12-31,11.0745
600583.SH,2016-01-31,-30.7263
600583.SH,2016-02-29,3.5484
600583.SH,2016-03-31,11.6822
600583.SH,2016-04-30,2.7894
600583.SH,2016-05-31,-2.0353
600583.SH,2016-06-30,-0.895
600583.SH,2016-07-31,6.5123
600583.SH,2016-08-31,-2.5815
600583.SH,2016-09-30,-4.6025
600583.SH,2016-10-31,3.9474
600583.SH,2016-11-30,3.3755
600583.SH,2016-12-31,0.4082
600583.SH,2017-01-31,7.7236
600583.SH,2017-02-28,1.5094
600583.SH,2017-03-31,-5.4523
600583.SH,2017-04-30,-9.0433
600583.SH,2017-05-31,-8.2133
600583.SH,2017-06-30,-0.5173
600583.SH,2017-07-31,2.0833
600583.SH,2017-08-31,0.471
600583.SH,2017-09-30,-3.75
600583.SH,2017-10-31,0.487
600583.SH,2017-11-30,-1.9386
600583.SH,2017-12-31,1.318
600583.SH,2018-01-31,13.8211
600583.SH,2018-02-28,-7.1429
600583.SH,2018-03-31,-4.9231
600583.SH,2018-04-30,-5.5016
600583.SH,2018-05-31,2.5685
600583.SH,2018-06-30,-11.4153
600583.SH,2018-07-31,1.3308
600583.SH,2018-08-31,12.5704
600583.SH,2018-09-30,12.6667
600583.SH,2018-10-31,-17.4556
600583.SH,2018-11-30,-5.5556
600583.SH,2018-12-31,-7.0209
600583.SH,2019-01-31,6.9388
600583.SH,2019-02-28,15.8397
600583.SH,2019-03-31,6.0956
600583.SH,2019-04-30,-11.0248
600583.SH,2019-05-31,1.2216
600583.SH,2019-06-30,-2.5923
600583.SH,2019-07-31,-3.5714
600583.SH,2019-08-31,-1.1111
600583.SH,2019-09-30,0.9363
600583.SH,2019-10-31,11.8738
600583.SH,2019-11-30,15.7546
600583.SH,2019-12-31,5.7307
600583.SH,2020-01-31,-2.5745
600583.SH,2020-02-29,-19.1933
600583.SH,2020-03-31,-15.8348
600583.SH,2020-04-30,1.227
600583.SH,2020-05-31,-7.4747
600583.SH,2020-06-30,0.6408
600583.SH,2020-07-31,5.7143
600583.SH,2020-08-31,2.2869
600583.SH,2020-09-30,-8.3333
600583.SH,2020-10-31,-6.2084
600583.SH,2020-11-30,10.4019
600583.SH,2020-12-31,-3.8544
600585.SH,2016-01-31,-23.0409
600585.SH,2016-02-29,7.0669
600585.SH,2016-03-31,19.8722
600585.SH,2016-04-30,-4.2629
600585.SH,2016-05-31,-5.8132
600585.SH,2016-06-30,-1.6477
600585.SH,2016-07-31,8.9409
600585.SH,2016-08-31,7.5126
600585.SH,2016-09-30,-1.057
600585.SH,2016-10-31,1.1276
600585.SH,2016-11-30,6.4554
600585.SH,2016-12-31,-6.505
600585.SH,2017-01-31,17.5118
600585.SH,2017-02-28,2.7597
600585.SH,2017-03-31,1.2695
600585.SH,2017-04-30,2.2179
600585.SH,2017-05-31,0.6132
600585.SH,2017-06-30,9.1513
600585.SH,2017-07-31,6.7752
600585.SH,2017-08-31,-3.255
600585.SH,2017-09-30,6.3458
600585.SH,2017-10-31,4.6055
600585.SH,2017-11-30,19.9081
600585.SH,2017-12-31,-6.3538
600585.SH,2018-01-31,17.3883
600585.SH,2018-02-28,-5.5475
600585.SH,2018-03-31,-1.0763
600585.SH,2018-04-30,5.502
600585.SH,2018-05-31,0.8839
600585.SH,2018-06-30,1.1785
600585.SH,2018-07-31,15.0836
600585.SH,2018-08-31,-3.6335
600585.SH,2018-09-30,-0.9157
600585.SH,2018-10-31,-11.0356
600585.SH,2018-11-30,-2.8109
600585.SH,2018-12-31,-7.9535
600585.SH,2019-01-31,10.8948
600585.SH,2019-02-28,9.1777
600585.SH,2019-03-31,7.701
600585.SH,2019-04-30,4.6359
600585.SH,2019-05-31,-1.0013
600585.SH,2019-06-30,9.4693
600585.SH,2019-07-31,-4.747
600585.SH,2019-08-31,-0.253
600585.SH,2019-09-30,4.844
600585.SH,2019-10-31,1.9836
600585.SH,2019-11-30,8.6338
600585.SH,2019-12-31,19.6507
600585.SH,2020-01-31,-12.4088
600585.SH,2020-02-29,14.2917
600585.SH,2020-03-31,0.4375
600585.SH,2020-04-30,8.8203
600585.SH,2020-05-31,-5.2702
600585.SH,2020-06-30,-3.4017
600585.SH,2020-07-31,16.0839
600585.SH,2020-08-31,-0.8303
600585.SH,2020-09-30,-9.276
600585.SH,2020-10-31,-7.9986
600585.SH,2020-11-30,11.133
600585.SH,2020-12-31,-8.6372
600588.SH,2016-01-31,-41.4335
600588.SH,2016-02-29,-12.6677
600588.SH,2016-03-31,28.2729
600588.SH,2016-04-30,-7.7215
600588.SH,2016-05-31,-0.471
600588.SH,2016-06-30,2.9443
600588.SH,2016-07-31,15.8836
600588.SH,2016-08-31,15.4694
600588.SH,2016-09-30,-13.6641
600588.SH,2016-10-31,0.6189
600588.SH,2016-11-30,9.007
600588.SH,2016-12-31,-16.0822
600588.SH,2017-01-31,-8.3093
600588.SH,2017-02-28,0.6286
600588.SH,2017-03-31,-7.392
600588.SH,2017-04-30,-2.9489
600588.SH,2017-05-31,-11.4936
600588.SH,2017-06-30,12.8543
600588.SH,2017-07-31,4.8481
600588.SH,2017-08-31,16.2674
600588.SH,2017-09-30,13.3685
600588.SH,2017-10-31,-1.9019
600588.SH,2017-11-30,-11.7191
600588.SH,2017-12-31,3.2211
600588.SH,2018-01-31,8.7943
600588.SH,2018-02-28,42.4163
600588.SH,2018-03-31,16.5395
600588.SH,2018-04-30,-3.7183
600588.SH,2018-05-31,-12.6731
600588.SH,2018-06-30,-0.3659
600588.SH,2018-07-31,5.2632
600588.SH,2018-08-31,8.1008
600588.SH,2018-09-30,-0.251
600588.SH,2018-10-31,-13.7671
600588.SH,2018-11-30,-1.4173
600588.SH,2018-12-31,-9.9366
600588.SH,2019-01-31,13.0986
600588.SH,2019-02-28,26.484
600588.SH,2019-03-31,11.257
600588.SH,2019-04-30,-6.8732
600588.SH,2019-05-31,-5.1485
600588.SH,2019-06-30,17.7398
600588.SH,2019-07-31,6.9568
600588.SH,2019-08-31,11.5478
600588.SH,2019-09-30,-3.6795
600588.SH,2019-10-31,-4.2732
600588.SH,2019-11-30,-6.1211
600588.SH,2019-12-31,2.3055
600588.SH,2020-01-31,14.6479
600588.SH,2020-02-29,41.4619
600588.SH,2020-03-31,-12.1581
600588.SH,2020-04-30,14.6812
600588.SH,2020-05-31,-1.7104
600588.SH,2020-06-30,26.361
600588.SH,2020-07-31,6.6213
600588.SH,2020-08-31,-10.8677
600588.SH,2020-09-30,-8.8284
600588.SH,2020-10-31,12.9286
600588.SH,2020-11-30,1.2746
600588.SH,2020-12-31,0.389
600637.SH,2016-01-31,-32.1985
600637.SH,2016-02-29,-4.165
600637.SH,2016-03-31,16.3688
600637.SH,2016-04-30,-10.4712
600637.SH,2016-05-31,-2.4561
600637.SH,2016-06-30,-2.9976
600637.SH,2016-07-31,-2.8977
600637.SH,2016-08-31,8.0942
600637.SH,2016-09-30,-2.1395
600637.SH,2016-10-31,-3.1579
600637.SH,2016-11-30,3.5535
600637.SH,2016-12-31,-5.9346
600637.SH,2017-01-31,-0.6438
600637.SH,2017-02-28,2.203
600637.SH,2017-03-31,-4.7337
600637.SH,2017-04-30,-7.5865
600637.SH,2017-05-31,2.9765
600637.SH,2017-06-30,1.0256
600637.SH,2017-07-31,-3.4149
600637.SH,2017-08-31,2.4499
600637.SH,2017-09-30,-3.8389
600637.SH,2017-10-31,0.3943
600637.SH,2017-11-30,-11.7329
600637.SH,2017-12-31,-7.3415
600637.SH,2018-01-31,1.5006
600637.SH,2018-02-28,-8.9888
600637.SH,2018-03-31,6.3028
600637.SH,2018-04-30,2.8117
600637.SH,2018-05-31,6.8371
600637.SH,2018-06-30,-16.1937
600637.SH,2018-07-31,-5.7769
600637.SH,2018-08-31,-6.8153
600637.SH,2018-09-30,1.7154
600637.SH,2018-10-31,-9.4246
600637.SH,2018-11-30,10.9529
600637.SH,2018-12-31,1.0859
600637.SH,2019-01-31,-3.5156
600637.SH,2019-02-28,15.1822
600637.SH,2019-03-31,8.5237
600637.SH,2019-04-30,-8.0972
600637.SH,2019-05-31,-10.4846
600637.SH,2019-06-30,3.7402
600637.SH,2019-07-31,-3.3463
600637.SH,2019-08-31,-5.8468
600637.SH,2019-09-30,-2.0343
600637.SH,2019-10-31,-1.6393
600637.SH,2019-11-30,-2
600637.SH,2019-12-31,6.1224
600637.SH,2020-01-31,13.4615
600637.SH,2020-02-29,-4.3315
600637.SH,2020-03-31,-13.878
600637.SH,2020-04-30,2.9714
600637.SH,2020-05-31,10.9878
600637.SH,2020-06-30,-3.5
600637.SH,2020-07-31,5.0777
600637.SH,2020-08-31,7.9137
600637.SH,2020-09-30,-9.0994
600637.SH,2020-10-31,-5.2632
600637.SH,2020-11-30,3.5948
600637.SH,2020-12-31,-5.9937
600633.SH,2016-01-31,-36.8561
600633.SH,2016-02-29,1.8503
600633.SH,2016-03-31,41.2056
600633.SH,2016-04-30,-8.8889
600633.SH,2016-05-31,-2.2465
600633.SH,2016-06-30,-0.1449
600633.SH,2016-07-31,0.6649
600633.SH,2016-08-31,2.9723
600633.SH,2016-09-30,-7.4407
600633.SH,2016-10-31,6.93
600633.SH,2016-11-30,5.4439
600633.SH,2016-12-31,8.5433
600633.SH,2017-01-31,-1.2458
600633.SH,2017-02-28,0
600633.SH,2017-03-31,14.1055
600633.SH,2017-04-30,-8.7437
600633.SH,2017-05-31,5.9928
600633.SH,2017-06-30,0.8351
600633.SH,2017-07-31,7.5052
600633.SH,2017-08-31,-9.6774
600633.SH,2017-09-30,-6.7697
600633.SH,2017-10-31,-6.5752
600633.SH,2017-11-30,-11.4443
600633.SH,2017-12-31,5.0449
600633.SH,2018-01-31,-0.1316
600633.SH,2018-02-28,-8.3663
600633.SH,2018-03-31,-0.7908
600633.SH,2018-04-30,-20.7971
600633.SH,2018-05-31,-13.9067
600633.SH,2018-06-30,-9.1521
600633.SH,2018-07-31,3.2374
600633.SH,2018-08-31,-1.0453
600633.SH,2018-09-30,3.5211
600633.SH,2018-10-31,-12.2449
600633.SH,2018-11-30,11.3695
600633.SH,2018-12-31,-5.4524
600633.SH,2019-01-31,-7.2393
600633.SH,2019-02-28,43.6508
600633.SH,2019-03-31,-5.2486
600633.SH,2019-04-30,-2.8183
600633.SH,2019-05-31,-4.9
600633.SH,2019-06-30,-0.8247
600633.SH,2019-07-31,8.0214
600633.SH,2019-08-31,-15.5446
600633.SH,2019-09-30,0.7034
600633.SH,2019-10-31,6.6356
600633.SH,2019-11-30,-9.607
600633.SH,2019-12-31,10.5072
600633.SH,2020-01-31,0.5464
600633.SH,2020-02-29,9.0217
600633.SH,2020-03-31,2.5922
600633.SH,2020-04-30,-6.9971
600633.SH,2020-05-31,-3.1348
600633.SH,2020-06-30,6.369
600633.SH,2020-07-31,8.18
600633.SH,2020-08-31,5.5766
600633.SH,2020-09-30,-12.0859
600633.SH,2020-10-31,-6.4155
600633.SH,2020-11-30,-0.8705
600633.SH,2020-12-31,-10.6476
600600.SH,2016-01-31,-17.1988
600600.SH,2016-02-29,-3.4558
600600.SH,2016-03-31,8.1387
600600.SH,2016-04-30,1.2195
600600.SH,2016-05-31,1.9966
600600.SH,2016-06-30,-1.89
600600.SH,2016-07-31,5.1037
600600.SH,2016-08-31,-1.691
600600.SH,2016-09-30,7.285
600600.SH,2016-10-31,-2.1063
600600.SH,2016-11-30,-0.8349
600600.SH,2016-12-31,-4.6632
600600.SH,2017-01-31,8.6617
600600.SH,2017-02-28,3.4386
600600.SH,2017-03-31,-0.9973
600600.SH,2017-04-30,-2.3504
600600.SH,2017-05-31,3.6887
600600.SH,2017-06-30,5.8185
600600.SH,2017-07-31,-3.868
600600.SH,2017-08-31,-3.9832
600600.SH,2017-09-30,-3.8989
600600.SH,2017-10-31,12.2038
600600.SH,2017-11-30,-11.2525
600600.SH,2017-12-31,28.1943
600600.SH,2018-01-31,1.4238
600600.SH,2018-02-28,-4.4121
600600.SH,2018-03-31,6.032
600600.SH,2018-04-30,0.6431
600600.SH,2018-05-31,30.1794
600600.SH,2018-06-30,-17.2551
600600.SH,2018-07-31,1.2092
600600.SH,2018-08-31,-22.1346
600600.SH,2018-09-30,1.6667
600600.SH,2018-10-31,-13.1435
600600.SH,2018-11-30,2.0861
600600.SH,2018-12-31,13.0717
600600.SH,2019-01-31,8.2329
600600.SH,2019-02-28,1.4577
600600.SH,2019-03-31,12.7743
600600.SH,2019-04-30,18.1376
600600.SH,2019-05-31,-4.6863
600600.SH,2019-06-30,2.7155
600600.SH,2019-07-31,-9.253
600600.SH,2019-08-31,17.8745
600600.SH,2019-09-30,-8.1787
600600.SH,2019-10-31,-3.0928
600600.SH,2019-11-30,7.8511
600600.SH,2019-12-31,0.6116
600600.SH,2020-01-31,-5.2353
600600.SH,2020-02-29,-11.6491
600600.SH,2020-03-31,7.0492
600600.SH,2020-04-30,15.4014
600600.SH,2020-05-31,19.981
600600.SH,2020-06-30,21.7936
600600.SH,2020-07-31,8.4967
600600.SH,2020-08-31,5.253
600600.SH,2020-09-30,-14.0224
600600.SH,2020-10-31,5.472
600600.SH,2020-11-30,14.87
600600.SH,2020-12-31,9.2308
600648.SH,2016-01-31,-36.1629
600648.SH,2016-02-29,4.2934
600648.SH,2016-03-31,10.8062
600648.SH,2016-04-30,-8.1011
600648.SH,2016-05-31,3.6496
600648.SH,2016-06-30,6.7714
600648.SH,2016-07-31,2.6512
600648.SH,2016-08-31,5.0274
600648.SH,2016-09-30,-5.0711
600648.SH,2016-10-31,0.3994
600648.SH,2016-11-30,1.5912
600648.SH,2016-12-31,-3.3774
600648.SH,2017-01-31,2.8875
600648.SH,2017-02-28,2.6588
600648.SH,2017-03-31,-5.8513
600648.SH,2017-04-30,-3.3113
600648.SH,2017-05-31,-8.588
600648.SH,2017-06-30,6.7435
600648.SH,2017-07-31,-1.684
600648.SH,2017-08-31,-0.0555
600648.SH,2017-09-30,-1.6111
600648.SH,2017-10-31,9.4862
600648.SH,2017-11-30,-7.3234
600648.SH,2017-12-31,2.9494
600648.SH,2018-01-31,-0.0541
600648.SH,2018-02-28,-3.0287
600648.SH,2018-03-31,0.2231
600648.SH,2018-04-30,2.6155
600648.SH,2018-05-31,1.7354
600648.SH,2018-06-30,-2.5586
600648.SH,2018-07-31,4.3448
600648.SH,2018-08-31,-3.8156
600648.SH,2018-09-30,-11.405
600648.SH,2018-10-31,-18.2214
600648.SH,2018-11-30,8.6692
600648.SH,2018-12-31,-3.8488
600648.SH,2019-01-31,-3.8574
600648.SH,2019-02-28,16.654
600648.SH,2019-03-31,15.5743
600648.SH,2019-04-30,26.6704
600648.SH,2019-05-31,-4.7872
600648.SH,2019-06-30,-2.3277
600648.SH,2019-07-31,-2.126
600648.SH,2019-08-31,-12.7031
600648.SH,2019-09-30,0.5076
600648.SH,2019-10-31,2.5814
600648.SH,2019-11-30,-9.4639
600648.SH,2019-12-31,4.9547
600648.SH,2020-01-31,-2.5331
600648.SH,2020-02-29,-13.29
600648.SH,2020-03-31,-0.2725
600648.SH,2020-04-30,-1.9809
600648.SH,2020-05-31,-4.878
600648.SH,2020-06-30,3.5897
600648.SH,2020-07-31,9.8834
600648.SH,2020-08-31,2.3514
600648.SH,2020-09-30,-11.1678
600648.SH,2020-10-31,16.7385
600648.SH,2020-11-30,-9.7231
600648.SH,2020-12-31,-4.7716
600642.SH,2016-01-31,-25.4305
600642.SH,2016-02-29,-0.7105
600642.SH,2016-03-31,8.5868
600642.SH,2016-04-30,-2.8007
600642.SH,2016-05-31,-2.0339
600642.SH,2016-06-30,-0.692
600642.SH,2016-07-31,7.2024
600642.SH,2016-08-31,1.6807
600642.SH,2016-09-30,-4.2975
600642.SH,2016-10-31,1.5544
600642.SH,2016-11-30,4.0816
600642.SH,2016-12-31,-4.085
600642.SH,2017-01-31,3.4072
600642.SH,2017-02-28,3.7891
600642.SH,2017-03-31,-0.6349
600642.SH,2017-04-30,-3.8339
600642.SH,2017-05-31,-0.1661
600642.SH,2017-06-30,4.8253
600642.SH,2017-07-31,2.3642
600642.SH,2017-08-31,-1.6051
600642.SH,2017-09-30,-2.7732
600642.SH,2017-10-31,-1.3423
600642.SH,2017-11-30,-3.0612
600642.SH,2017-12-31,2.807
600642.SH,2018-01-31,2.901
600642.SH,2018-02-28,-3.4826
600642.SH,2018-03-31,-1.0309
600642.SH,2018-04-30,-4.6875
600642.SH,2018-05-31,-2.0036
600642.SH,2018-06-30,-6.6914
600642.SH,2018-07-31,5.3785
600642.SH,2018-08-31,-0.626
600642.SH,2018-09-30,3.9526
600642.SH,2018-10-31,-3.9924
600642.SH,2018-11-30,-2.3762
600642.SH,2018-12-31,-1.0142
600642.SH,2019-01-31,3.4836
600642.SH,2019-02-28,8.5149
600642.SH,2019-03-31,2.5547
600642.SH,2019-04-30,-0.3559
600642.SH,2019-05-31,5.7143
600642.SH,2019-06-30,5.0824
600642.SH,2019-07-31,-2.4958
600642.SH,2019-08-31,-1.7065
600642.SH,2019-09-30,-3.6458
600642.SH,2019-10-31,4.3243
600642.SH,2019-11-30,2.418
600642.SH,2019-12-31,-2.0236
600642.SH,2020-01-31,-4.6472
600642.SH,2020-02-29,-4.8736
600642.SH,2020-03-31,0.1898
600642.SH,2020-04-30,0.3788
600642.SH,2020-05-31,1.5094
600642.SH,2020-06-30,9.8513
600642.SH,2020-07-31,0.0987
600642.SH,2020-08-31,0.5263
600642.SH,2020-09-30,-4.014
600642.SH,2020-10-31,-5.0909
600642.SH,2020-11-30,6.8966
600642.SH,2020-12-31,-6.4516
600660.SH,2016-01-31,-15.0757
600660.SH,2016-02-29,1.6279
600660.SH,2016-03-31,13.5774
600660.SH,2016-04-30,-3.6266
600660.SH,2016-05-31,2.2997
600660.SH,2016-06-30,0.4659
600660.SH,2016-07-31,17.3571
600660.SH,2016-08-31,0.2435
600660.SH,2016-09-30,2.5501
600660.SH,2016-10-31,5.0326
600660.SH,2016-11-30,6.4825
600660.SH,2016-12-31,-1.3764
600660.SH,2017-01-31,0.9125
600660.SH,2017-02-28,3.9362
600660.SH,2017-03-31,15.7114
600660.SH,2017-04-30,-0.4865
600660.SH,2017-05-31,9.8818
600660.SH,2017-06-30,8.8629
600660.SH,2017-07-31,-10.7143
600660.SH,2017-08-31,-1.2043
600660.SH,2017-09-30,10.9708
600660.SH,2017-10-31,6.3947
600660.SH,2017-11-30,-2.913
600660.SH,2017-12-31,10.1405
600660.SH,2018-01-31,-6.5862
600660.SH,2018-02-28,-3.3592
600660.SH,2018-03-31,-5.3858
600660.SH,2018-04-30,-9.2854
600660.SH,2018-05-31,14.2805
600660.SH,2018-06-30,3.1701
600660.SH,2018-07-31,-1.9448
600660.SH,2018-08-31,0.833
600660.SH,2018-09-30,0.118
600660.SH,2018-10-31,-13.4228
600660.SH,2018-11-30,0.6922
600660.SH,2018-12-31,4.3996
600660.SH,2019-01-31,2.1071
600660.SH,2019-02-28,4.2562
600660.SH,2019-03-31,0.3299
600660.SH,2019-04-30,3.247
600660.SH,2019-05-31,-10.1506
600660.SH,2019-06-30,4.1228
600660.SH,2019-07-31,-0.8799
600660.SH,2019-08-31,-2.6631
600660.SH,2019-09-30,-2.052
600660.SH,2019-10-31,-1.0708
600660.SH,2019-11-30,4.6118
600660.SH,2019-12-31,7.9172
600660.SH,2020-01-31,2.501
600660.SH,2020-02-29,-5.7747
600660.SH,2020-03-31,-17.2205
600660.SH,2020-04-30,3.1804
600660.SH,2020-05-31,-0.758
600660.SH,2020-06-30,6.2627
600660.SH,2020-07-31,20.3869
600660.SH,2020-08-31,18.7705
600660.SH,2020-09-30,11.7667
600660.SH,2020-10-31,15.7147
600660.SH,2020-11-30,6.9904
600660.SH,2020-12-31,19.8254
600649.SH,2016-01-31,-42.5734
600649.SH,2016-02-29,-3.5338
600649.SH,2016-03-31,19.4076
600649.SH,2016-04-30,-4.4386
600649.SH,2016-05-31,-0.1366
600649.SH,2016-06-30,-1.7784
600649.SH,2016-07-31,0
600649.SH,2016-08-31,0
600649.SH,2016-09-30,0
600649.SH,2016-10-31,26.3928
600649.SH,2016-11-30,3.1405
600649.SH,2016-12-31,8.6538
600649.SH,2017-01-31,0
600649.SH,2017-02-28,0
600649.SH,2017-03-31,-9.9803
600649.SH,2017-04-30,-35.172
600649.SH,2017-05-31,-13.8163
600649.SH,2017-06-30,2.737
600649.SH,2017-07-31,1.9981
600649.SH,2017-08-31,-3.2649
600649.SH,2017-09-30,-5.3038
600649.SH,2017-10-31,-2.444
600649.SH,2017-11-30,-6.6806
600649.SH,2017-12-31,-1.566
600649.SH,2018-01-31,0.7955
600649.SH,2018-02-28,-5.2988
600649.SH,2018-03-31,-4.881
600649.SH,2018-04-30,-7.5094
600649.SH,2018-05-31,-5.8187
600649.SH,2018-06-30,-12.069
600649.SH,2018-07-31,0.3268
600649.SH,2018-08-31,-2.7097
600649.SH,2018-09-30,0
600649.SH,2018-10-31,-8.9005
600649.SH,2018-11-30,14.9425
600649.SH,2018-12-31,-8.8333
600649.SH,2019-01-31,-2.925
600649.SH,2019-02-28,19.0207
600649.SH,2019-03-31,26.4241
600649.SH,2019-04-30,-2.6283
600649.SH,2019-05-31,-12.982
600649.SH,2019-06-30,-4.4313
600649.SH,2019-07-31,-2.7821
600649.SH,2019-08-31,-8.5737
600649.SH,2019-09-30,-3.3333
600649.SH,2019-10-31,3.6298
600649.SH,2019-11-30,-3.5026
600649.SH,2019-12-31,3.8113
600649.SH,2020-01-31,-4.1958
600649.SH,2020-02-29,-5.292
600649.SH,2020-03-31,5.7803
600649.SH,2020-04-30,-6.0109
600649.SH,2020-05-31,3.876
600649.SH,2020-06-30,10.8209
600649.SH,2020-07-31,-1.0081
600649.SH,2020-08-31,0
600649.SH,2020-09-30,-1.8933
600649.SH,2020-10-31,-3.1579
600649.SH,2020-11-30,1.2681
600649.SH,2020-12-31,-2.8623
600663.SH,2016-01-31,-22.9956
600663.SH,2016-02-29,0
600663.SH,2016-03-31,0
600663.SH,2016-04-30,0
600663.SH,2016-05-31,7.3556
600663.SH,2016-06-30,-0.1019
600663.SH,2016-07-31,-1.6264
600663.SH,2016-08-31,16.0858
600663.SH,2016-09-30,-5.2348
600663.SH,2016-10-31,-3.2494
600663.SH,2016-11-30,0
600663.SH,2016-12-31,-7.0949
600663.SH,2017-01-31,0.0452
600663.SH,2017-02-28,4.065
600663.SH,2017-03-31,-0.1736
600663.SH,2017-04-30,2.6087
600663.SH,2017-05-31,0.4237
600663.SH,2017-06-30,1.4301
600663.SH,2017-07-31,0.0423
600663.SH,2017-08-31,3.5095
600663.SH,2017-09-30,-8.6601
600663.SH,2017-10-31,4.2487
600663.SH,2017-11-30,-5.8773
600663.SH,2017-12-31,-13.2634
600663.SH,2018-01-31,2.8376
600663.SH,2018-02-28,-1.5841
600663.SH,2018-03-31,-1.973
600663.SH,2018-04-30,-4.3432
600663.SH,2018-05-31,-9.247
600663.SH,2018-06-30,-3.6608
600663.SH,2018-07-31,2.499
600663.SH,2018-08-31,-2.6131
600663.SH,2018-09-30,2.0942
600663.SH,2018-10-31,-14.8718
600663.SH,2018-11-30,9.9398
600663.SH,2018-12-31,-11.0274
600663.SH,2019-01-31,0.6928
600663.SH,2019-02-28,21.1009
600663.SH,2019-03-31,11.6793
600663.SH,2019-04-30,1.3002
600663.SH,2019-05-31,0.1736
600663.SH,2019-06-30,6.6025
600663.SH,2019-07-31,-3.6129
600663.SH,2019-08-31,-7.3628
600663.SH,2019-09-30,-1.3006
600663.SH,2019-10-31,0.0732
600663.SH,2019-11-30,-3.0724
600663.SH,2019-12-31,1.9623
600663.SH,2020-01-31,-4.3671
600663.SH,2020-02-29,-11.0681
600663.SH,2020-03-31,-3.4813
600663.SH,2020-04-30,5.5906
600663.SH,2020-05-31,1.1662
600663.SH,2020-06-30,-1.4938
600663.SH,2020-07-31,12.132
600663.SH,2020-08-31,-0.9547
600663.SH,2020-09-30,-7.9518
600663.SH,2020-10-31,0.349
600663.SH,2020-11-30,1.3043
600663.SH,2020-12-31,-8.1545
600674.SH,2016-01-31,-27.974
600674.SH,2016-02-29,-0.3871
600674.SH,2016-03-31,10.7513
600674.SH,2016-04-30,-1.0526
600674.SH,2016-05-31,0.9456
600674.SH,2016-06-30,-0.0823
600674.SH,2016-07-31,10.6538
600674.SH,2016-08-31,0
600674.SH,2016-09-30,-5.1422
600674.SH,2016-10-31,0.346
600674.SH,2016-11-30,5.6322
600674.SH,2016-12-31,-5.3319
600674.SH,2017-01-31,1.6092
600674.SH,2017-02-28,0
600674.SH,2017-03-31,2.3756
600674.SH,2017-04-30,3.7569
600674.SH,2017-05-31,1.7039
600674.SH,2017-06-30,2.8272
600674.SH,2017-07-31,5.0153
600674.SH,2017-08-31,-3.1
600674.SH,2017-09-30,-2.7864
600674.SH,2017-10-31,6.2633
600674.SH,2017-11-30,-0.6993
600674.SH,2017-12-31,2.4145
600674.SH,2018-01-31,-4.4204
600674.SH,2018-02-28,-5.6526
600674.SH,2018-03-31,-0.8715
600674.SH,2018-04-30,-2.8571
600674.SH,2018-05-31,6.2217
600674.SH,2018-06-30,-7.1353
600674.SH,2018-07-31,4.8204
600674.SH,2018-08-31,-8.3616
600674.SH,2018-09-30,3.3292
600674.SH,2018-10-31,-3.8186
600674.SH,2018-11-30,-0.6203
600674.SH,2018-12-31,8.2397
600674.SH,2019-01-31,4.9596
600674.SH,2019-02-28,1.0989
600674.SH,2019-03-31,1.413
600674.SH,2019-04-30,-5.0375
600674.SH,2019-05-31,1.693
600674.SH,2019-06-30,-1.2209
600674.SH,2019-07-31,8.8619
600674.SH,2019-08-31,5.5496
600674.SH,2019-09-30,0.91
600674.SH,2019-10-31,-3.2064
600674.SH,2019-11-30,-1.1387
600674.SH,2019-12-31,3.1414
600674.SH,2020-01-31,-7.5127
600674.SH,2020-02-29,0.4391
600674.SH,2020-03-31,0.5464
600674.SH,2020-04-30,-2.5
600674.SH,2020-05-31,-1.0033
600674.SH,2020-06-30,4.3919
600674.SH,2020-07-31,6.6616
600674.SH,2020-08-31,4.9215
600674.SH,2020-09-30,-2.0958
600674.SH,2020-10-31,2.6504
600674.SH,2020-11-30,3.575
600674.SH,2020-12-31,-3.6433
600688.SH,2016-01-31,-19.2901
600688.SH,2016-02-29,15.1052
600688.SH,2016-03-31,13.289
600688.SH,2016-04-30,-1.4663
600688.SH,2016-05-31,-8.3333
600688.SH,2016-06-30,-0.974
600688.SH,2016-07-31,-0.9108
600688.SH,2016-08-31,3.1933
600688.SH,2016-09-30,-4.0717
600688.SH,2016-10-31,0
600688.SH,2016-11-30,3.7351
600688.SH,2016-12-31,5.401
600688.SH,2017-01-31,5.5901
600688.SH,2017-02-28,-1.4706
600688.SH,2017-03-31,-4.4776
600688.SH,2017-04-30,3.2813
600688.SH,2017-05-31,0.7564
600688.SH,2017-06-30,-0.7508
600688.SH,2017-07-31,7.3209
600688.SH,2017-08-31,-5.4173
600688.SH,2017-09-30,-2.322
600688.SH,2017-10-31,0.4754
600688.SH,2017-11-30,0
600688.SH,2017-12-31,-0.1577
600688.SH,2018-01-31,3.4755
600688.SH,2018-02-28,-10.5344
600688.SH,2018-03-31,1.8771
600688.SH,2018-04-30,-2.5126
600688.SH,2018-05-31,-1.0309
600688.SH,2018-06-30,-1.2153
600688.SH,2018-07-31,0.2651
600688.SH,2018-08-31,1.8519
600688.SH,2018-09-30,6.5455
600688.SH,2018-10-31,-9.8976
600688.SH,2018-11-30,-4.9242
600688.SH,2018-12-31,-0.5976
600688.SH,2019-01-31,3.4068
600688.SH,2019-02-28,6.7829
600688.SH,2019-03-31,-2.5408
600688.SH,2019-04-30,-4.4693
600688.SH,2019-05-31,2.1442
600688.SH,2019-06-30,-1.5267
600688.SH,2019-07-31,-2.638
600688.SH,2019-08-31,-11.7155
600688.SH,2019-09-30,-1.1848
600688.SH,2019-10-31,-5.036
600688.SH,2019-11-30,-1.2626
600688.SH,2019-12-31,-1.023
600688.SH,2020-01-31,0.2584
600688.SH,2020-02-29,3.0928
600688.SH,2020-03-31,-2.75
600688.SH,2020-04-30,3.3419
600688.SH,2020-05-31,-11.4428
600688.SH,2020-06-30,-2.2472
600688.SH,2020-07-31,6.4016
600688.SH,2020-08-31,-2.7855
600688.SH,2020-09-30,-4.5845
600688.SH,2020-10-31,-0.6006
600688.SH,2020-11-30,6.9486
600688.SH,2020-12-31,-2.8249
600705.SH,2016-01-31,-36.0209
600705.SH,2016-02-29,-5.6623
600705.SH,2016-03-31,33.3333
600705.SH,2016-04-30,-7.9582
600705.SH,2016-05-31,1.9214
600705.SH,2016-06-30,2.1376
600705.SH,2016-07-31,-1.0204
600705.SH,2016-08-31,18.9003
600705.SH,2016-09-30,-6.3584
600705.SH,2016-10-31,2.0062
600705.SH,2016-11-30,1.6641
600705.SH,2016-12-31,-8.9286
600705.SH,2017-01-31,1.634
600705.SH,2017-02-28,2.09
600705.SH,2017-03-31,-3.1496
600705.SH,2017-04-30,0.4878
600705.SH,2017-05-31,-0.1618
600705.SH,2017-06-30,-8.4279
600705.SH,2017-07-31,5.4763
600705.SH,2017-08-31,4.2445
600705.SH,2017-09-30,-4.7231
600705.SH,2017-10-31,4.7863
600705.SH,2017-11-30,-1.4759
600705.SH,2017-12-31,-8.4577
600705.SH,2018-01-31,0.5435
600705.SH,2018-02-28,-1.0811
600705.SH,2018-03-31,-2.1858
600705.SH,2018-04-30,-1.676
600705.SH,2018-05-31,-1.1364
600705.SH,2018-06-30,-10.5364
600705.SH,2018-07-31,6.0226
600705.SH,2018-08-31,-9.3878
600705.SH,2018-09-30,5.1802
600705.SH,2018-10-31,-1.4989
600705.SH,2018-11-30,-0.2174
600705.SH,2018-12-31,-6.7434
600705.SH,2019-01-31,2.8302
600705.SH,2019-02-28,33.4862
600705.SH,2019-03-31,1.5464
600705.SH,2019-04-30,-2.1997
600705.SH,2019-05-31,-6.0554
600705.SH,2019-06-30,-0.1842
600705.SH,2019-07-31,-4.9815
600705.SH,2019-08-31,-9.3204
600705.SH,2019-09-30,0
600705.SH,2019-10-31,-2.1413
600705.SH,2019-11-30,-0.6565
600705.SH,2019-12-31,7.7056
600705.SH,2020-01-31,-6.3918
600705.SH,2020-02-29,-6.1674
600705.SH,2020-03-31,-7.7465
600705.SH,2020-04-30,0
600705.SH,2020-05-31,-3.5623
600705.SH,2020-06-30,4.4855
600705.SH,2020-07-31,19.697
600705.SH,2020-08-31,6.1181
600705.SH,2020-09-30,-12.7237
600705.SH,2020-10-31,1.8119
600705.SH,2020-11-30,6.4073
600705.SH,2020-12-31,-5.8065
600690.SH,2016-01-31,0
600690.SH,2016-02-29,-24.5968
600690.SH,2016-03-31,13.2353
600690.SH,2016-04-30,-1.6529
600690.SH,2016-05-31,9.8439
600690.SH,2016-06-30,-2.9508
600690.SH,2016-07-31,25.7725
600690.SH,2016-08-31,-4.2048
600690.SH,2016-09-30,-3.2443
600690.SH,2016-10-31,-1.5779
600690.SH,2016-11-30,7.2144
600690.SH,2016-12-31,-7.6636
600690.SH,2017-01-31,2.3279
600690.SH,2017-02-28,7.913
600690.SH,2017-03-31,11.6407
600690.SH,2017-04-30,0.0821
600690.SH,2017-05-31,16.2428
600690.SH,2017-06-30,6.2103
600690.SH,2017-07-31,-6.711
600690.SH,2017-08-31,1.7404
600690.SH,2017-09-30,7.5552
600690.SH,2017-10-31,14.6455
600690.SH,2017-11-30,-0.0578
600690.SH,2017-12-31,8.9647
600690.SH,2018-01-31,12.5265
600690.SH,2018-02-28,-7.7358
600690.SH,2018-03-31,-9.9182
600690.SH,2018-04-30,-2.7242
600690.SH,2018-05-31,17.2695
600690.SH,2018-06-30,-2.5782
600690.SH,2018-07-31,-10.54
600690.SH,2018-08-31,-13.581
600690.SH,2018-09-30,10.9469
600690.SH,2018-10-31,-23.3656
600690.SH,2018-11-30,8.6098
600690.SH,2018-12-31,0.7273
600690.SH,2019-01-31,15.5235
600690.SH,2019-02-28,3
600690.SH,2019-03-31,3.8228
600690.SH,2019-04-30,0.4091
600690.SH,2019-05-31,-7.4505
600690.SH,2019-06-30,8.7421
600690.SH,2019-07-31,-2.6605
600690.SH,2019-08-31,-3.2694
600690.SH,2019-09-30,-3.8341
600690.SH,2019-10-31,4.5752
600690.SH,2019-11-30,6.625
600690.SH,2019-12-31,14.3025
600690.SH,2020-01-31,-4.7692
600690.SH,2020-02-29,-8.3468
600690.SH,2020-03-31,-15.3937
600690.SH,2020-04-30,7.3611
600690.SH,2020-05-31,7.0505
600690.SH,2020-06-30,6.9486
600690.SH,2020-07-31,3.7646
600690.SH,2020-08-31,23.8889
600690.SH,2020-09-30,-2.1525
600690.SH,2020-10-31,13.9322
600690.SH,2020-11-30,8.4875
600690.SH,2020-12-31,8.3055
600703.SH,2016-01-31,-21.2109
600703.SH,2016-02-29,-5.6456
600703.SH,2016-03-31,8.9197
600703.SH,2016-04-30,-0.9156
600703.SH,2016-05-31,4.3634
600703.SH,2016-06-30,-1.7708
600703.SH,2016-07-31,-0.585
600703.SH,2016-08-31,-4.5677
600703.SH,2016-09-30,2.6496
600703.SH,2016-10-31,1.3322
600703.SH,2016-11-30,3.6976
600703.SH,2016-12-31,6.1014
600703.SH,2017-01-31,9.7087
600703.SH,2017-02-28,2.2464
600703.SH,2017-03-31,6.4581
600703.SH,2017-04-30,7.192
600703.SH,2017-05-31,7.2715
600703.SH,2017-06-30,8.3013
600703.SH,2017-07-31,-2.4365
600703.SH,2017-08-31,2.0812
600703.SH,2017-09-30,17.9409
600703.SH,2017-10-31,11.6249
600703.SH,2017-11-30,-5.8072
600703.SH,2017-12-31,4.3568
600703.SH,2018-01-31,-8.5467
600703.SH,2018-02-28,10.422
600703.SH,2018-03-31,-9.0094
600703.SH,2018-04-30,-16.5024
600703.SH,2018-05-31,6.4682
600703.SH,2018-06-30,-6.183
600703.SH,2018-07-31,-1.5088
600703.SH,2018-08-31,-14.0518
600703.SH,2018-09-30,0.5532
600703.SH,2018-10-31,-14.0587
600703.SH,2018-11-30,1.4936
600703.SH,2018-12-31,-20.7428
600703.SH,2019-01-31,-13.2626
600703.SH,2019-02-28,46.789
600703.SH,2019-03-31,1.875
600703.SH,2019-04-30,-10.9748
600703.SH,2019-05-31,-17.9173
600703.SH,2019-06-30,5.2239
600703.SH,2019-07-31,1.5071
600703.SH,2019-08-31,-3.7555
600703.SH,2019-09-30,30.1294
600703.SH,2019-10-31,7.9545
600703.SH,2019-11-30,9.4079
600703.SH,2019-12-31,10.4029
600703.SH,2020-01-31,22.8758
600703.SH,2020-02-29,9.2642
600703.SH,2020-03-31,-22.3124
600703.SH,2020-04-30,14.6736
600703.SH,2020-05-31,5.9199
600703.SH,2020-06-30,7.9109
600703.SH,2020-07-31,7.76
600703.SH,2020-08-31,0.7424
600703.SH,2020-09-30,-9.9853
600703.SH,2020-10-31,-9.0053
600703.SH,2020-11-30,20.7827
600703.SH,2020-12-31,0.5959
600717.SH,2016-01-31,-24.9335
600717.SH,2016-02-29,-0.591
600717.SH,2016-03-31,19.2628
600717.SH,2016-04-30,-8.1755
600717.SH,2016-05-31,-2.9316
600717.SH,2016-06-30,-0.327
600717.SH,2016-07-31,18.6421
600717.SH,2016-08-31,-1.5519
600717.SH,2016-09-30,-5.1232
600717.SH,2016-10-31,5.8152
600717.SH,2016-11-30,3.3366
600717.SH,2016-12-31,-4.2735
600717.SH,2017-01-31,0.7937
600717.SH,2017-02-28,9.1535
600717.SH,2017-03-31,6.0415
600717.SH,2017-04-30,28.0612
600717.SH,2017-05-31,-15.6042
600717.SH,2017-06-30,-0.0251
600717.SH,2017-07-31,-2.0016
600717.SH,2017-08-31,-0.9804
600717.SH,2017-09-30,-2.9703
600717.SH,2017-10-31,-2.9762
600717.SH,2017-11-30,-5.5215
600717.SH,2017-12-31,-2.6902
600717.SH,2018-01-31,1.1439
600717.SH,2018-02-28,-4.2413
600717.SH,2018-03-31,-4.1339
600717.SH,2018-04-30,-6.1602
600717.SH,2018-05-31,-2.6258
600717.SH,2018-06-30,-13.8967
600717.SH,2018-07-31,3.1873
600717.SH,2018-08-31,-3.4749
600717.SH,2018-09-30,2.1333
600717.SH,2018-10-31,-7.4413
600717.SH,2018-11-30,2.1157
600717.SH,2018-12-31,-2.3481
600717.SH,2019-01-31,2.546
600717.SH,2019-02-28,14.069
600717.SH,2019-03-31,6.6505
600717.SH,2019-04-30,-6.6893
600717.SH,2019-05-31,-7.6549
600717.SH,2019-06-30,2.7698
600717.SH,2019-07-31,-1.7134
600717.SH,2019-08-31,-3.0111
600717.SH,2019-09-30,0.6536
600717.SH,2019-10-31,0
600717.SH,2019-11-30,0.974
600717.SH,2019-12-31,0.9646
600717.SH,2020-01-31,-1.5924
600717.SH,2020-02-29,-10.1942
600717.SH,2020-03-31,-1.4414
600717.SH,2020-04-30,-2.011
600717.SH,2020-05-31,0.7463
600717.SH,2020-06-30,-0.1407
600717.SH,2020-07-31,5.4299
600717.SH,2020-08-31,3.6481
600717.SH,2020-09-30,-5.7971
600717.SH,2020-10-31,0.8791
600717.SH,2020-11-30,5.4466
600717.SH,2020-12-31,-1.2397
600718.SH,2016-01-31,-39.7746
600718.SH,2016-02-29,-14.385
600718.SH,2016-03-31,16.9894
600718.SH,2016-04-30,-4.9119
600718.SH,2016-05-31,1.7406
600718.SH,2016-06-30,1.6319
600718.SH,2016-07-31,-4.4214
600718.SH,2016-08-31,-0.2284
600718.SH,2016-09-30,-1.431
600718.SH,2016-10-31,4.5296
600718.SH,2016-11-30,7.5
600718.SH,2016-12-31,1.6021
600718.SH,2017-01-31,-5.1373
600718.SH,2017-02-28,3.9142
600718.SH,2017-03-31,-0.4128
600718.SH,2017-04-30,-7.772
600718.SH,2017-05-31,-17.9213
600718.SH,2017-06-30,7.1305
600718.SH,2017-07-31,0.2572
600718.SH,2017-08-31,8.6594
600718.SH,2017-09-30,0.7084
600718.SH,2017-10-31,-7.8546
600718.SH,2017-11-30,-3.6896
600718.SH,2017-12-31,-3.1704
600718.SH,2018-01-31,-9.3452
600718.SH,2018-02-28,-3.3108
600718.SH,2018-03-31,12.7626
600718.SH,2018-04-30,12.4224
600718.SH,2018-05-31,-18.9687
600718.SH,2018-06-30,-1.0606
600718.SH,2018-07-31,-0.4508
600718.SH,2018-08-31,-6.6615
600718.SH,2018-09-30,-3.7344
600718.SH,2018-10-31,-15.7759
600718.SH,2018-11-30,15.3531
600718.SH,2018-12-31,2.4845
600718.SH,2019-01-31,-14.4589
600718.SH,2019-02-28,22.5709
600718.SH,2019-03-31,20.9744
600718.SH,2019-04-30,-6.9625
600718.SH,2019-05-31,-8.2172
600718.SH,2019-06-30,2.478
600718.SH,2019-07-31,-13.1825
600718.SH,2019-08-31,2.0665
600718.SH,2019-09-30,-3.6092
600718.SH,2019-10-31,0.4566
600718.SH,2019-11-30,-3.1818
600718.SH,2019-12-31,6.5728
600718.SH,2020-01-31,1.1454
600718.SH,2020-02-29,20.993
600718.SH,2020-03-31,-16.9906
600718.SH,2020-04-30,-3.8161
600718.SH,2020-05-31,-3.8774
600718.SH,2020-06-30,7.8799
600718.SH,2020-07-31,4.2609
600718.SH,2020-08-31,0.417
600718.SH,2020-09-30,2.7409
600718.SH,2020-10-31,-7.9224
600718.SH,2020-11-30,-2.5461
600718.SH,2020-12-31,-6.2162
600741.SH,2016-01-31,-17.9715
600741.SH,2016-02-29,-7.9537
600741.SH,2016-03-31,19.5601
600741.SH,2016-04-30,-1.8397
600741.SH,2016-05-31,-1.5395
600741.SH,2016-06-30,0.5361
600741.SH,2016-07-31,16.2027
600741.SH,2016-08-31,-3.0098
600741.SH,2016-09-30,-0.2533
600741.SH,2016-10-31,4.7619
600741.SH,2016-11-30,2.2424
600741.SH,2016-12-31,-5.4535
600741.SH,2017-01-31,4.0752
600741.SH,2017-02-28,1.4458
600741.SH,2017-03-31,8.1354
600741.SH,2017-04-30,3.1301
600741.SH,2017-05-31,6.443
600741.SH,2017-06-30,21.2606
600741.SH,2017-07-31,-8.184
600741.SH,2017-08-31,-1.6862
600741.SH,2017-09-30,7.4321
600741.SH,2017-10-31,12.7716
600741.SH,2017-11-30,0.4719
600741.SH,2017-12-31,16.2035
600741.SH,2018-01-31,-10.8117
600741.SH,2018-02-28,-0.7931
600741.SH,2018-03-31,-7.7655
600741.SH,2018-04-30,-8.4193
600741.SH,2018-05-31,15.0068
600741.SH,2018-06-30,-7.0533
600741.SH,2018-07-31,2.7594
600741.SH,2018-08-31,-12.3928
600741.SH,2018-09-30,10.1322
600741.SH,2018-10-31,-22.5333
600741.SH,2018-11-30,-2.7539
600741.SH,2018-12-31,8.5546
600741.SH,2019-01-31,9.837
600741.SH,2019-02-28,2.6719
600741.SH,2019-03-31,-1.7831
600741.SH,2019-04-30,15.4563
600741.SH,2019-05-31,-14.6621
600741.SH,2019-06-30,7.5697
600741.SH,2019-07-31,12.1552
600741.SH,2019-08-31,7.9221
600741.SH,2019-09-30,-5.7361
600741.SH,2019-10-31,6.8511
600741.SH,2019-11-30,3.2258
600741.SH,2019-12-31,0.2701
600741.SH,2020-01-31,2.7318
600741.SH,2020-02-29,5.4307
600741.SH,2020-03-31,-23.4813
600741.SH,2020-04-30,-5.2925
600741.SH,2020-05-31,-6.1275
600741.SH,2020-06-30,8.564
600741.SH,2020-07-31,5.0072
600741.SH,2020-08-31,18.4762
600741.SH,2020-09-30,0.0804
600741.SH,2020-10-31,24.9799
600741.SH,2020-11-30,0.4499
600741.SH,2020-12-31,-7.8055
600739.SH,2016-01-31,-30.885
600739.SH,2016-02-29,-1.4085
600739.SH,2016-03-31,14.4156
600739.SH,2016-04-30,-9.9319
600739.SH,2016-05-31,1.3233
600739.SH,2016-06-30,-3.1716
600739.SH,2016-07-31,-0.2569
600739.SH,2016-08-31,14.7457
600739.SH,2016-09-30,4.7699
600739.SH,2016-10-31,4.1778
600739.SH,2016-11-30,10.0771
600739.SH,2016-12-31,-16.114
600739.SH,2017-01-31,-0.9465
600739.SH,2017-02-28,-1.4615
600739.SH,2017-03-31,0.7986
600739.SH,2017-04-30,-3.1126
600739.SH,2017-05-31,-1.2266
600739.SH,2017-06-30,6.6233
600739.SH,2017-07-31,5.6018
600739.SH,2017-08-31,-1.7857
600739.SH,2017-09-30,-3.1551
600739.SH,2017-10-31,2.2087
600739.SH,2017-11-30,-6.3209
600739.SH,2017-12-31,1.4994
600739.SH,2018-01-31,0.3977
600739.SH,2018-02-28,0.1698
600739.SH,2018-03-31,1.9209
600739.SH,2018-04-30,-4.2683
600739.SH,2018-05-31,-5.8483
600739.SH,2018-06-30,-6.6421
600739.SH,2018-07-31,-1.9906
600739.SH,2018-08-31,-7.2109
600739.SH,2018-09-30,1.393
600739.SH,2018-10-31,-21.1858
600739.SH,2018-11-30,5.9633
600739.SH,2018-12-31,-9.4372
600739.SH,2019-01-31,-5.2581
600739.SH,2019-02-28,33.0979
600739.SH,2019-03-31,13.4951
600739.SH,2019-04-30,-5.4108
600739.SH,2019-05-31,-10.3107
600739.SH,2019-06-30,14.4882
600739.SH,2019-07-31,-4.1265
600739.SH,2019-08-31,-0.0717
600739.SH,2019-09-30,-5.0251
600739.SH,2019-10-31,5.9713
600739.SH,2019-11-30,3.281
600739.SH,2019-12-31,5.1796
600739.SH,2020-01-31,7.2226
600739.SH,2020-02-29,7.4709
600739.SH,2020-03-31,3.4188
600739.SH,2020-04-30,-2.9752
600739.SH,2020-05-31,-7.0982
600739.SH,2020-06-30,16.318
600739.SH,2020-07-31,47.6492
600739.SH,2020-08-31,-6.2254
600739.SH,2020-09-30,-11.1789
600739.SH,2020-10-31,-3.1357
600739.SH,2020-11-30,0.0887
600739.SH,2020-12-31,7.7537
600783.SH,2016-01-31,-39.6468
600783.SH,2016-02-29,-1.1874
600783.SH,2016-03-31,5.8369
600783.SH,2016-04-30,-8.0292
600783.SH,2016-05-31,-0.7055
600783.SH,2016-06-30,-4.0409
600783.SH,2016-07-31,0.5879
600783.SH,2016-08-31,6.3309
600783.SH,2016-09-30,4.7805
600783.SH,2016-10-31,1.6176
600783.SH,2016-11-30,4.0408
600783.SH,2016-12-31,-11.2593
600783.SH,2017-01-31,7.3828
600783.SH,2017-02-28,2.0996
600783.SH,2017-03-31,-8.1855
600783.SH,2017-04-30,-7.466
600783.SH,2017-05-31,-20.5505
600783.SH,2017-06-30,1.7324
600783.SH,2017-07-31,-4.7584
600783.SH,2017-08-31,3.6737
600783.SH,2017-09-30,9.4895
600783.SH,2017-10-31,-12.0132
600783.SH,2017-11-30,-9.1646
600783.SH,2017-12-31,5.3535
600783.SH,2018-01-31,-16.1564
600783.SH,2018-02-28,-10.101
600783.SH,2018-03-31,15.471
600783.SH,2018-04-30,-18.0389
600783.SH,2018-05-31,0.7306
600783.SH,2018-06-30,-11.9553
600783.SH,2018-07-31,2.795
600783.SH,2018-08-31,-6.0423
600783.SH,2018-09-30,9.7535
600783.SH,2018-10-31,-8.1055
600783.SH,2018-11-30,89.0542
600783.SH,2018-12-31,-11.8606
600783.SH,2019-01-31,-4.273
600783.SH,2019-02-28,56.0293
600783.SH,2019-03-31,-2.69
600783.SH,2019-04-30,-13.9096
600783.SH,2019-05-31,-1.631
600783.SH,2019-06-30,-8.1865
600783.SH,2019-07-31,-13.5875
600783.SH,2019-08-31,-12.0237
600783.SH,2019-09-30,-1.8671
600783.SH,2019-10-31,12.8615
600783.SH,2019-11-30,-12.4747
600783.SH,2019-12-31,21.2635
600783.SH,2020-01-31,-8.831
600783.SH,2020-02-29,-6.2021
600783.SH,2020-03-31,-7.4294
600783.SH,2020-04-30,10.7544
600783.SH,2020-05-31,-1.8841
600783.SH,2020-06-30,12.9985
600783.SH,2020-07-31,6.0424
600783.SH,2020-08-31,1.1801
600783.SH,2020-09-30,-10.2517
600783.SH,2020-10-31,9.5759
600783.SH,2020-11-30,4.7441
600783.SH,2020-12-31,-11.621
600795.SH,2016-01-31,-26.7176
600795.SH,2016-02-29,0.6944
600795.SH,2016-03-31,6.2069
600795.SH,2016-04-30,-4.2208
600795.SH,2016-05-31,0
600795.SH,2016-06-30,-0.678
600795.SH,2016-07-31,5.9053
600795.SH,2016-08-31,1.3378
600795.SH,2016-09-30,-2.3102
600795.SH,2016-10-31,1.6892
600795.SH,2016-11-30,8.6379
600795.SH,2016-12-31,-3.0581
600795.SH,2017-01-31,2.5237
600795.SH,2017-02-28,2.1538
600795.SH,2017-03-31,-1.8072
600795.SH,2017-04-30,3.3742
600795.SH,2017-05-31,4.451
600795.SH,2017-06-30,2.2727
600795.SH,2017-07-31,0
600795.SH,2017-08-31,0
600795.SH,2017-09-30,-4.8711
600795.SH,2017-10-31,1.8072
600795.SH,2017-11-30,0.8876
600795.SH,2017-12-31,-8.5044
600795.SH,2018-01-31,0
600795.SH,2018-02-28,-3.8462
600795.SH,2018-03-31,-1
600795.SH,2018-04-30,-4.3771
600795.SH,2018-05-31,0
600795.SH,2018-06-30,-7.7465
600795.SH,2018-07-31,9.3843
600795.SH,2018-08-31,-6.8345
600795.SH,2018-09-30,-1.5444
600795.SH,2018-10-31,-4.3137
600795.SH,2018-11-30,2.0492
600795.SH,2018-12-31,2.8112
600795.SH,2019-01-31,-6.25
600795.SH,2019-02-28,10.4167
600795.SH,2019-03-31,1.1321
600795.SH,2019-04-30,1.1194
600795.SH,2019-05-31,-7.0111
600795.SH,2019-06-30,2.3935
600795.SH,2019-07-31,0.3937
600795.SH,2019-08-31,-3.5294
600795.SH,2019-09-30,-2.8455
600795.SH,2019-10-31,-2.5105
600795.SH,2019-11-30,-3.0043
600795.SH,2019-12-31,3.5398
600795.SH,2020-01-31,-5.1282
600795.SH,2020-02-29,-5.4054
600795.SH,2020-03-31,-3.3333
600795.SH,2020-04-30,-1.9704
600795.SH,2020-05-31,-8.5427
600795.SH,2020-06-30,1.6484
600795.SH,2020-07-31,13.2667
600795.SH,2020-08-31,0.4902
600795.SH,2020-09-30,-1.4634
600795.SH,2020-10-31,-2.9703
600795.SH,2020-11-30,9.6939
600795.SH,2020-12-31,4.6512
600804.SH,2016-01-31,-29.3845
600804.SH,2016-02-29,2.5672
600804.SH,2016-03-31,23.5739
600804.SH,2016-04-30,-10.975
600804.SH,2016-05-31,-1.5873
600804.SH,2016-06-30,-1.9892
600804.SH,2016-07-31,4.5254
600804.SH,2016-08-31,8.7348
600804.SH,2016-09-30,2.1422
600804.SH,2016-10-31,5.1478
600804.SH,2016-11-30,8.2502
600804.SH,2016-12-31,-8.1658
600804.SH,2017-01-31,4.6056
600804.SH,2017-02-28,-10.2877
600804.SH,2017-03-31,-4.1302
600804.SH,2017-04-30,0.5575
600804.SH,2017-05-31,-16.1794
600804.SH,2017-06-30,6.7348
600804.SH,2017-07-31,-4.0611
600804.SH,2017-08-31,3.0824
600804.SH,2017-09-30,13.916
600804.SH,2017-10-31,-1.4639
600804.SH,2017-11-30,0.9734
600804.SH,2017-12-31,-13.5972
600804.SH,2018-01-31,-3.1122
600804.SH,2018-02-28,-24.1212
600804.SH,2018-03-31,20.1278
600804.SH,2018-04-30,-8.0452
600804.SH,2018-05-31,11.9306
600804.SH,2018-06-30,-22.4806
600804.SH,2018-07-31,-2.5477
600804.SH,2018-08-31,-3.209
600804.SH,2018-09-30,-6.0036
600804.SH,2018-10-31,-31.8398
600804.SH,2018-11-30,14.4056
600804.SH,2018-12-31,-14.0587
600804.SH,2019-01-31,8.1081
600804.SH,2019-02-28,27.8947
600804.SH,2019-03-31,8.9506
600804.SH,2019-04-30,-10.3872
600804.SH,2019-05-31,-14.7524
600804.SH,2019-06-30,-7.0457
600804.SH,2019-07-31,-2.7926
600804.SH,2019-08-31,-10.5335
600804.SH,2019-09-30,1.8349
600804.SH,2019-10-31,-2.2523
600804.SH,2019-11-30,-8.1413
600804.SH,2019-12-31,2.3411
600804.SH,2020-01-31,-11.2745
600804.SH,2020-02-29,30.7551
600804.SH,2020-03-31,-18.169
600804.SH,2020-04-30,22.3752
600804.SH,2020-05-31,-4.5007
600804.SH,2020-06-30,32.2533
600804.SH,2020-07-31,2.2272
600804.SH,2020-08-31,4.0305
600804.SH,2020-09-30,-19.0576
600804.SH,2020-10-31,-12.5485
600804.SH,2020-11-30,15.8284
600804.SH,2020-12-31,-14.1762
600820.SH,2016-01-31,-25.7519
600820.SH,2016-02-29,-6.2025
600820.SH,2016-03-31,11.2011
600820.SH,2016-04-30,10.6796
600820.SH,2016-05-31,-5.3728
600820.SH,2016-06-30,-1.0004
600820.SH,2016-07-31,10.4887
600820.SH,2016-08-31,5.7174
600820.SH,2016-09-30,-0.9184
600820.SH,2016-10-31,5.7673
600820.SH,2016-11-30,2.0448
600820.SH,2016-12-31,5.0573
600820.SH,2017-01-31,1.7257
600820.SH,2017-02-28,4.7321
600820.SH,2017-03-31,-10.9122
600820.SH,2017-04-30,-2.0096
600820.SH,2017-05-31,-6.25
600820.SH,2017-06-30,5.2083
600820.SH,2017-07-31,-3.8891
600820.SH,2017-08-31,6.0733
600820.SH,2017-09-30,-4.3435
600820.SH,2017-10-31,-1.548
600820.SH,2017-11-30,-6.2893
600820.SH,2017-12-31,-6.4877
600820.SH,2018-01-31,-1.1962
600820.SH,2018-02-28,-7.9903
600820.SH,2018-03-31,-4.7368
600820.SH,2018-04-30,-3.5912
600820.SH,2018-05-31,0.2865
600820.SH,2018-06-30,-15.5714
600820.SH,2018-07-31,10.9655
600820.SH,2018-08-31,-5.3459
600820.SH,2018-09-30,1.495
600820.SH,2018-10-31,-6.7103
600820.SH,2018-11-30,1.7544
600820.SH,2018-12-31,7.931
600820.SH,2019-01-31,2.8754
600820.SH,2019-02-28,11.8012
600820.SH,2019-03-31,1.9444
600820.SH,2019-04-30,-5.9946
600820.SH,2019-05-31,-7.2464
600820.SH,2019-06-30,1.5578
600820.SH,2019-07-31,-2.2187
600820.SH,2019-08-31,-4.0519
600820.SH,2019-09-30,-0.5068
600820.SH,2019-10-31,-1.1885
600820.SH,2019-11-30,1.0309
600820.SH,2019-12-31,2.7211
600820.SH,2020-01-31,-3.6424
600820.SH,2020-02-29,-3.7801
600820.SH,2020-03-31,-1.25
600820.SH,2020-04-30,3.4358
600820.SH,2020-05-31,9.4406
600820.SH,2020-06-30,-6.4424
600820.SH,2020-07-31,6.5487
600820.SH,2020-08-31,-0.6645
600820.SH,2020-09-30,-6.0201
600820.SH,2020-10-31,-0.7117
600820.SH,2020-11-30,3.5842
600820.SH,2020-12-31,-6.4014
600837.SH,2016-01-31,-23.4513
600837.SH,2016-02-29,2.3947
600837.SH,2016-03-31,15.2419
600837.SH,2016-04-30,5.1784
600837.SH,2016-05-31,5.4558
600837.SH,2016-06-30,-2.7129
600837.SH,2016-07-31,1.7509
600837.SH,2016-08-31,3.8008
600837.SH,2016-09-30,0.4419
600837.SH,2016-10-31,2.3256
600837.SH,2016-11-30,2.9484
600837.SH,2016-12-31,-6.0263
600837.SH,2017-01-31,3.0476
600837.SH,2017-02-28,-3.4504
600837.SH,2017-03-31,-6.8283
600837.SH,2017-04-30,1.7123
600837.SH,2017-05-31,3.0303
600837.SH,2017-06-30,-2.9412
600837.SH,2017-07-31,1.6262
600837.SH,2017-08-31,2.8245
600837.SH,2017-09-30,-3.3355
600837.SH,2017-10-31,-2.0298
600837.SH,2017-11-30,-1.3122
600837.SH,2017-12-31,-9.937
600837.SH,2018-01-31,7.5369
600837.SH,2018-02-28,-12.5723
600837.SH,2018-03-31,-5.0413
600837.SH,2018-04-30,-0.6963
600837.SH,2018-05-31,-8.1507
600837.SH,2018-06-30,-9.6374
600837.SH,2018-07-31,0
600837.SH,2018-08-31,-7.2511
600837.SH,2018-09-30,4.5508
600837.SH,2018-10-31,5.1339
600837.SH,2018-11-30,0.2123
600837.SH,2018-12-31,-6.7797
600837.SH,2019-01-31,14.5455
600837.SH,2019-02-28,26.0913
600837.SH,2019-03-31,10.3855
600837.SH,2019-04-30,-0.3564
600837.SH,2019-05-31,-13.4478
600837.SH,2019-06-30,17.2727
600837.SH,2019-07-31,-1.2708
600837.SH,2019-08-31,-1.443
600837.SH,2019-09-30,4.6852
600837.SH,2019-10-31,-1.3986
600837.SH,2019-11-30,-2.5532
600837.SH,2019-12-31,12.5182
600837.SH,2020-01-31,-5.8862
600837.SH,2020-02-29,-2.3368
600837.SH,2020-03-31,-9.6411
600837.SH,2020-04-30,0.3894
600837.SH,2020-05-31,-10.3957
600837.SH,2020-06-30,8.9177
600837.SH,2020-07-31,12.0827
600837.SH,2020-08-31,7.5887
600837.SH,2020-09-30,-6.7238
600837.SH,2020-10-31,-0.7774
600837.SH,2020-11-30,-1.8173
600837.SH,2020-12-31,-4.7407
600827.SH,2016-01-31,-28.0358
600827.SH,2016-02-29,-5.521
600827.SH,2016-03-31,16.4609
600827.SH,2016-04-30,-6.9258
600827.SH,2016-05-31,-5.3151
600827.SH,2016-06-30,-3.1275
600827.SH,2016-07-31,6.2914
600827.SH,2016-08-31,3.7383
600827.SH,2016-09-30,-6.4565
600827.SH,2016-10-31,3.6116
600827.SH,2016-11-30,1.7041
600827.SH,2016-12-31,9.3679
600827.SH,2017-01-31,5.5014
600827.SH,2017-02-28,21.4521
600827.SH,2017-03-31,-12.1739
600827.SH,2017-04-30,-4.8886
600827.SH,2017-05-31,-0.3904
600827.SH,2017-06-30,6.1398
600827.SH,2017-07-31,-7.2
600827.SH,2017-08-31,2.0275
600827.SH,2017-09-30,-0.1974
600827.SH,2017-10-31,5.4713
600827.SH,2017-11-30,-16.9375
600827.SH,2017-12-31,1.5049
600827.SH,2018-01-31,-3.1134
600827.SH,2018-02-28,-11.4002
600827.SH,2018-03-31,-5.9585
600827.SH,2018-04-30,-6.6116
600827.SH,2018-05-31,17.6008
600827.SH,2018-06-30,-14.7157
600827.SH,2018-07-31,0.4353
600827.SH,2018-08-31,-9.3439
600827.SH,2018-09-30,1.2061
600827.SH,2018-10-31,-10.5092
600827.SH,2018-11-30,5.2058
600827.SH,2018-12-31,-2.7618
600827.SH,2019-01-31,2.9586
600827.SH,2019-02-28,11.2644
600827.SH,2019-03-31,5.062
600827.SH,2019-04-30,0.59
600827.SH,2019-05-31,-8.5044
600827.SH,2019-06-30,4.8077
600827.SH,2019-07-31,-5.6065
600827.SH,2019-08-31,-2.0925
600827.SH,2019-09-30,-1.2373
600827.SH,2019-10-31,0
600827.SH,2019-11-30,0.2278
600827.SH,2019-12-31,2.0455
600827.SH,2020-01-31,-6.7929
600827.SH,2020-02-29,-9.319
600827.SH,2020-03-31,2.7668
600827.SH,2020-04-30,1.5385
600827.SH,2020-05-31,23.3586
600827.SH,2020-06-30,47.9017
600827.SH,2020-07-31,37.6471
600827.SH,2020-08-31,-20.5592
600827.SH,2020-09-30,8.3333
600827.SH,2020-10-31,-15.6782
600827.SH,2020-11-30,-8.6351
600827.SH,2020-12-31,11.2805
600839.SH,2016-01-31,-37.8238
600839.SH,2016-02-29,-2.7778
600839.SH,2016-03-31,13.7143
600839.SH,2016-04-30,-7.7889
600839.SH,2016-05-31,35.4223
600839.SH,2016-06-30,-11.0664
600839.SH,2016-07-31,1.3575
600839.SH,2016-08-31,2.0089
600839.SH,2016-09-30,-6.7834
600839.SH,2016-10-31,0.7042
600839.SH,2016-11-30,8.8578
600839.SH,2016-12-31,-10.4925
600839.SH,2017-01-31,4.067
600839.SH,2017-02-28,1.6092
600839.SH,2017-03-31,-4.2986
600839.SH,2017-04-30,-10.6383
600839.SH,2017-05-31,-10.582
600839.SH,2017-06-30,7.1006
600839.SH,2017-07-31,3.092
600839.SH,2017-08-31,-1.355
600839.SH,2017-09-30,-3.5714
600839.SH,2017-10-31,5.9829
600839.SH,2017-11-30,-0.5376
600839.SH,2017-12-31,-5.9459
600839.SH,2018-01-31,-4.3103
600839.SH,2018-02-28,-7.5075
600839.SH,2018-03-31,1.6234
600839.SH,2018-04-30,-3.1949
600839.SH,2018-05-31,-1.6502
600839.SH,2018-06-30,-4.0268
600839.SH,2018-07-31,2.7972
600839.SH,2018-08-31,-7.1453
600839.SH,2018-09-30,-1.1029
600839.SH,2018-10-31,-11.1524
600839.SH,2018-11-30,2.9289
600839.SH,2018-12-31,-6.0976
600839.SH,2019-01-31,1.7316
600839.SH,2019-02-28,21.7021
600839.SH,2019-03-31,24.4755
600839.SH,2019-04-30,-8.9888
600839.SH,2019-05-31,-4.9383
600839.SH,2019-06-30,-4.2208
600839.SH,2019-07-31,0.339
600839.SH,2019-08-31,-7.755
600839.SH,2019-09-30,-1.107
600839.SH,2019-10-31,-2.2388
600839.SH,2019-11-30,2.2901
600839.SH,2019-12-31,8.5821
600839.SH,2020-01-31,-9.2784
600839.SH,2020-02-29,19.3182
600839.SH,2020-03-31,-13.9683
600839.SH,2020-04-30,-3.69
600839.SH,2020-05-31,0.3831
600839.SH,2020-06-30,9.542
600839.SH,2020-07-31,4.878
600839.SH,2020-08-31,5.2868
600839.SH,2020-09-30,-9.1772
600839.SH,2020-10-31,-4.878
600839.SH,2020-11-30,6.5934
600839.SH,2020-12-31,-0.3436
600867.SH,2016-01-31,-15.311
600867.SH,2016-02-29,0.4346
600867.SH,2016-03-31,4.5435
600867.SH,2016-04-30,4.4702
600867.SH,2016-05-31,-1.2678
600867.SH,2016-06-30,0.4181
600867.SH,2016-07-31,7.1532
600867.SH,2016-08-31,3.3378
600867.SH,2016-09-30,-0.8293
600867.SH,2016-10-31,3.9173
600867.SH,2016-11-30,-2.9648
600867.SH,2016-12-31,-4.2776
600867.SH,2017-01-31,-4.788
600867.SH,2017-02-28,2.6341
600867.SH,2017-03-31,-5.273
600867.SH,2017-04-30,6.4532
600867.SH,2017-05-31,-5.1828
600867.SH,2017-06-30,7.8904
600867.SH,2017-07-31,-6.0307
600867.SH,2017-08-31,7.818
600867.SH,2017-09-30,4.4372
600867.SH,2017-10-31,12.0207
600867.SH,2017-11-30,4.4403
600867.SH,2017-12-31,1.3729
600867.SH,2018-01-31,-0.3495
600867.SH,2018-02-28,2.4989
600867.SH,2018-03-31,14.3713
600867.SH,2018-04-30,7.7038
600867.SH,2018-05-31,10.2381
600867.SH,2018-06-30,-8.8246
600867.SH,2018-07-31,-9.0947
600867.SH,2018-08-31,-20.4681
600867.SH,2018-09-30,4.674
600867.SH,2018-10-31,-26.2404
600867.SH,2018-11-30,10.9865
600867.SH,2018-12-31,-6.3973
600867.SH,2019-01-31,-19.4245
600867.SH,2019-02-28,30.2679
600867.SH,2019-03-31,18.9856
600867.SH,2019-04-30,-8.9862
600867.SH,2019-05-31,-4.2273
600867.SH,2019-06-30,3.2172
600867.SH,2019-07-31,2.013
600867.SH,2019-08-31,10.8848
600867.SH,2019-09-30,0.4592
600867.SH,2019-10-31,-8.6286
600867.SH,2019-11-30,-17.0106
600867.SH,2019-12-31,-4.6722
600867.SH,2020-01-31,-3.8735
600867.SH,2020-02-29,-6.25
600867.SH,2020-03-31,-6.9298
600867.SH,2020-04-30,19.5099
600867.SH,2020-05-31,26.6093
600867.SH,2020-06-30,10.0379
600867.SH,2020-07-31,-21.3425
600867.SH,2020-08-31,3.7929
600867.SH,2020-09-30,-4.357
600867.SH,2020-10-31,5.2168
600867.SH,2020-11-30,-5.6564
600867.SH,2020-12-31,-0.9623
600863.SH,2016-01-31,-29.0828
600863.SH,2016-02-29,-0.9464
600863.SH,2016-03-31,10.1911
600863.SH,2016-04-30,-6.9364
600863.SH,2016-05-31,-4.0373
600863.SH,2016-06-30,-2.2654
600863.SH,2016-07-31,3.2668
600863.SH,2016-08-31,3.5948
600863.SH,2016-09-30,-3.1546
600863.SH,2016-10-31,2.9316
600863.SH,2016-11-30,3.7975
600863.SH,2016-12-31,-6.0976
600863.SH,2017-01-31,0.974
600863.SH,2017-02-28,5.1447
600863.SH,2017-03-31,2.4465
600863.SH,2017-04-30,-0.8955
600863.SH,2017-05-31,-9.0361
600863.SH,2017-06-30,-0.3311
600863.SH,2017-07-31,9.3064
600863.SH,2017-08-31,-1.2232
600863.SH,2017-09-30,-4.3344
600863.SH,2017-10-31,-1.6181
600863.SH,2017-11-30,-1.9737
600863.SH,2017-12-31,-0.3356
600863.SH,2018-01-31,-2.0202
600863.SH,2018-02-28,-5.4983
600863.SH,2018-03-31,-1.4545
600863.SH,2018-04-30,-4.428
600863.SH,2018-05-31,-0.7722
600863.SH,2018-06-30,-11.6732
600863.SH,2018-07-31,6.6024
600863.SH,2018-08-31,-6.2762
600863.SH,2018-09-30,0.8929
600863.SH,2018-10-31,-7.0796
600863.SH,2018-11-30,4.7619
600863.SH,2018-12-31,5
600863.SH,2019-01-31,0.8658
600863.SH,2019-02-28,27.0386
600863.SH,2019-03-31,-1.0135
600863.SH,2019-04-30,8.5324
600863.SH,2019-05-31,-8.1761
600863.SH,2019-06-30,7.5342
600863.SH,2019-07-31,0.3185
600863.SH,2019-08-31,2.192
600863.SH,2019-09-30,-4.4872
600863.SH,2019-10-31,-7.3826
600863.SH,2019-11-30,-6.1594
600863.SH,2019-12-31,6.1776
600863.SH,2020-01-31,-7.6364
600863.SH,2020-02-29,11.0236
600863.SH,2020-03-31,-8.5106
600863.SH,2020-04-30,-1.938
600863.SH,2020-05-31,0.7905
600863.SH,2020-06-30,-3.5294
600863.SH,2020-07-31,8.1511
600863.SH,2020-08-31,3.5573
600863.SH,2020-09-30,-2.2901
600863.SH,2020-10-31,0.3906
600863.SH,2020-11-30,1.1673
600863.SH,2020-12-31,-1.1538
600873.SH,2016-01-31,0
600873.SH,2016-02-29,0
600873.SH,2016-03-31,0
600873.SH,2016-04-30,0
600873.SH,2016-05-31,-24.7265
600873.SH,2016-06-30,-8.2896
600873.SH,2016-07-31,2.0934
600873.SH,2016-08-31,-0.4732
600873.SH,2016-09-30,-4.5959
600873.SH,2016-10-31,4.3189
600873.SH,2016-11-30,10.3503
600873.SH,2016-12-31,-5.9163
600873.SH,2017-01-31,4.4479
600873.SH,2017-02-28,1.909
600873.SH,2017-03-31,5.4755
600873.SH,2017-04-30,-4.8489
600873.SH,2017-05-31,-16.6168
600873.SH,2017-06-30,1.7953
600873.SH,2017-07-31,9.3474
600873.SH,2017-08-31,0.1613
600873.SH,2017-09-30,3.0596
600873.SH,2017-10-31,-9.0625
600873.SH,2017-11-30,-4.1237
600873.SH,2017-12-31,-7.5269
600873.SH,2018-01-31,6.2016
600873.SH,2018-02-28,-7.6642
600873.SH,2018-03-31,2.1739
600873.SH,2018-04-30,-8.1238
600873.SH,2018-05-31,1.6842
600873.SH,2018-06-30,-13.4576
600873.SH,2018-07-31,5.9065
600873.SH,2018-08-31,-1.9465
600873.SH,2018-09-30,0.4963
600873.SH,2018-10-31,-2.2222
600873.SH,2018-11-30,3.7879
600873.SH,2018-12-31,2.6764
600873.SH,2019-01-31,3.3175
600873.SH,2019-02-28,12.844
600873.SH,2019-03-31,5.6911
600873.SH,2019-04-30,-0.7692
600873.SH,2019-05-31,-8.7209
600873.SH,2019-06-30,1.6985
600873.SH,2019-07-31,0.2088
600873.SH,2019-08-31,-0.4568
600873.SH,2019-09-30,-2.4831
600873.SH,2019-10-31,-3.2407
600873.SH,2019-11-30,-0.9569
600873.SH,2019-12-31,7.4879
600873.SH,2020-01-31,-3.5955
600873.SH,2020-02-29,1.8648
600873.SH,2020-03-31,0.9153
600873.SH,2020-04-30,3.4014
600873.SH,2020-05-31,-4.1667
600873.SH,2020-06-30,9.8661
600873.SH,2020-07-31,30.837
600873.SH,2020-08-31,2.6936
600873.SH,2020-09-30,-14.2623
600873.SH,2020-10-31,-0.956
600873.SH,2020-11-30,4.6332
600873.SH,2020-12-31,-14.0221
600875.SH,2016-01-31,-22.4505
600875.SH,2016-02-29,-5.298
600875.SH,2016-03-31,12.0879
600875.SH,2016-04-30,-7.9323
600875.SH,2016-05-31,-2.5169
600875.SH,2016-06-30,-2.4826
600875.SH,2016-07-31,1.1086
600875.SH,2016-08-31,0.9119
600875.SH,2016-09-30,-3.6145
600875.SH,2016-10-31,1.25
600875.SH,2016-11-30,5.4527
600875.SH,2016-12-31,5.2683
600875.SH,2017-01-31,0
600875.SH,2017-02-28,0
600875.SH,2017-03-31,-7.0436
600875.SH,2017-04-30,-5.2841
600875.SH,2017-05-31,-1.2632
600875.SH,2017-06-30,2.1322
600875.SH,2017-07-31,10.334
600875.SH,2017-08-31,1.2299
600875.SH,2017-09-30,-2.5234
600875.SH,2017-10-31,3.4516
600875.SH,2017-11-30,-2.595
600875.SH,2017-12-31,6.8506
600875.SH,2018-01-31,2.5824
600875.SH,2018-02-28,-17.6215
600875.SH,2018-03-31,-4.9526
600875.SH,2018-04-30,-1.663
600875.SH,2018-05-31,-3.044
600875.SH,2018-06-30,-13.8372
600875.SH,2018-07-31,1.0796
600875.SH,2018-08-31,-4.5394
600875.SH,2018-09-30,8.8112
600875.SH,2018-10-31,-7.1979
600875.SH,2018-11-30,5.5402
600875.SH,2018-12-31,3.5433
600875.SH,2019-01-31,17.3638
600875.SH,2019-02-28,6.4795
600875.SH,2019-03-31,7.6065
600875.SH,2019-04-30,12.7238
600875.SH,2019-05-31,-13.8796
600875.SH,2019-06-30,3.1068
600875.SH,2019-07-31,-4.3315
600875.SH,2019-08-31,-6.4926
600875.SH,2019-09-30,-1.9169
600875.SH,2019-10-31,-4.0174
600875.SH,2019-11-30,0.5656
600875.SH,2019-12-31,3.3746
600875.SH,2020-01-31,-3.3732
600875.SH,2020-02-29,4.1667
600875.SH,2020-03-31,-8.7568
600875.SH,2020-04-30,2.0142
600875.SH,2020-05-31,1.7422
600875.SH,2020-06-30,1.0274
600875.SH,2020-07-31,17.0621
600875.SH,2020-08-31,-1.4401
600875.SH,2020-09-30,1.4985
600875.SH,2020-10-31,4.3307
600875.SH,2020-11-30,0.1887
600875.SH,2020-12-31,-6.1205
600886.SH,2016-01-31,-25.8683
600886.SH,2016-02-29,-0.8078
600886.SH,2016-03-31,12.3779
600886.SH,2016-04-30,-5.2174
600886.SH,2016-05-31,1.5291
600886.SH,2016-06-30,-0.6024
600886.SH,2016-07-31,11.7642
600886.SH,2016-08-31,-1.8388
600886.SH,2016-09-30,-5.7637
600886.SH,2016-10-31,0.3058
600886.SH,2016-11-30,6.4024
600886.SH,2016-12-31,-4.4413
600886.SH,2017-01-31,3.1484
600886.SH,2017-02-28,2.1802
600886.SH,2017-03-31,7.1124
600886.SH,2017-04-30,-0.5312
600886.SH,2017-05-31,4.1389
600886.SH,2017-06-30,1.2821
600886.SH,2017-07-31,4.3038
600886.SH,2017-08-31,-7.3264
600886.SH,2017-09-30,-1.3441
600886.SH,2017-10-31,2.1798
600886.SH,2017-11-30,0.2667
600886.SH,2017-12-31,-2.3936
600886.SH,2018-01-31,-2.0436
600886.SH,2018-02-28,-4.3115
600886.SH,2018-03-31,3.343
600886.SH,2018-04-30,-4.2194
600886.SH,2018-05-31,10.7195
600886.SH,2018-06-30,-3.5809
600886.SH,2018-07-31,7.4278
600886.SH,2018-08-31,-3.4948
600886.SH,2018-09-30,4.2062
600886.SH,2018-10-31,-7.4219
600886.SH,2018-11-30,2.6723
600886.SH,2018-12-31,10.274
600886.SH,2019-01-31,0.9938
600886.SH,2019-02-28,-0.615
600886.SH,2019-03-31,2.7228
600886.SH,2019-04-30,-2.5301
600886.SH,2019-05-31,-2.7194
600886.SH,2019-06-30,-1.2706
600886.SH,2019-07-31,12.5278
600886.SH,2019-08-31,13.7324
600886.SH,2019-09-30,-7.0175
600886.SH,2019-10-31,-7.4362
600886.SH,2019-11-30,0.3597
600886.SH,2019-12-31,9.6774
600886.SH,2020-01-31,-11.1111
600886.SH,2020-02-29,-7.3529
600886.SH,2020-03-31,5.0265
600886.SH,2020-04-30,-3.1486
600886.SH,2020-05-31,-1.8205
600886.SH,2020-06-30,4.106
600886.SH,2020-07-31,9.6692
600886.SH,2020-08-31,8.104
600886.SH,2020-09-30,-0.4415
600886.SH,2020-10-31,2.439
600886.SH,2020-11-30,2.4892
600886.SH,2020-12-31,-8.7645
600895.SH,2016-01-31,-37.3222
600895.SH,2016-02-29,0.9961
600895.SH,2016-03-31,19.726
600895.SH,2016-04-30,-7.2311
600895.SH,2016-05-31,-6.3148
600895.SH,2016-06-30,-4.1569
600895.SH,2016-07-31,-0.1106
600895.SH,2016-08-31,9.3023
600895.SH,2016-09-30,-7.6494
600895.SH,2016-10-31,0.9874
600895.SH,2016-11-30,0.7061
600895.SH,2016-12-31,-4.4229
600895.SH,2017-01-31,-1.7494
600895.SH,2017-02-28,4.4227
600895.SH,2017-03-31,-5.1155
600895.SH,2017-04-30,-5.913
600895.SH,2017-05-31,-0.4313
600895.SH,2017-06-30,5.4085
600895.SH,2017-07-31,0.1185
600895.SH,2017-08-31,2.1893
600895.SH,2017-09-30,-2.8952
600895.SH,2017-10-31,3.6971
600895.SH,2017-11-30,-9.0857
600895.SH,2017-12-31,-9.5509
600895.SH,2018-01-31,-0.6294
600895.SH,2018-02-28,-14.7783
600895.SH,2018-03-31,11.2304
600895.SH,2018-04-30,-3.1923
600895.SH,2018-05-31,-1.227
600895.SH,2018-06-30,-10.7143
600895.SH,2018-07-31,-3.1111
600895.SH,2018-08-31,-9.6014
600895.SH,2018-09-30,0.2004
600895.SH,2018-10-31,-11.5
600895.SH,2018-11-30,67.5706
600895.SH,2018-12-31,0.8092
600895.SH,2019-01-31,-7.6923
600895.SH,2019-02-28,36.8116
600895.SH,2019-03-31,20.286
600895.SH,2019-04-30,-10.8763
600895.SH,2019-05-31,-1.2352
600895.SH,2019-06-30,2.6513
600895.SH,2019-07-31,-15.3219
600895.SH,2019-08-31,-8.5119
600895.SH,2019-09-30,-1.8987
600895.SH,2019-10-31,4.3871
600895.SH,2019-11-30,-12.1137
600895.SH,2019-12-31,7.6653
600895.SH,2020-01-31,-5.2907
600895.SH,2020-02-29,-11.1034
600895.SH,2020-03-31,-5.896
600895.SH,2020-04-30,9.8104
600895.SH,2020-05-31,17.1922
600895.SH,2020-06-30,30.4933
600895.SH,2020-07-31,-0.592
600895.SH,2020-08-31,9.7367
600895.SH,2020-09-30,-14.124
600895.SH,2020-10-31,-0.3163
600895.SH,2020-11-30,-1.4278
600895.SH,2020-12-31,-8.5837
600887.SH,2016-01-31,-18.8071
600887.SH,2016-02-29,-2.6237
600887.SH,2016-03-31,12.1632
600887.SH,2016-04-30,3.1572
600887.SH,2016-05-31,5.6165
600887.SH,2016-06-30,8.1765
600887.SH,2016-07-31,11.2178
600887.SH,2016-08-31,-9.1154
600887.SH,2016-09-30,-4.3917
600887.SH,2016-10-31,11.6698
600887.SH,2016-11-30,9.95
600887.SH,2016-12-31,-11.0212
600887.SH,2017-01-31,4.6023
600887.SH,2017-02-28,-1.9011
600887.SH,2017-03-31,4.7065
600887.SH,2017-04-30,-3.4373
600887.SH,2017-05-31,9.877
600887.SH,2017-06-30,11.2313
600887.SH,2017-07-31,-4.4465
600887.SH,2017-08-31,13.0393
600887.SH,2017-09-30,17.9245
600887.SH,2017-10-31,7.4545
600887.SH,2017-11-30,-2.9442
600887.SH,2017-12-31,12.2385
600887.SH,2018-01-31,5.9335
600887.SH,2018-02-28,-4.8387
600887.SH,2018-03-31,-12.2034
600887.SH,2018-04-30,-7.7571
600887.SH,2018-05-31,18.0746
600887.SH,2018-06-30,-7.9757
600887.SH,2018-07-31,-5.233
600887.SH,2018-08-31,-8.472
600887.SH,2018-09-30,6.1157
600887.SH,2018-10-31,-14.0187
600887.SH,2018-11-30,7.9257
600887.SH,2018-12-31,-3.9866
600887.SH,2019-01-31,5.6818
600887.SH,2019-02-28,11.828
600887.SH,2019-03-31,7.6553
600887.SH,2019-04-30,9.0561
600887.SH,2019-05-31,-3.1935
600887.SH,2019-06-30,11.3296
600887.SH,2019-07-31,-6.6148
600887.SH,2019-08-31,-8.1731
600887.SH,2019-09-30,-0.4538
600887.SH,2019-10-31,1.683
600887.SH,2019-11-30,0.3103
600887.SH,2019-12-31,6.3596
600887.SH,2020-01-31,-0.9696
600887.SH,2020-02-29,-5.6462
600887.SH,2020-03-31,3.2861
600887.SH,2020-04-30,-2.0764
600887.SH,2020-05-31,-2.7018
600887.SH,2020-06-30,12.4002
600887.SH,2020-07-31,17.6678
600887.SH,2020-08-31,14.4963
600887.SH,2020-09-30,-8.2022
600887.SH,2020-10-31,3.1948
600887.SH,2020-11-30,-4.883
600887.SH,2020-12-31,17.412
600893.SH,2016-01-31,-20.6973
600893.SH,2016-02-29,-1.8762
600893.SH,2016-03-31,12.6998
600893.SH,2016-04-30,-7.7741
600893.SH,2016-05-31,-7.3037
600893.SH,2016-06-30,2.6363
600893.SH,2016-07-31,1.7803
600893.SH,2016-08-31,7.7164
600893.SH,2016-09-30,-9.3048
600893.SH,2016-10-31,2.0111
600893.SH,2016-11-30,0.1143
600893.SH,2016-12-31,-6.5639
600893.SH,2017-01-31,6.0171
600893.SH,2017-02-28,-3.4572
600893.SH,2017-03-31,0.4775
600893.SH,2017-04-30,2.4389
600893.SH,2017-05-31,-28.5007
600893.SH,2017-06-30,11.1564
600893.SH,2017-07-31,6.1538
600893.SH,2017-08-31,1.3458
600893.SH,2017-09-30,6.4692
600893.SH,2017-10-31,-2.7502
600893.SH,2017-11-30,-9.8652
600893.SH,2017-12-31,-1.8242
600893.SH,2018-01-31,-7.4322
600893.SH,2018-02-28,4.0145
600893.SH,2018-03-31,9.0699
600893.SH,2018-04-30,-5.0955
600893.SH,2018-05-31,-10.2908
600893.SH,2018-06-30,-6.7213
600893.SH,2018-07-31,6.7652
600893.SH,2018-08-31,-1.0071
600893.SH,2018-09-30,1.9924
600893.SH,2018-10-31,-5.2785
600893.SH,2018-11-30,3.0276
600893.SH,2018-12-31,-7.4957
600893.SH,2019-01-31,1.2891
600893.SH,2019-02-28,14.7273
600893.SH,2019-03-31,4.5959
600893.SH,2019-04-30,-7.9167
600893.SH,2019-05-31,-3.331
600893.SH,2019-06-30,-2.7825
600893.SH,2019-07-31,3.4786
600893.SH,2019-08-31,0.2553
600893.SH,2019-09-30,-7.1732
600893.SH,2019-10-31,-3.3379
600893.SH,2019-11-30,-4.0681
600893.SH,2019-12-31,6.9034
600893.SH,2020-01-31,-0.4151
600893.SH,2020-02-29,6.994
600893.SH,2020-03-31,-8.2251
600893.SH,2020-04-30,16.7453
600893.SH,2020-05-31,-2.8283
600893.SH,2020-06-30,-2.3701
600893.SH,2020-07-31,57.7045
600893.SH,2020-08-31,21.074
600893.SH,2020-09-30,-7.5941
600893.SH,2020-10-31,-11.4182
600893.SH,2020-11-30,24.0285
600893.SH,2020-12-31,30.9576
600900.SH,2016-01-31,-10.6932
600900.SH,2016-02-29,-5.8629
600900.SH,2016-03-31,7.7193
600900.SH,2016-04-30,0.4072
600900.SH,2016-05-31,1.0543
600900.SH,2016-06-30,0.2408
600900.SH,2016-07-31,8.9932
600900.SH,2016-08-31,4.1541
600900.SH,2016-09-30,-3.5533
600900.SH,2016-10-31,1.1278
600900.SH,2016-11-30,-0.8178
600900.SH,2016-12-31,-5.0975
600900.SH,2017-01-31,2.9226
600900.SH,2017-02-28,-0.4605
600900.SH,2017-03-31,2.313
600900.SH,2017-04-30,4.6722
600900.SH,2017-05-31,6.6235
600900.SH,2017-06-30,3.8488
600900.SH,2017-07-31,3.7371
600900.SH,2017-08-31,-1.5122
600900.SH,2017-09-30,0.6008
600900.SH,2017-10-31,5.574
600900.SH,2017-11-30,3.4569
600900.SH,2017-12-31,-5.2855
600900.SH,2018-01-31,1.9885
600900.SH,2018-02-28,3.5849
600900.SH,2018-03-31,-2.7322
600900.SH,2018-04-30,0.5618
600900.SH,2018-05-31,6.2073
600900.SH,2018-06-30,-1.8893
600900.SH,2018-07-31,4.3371
600900.SH,2018-08-31,-6.057
600900.SH,2018-09-30,3.5398
600900.SH,2018-10-31,-4.7009
600900.SH,2018-11-30,-8.0717
600900.SH,2018-12-31,10.662
600900.SH,2019-01-31,3.4635
600900.SH,2019-02-28,-0.7912
600900.SH,2019-03-31,3.4969
600900.SH,2019-04-30,0
600900.SH,2019-05-31,4.9793
600900.SH,2019-06-30,1.0728
600900.SH,2019-07-31,8.6657
600900.SH,2019-08-31,-0.5342
600900.SH,2019-09-30,-2.0945
600900.SH,2019-10-31,-2.0296
600900.SH,2019-11-30,1.5118
600900.SH,2019-12-31,1.3789
600900.SH,2020-01-31,-6.6921
600900.SH,2020-02-29,-0.6997
600900.SH,2020-03-31,1.5267
600900.SH,2020-04-30,0.9254
600900.SH,2020-05-31,-0.3438
600900.SH,2020-06-30,8.9132
600900.SH,2020-07-31,0.5652
600900.SH,2020-08-31,5.0626
600900.SH,2020-09-30,-0.8808
600900.SH,2020-10-31,-0.8887
600900.SH,2020-11-30,6.0654
600900.SH,2020-12-31,-4.724
600958.SH,2016-01-31,-21.9407
600958.SH,2016-02-29,-5.0055
600958.SH,2016-03-31,17.6028
600958.SH,2016-04-30,-11.029
600958.SH,2016-05-31,-1.9923
600958.SH,2016-06-30,-3.115
600958.SH,2016-07-31,-2.0226
600958.SH,2016-08-31,1.275
600958.SH,2016-09-30,-5.0959
600958.SH,2016-10-31,0.8212
600958.SH,2016-11-30,6.5789
600958.SH,2016-12-31,-8.7008
600958.SH,2017-01-31,-2.0605
600958.SH,2017-02-28,0.4602
600958.SH,2017-03-31,-3.9267
600958.SH,2017-04-30,-0.8856
600958.SH,2017-05-31,-4.6048
600958.SH,2017-06-30,0.2161
600958.SH,2017-07-31,17.757
600958.SH,2017-08-31,3.576
600958.SH,2017-09-30,-4.4616
600958.SH,2017-10-31,-5.1681
600958.SH,2017-11-30,2.4294
600958.SH,2017-12-31,-11.1538
600958.SH,2018-01-31,4.6898
600958.SH,2018-02-28,-7.5121
600958.SH,2018-03-31,-7.5261
600958.SH,2018-04-30,-2.0145
600958.SH,2018-05-31,-11.4309
600958.SH,2018-06-30,-15.2275
600958.SH,2018-07-31,2.2548
600958.SH,2018-08-31,-3.8335
600958.SH,2018-09-30,1.7084
600958.SH,2018-10-31,3.2475
600958.SH,2018-11-30,0.1085
600958.SH,2018-12-31,-13.6511
600958.SH,2019-01-31,0.5019
600958.SH,2019-02-28,53.1835
600958.SH,2019-03-31,-2.8525
600958.SH,2019-04-30,-6.2919
600958.SH,2019-05-31,-8.2363
600958.SH,2019-06-30,4.1951
600958.SH,2019-07-31,-1.4826
600958.SH,2019-08-31,-4.5106
600958.SH,2019-09-30,2.5126
600958.SH,2019-10-31,-1.9608
600958.SH,2019-11-30,-2.8
600958.SH,2019-12-31,10.6996
600958.SH,2020-01-31,-4.368
600958.SH,2020-02-29,-3.1098
600958.SH,2020-03-31,-8.5256
600958.SH,2020-04-30,3.0702
600958.SH,2020-05-31,-2.4468
600958.SH,2020-06-30,5.1271
600958.SH,2020-07-31,23.393
600958.SH,2020-08-31,0.854
600958.SH,2020-09-30,-6.6046
600958.SH,2020-10-31,-2.6292
600958.SH,2020-11-30,8.1006
600958.SH,2020-12-31,0.1723
600959.SH,2016-01-31,-29.8638
600959.SH,2016-02-29,-9.7781
600959.SH,2016-03-31,13.8355
600959.SH,2016-04-30,-4.8616
600959.SH,2016-05-31,-0.7807
600959.SH,2016-06-30,-0.1431
600959.SH,2016-07-31,-0.5309
600959.SH,2016-08-31,0.0936
600959.SH,2016-09-30,-4.6773
600959.SH,2016-10-31,1.3739
600959.SH,2016-11-30,4.1626
600959.SH,2016-12-31,5.0186
600959.SH,2017-01-31,-3.5398
600959.SH,2017-02-28,2.7523
600959.SH,2017-03-31,-6.875
600959.SH,2017-04-30,-0.5753
600959.SH,2017-05-31,4.5323
600959.SH,2017-06-30,-1.5735
600959.SH,2017-07-31,0
600959.SH,2017-08-31,0
600959.SH,2017-09-30,0
600959.SH,2017-10-31,-4.825
600959.SH,2017-11-30,-12.8231
600959.SH,2017-12-31,-6.7275
600959.SH,2018-01-31,-2.5672
600959.SH,2018-02-28,-5.8971
600959.SH,2018-03-31,-4.5333
600959.SH,2018-04-30,-6.1453
600959.SH,2018-05-31,-10.5655
600959.SH,2018-06-30,-15.1414
600959.SH,2018-07-31,-3.1373
600959.SH,2018-08-31,-8.502
600959.SH,2018-09-30,2.4336
600959.SH,2018-10-31,-7.5594
600959.SH,2018-11-30,8.4112
600959.SH,2018-12-31,-11.2069
600959.SH,2019-01-31,-2.9126
600959.SH,2019-02-28,23.25
600959.SH,2019-03-31,11.7647
600959.SH,2019-04-30,-8.5299
600959.SH,2019-05-31,-10.9172
600959.SH,2019-06-30,1.3667
600959.SH,2019-07-31,-4.9438
600959.SH,2019-08-31,0.4728
600959.SH,2019-09-30,-3.5294
600959.SH,2019-10-31,-3.4146
600959.SH,2019-11-30,-2.2727
600959.SH,2019-12-31,2.8424
600959.SH,2020-01-31,-4.2714
600959.SH,2020-02-29,-2.6247
600959.SH,2020-03-31,-2.4259
600959.SH,2020-04-30,-4.4199
600959.SH,2020-05-31,5.2023
600959.SH,2020-06-30,3.2967
600959.SH,2020-07-31,2.073
600959.SH,2020-08-31,2.0997
600959.SH,2020-09-30,-5.9126
600959.SH,2020-10-31,-3.8251
600959.SH,2020-11-30,3.9773
600959.SH,2020-12-31,-9.5628
600999.SH,2016-01-31,-30.9677
600999.SH,2016-02-29,-6.7423
600999.SH,2016-03-31,28.0601
600999.SH,2016-04-30,-6.4841
600999.SH,2016-05-31,-0.9564
600999.SH,2016-06-30,1.1972
600999.SH,2016-07-31,1.8182
600999.SH,2016-08-31,6.9048
600999.SH,2016-09-30,-3.4297
600999.SH,2016-10-31,4.4212
600999.SH,2016-11-30,6.2953
600999.SH,2016-12-31,-14.413
600999.SH,2017-01-31,2.6332
600999.SH,2017-02-28,0.4177
600999.SH,2017-03-31,-3.3274
600999.SH,2017-04-30,-2.0283
600999.SH,2017-05-31,6.6499
600999.SH,2017-06-30,1.2941
600999.SH,2017-07-31,5.1103
600999.SH,2017-08-31,9.1011
600999.SH,2017-09-30,9.4678
600999.SH,2017-10-31,-12.7162
600999.SH,2017-11-30,2.5174
600999.SH,2017-12-31,-10.3448
600999.SH,2018-01-31,11.8298
600999.SH,2018-02-28,-10.8911
600999.SH,2018-03-31,1.5205
600999.SH,2018-04-30,-5.3571
600999.SH,2018-05-31,-3.7736
600999.SH,2018-06-30,-13.4725
600999.SH,2018-07-31,-1.462
600999.SH,2018-08-31,-0.2066
600999.SH,2018-09-30,0.229
600999.SH,2018-10-31,0.7616
600999.SH,2018-11-30,3.8549
600999.SH,2018-12-31,-2.4745
600999.SH,2019-01-31,7.5373
600999.SH,2019-02-28,21.7904
600999.SH,2019-03-31,-0.1709
600999.SH,2019-04-30,0.0571
600999.SH,2019-05-31,-11.8083
600999.SH,2019-06-30,10.5433
600999.SH,2019-07-31,-1.0532
600999.SH,2019-08-31,-3.9821
600999.SH,2019-09-30,2.9412
600999.SH,2019-10-31,-0.0608
600999.SH,2019-11-30,0.2433
600999.SH,2019-12-31,10.983
600999.SH,2020-01-31,2.515
600999.SH,2020-02-29,-5.8667
600999.SH,2020-03-31,-3.0028
600999.SH,2020-04-30,7.9439
600999.SH,2020-05-31,-10.1732
600999.SH,2020-06-30,32.2289
600999.SH,2020-07-31,18.2748
600999.SH,2020-08-31,0.0929
600999.SH,2020-09-30,0.2784
600999.SH,2020-10-31,-4.2573
600999.SH,2020-11-30,6.3316
600999.SH,2020-12-31,7.6539
601006.SH,2016-01-31,-20.9977
601006.SH,2016-02-29,-4.699
601006.SH,2016-03-31,5.8552
601006.SH,2016-04-30,-4.8035
601006.SH,2016-05-31,-0.6116
601006.SH,2016-06-30,-0.9231
601006.SH,2016-07-31,2.4845
601006.SH,2016-08-31,2.9268
601006.SH,2016-09-30,0.158
601006.SH,2016-10-31,6.9401
601006.SH,2016-11-30,8.1121
601006.SH,2016-12-31,-3.4106
601006.SH,2017-01-31,0.8475
601006.SH,2017-02-28,-2.521
601006.SH,2017-03-31,8.7644
601006.SH,2017-04-30,3.0383
601006.SH,2017-05-31,9.6154
601006.SH,2017-06-30,1.1536
601006.SH,2017-07-31,4.2908
601006.SH,2017-08-31,4.4571
601006.SH,2017-09-30,-4.267
601006.SH,2017-10-31,4
601006.SH,2017-11-30,-2.7473
601006.SH,2017-12-31,2.4859
601006.SH,2018-01-31,6.3947
601006.SH,2018-02-28,-3.4197
601006.SH,2018-03-31,-11.1588
601006.SH,2018-04-30,0.1208
601006.SH,2018-05-31,1.3269
601006.SH,2018-06-30,3.2133
601006.SH,2018-07-31,9.0134
601006.SH,2018-08-31,-3.5754
601006.SH,2018-09-30,-4.635
601006.SH,2018-10-31,-2.0656
601006.SH,2018-11-30,-4.3424
601006.SH,2018-12-31,6.7445
601006.SH,2019-01-31,3.8882
601006.SH,2019-02-28,4.4444
601006.SH,2019-03-31,-6.6069
601006.SH,2019-04-30,2.1583
601006.SH,2019-05-31,-1.8779
601006.SH,2019-06-30,2.3802
601006.SH,2019-07-31,-2.3486
601006.SH,2019-08-31,-2.0253
601006.SH,2019-09-30,-1.938
601006.SH,2019-10-31,0.527
601006.SH,2019-11-30,3.9318
601006.SH,2019-12-31,3.5309
601006.SH,2020-01-31,-6.2119
601006.SH,2020-02-29,-8.0519
601006.SH,2020-03-31,-3.9548
601006.SH,2020-04-30,5.5882
601006.SH,2020-05-31,-5.0139
601006.SH,2020-06-30,3.2258
601006.SH,2020-07-31,-1.0464
601006.SH,2020-08-31,2.0031
601006.SH,2020-09-30,-3.7764
601006.SH,2020-10-31,0.6279
601006.SH,2020-11-30,5.7722
601006.SH,2020-12-31,-4.7198
600998.SH,2016-01-31,-15.2041
600998.SH,2016-02-29,-11.3117
600998.SH,2016-03-31,13.2972
600998.SH,2016-04-30,5.7485
600998.SH,2016-05-31,-0.1133
600998.SH,2016-06-30,0.0451
600998.SH,2016-07-31,17.3044
600998.SH,2016-08-31,-2.4343
600998.SH,2016-09-30,7.1856
600998.SH,2016-10-31,2.933
600998.SH,2016-11-30,-6.1963
600998.SH,2016-12-31,0
600998.SH,2017-01-31,1.3018
600998.SH,2017-02-28,-4.95
600998.SH,2017-03-31,-2.3035
600998.SH,2017-04-30,-0.3588
600998.SH,2017-05-31,0.2058
600998.SH,2017-06-30,10.6776
600998.SH,2017-07-31,-7.2356
600998.SH,2017-08-31,3.9
600998.SH,2017-09-30,-0.77
600998.SH,2017-10-31,0.291
600998.SH,2017-11-30,-8.9458
600998.SH,2017-12-31,0.6373
600998.SH,2018-01-31,-7.2296
600998.SH,2018-02-28,-2.901
600998.SH,2018-03-31,13.7668
600998.SH,2018-04-30,-3.3471
600998.SH,2018-05-31,-1.3852
600998.SH,2018-06-30,-7.8326
600998.SH,2018-07-31,-4.4811
600998.SH,2018-08-31,-5.4938
600998.SH,2018-09-30,-0.9798
600998.SH,2018-10-31,0.7256
600998.SH,2018-11-30,-5.4355
600998.SH,2018-12-31,1.108
600998.SH,2019-01-31,0
600998.SH,2019-02-28,5.7534
600998.SH,2019-03-31,1.5544
600998.SH,2019-04-30,0.1276
600998.SH,2019-05-31,-16.879
600998.SH,2019-06-30,-4.5198
600998.SH,2019-07-31,-2.8317
600998.SH,2019-08-31,10.9908
600998.SH,2019-09-30,7.0518
600998.SH,2019-10-31,-9.4604
600998.SH,2019-11-30,4.5666
600998.SH,2019-12-31,4.7372
600998.SH,2020-01-31,16.3251
600998.SH,2020-02-29,-1.5188
600998.SH,2020-03-31,4.8735
600998.SH,2020-04-30,5.4706
600998.SH,2020-05-31,0.3904
600998.SH,2020-06-30,3.4444
600998.SH,2020-07-31,0.5371
600998.SH,2020-08-31,-5.3419
600998.SH,2020-09-30,-4.6275
600998.SH,2020-10-31,7.4556
600998.SH,2020-11-30,-3.1388
600998.SH,2020-12-31,3.2405
601009.SH,2016-01-31,-17.4011
601009.SH,2016-02-29,-0.2052
601009.SH,2016-03-31,10.3496
601009.SH,2016-04-30,4.4099
601009.SH,2016-05-31,6.4247
601009.SH,2016-06-30,-3.3496
601009.SH,2016-07-31,10.0106
601009.SH,2016-08-31,5.4211
601009.SH,2016-09-30,-5.7851
601009.SH,2016-10-31,2.2417
601009.SH,2016-11-30,9.8189
601009.SH,2016-12-31,-5.9028
601009.SH,2017-01-31,5.9963
601009.SH,2017-02-28,6.5274
601009.SH,2017-03-31,-1.7974
601009.SH,2017-04-30,-12.1464
601009.SH,2017-05-31,5.0189
601009.SH,2017-06-30,1.0821
601009.SH,2017-07-31,2.0287
601009.SH,2017-08-31,0.8761
601009.SH,2017-09-30,-1.861
601009.SH,2017-10-31,0.7585
601009.SH,2017-11-30,2.3839
601009.SH,2017-12-31,-5.1471
601009.SH,2018-01-31,31.6537
601009.SH,2018-02-28,-11.1874
601009.SH,2018-03-31,-9.7238
601009.SH,2018-04-30,3.4272
601009.SH,2018-05-31,-3.9053
601009.SH,2018-06-30,-4.803
601009.SH,2018-07-31,0
601009.SH,2018-08-31,-0.2105
601009.SH,2018-09-30,3.7992
601009.SH,2018-10-31,-4.183
601009.SH,2018-11-30,-4.7749
601009.SH,2018-12-31,-7.4499
601009.SH,2019-01-31,8.0495
601009.SH,2019-02-28,6.5903
601009.SH,2019-03-31,6.3172
601009.SH,2019-04-30,9.6081
601009.SH,2019-05-31,-4.1522
601009.SH,2019-06-30,-0.6017
601009.SH,2019-07-31,5.0452
601009.SH,2019-08-31,-5.9107
601009.SH,2019-09-30,10.1282
601009.SH,2019-10-31,0.4657
601009.SH,2019-11-30,-4.1715
601009.SH,2019-12-31,6.0459
601009.SH,2020-01-31,-5.7013
601009.SH,2020-02-29,-6.1669
601009.SH,2020-03-31,-6.5722
601009.SH,2020-04-30,6.069
601009.SH,2020-05-31,2.7308
601009.SH,2020-06-30,-2.2919
601009.SH,2020-07-31,5.8663
601009.SH,2020-08-31,10.6959
601009.SH,2020-09-30,-8.149
601009.SH,2020-10-31,-3.0418
601009.SH,2020-11-30,12.6797
601009.SH,2020-12-31,-6.2645
601016.SH,2016-01-31,-34.8542
601016.SH,2016-02-29,-0.8755
601016.SH,2016-03-31,11.58
601016.SH,2016-04-30,-9.7625
601016.SH,2016-05-31,-0.6736
601016.SH,2016-06-30,-2.1675
601016.SH,2016-07-31,-3.5247
601016.SH,2016-08-31,0
601016.SH,2016-09-30,-2.2965
601016.SH,2016-10-31,7.4786
601016.SH,2016-11-30,-0.7952
601016.SH,2016-12-31,-11.3226
601016.SH,2017-01-31,-7.9096
601016.SH,2017-02-28,6.0123
601016.SH,2017-03-31,0.9259
601016.SH,2017-04-30,-13.0199
601016.SH,2017-05-31,3.4483
601016.SH,2017-06-30,-5.641
601016.SH,2017-07-31,-2.1739
601016.SH,2017-08-31,7.5
601016.SH,2017-09-30,-3.1008
601016.SH,2017-10-31,-0.2667
601016.SH,2017-11-30,-3.7433
601016.SH,2017-12-31,-8.6111
601016.SH,2018-01-31,0.9119
601016.SH,2018-02-28,-4.5181
601016.SH,2018-03-31,-1.5773
601016.SH,2018-04-30,-3.2051
601016.SH,2018-05-31,3.3113
601016.SH,2018-06-30,-6.8521
601016.SH,2018-07-31,6.2718
601016.SH,2018-08-31,-11.4754
601016.SH,2018-09-30,-3.3333
601016.SH,2018-10-31,-9.1954
601016.SH,2018-11-30,4.6414
601016.SH,2018-12-31,-6.4516
601016.SH,2019-01-31,2.5862
601016.SH,2019-02-28,21.8487
601016.SH,2019-03-31,9.6552
601016.SH,2019-04-30,-9.7484
601016.SH,2019-05-31,-2.7875
601016.SH,2019-06-30,-2.8873
601016.SH,2019-07-31,-7.5188
601016.SH,2019-08-31,-1.626
601016.SH,2019-09-30,0.4132
601016.SH,2019-10-31,-0.823
601016.SH,2019-11-30,-4.9793
601016.SH,2019-12-31,5.2402
601016.SH,2020-01-31,-1.6598
601016.SH,2020-02-29,-5.9072
601016.SH,2020-03-31,-4.0359
601016.SH,2020-04-30,4.2056
601016.SH,2020-05-31,-4.0359
601016.SH,2020-06-30,1.38
601016.SH,2020-07-31,45.7547
601016.SH,2020-08-31,-8.0906
601016.SH,2020-09-30,-2.4648
601016.SH,2020-10-31,-2.1661
601016.SH,2020-11-30,5.5351
601016.SH,2020-12-31,19.9301
601088.SH,2016-01-31,-10.4876
601088.SH,2016-02-29,1.7164
601088.SH,2016-03-31,3.1548
601088.SH,2016-04-30,5.1209
601088.SH,2016-05-31,-5.6157
601088.SH,2016-06-30,0.8602
601088.SH,2016-07-31,6.5955
601088.SH,2016-08-31,2.3192
601088.SH,2016-09-30,1.3333
601088.SH,2016-10-31,11.1184
601088.SH,2016-11-30,0.2368
601088.SH,2016-12-31,-4.43
601088.SH,2017-01-31,6.4277
601088.SH,2017-02-28,-1.626
601088.SH,2017-03-31,14.2857
601088.SH,2017-04-30,0.5682
601088.SH,2017-05-31,10.0154
601088.SH,2017-06-30,4.0616
601088.SH,2017-07-31,0
601088.SH,2017-08-31,0
601088.SH,2017-09-30,8.3851
601088.SH,2017-10-31,-0.8118
601088.SH,2017-11-30,14.5883
601088.SH,2017-12-31,-2.6471
601088.SH,2018-01-31,13.8973
601088.SH,2018-02-28,-8.4502
601088.SH,2018-03-31,-13.7003
601088.SH,2018-04-30,0.4317
601088.SH,2018-05-31,-2.5788
601088.SH,2018-06-30,-2.2549
601088.SH,2018-07-31,-3.2097
601088.SH,2018-08-31,0.5438
601088.SH,2018-09-30,10.2758
601088.SH,2018-10-31,-1.7165
601088.SH,2018-11-30,-6.3872
601088.SH,2018-12-31,-4.2644
601088.SH,2019-01-31,10.412
601088.SH,2019-02-28,3.0761
601088.SH,2019-03-31,-4.0607
601088.SH,2019-04-30,0.408
601088.SH,2019-05-31,-6.6023
601088.SH,2019-06-30,10.8211
601088.SH,2019-07-31,-1.5367
601088.SH,2019-08-31,-2.7069
601088.SH,2019-09-30,0.4815
601088.SH,2019-10-31,-1.8104
601088.SH,2019-11-30,-6.6703
601088.SH,2019-12-31,6.043
601088.SH,2020-01-31,-5.3151
601088.SH,2020-02-29,-7.4074
601088.SH,2020-03-31,1.5
601088.SH,2020-04-30,-1.9089
601088.SH,2020-05-31,2.8249
601088.SH,2020-06-30,-4.9778
601088.SH,2020-07-31,6.7549
601088.SH,2020-08-31,5.4142
601088.SH,2020-09-30,1.9183
601088.SH,2020-10-31,1.0929
601088.SH,2020-11-30,17.8378
601088.SH,2020-12-31,-8.2059
601021.SH,2016-01-31,-18.9016
601021.SH,2016-02-29,-10.9763
601021.SH,2016-03-31,5.4042
601021.SH,2016-04-30,-0.3878
601021.SH,2016-05-31,8.2829
601021.SH,2016-06-30,-3.8508
601021.SH,2016-07-31,2.232
601021.SH,2016-08-31,-4.3052
601021.SH,2016-09-30,-3.6887
601021.SH,2016-10-31,-4.3392
601021.SH,2016-11-30,-2.592
601021.SH,2016-12-31,-12.7109
601021.SH,2017-01-31,1.0071
601021.SH,2017-02-28,1.9132
601021.SH,2017-03-31,-8.1438
601021.SH,2017-04-30,-5.4116
601021.SH,2017-05-31,2.9287
601021.SH,2017-06-30,-0.0891
601021.SH,2017-07-31,-6.8391
601021.SH,2017-08-31,10.1819
601021.SH,2017-09-30,-3.2155
601021.SH,2017-10-31,9.0991
601021.SH,2017-11-30,5.4047
601021.SH,2017-12-31,-2.9932
601021.SH,2018-01-31,-6.2517
601021.SH,2018-02-28,-4.6651
601021.SH,2018-03-31,-8.4059
601021.SH,2018-04-30,8.784
601021.SH,2018-05-31,14.4622
601021.SH,2018-06-30,-7.3241
601021.SH,2018-07-31,-3.4827
601021.SH,2018-08-31,-1.4789
601021.SH,2018-09-30,7.8355
601021.SH,2018-10-31,-5.3452
601021.SH,2018-11-30,1.5882
601021.SH,2018-12-31,-7.9039
601021.SH,2019-01-31,0.9745
601021.SH,2019-02-28,9.9004
601021.SH,2019-03-31,15.0142
601021.SH,2019-04-30,3.4729
601021.SH,2019-05-31,4.5251
601021.SH,2019-06-30,2.9748
601021.SH,2019-07-31,-4.1333
601021.SH,2019-08-31,3.8016
601021.SH,2019-09-30,-4.9799
601021.SH,2019-10-31,1.5041
601021.SH,2019-11-30,-6.7145
601021.SH,2019-12-31,8.9352
601021.SH,2020-01-31,-10.7542
601021.SH,2020-02-29,-9.1141
601021.SH,2020-03-31,-9.3258
601021.SH,2020-04-30,15.0867
601021.SH,2020-05-31,-3.4993
601021.SH,2020-06-30,-1.7015
601021.SH,2020-07-31,13.0371
601021.SH,2020-08-31,11.3298
601021.SH,2020-09-30,1.9946
601021.SH,2020-10-31,-5.2889
601021.SH,2020-11-30,19.1929
601021.SH,2020-12-31,9.1142
601018.SH,2016-01-31,0
601018.SH,2016-02-29,-30.2696
601018.SH,2016-03-31,21.4411
601018.SH,2016-04-30,-13.8929
601018.SH,2016-05-31,-7.8992
601018.SH,2016-06-30,-8.3259
601018.SH,2016-07-31,1.4141
601018.SH,2016-08-31,2.1912
601018.SH,2016-09-30,-2.924
601018.SH,2016-10-31,2.6104
601018.SH,2016-11-30,3.3268
601018.SH,2016-12-31,-4.1667
601018.SH,2017-01-31,2.1739
601018.SH,2017-02-28,3.4816
601018.SH,2017-03-31,2.6168
601018.SH,2017-04-30,2.5501
601018.SH,2017-05-31,0.5329
601018.SH,2017-06-30,1.0801
601018.SH,2017-07-31,15.2212
601018.SH,2017-08-31,-7.6805
601018.SH,2017-09-30,-2.3295
601018.SH,2017-10-31,8.8586
601018.SH,2017-11-30,-10.6416
601018.SH,2017-12-31,-7.0053
601018.SH,2018-01-31,-0.565
601018.SH,2018-02-28,2.0833
601018.SH,2018-03-31,-1.2987
601018.SH,2018-04-30,-3.7594
601018.SH,2018-05-31,0.3906
601018.SH,2018-06-30,-16.9351
601018.SH,2018-07-31,2.3753
601018.SH,2018-08-31,-6.0325
601018.SH,2018-09-30,1.2346
601018.SH,2018-10-31,-8.2927
601018.SH,2018-11-30,-2.6596
601018.SH,2018-12-31,-8.7432
601018.SH,2019-01-31,0
601018.SH,2019-02-28,17.3653
601018.SH,2019-03-31,10.9694
601018.SH,2019-04-30,22.9885
601018.SH,2019-05-31,-13.5013
601018.SH,2019-06-30,-3.304
601018.SH,2019-07-31,-1.5945
601018.SH,2019-08-31,-10.6481
601018.SH,2019-09-30,-3.3679
601018.SH,2019-10-31,-1.3405
601018.SH,2019-11-30,-1.6304
601018.SH,2019-12-31,4.9724
601018.SH,2020-01-31,-3.6842
601018.SH,2020-02-29,-10.1093
601018.SH,2020-03-31,7.9027
601018.SH,2020-04-30,-6.1972
601018.SH,2020-05-31,2.1021
601018.SH,2020-06-30,5
601018.SH,2020-07-31,19.7941
601018.SH,2020-08-31,-11.0312
601018.SH,2020-09-30,0.5391
601018.SH,2020-10-31,-2.4129
601018.SH,2020-11-30,8.7912
601018.SH,2020-12-31,-1.0101
601098.SH,2016-01-31,-24.9372
601098.SH,2016-02-29,-11.3712
601098.SH,2016-03-31,19.2453
601098.SH,2016-04-30,-8.0169
601098.SH,2016-05-31,1.4335
601098.SH,2016-06-30,4.0309
601098.SH,2016-07-31,4.1966
601098.SH,2016-08-31,-0.6359
601098.SH,2016-09-30,-4.8533
601098.SH,2016-10-31,2.2422
601098.SH,2016-11-30,2.3575
601098.SH,2016-12-31,-10.7659
601098.SH,2017-01-31,0.12
601098.SH,2017-02-28,4.2566
601098.SH,2017-03-31,3.3353
601098.SH,2017-04-30,-6.5109
601098.SH,2017-05-31,3.6905
601098.SH,2017-06-30,9.9974
601098.SH,2017-07-31,-8.1009
601098.SH,2017-08-31,-4.6702
601098.SH,2017-09-30,-6.4911
601098.SH,2017-10-31,-5.632
601098.SH,2017-11-30,-3.9556
601098.SH,2017-12-31,0.3613
601098.SH,2018-01-31,3.0238
601098.SH,2018-02-28,-7.3375
601098.SH,2018-03-31,-3.7707
601098.SH,2018-04-30,-1.8025
601098.SH,2018-05-31,11.5722
601098.SH,2018-06-30,-9.5851
601098.SH,2018-07-31,4.2943
601098.SH,2018-08-31,-6.8471
601098.SH,2018-09-30,3.1624
601098.SH,2018-10-31,-2.9826
601098.SH,2018-11-30,-1.8787
601098.SH,2018-12-31,8.7903
601098.SH,2019-01-31,5.36
601098.SH,2019-02-28,2.6576
601098.SH,2019-03-31,-4.8077
601098.SH,2019-04-30,-2.9526
601098.SH,2019-05-31,4.0032
601098.SH,2019-06-30,2.1313
601098.SH,2019-07-31,-1.8987
601098.SH,2019-08-31,-0.8871
601098.SH,2019-09-30,-1.546
601098.SH,2019-10-31,-4.4628
601098.SH,2019-11-30,0.173
601098.SH,2019-12-31,3.1088
601098.SH,2020-01-31,2.5126
601098.SH,2020-02-29,-8.1699
601098.SH,2020-03-31,-5.427
601098.SH,2020-04-30,2.8222
601098.SH,2020-05-31,-2.5618
601098.SH,2020-06-30,4.942
601098.SH,2020-07-31,0.8507
601098.SH,2020-08-31,4.9672
601098.SH,2020-09-30,-3.0357
601098.SH,2020-10-31,-3.407
601098.SH,2020-11-30,2.5739
601098.SH,2020-12-31,-11.4312
601099.SH,2016-01-31,-31.4147
601099.SH,2016-02-29,-2.8099
601099.SH,2016-03-31,17.3469
601099.SH,2016-04-30,-5.1432
601099.SH,2016-05-31,-0.7728
601099.SH,2016-06-30,-4.5171
601099.SH,2016-07-31,-0.4894
601099.SH,2016-08-31,10.4918
601099.SH,2016-09-30,9.4955
601099.SH,2016-10-31,5.2846
601099.SH,2016-11-30,17.5676
601099.SH,2016-12-31,-15.4351
601099.SH,2017-01-31,-2.1359
601099.SH,2017-02-28,5.9524
601099.SH,2017-03-31,-13.2959
601099.SH,2017-04-30,-6.9719
601099.SH,2017-05-31,-6.0748
601099.SH,2017-06-30,0
601099.SH,2017-07-31,-0.4975
601099.SH,2017-08-31,8
601099.SH,2017-09-30,-3.4722
601099.SH,2017-10-31,-5.2758
601099.SH,2017-11-30,-4.8101
601099.SH,2017-12-31,-3.7234
601099.SH,2018-01-31,1.105
601099.SH,2018-02-28,-15.3005
601099.SH,2018-03-31,-7.0968
601099.SH,2018-04-30,-3.4722
601099.SH,2018-05-31,-2.5345
601099.SH,2018-06-30,-13.3333
601099.SH,2018-07-31,2.9915
601099.SH,2018-08-31,-6.2241
601099.SH,2018-09-30,0
601099.SH,2018-10-31,26.5487
601099.SH,2018-11-30,-2.7972
601099.SH,2018-12-31,-10.4317
601099.SH,2019-01-31,-1.2048
601099.SH,2019-02-28,58.9431
601099.SH,2019-03-31,8.1841
601099.SH,2019-04-30,-5.2009
601099.SH,2019-05-31,-13.7157
601099.SH,2019-06-30,2.8902
601099.SH,2019-07-31,7.0225
601099.SH,2019-08-31,-9.7113
601099.SH,2019-09-30,-0.5814
601099.SH,2019-10-31,-2.924
601099.SH,2019-11-30,-1.8072
601099.SH,2019-12-31,16.2577
601099.SH,2020-01-31,-7.124
601099.SH,2020-02-29,1.9886
601099.SH,2020-03-31,-7.5209
601099.SH,2020-04-30,-2.1084
601099.SH,2020-05-31,-3.6923
601099.SH,2020-06-30,1.278
601099.SH,2020-07-31,36.5931
601099.SH,2020-08-31,-1.8476
601099.SH,2020-09-30,-4.2353
601099.SH,2020-10-31,-7.6167
601099.SH,2020-11-30,4.7872
601099.SH,2020-12-31,3.5533
601111.SH,2016-01-31,-24.5921
601111.SH,2016-02-29,-5.1005
601111.SH,2016-03-31,11.7264
601111.SH,2016-04-30,-0.7289
601111.SH,2016-05-31,2.4963
601111.SH,2016-06-30,-1.5829
601111.SH,2016-07-31,22.1893
601111.SH,2016-08-31,-9.6852
601111.SH,2016-09-30,-2.9491
601111.SH,2016-10-31,2.2099
601111.SH,2016-11-30,7.4324
601111.SH,2016-12-31,-9.434
601111.SH,2017-01-31,5.2778
601111.SH,2017-02-28,4.2216
601111.SH,2017-03-31,4.9367
601111.SH,2017-04-30,7.2376
601111.SH,2017-05-31,14.2857
601111.SH,2017-06-30,-4.0354
601111.SH,2017-07-31,-8.3051
601111.SH,2017-08-31,4.8643
601111.SH,2017-09-30,-5.9331
601111.SH,2017-10-31,8.8303
601111.SH,2017-11-30,17.3867
601111.SH,2017-12-31,10.5925
601111.SH,2018-01-31,7.1429
601111.SH,2018-02-28,4.6212
601111.SH,2018-03-31,-14.1926
601111.SH,2018-04-30,-1.1814
601111.SH,2018-05-31,-6.0632
601111.SH,2018-06-30,-19.1818
601111.SH,2018-07-31,-11.6217
601111.SH,2018-08-31,0.2581
601111.SH,2018-09-30,4.8906
601111.SH,2018-10-31,-7.9755
601111.SH,2018-11-30,9.0667
601111.SH,2018-12-31,-6.6015
601111.SH,2019-01-31,7.4607
601111.SH,2019-02-28,20.341
601111.SH,2019-03-31,9.7166
601111.SH,2019-04-30,-6.3653
601111.SH,2019-05-31,-16.6502
601111.SH,2019-06-30,13.1206
601111.SH,2019-07-31,-5.4475
601111.SH,2019-08-31,-11.8436
601111.SH,2019-09-30,1.3942
601111.SH,2019-10-31,3.75
601111.SH,2019-11-30,1.8072
601111.SH,2019-12-31,14.6746
601111.SH,2020-01-31,-14.8607
601111.SH,2020-02-29,-9.5758
601111.SH,2020-03-31,-12.7346
601111.SH,2020-04-30,11.3671
601111.SH,2020-05-31,-10.7586
601111.SH,2020-06-30,2.1638
601111.SH,2020-07-31,3.8984
601111.SH,2020-08-31,6.1493
601111.SH,2020-09-30,-2.2069
601111.SH,2020-10-31,-4.2313
601111.SH,2020-11-30,16.053
601111.SH,2020-12-31,-4.9492
601106.SH,2016-01-31,-31.995
601106.SH,2016-02-29,-2.0295
601106.SH,2016-03-31,16.7608
601106.SH,2016-04-30,-12.7419
601106.SH,2016-05-31,1.2939
601106.SH,2016-06-30,-4.927
601106.SH,2016-07-31,0.9597
601106.SH,2016-08-31,1.3308
601106.SH,2016-09-30,-2.2514
601106.SH,2016-10-31,7.8695
601106.SH,2016-11-30,9.2527
601106.SH,2016-12-31,-11.8893
601106.SH,2017-01-31,-18.2994
601106.SH,2017-02-28,3.3937
601106.SH,2017-03-31,-7.6586
601106.SH,2017-04-30,-21.09
601106.SH,2017-05-31,-8.7087
601106.SH,2017-06-30,-0.3289
601106.SH,2017-07-31,25.7426
601106.SH,2017-08-31,17.3228
601106.SH,2017-09-30,-6.7114
601106.SH,2017-10-31,-3.1175
601106.SH,2017-11-30,-15.3465
601106.SH,2017-12-31,10.2339
601106.SH,2018-01-31,-5.0398
601106.SH,2018-02-28,-4.1899
601106.SH,2018-03-31,1.4577
601106.SH,2018-04-30,8.6207
601106.SH,2018-05-31,-11.1111
601106.SH,2018-06-30,-7.1429
601106.SH,2018-07-31,0.3205
601106.SH,2018-08-31,-6.7093
601106.SH,2018-09-30,-1.0274
601106.SH,2018-10-31,-4.4983
601106.SH,2018-11-30,-0.3623
601106.SH,2018-12-31,-2.9091
601106.SH,2019-01-31,1.4981
601106.SH,2019-02-28,31.7343
601106.SH,2019-03-31,9.5238
601106.SH,2019-04-30,-11.509
601106.SH,2019-05-31,-9.8266
601106.SH,2019-06-30,0.641
601106.SH,2019-07-31,-0.6369
601106.SH,2019-08-31,-2.2436
601106.SH,2019-09-30,-4.2623
601106.SH,2019-10-31,-3.4247
601106.SH,2019-11-30,-0.7092
601106.SH,2019-12-31,3.9286
601106.SH,2020-01-31,-1.0309
601106.SH,2020-02-29,-7.2917
601106.SH,2020-03-31,-2.6217
601106.SH,2020-04-30,8.0769
601106.SH,2020-05-31,-2.4911
601106.SH,2020-06-30,2.5547
601106.SH,2020-07-31,15.6584
601106.SH,2020-08-31,-0.3077
601106.SH,2020-09-30,-9.5679
601106.SH,2020-10-31,-5.1195
601106.SH,2020-11-30,10.0719
601106.SH,2020-12-31,-2.2876
601117.SH,2016-01-31,-21.1901
601117.SH,2016-02-29,-3.3149
601117.SH,2016-03-31,12
601117.SH,2016-04-30,-5.6122
601117.SH,2016-05-31,-1.4414
601117.SH,2016-06-30,1.0969
601117.SH,2016-07-31,3.9612
601117.SH,2016-08-31,0.8834
601117.SH,2016-09-30,-2.8021
601117.SH,2016-10-31,7.5676
601117.SH,2016-11-30,11.2228
601117.SH,2016-12-31,1.9578
601117.SH,2017-01-31,-0.2954
601117.SH,2017-02-28,19.2593
601117.SH,2017-03-31,8.6957
601117.SH,2017-04-30,-14.6286
601117.SH,2017-05-31,-13.3869
601117.SH,2017-06-30,8.0371
601117.SH,2017-07-31,13.4286
601117.SH,2017-08-31,-5.2497
601117.SH,2017-09-30,-8.2432
601117.SH,2017-10-31,-1.1782
601117.SH,2017-11-30,-6.4083
601117.SH,2017-12-31,7.4841
601117.SH,2018-01-31,11.4074
601117.SH,2018-02-28,-10.9043
601117.SH,2018-03-31,10
601117.SH,2018-04-30,-0.9498
601117.SH,2018-05-31,2.0548
601117.SH,2018-06-30,-8.4344
601117.SH,2018-07-31,4.9034
601117.SH,2018-08-31,-5.8074
601117.SH,2018-09-30,0.3008
601117.SH,2018-10-31,-12.5937
601117.SH,2018-11-30,-2.916
601117.SH,2018-12-31,-5.3004
601117.SH,2019-01-31,1.1194
601117.SH,2019-02-28,13.2841
601117.SH,2019-03-31,5.3746
601117.SH,2019-04-30,-4.0185
601117.SH,2019-05-31,-2.2544
601117.SH,2019-06-30,1.1305
601117.SH,2019-07-31,-3.4884
601117.SH,2019-08-31,-4.8193
601117.SH,2019-09-30,4.8825
601117.SH,2019-10-31,3.1034
601117.SH,2019-11-30,4.1806
601117.SH,2019-12-31,3.3708
601117.SH,2020-01-31,9.0062
601117.SH,2020-02-29,-0.9972
601117.SH,2020-03-31,-14.1007
601117.SH,2020-04-30,3.3501
601117.SH,2020-05-31,-9.8865
601117.SH,2020-06-30,-1.4388
601117.SH,2020-07-31,8.4214
601117.SH,2020-08-31,1.7361
601117.SH,2020-09-30,-8.1911
601117.SH,2020-10-31,-1.6729
601117.SH,2020-11-30,22.6843
601117.SH,2020-12-31,-9.5532
601118.SH,2016-01-31,-33.0688
601118.SH,2016-02-29,-4.9407
601118.SH,2016-03-31,24.5322
601118.SH,2016-04-30,0.8347
601118.SH,2016-05-31,-8.4437
601118.SH,2016-06-30,1.085
601118.SH,2016-07-31,3.9356
601118.SH,2016-08-31,4.8193
601118.SH,2016-09-30,-3.1199
601118.SH,2016-10-31,7.1186
601118.SH,2016-11-30,15.3481
601118.SH,2016-12-31,-4.5267
601118.SH,2017-01-31,9.9138
601118.SH,2017-02-28,-4.4444
601118.SH,2017-03-31,-5.6088
601118.SH,2017-04-30,-16.8116
601118.SH,2017-05-31,-7.6655
601118.SH,2017-06-30,7.1698
601118.SH,2017-07-31,10.3873
601118.SH,2017-08-31,5.5821
601118.SH,2017-09-30,-2.8701
601118.SH,2017-10-31,-3.577
601118.SH,2017-11-30,-9.0323
601118.SH,2017-12-31,-1.5957
601118.SH,2018-01-31,5.4054
601118.SH,2018-02-28,-0.1709
601118.SH,2018-03-31,6.5068
601118.SH,2018-04-30,-12.8617
601118.SH,2018-05-31,22.1402
601118.SH,2018-06-30,0
601118.SH,2018-07-31,0
601118.SH,2018-08-31,0
601118.SH,2018-09-30,0
601118.SH,2018-10-31,0
601118.SH,2018-11-30,-25.8308
601118.SH,2018-12-31,-8.554
601118.SH,2019-01-31,-0.2227
601118.SH,2019-02-28,18.5268
601118.SH,2019-03-31,4.8964
601118.SH,2019-04-30,-6.8223
601118.SH,2019-05-31,-0.578
601118.SH,2019-06-30,-0.0033
601118.SH,2019-07-31,-2.5243
601118.SH,2019-08-31,-8.9641
601118.SH,2019-09-30,-1.7505
601118.SH,2019-10-31,2.2272
601118.SH,2019-11-30,0
601118.SH,2019-12-31,7.1895
601118.SH,2020-01-31,-2.8455
601118.SH,2020-02-29,-12.3431
601118.SH,2020-03-31,27.4463
601118.SH,2020-04-30,-5.4307
601118.SH,2020-05-31,11.0891
601118.SH,2020-06-30,-13.369
601118.SH,2020-07-31,10.2881
601118.SH,2020-08-31,0.9328
601118.SH,2020-09-30,-7.9482
601118.SH,2020-10-31,5.6225
601118.SH,2020-11-30,0
601118.SH,2020-12-31,-8.365
601158.SH,2016-01-31,-29.7964
601158.SH,2016-02-29,0.916
601158.SH,2016-03-31,17.3979
601158.SH,2016-04-30,-10.8247
601158.SH,2016-05-31,-1.5896
601158.SH,2016-06-30,-1.8773
601158.SH,2016-07-31,9.6423
601158.SH,2016-08-31,7.0922
601158.SH,2016-09-30,-5.298
601158.SH,2016-10-31,9.2308
601158.SH,2016-11-30,0.8963
601158.SH,2016-12-31,-5.7107
601158.SH,2017-01-31,5.5182
601158.SH,2017-02-28,6.1224
601158.SH,2017-03-31,-6.851
601158.SH,2017-04-30,-3.7419
601158.SH,2017-05-31,1.7426
601158.SH,2017-06-30,-2.2182
601158.SH,2017-07-31,-0.1399
601158.SH,2017-08-31,-0.9804
601158.SH,2017-09-30,-2.6874
601158.SH,2017-10-31,-0.7267
601158.SH,2017-11-30,-5.5637
601158.SH,2017-12-31,0.155
601158.SH,2018-01-31,1.8576
601158.SH,2018-02-28,-2.2796
601158.SH,2018-03-31,3.4215
601158.SH,2018-04-30,-3.0075
601158.SH,2018-05-31,-2.1705
601158.SH,2018-06-30,-9.9009
601158.SH,2018-07-31,4.6125
601158.SH,2018-08-31,-4.9383
601158.SH,2018-09-30,5.0093
601158.SH,2018-10-31,-5.477
601158.SH,2018-11-30,2.9907
601158.SH,2018-12-31,0.9074
601158.SH,2019-01-31,0.8993
601158.SH,2019-02-28,8.1996
601158.SH,2019-03-31,1.1532
601158.SH,2019-04-30,-4.886
601158.SH,2019-05-31,0.3425
601158.SH,2019-06-30,0.367
601158.SH,2019-07-31,-1.25
601158.SH,2019-08-31,0.7233
601158.SH,2019-09-30,0.5386
601158.SH,2019-10-31,4.2857
601158.SH,2019-11-30,-5.8219
601158.SH,2019-12-31,1.8182
601158.SH,2020-01-31,-1.4286
601158.SH,2020-02-29,-4.1667
601158.SH,2020-03-31,-1.5123
601158.SH,2020-04-30,1.5355
601158.SH,2020-05-31,-0.9452
601158.SH,2020-06-30,0.0933
601158.SH,2020-07-31,6.2124
601158.SH,2020-08-31,1.5094
601158.SH,2020-09-30,-3.3457
601158.SH,2020-10-31,0.3846
601158.SH,2020-11-30,3.0651
601158.SH,2020-12-31,-4.8327
601166.SH,2016-01-31,-15.29
601166.SH,2016-02-29,-1.9364
601166.SH,2016-03-31,9.5205
601166.SH,2016-04-30,3.7991
601166.SH,2016-05-31,0.4963
601166.SH,2016-06-30,-2.2356
601166.SH,2016-07-31,1.4436
601166.SH,2016-08-31,3.9457
601166.SH,2016-09-30,-0.6223
601166.SH,2016-10-31,2.129
601166.SH,2016-11-30,3.2495
601166.SH,2016-12-31,-4.1568
601166.SH,2017-01-31,5.7621
601166.SH,2017-02-28,-1.8746
601166.SH,2017-03-31,-3.2239
601166.SH,2017-04-30,-4.6268
601166.SH,2017-05-31,7.0505
601166.SH,2017-06-30,5.7741
601166.SH,2017-07-31,5.3381
601166.SH,2017-08-31,-0.6194
601166.SH,2017-09-30,-2.0397
601166.SH,2017-10-31,0.8676
601166.SH,2017-11-30,0.2867
601166.SH,2017-12-31,-2.8588
601166.SH,2018-01-31,9.947
601166.SH,2018-02-28,-4.3897
601166.SH,2018-03-31,-6.551
601166.SH,2018-04-30,-3.4751
601166.SH,2018-05-31,-1.1173
601166.SH,2018-06-30,-5.7541
601166.SH,2018-07-31,7.2917
601166.SH,2018-08-31,-2.3948
601166.SH,2018-09-30,5.7692
601166.SH,2018-10-31,1.0658
601166.SH,2018-11-30,-1.1166
601166.SH,2018-12-31,-6.2735
601166.SH,2019-01-31,9.7724
601166.SH,2019-02-28,8.9024
601166.SH,2019-03-31,1.7357
601166.SH,2019-04-30,9.6313
601166.SH,2019-05-31,-11.7972
601166.SH,2019-06-30,8.1331
601166.SH,2019-07-31,4.5927
601166.SH,2019-08-31,-10.2457
601166.SH,2019-09-30,2.0967
601166.SH,2019-10-31,6.7884
601166.SH,2019-11-30,0.9081
601166.SH,2019-12-31,4.8174
601166.SH,2020-01-31,-6.1111
601166.SH,2020-02-29,-6.993
601166.SH,2020-03-31,-7.9815
601166.SH,2020-04-30,4.4626
601166.SH,2020-05-31,-3.1288
601166.SH,2020-06-30,-1.9876
601166.SH,2020-07-31,3.7858
601166.SH,2020-08-31,3.1928
601166.SH,2020-09-30,-0.1856
601166.SH,2020-10-31,10.3534
601166.SH,2020-11-30,18.0899
601166.SH,2020-12-31,-0.7136
601169.SH,2016-01-31,-11.396
601169.SH,2016-02-29,3.0011
601169.SH,2016-03-31,4.8907
601169.SH,2016-04-30,2.1825
601169.SH,2016-05-31,4.466
601169.SH,2016-06-30,-3.6245
601169.SH,2016-07-31,-0.4418
601169.SH,2016-08-31,6.9048
601169.SH,2016-09-30,1.3363
601169.SH,2016-10-31,2.4176
601169.SH,2016-11-30,8.5837
601169.SH,2016-12-31,-3.5573
601169.SH,2017-01-31,3.3811
601169.SH,2017-02-28,-0.2973
601169.SH,2017-03-31,-4.4732
601169.SH,2017-04-30,-6.4516
601169.SH,2017-05-31,-0.5562
601169.SH,2017-06-30,2.5727
601169.SH,2017-07-31,4.8961
601169.SH,2017-08-31,-2.0513
601169.SH,2017-09-30,-2.356
601169.SH,2017-10-31,-1.6086
601169.SH,2017-11-30,1.0899
601169.SH,2017-12-31,-3.6388
601169.SH,2018-01-31,5.035
601169.SH,2018-02-28,-2.6631
601169.SH,2018-03-31,-5.8824
601169.SH,2018-04-30,-1.1628
601169.SH,2018-05-31,-2.6471
601169.SH,2018-06-30,-8.9124
601169.SH,2018-07-31,3.2746
601169.SH,2018-08-31,-2.0168
601169.SH,2018-09-30,4.8027
601169.SH,2018-10-31,-0.491
601169.SH,2018-11-30,-2.4671
601169.SH,2018-12-31,-5.3963
601169.SH,2019-01-31,6.4171
601169.SH,2019-02-28,7.5377
601169.SH,2019-03-31,-3.4268
601169.SH,2019-04-30,2.7419
601169.SH,2019-05-31,-8.9482
601169.SH,2019-06-30,1.8966
601169.SH,2019-07-31,0.2043
601169.SH,2019-08-31,-6.7496
601169.SH,2019-09-30,2.0952
601169.SH,2019-10-31,3.3582
601169.SH,2019-11-30,0.361
601169.SH,2019-12-31,2.1583
601169.SH,2020-01-31,-4.5775
601169.SH,2020-02-29,-5.7196
601169.SH,2020-03-31,-5.4795
601169.SH,2020-04-30,3.1056
601169.SH,2020-05-31,-2.008
601169.SH,2020-06-30,0.4098
601169.SH,2020-07-31,4.3926
601169.SH,2020-08-31,0.8282
601169.SH,2020-09-30,-3.9014
601169.SH,2020-10-31,-0.2137
601169.SH,2020-11-30,4.4968
601169.SH,2020-12-31,-0.8197
601179.SH,2016-01-31,-23.6417
601179.SH,2016-02-29,-1.7308
601179.SH,2016-03-31,9.9804
601179.SH,2016-04-30,-3.0249
601179.SH,2016-05-31,-1.2844
601179.SH,2016-06-30,-3.2003
601179.SH,2016-07-31,3.5503
601179.SH,2016-08-31,0.7619
601179.SH,2016-09-30,-2.2684
601179.SH,2016-10-31,5.9961
601179.SH,2016-11-30,10.219
601179.SH,2016-12-31,-7.6159
601179.SH,2017-01-31,5.914
601179.SH,2017-02-28,2.1997
601179.SH,2017-03-31,5.4636
601179.SH,2017-04-30,-4.7096
601179.SH,2017-05-31,-12.0264
601179.SH,2017-06-30,6.0303
601179.SH,2017-07-31,2.1583
601179.SH,2017-08-31,0.8803
601179.SH,2017-09-30,-4.712
601179.SH,2017-10-31,-4.3956
601179.SH,2017-11-30,-13.41
601179.SH,2017-12-31,-3.3186
601179.SH,2018-01-31,3.6613
601179.SH,2018-02-28,-8.1678
601179.SH,2018-03-31,0.2404
601179.SH,2018-04-30,-7.6739
601179.SH,2018-05-31,-3.1169
601179.SH,2018-06-30,-7.0852
601179.SH,2018-07-31,5.2632
601179.SH,2018-08-31,-5.5556
601179.SH,2018-09-30,7.6471
601179.SH,2018-10-31,-6.5574
601179.SH,2018-11-30,1.7544
601179.SH,2018-12-31,-3.4483
601179.SH,2019-01-31,8.3333
601179.SH,2019-02-28,13.7363
601179.SH,2019-03-31,1.9324
601179.SH,2019-04-30,-4.9763
601179.SH,2019-05-31,-7.4813
601179.SH,2019-06-30,-0.2695
601179.SH,2019-07-31,-0.2725
601179.SH,2019-08-31,-3.8251
601179.SH,2019-09-30,-2.8409
601179.SH,2019-10-31,0.8772
601179.SH,2019-11-30,2.8986
601179.SH,2019-12-31,2.5352
601179.SH,2020-01-31,-3.2967
601179.SH,2020-02-29,-5.9659
601179.SH,2020-03-31,54.0785
601179.SH,2020-04-30,16.0784
601179.SH,2020-05-31,-14.527
601179.SH,2020-06-30,-3.4119
601179.SH,2020-07-31,10.9504
601179.SH,2020-08-31,-10.0559
601179.SH,2020-09-30,-10.352
601179.SH,2020-10-31,2.0785
601179.SH,2020-11-30,3.3937
601179.SH,2020-12-31,0.8753
601211.SH,2016-01-31,-27.2803
601211.SH,2016-02-29,-5.9839
601211.SH,2016-03-31,20.6242
601211.SH,2016-04-30,-7.2552
601211.SH,2016-05-31,0.6018
601211.SH,2016-06-30,-0.4398
601211.SH,2016-07-31,-0.5621
601211.SH,2016-08-31,5.0876
601211.SH,2016-09-30,-4.5724
601211.SH,2016-10-31,0.5637
601211.SH,2016-11-30,11.6031
601211.SH,2016-12-31,-6.6298
601211.SH,2017-01-31,3.0662
601211.SH,2017-02-28,-0.1044
601211.SH,2017-03-31,-2.6234
601211.SH,2017-04-30,-0.274
601211.SH,2017-05-31,5.8242
601211.SH,2017-06-30,6.4901
601211.SH,2017-07-31,1.8528
601211.SH,2017-08-31,3.303
601211.SH,2017-09-30,0.2317
601211.SH,2017-10-31,-7.8132
601211.SH,2017-11-30,1.4042
601211.SH,2017-12-31,-8.4075
601211.SH,2018-01-31,8.3693
601211.SH,2018-02-28,-11.1111
601211.SH,2018-03-31,-4.3722
601211.SH,2018-04-30,3.4584
601211.SH,2018-05-31,-4.8725
601211.SH,2018-06-30,-9.7811
601211.SH,2018-07-31,1.8318
601211.SH,2018-08-31,-2.5983
601211.SH,2018-09-30,2.5308
601211.SH,2018-10-31,1.7345
601211.SH,2018-11-30,5.1803
601211.SH,2018-12-31,-4.4888
601211.SH,2019-01-31,9.4648
601211.SH,2019-02-28,16.3387
601211.SH,2019-03-31,3.2804
601211.SH,2019-04-30,-6.5509
601211.SH,2019-05-31,-14.6575
601211.SH,2019-06-30,14.1879
601211.SH,2019-07-31,-1.3079
601211.SH,2019-08-31,-4.072
601211.SH,2019-09-30,2.8087
601211.SH,2019-10-31,-2.9027
601211.SH,2019-11-30,-2.0516
601211.SH,2019-12-31,10.6523
601211.SH,2020-01-31,-4.9757
601211.SH,2020-02-29,-3.2442
601211.SH,2020-03-31,-4.2353
601211.SH,2020-04-30,3.9312
601211.SH,2020-05-31,-7.3877
601211.SH,2020-06-30,10.1468
601211.SH,2020-07-31,7.0684
601211.SH,2020-08-31,6.8926
601211.SH,2020-09-30,-5.6877
601211.SH,2020-10-31,0.8772
601211.SH,2020-11-30,1.7391
601211.SH,2020-12-31,-6.3568
601186.SH,2016-01-31,-25.1484
601186.SH,2016-02-29,-3.5679
601186.SH,2016-03-31,15.2107
601186.SH,2016-04-30,-6.7797
601186.SH,2016-05-31,-3.2536
601186.SH,2016-06-30,-1.4837
601186.SH,2016-07-31,-8.9671
601186.SH,2016-08-31,4.9327
601186.SH,2016-09-30,-3.7393
601186.SH,2016-10-31,14.3174
601186.SH,2016-11-30,22.1359
601186.SH,2016-12-31,-4.9285
601186.SH,2017-01-31,2.7592
601186.SH,2017-02-28,7.8112
601186.SH,2017-03-31,-1.9623
601186.SH,2017-04-30,0.3849
601186.SH,2017-05-31,-7.5153
601186.SH,2017-06-30,-0.2488
601186.SH,2017-07-31,9.9609
601186.SH,2017-08-31,-4.6672
601186.SH,2017-09-30,-4.8154
601186.SH,2017-10-31,0.9275
601186.SH,2017-11-30,-1.9215
601186.SH,2017-12-31,-5.1107
601186.SH,2018-01-31,5.4758
601186.SH,2018-02-28,-10.4681
601186.SH,2018-03-31,-7.0342
601186.SH,2018-04-30,1.3292
601186.SH,2018-05-31,-7.4672
601186.SH,2018-06-30,-5.9978
601186.SH,2018-07-31,21.3698
601186.SH,2018-08-31,3.5156
601186.SH,2018-09-30,5.1887
601186.SH,2018-10-31,-1.3453
601186.SH,2018-11-30,-0.0909
601186.SH,2018-12-31,-1.0919
601186.SH,2019-01-31,-7.1757
601186.SH,2019-02-28,12.9832
601186.SH,2019-03-31,0.9649
601186.SH,2019-04-30,-5.821
601186.SH,2019-05-31,-13.2841
601186.SH,2019-06-30,5.8511
601186.SH,2019-07-31,-0.3627
601186.SH,2019-08-31,-6.2822
601186.SH,2019-09-30,3.956
601186.SH,2019-10-31,-0.8457
601186.SH,2019-11-30,3.0917
601186.SH,2019-12-31,4.8604
601186.SH,2020-01-31,-7.1006
601186.SH,2020-02-29,0.8493
601186.SH,2020-03-31,3.4737
601186.SH,2020-04-30,-0.5086
601186.SH,2020-05-31,-11.5542
601186.SH,2020-06-30,-3.1214
601186.SH,2020-07-31,7.3928
601186.SH,2020-08-31,1.5927
601186.SH,2020-09-30,-7.1669
601186.SH,2020-10-31,0.4825
601186.SH,2020-11-30,3.1212
601186.SH,2020-12-31,-8.0326
601198.SH,2016-01-31,-24.658
601198.SH,2016-02-29,-14.6147
601198.SH,2016-03-31,39.9896
601198.SH,2016-04-30,-10.1149
601198.SH,2016-05-31,0
601198.SH,2016-06-30,1.8243
601198.SH,2016-07-31,-9.0016
601198.SH,2016-08-31,3.8669
601198.SH,2016-09-30,-4.9351
601198.SH,2016-10-31,5.5556
601198.SH,2016-11-30,-0.3451
601198.SH,2016-12-31,-13.1602
601198.SH,2017-01-31,-4.3868
601198.SH,2017-02-28,1.4599
601198.SH,2017-03-31,-5.4985
601198.SH,2017-04-30,-6.5797
601198.SH,2017-05-31,-1.1059
601198.SH,2017-06-30,2.3553
601198.SH,2017-07-31,4.6984
601198.SH,2017-08-31,6.1496
601198.SH,2017-09-30,-4.0188
601198.SH,2017-10-31,-8.211
601198.SH,2017-11-30,-2.7251
601198.SH,2017-12-31,-12.3021
601198.SH,2018-01-31,1.1111
601198.SH,2018-02-28,-5.2885
601198.SH,2018-03-31,3.0457
601198.SH,2018-04-30,-4.4335
601198.SH,2018-05-31,4.3446
601198.SH,2018-06-30,-7.9746
601198.SH,2018-07-31,-3.911
601198.SH,2018-08-31,-18.986
601198.SH,2018-09-30,2.6
601198.SH,2018-10-31,-1.0721
601198.SH,2018-11-30,3.3498
601198.SH,2018-12-31,-8.8656
601198.SH,2019-01-31,-0.8368
601198.SH,2019-02-28,38.5021
601198.SH,2019-03-31,5.1028
601198.SH,2019-04-30,-3.9855
601198.SH,2019-05-31,-11.9245
601198.SH,2019-06-30,1.7995
601198.SH,2019-07-31,-4.2304
601198.SH,2019-08-31,-5.1464
601198.SH,2019-09-30,2.4322
601198.SH,2019-10-31,-0.6393
601198.SH,2019-11-30,-0.4596
601198.SH,2019-12-31,21.3296
601198.SH,2020-01-31,-6.621
601198.SH,2020-02-29,-1.467
601198.SH,2020-03-31,-9.7601
601198.SH,2020-04-30,-1.7415
601198.SH,2020-05-31,-2.2388
601198.SH,2020-06-30,4.0076
601198.SH,2020-07-31,27.4492
601198.SH,2020-08-31,-2.9091
601198.SH,2020-09-30,-3.8951
601198.SH,2020-10-31,-4.9104
601198.SH,2020-11-30,8.3607
601198.SH,2020-12-31,0.7564
601225.SH,2016-01-31,-18.7243
601225.SH,2016-02-29,10.3797
601225.SH,2016-03-31,0.4587
601225.SH,2016-04-30,12.1005
601225.SH,2016-05-31,-9.776
601225.SH,2016-06-30,16.7043
601225.SH,2016-07-31,9.8646
601225.SH,2016-08-31,2.993
601225.SH,2016-09-30,-2.735
601225.SH,2016-10-31,14.7627
601225.SH,2016-11-30,-16.0796
601225.SH,2016-12-31,-11.4964
601225.SH,2017-01-31,9.2784
601225.SH,2017-02-28,4.3396
601225.SH,2017-03-31,11.7541
601225.SH,2017-04-30,-3.7217
601225.SH,2017-05-31,0.3361
601225.SH,2017-06-30,18.4255
601225.SH,2017-07-31,20.1471
601225.SH,2017-08-31,2.1454
601225.SH,2017-09-30,2.6838
601225.SH,2017-10-31,-10.6818
601225.SH,2017-11-30,9.1603
601225.SH,2017-12-31,-4.8951
601225.SH,2018-01-31,23.1618
601225.SH,2018-02-28,-13.1343
601225.SH,2018-03-31,-11.6838
601225.SH,2018-04-30,3.7613
601225.SH,2018-05-31,0.625
601225.SH,2018-06-30,2.1118
601225.SH,2018-07-31,-2.2365
601225.SH,2018-08-31,-1.5769
601225.SH,2018-09-30,16.1549
601225.SH,2018-10-31,-1.954
601225.SH,2018-11-30,-9.4959
601225.SH,2018-12-31,-3.6269
601225.SH,2019-01-31,13.172
601225.SH,2019-02-28,6.057
601225.SH,2019-03-31,-0.224
601225.SH,2019-04-30,1.2346
601225.SH,2019-05-31,-3.2151
601225.SH,2019-06-30,5.8419
601225.SH,2019-07-31,6.1167
601225.SH,2019-08-31,-5.9197
601225.SH,2019-09-30,-1.9101
601225.SH,2019-10-31,-4.0092
601225.SH,2019-11-30,1.1933
601225.SH,2019-12-31,6.0142
601225.SH,2020-01-31,-6.6741
601225.SH,2020-02-29,-5.8403
601225.SH,2020-03-31,-5.3165
601225.SH,2020-04-30,0.8021
601225.SH,2020-05-31,-4.9072
601225.SH,2020-06-30,0.5579
601225.SH,2020-07-31,16.9655
601225.SH,2020-08-31,0.4944
601225.SH,2020-09-30,3.198
601225.SH,2020-10-31,4.2908
601225.SH,2020-11-30,19.3143
601225.SH,2020-12-31,-10.5364
601216.SH,2016-01-31,-40.4367
601216.SH,2016-02-29,-3.5191
601216.SH,2016-03-31,17.7812
601216.SH,2016-04-30,1.9355
601216.SH,2016-05-31,-6.3291
601216.SH,2016-06-30,0.9459
601216.SH,2016-07-31,4.6854
601216.SH,2016-08-31,7.8079
601216.SH,2016-09-30,15.9145
601216.SH,2016-10-31,6.1475
601216.SH,2016-11-30,0.5792
601216.SH,2016-12-31,-10.7486
601216.SH,2017-01-31,-3.2258
601216.SH,2017-02-28,13.1111
601216.SH,2017-03-31,-4.5187
601216.SH,2017-04-30,-3.4979
601216.SH,2017-05-31,4.0512
601216.SH,2017-06-30,0.2049
601216.SH,2017-07-31,9.2025
601216.SH,2017-08-31,1.3201
601216.SH,2017-09-30,-6.308
601216.SH,2017-10-31,1.3861
601216.SH,2017-11-30,-2.5391
601216.SH,2017-12-31,-5.6112
601216.SH,2018-01-31,0
601216.SH,2018-02-28,0
601216.SH,2018-03-31,0
601216.SH,2018-04-30,-6.7941
601216.SH,2018-05-31,-9.795
601216.SH,2018-06-30,-14.899
601216.SH,2018-07-31,-0.0284
601216.SH,2018-08-31,-5.988
601216.SH,2018-09-30,0.9554
601216.SH,2018-10-31,-7.6769
601216.SH,2018-11-30,2.8986
601216.SH,2018-12-31,-7.7465
601216.SH,2019-01-31,-0.7634
601216.SH,2019-02-28,57.6923
601216.SH,2019-03-31,-2.9268
601216.SH,2019-04-30,-8.794
601216.SH,2019-05-31,-10.4683
601216.SH,2019-06-30,1.2308
601216.SH,2019-07-31,-1.8237
601216.SH,2019-08-31,-8.6687
601216.SH,2019-09-30,2.0339
601216.SH,2019-10-31,-1.6611
601216.SH,2019-11-30,2.027
601216.SH,2019-12-31,3.6424
601216.SH,2020-01-31,-6.7093
601216.SH,2020-02-29,-7.5342
601216.SH,2020-03-31,-8.8889
601216.SH,2020-04-30,16.6667
601216.SH,2020-05-31,-2.1328
601216.SH,2020-06-30,2.4194
601216.SH,2020-07-31,194.0945
601216.SH,2020-08-31,25.3012
601216.SH,2020-09-30,-22.8632
601216.SH,2020-10-31,-2.6316
601216.SH,2020-11-30,-24.8933
601216.SH,2020-12-31,-6.25
601231.SH,2016-01-31,-31.8119
601231.SH,2016-02-29,-13.5903
601231.SH,2016-03-31,16.784
601231.SH,2016-04-30,-7.3367
601231.SH,2016-05-31,7.8091
601231.SH,2016-06-30,8.5811
601231.SH,2016-07-31,6.0748
601231.SH,2016-08-31,1.4978
601231.SH,2016-09-30,-1.4757
601231.SH,2016-10-31,4.141
601231.SH,2016-11-30,-4.3147
601231.SH,2016-12-31,-5.305
601231.SH,2017-01-31,-7.8431
601231.SH,2017-02-28,5.0659
601231.SH,2017-03-31,18.8042
601231.SH,2017-04-30,-7.4675
601231.SH,2017-05-31,18.3333
601231.SH,2017-06-30,17.4204
601231.SH,2017-07-31,-5.6652
601231.SH,2017-08-31,2.4966
601231.SH,2017-09-30,-6.0566
601231.SH,2017-10-31,7.288
601231.SH,2017-11-30,-3.919
601231.SH,2017-12-31,7.206
601231.SH,2018-01-31,-22.0672
601231.SH,2018-02-28,15.5411
601231.SH,2018-03-31,-10.0704
601231.SH,2018-04-30,-13.0775
601231.SH,2018-05-31,-6.036
601231.SH,2018-06-30,-11.6202
601231.SH,2018-07-31,10.8049
601231.SH,2018-08-31,-11.5423
601231.SH,2018-09-30,7.9865
601231.SH,2018-10-31,3.9583
601231.SH,2018-11-30,-8.7174
601231.SH,2018-12-31,-1.2075
601231.SH,2019-01-31,6.4444
601231.SH,2019-02-28,34.0292
601231.SH,2019-03-31,19.9377
601231.SH,2019-04-30,-14.026
601231.SH,2019-05-31,-6.2386
601231.SH,2019-06-30,-1.6327
601231.SH,2019-07-31,14.3568
601231.SH,2019-08-31,-6.3861
601231.SH,2019-09-30,19.4574
601231.SH,2019-10-31,-4.867
601231.SH,2019-11-30,10.0955
601231.SH,2019-12-31,19.145
601231.SH,2020-01-31,2.8081
601231.SH,2020-02-29,8.953
601231.SH,2020-03-31,-26.2767
601231.SH,2020-04-30,12.5945
601231.SH,2020-05-31,-3.0761
601231.SH,2020-06-30,27.1518
601231.SH,2020-07-31,10.8516
601231.SH,2020-08-31,-3.387
601231.SH,2020-09-30,9.1065
601231.SH,2020-10-31,-14.3809
601231.SH,2020-11-30,0.2288
601231.SH,2020-12-31,-11.6895
601258.SH,2016-01-31,-27.8061
601258.SH,2016-02-29,-4.2403
601258.SH,2016-03-31,15.4982
601258.SH,2016-04-30,-9.2652
601258.SH,2016-05-31,-3.169
601258.SH,2016-06-30,0
601258.SH,2016-07-31,-1.8182
601258.SH,2016-08-31,4.0741
601258.SH,2016-09-30,-3.9146
601258.SH,2016-10-31,2.2222
601258.SH,2016-11-30,5.0725
601258.SH,2016-12-31,-4.4828
601258.SH,2017-01-31,-1.083
601258.SH,2017-02-28,4.7445
601258.SH,2017-03-31,0.3484
601258.SH,2017-04-30,27.7778
601258.SH,2017-05-31,-17.663
601258.SH,2017-06-30,-7.5908
601258.SH,2017-07-31,-0.7143
601258.SH,2017-08-31,3.9568
601258.SH,2017-09-30,-1.3841
601258.SH,2017-10-31,-1.7544
601258.SH,2017-11-30,-6.7857
601258.SH,2017-12-31,-4.2146
601258.SH,2018-01-31,-3.2
601258.SH,2018-02-28,-4.9587
601258.SH,2018-03-31,1.3043
601258.SH,2018-04-30,-3.4335
601258.SH,2018-05-31,-4.8889
601258.SH,2018-06-30,-14.486
601258.SH,2018-07-31,1.0929
601258.SH,2018-08-31,-4.8649
601258.SH,2018-09-30,-2.8409
601258.SH,2018-10-31,-11.1111
601258.SH,2018-11-30,-1.9737
601258.SH,2018-12-31,-6.0403
601258.SH,2019-01-31,-10
601258.SH,2019-02-28,36.5079
601258.SH,2019-03-31,-1.1628
601258.SH,2019-04-30,-12.3529
601258.SH,2019-05-31,-18.1208
601258.SH,2019-06-30,5.7377
601258.SH,2019-07-31,4.6512
601258.SH,2019-08-31,-5.1852
601258.SH,2019-09-30,-7.0312
601258.SH,2019-10-31,-4.2017
601258.SH,2019-11-30,8.7719
601258.SH,2019-12-31,16.0836
601258.SH,2020-01-31,7.1429
601258.SH,2020-02-29,-10
601258.SH,2020-03-31,-10.3704
601258.SH,2020-04-30,4.9587
601258.SH,2020-05-31,-1.5748
601258.SH,2020-06-30,-2.4
601258.SH,2020-07-31,-4.918
601258.SH,2020-08-31,0
601258.SH,2020-09-30,-4.3103
601258.SH,2020-10-31,-2.7027
601258.SH,2020-11-30,5.5556
601258.SH,2020-12-31,-11.4035
601238.SH,2016-01-31,-12.2286
601238.SH,2016-02-29,-5.7547
601238.SH,2016-03-31,10.4446
601238.SH,2016-04-30,8.6324
601238.SH,2016-05-31,5.9821
601238.SH,2016-06-30,-0.5216
601238.SH,2016-07-31,0.8089
601238.SH,2016-08-31,-2.3649
601238.SH,2016-09-30,-3.5467
601238.SH,2016-10-31,0.6278
601238.SH,2016-11-30,12.4329
601238.SH,2016-12-31,-7.8361
601238.SH,2017-01-31,2.5032
601238.SH,2017-02-28,8.4211
601238.SH,2017-03-31,1.9806
601238.SH,2017-04-30,-2.8941
601238.SH,2017-05-31,1.451
601238.SH,2017-06-30,1.5522
601238.SH,2017-07-31,1.4965
601238.SH,2017-08-31,-3.8563
601238.SH,2017-09-30,5.937
601238.SH,2017-10-31,3.5022
601238.SH,2017-11-30,-13.4269
601238.SH,2017-12-31,2.5364
601238.SH,2018-01-31,-2.6764
601238.SH,2018-02-28,-9.9167
601238.SH,2018-03-31,2.7752
601238.SH,2018-04-30,-18.4068
601238.SH,2018-05-31,-0.9928
601238.SH,2018-06-30,-11.1014
601238.SH,2018-07-31,-4.5781
601238.SH,2018-08-31,-2.1637
601238.SH,2018-09-30,7.2786
601238.SH,2018-10-31,-2.2624
601238.SH,2018-11-30,-3.2407
601238.SH,2018-12-31,-1.5311
601238.SH,2019-01-31,0.1944
601238.SH,2019-02-28,15.5189
601238.SH,2019-03-31,-1.9312
601238.SH,2019-04-30,6.9349
601238.SH,2019-05-31,-13.2906
601238.SH,2019-06-30,3.5135
601238.SH,2019-07-31,1.3724
601238.SH,2019-08-31,5.8664
601238.SH,2019-09-30,5.0369
601238.SH,2019-10-31,-6.357
601238.SH,2019-11-30,2.785
601238.SH,2019-12-31,-1.0161
601238.SH,2020-01-31,-7.1001
601238.SH,2020-02-29,-0.0921
601238.SH,2020-03-31,-2.765
601238.SH,2020-04-30,-7.109
601238.SH,2020-05-31,-5.6122
601238.SH,2020-06-30,-1.0971
601238.SH,2020-07-31,20
601238.SH,2020-08-31,-3.8889
601238.SH,2020-09-30,-8.0313
601238.SH,2020-10-31,41.0714
601238.SH,2020-11-30,1.7126
601238.SH,2020-12-31,-2.7086
601318.SH,2016-01-31,-16.1667
601318.SH,2016-02-29,-3.8767
601318.SH,2016-03-31,9.6518
601318.SH,2016-04-30,0.723
601318.SH,2016-05-31,2.1223
601318.SH,2016-06-30,-2.0782
601318.SH,2016-07-31,2.1319
601318.SH,2016-08-31,5.7152
601318.SH,2016-09-30,0.4007
601318.SH,2016-10-31,1.3173
601318.SH,2016-11-30,4.9697
601318.SH,2016-12-31,-2.4773
601318.SH,2017-01-31,3.0483
601318.SH,2017-02-28,-0.7669
601318.SH,2017-03-31,2.1529
601318.SH,2017-04-30,2.5669
601318.SH,2017-05-31,18.7302
601318.SH,2017-06-30,10.0732
601318.SH,2017-07-31,5.9981
601318.SH,2017-08-31,7.7086
601318.SH,2017-09-30,-2.4693
601318.SH,2017-10-31,18.8331
601318.SH,2017-11-30,8.6389
601318.SH,2017-12-31,0.0858
601318.SH,2018-01-31,7.2878
601318.SH,2018-02-28,-9.7496
601318.SH,2018-03-31,-3.6157
601318.SH,2018-04-30,-6.7677
601318.SH,2018-05-31,2.0365
601318.SH,2018-06-30,-3.9067
601318.SH,2018-07-31,5.1553
601318.SH,2018-08-31,2.2403
601318.SH,2018-09-30,9.8492
601318.SH,2018-10-31,-7.1095
601318.SH,2018-11-30,-0.22
601318.SH,2018-12-31,-11.6396
601318.SH,2019-01-31,12.2638
601318.SH,2019-02-28,11.1623
601318.SH,2019-03-31,10.1271
601318.SH,2019-04-30,11.6732
601318.SH,2019-05-31,-6.9276
601318.SH,2019-06-30,12.1646
601318.SH,2019-07-31,-0.5868
601318.SH,2019-08-31,-0.8741
601318.SH,2019-09-30,0.5337
601318.SH,2019-10-31,1.2408
601318.SH,2019-11-30,-5.1067
601318.SH,2019-12-31,2.2004
601318.SH,2020-01-31,-2.3052
601318.SH,2020-02-29,-6.911
601318.SH,2020-03-31,-11.001
601318.SH,2020-04-30,7.6478
601318.SH,2020-05-31,-3.3334
601318.SH,2020-06-30,0.9758
601318.SH,2020-07-31,6.3025
601318.SH,2020-08-31,0.9486
601318.SH,2020-09-30,0.5366
601318.SH,2020-10-31,2.0587
601318.SH,2020-11-30,15.6752
601318.SH,2020-12-31,-3.3878
601288.SH,2016-01-31,-7.4303
601288.SH,2016-02-29,0
601288.SH,2016-03-31,7.0234
601288.SH,2016-04-30,-2.5
601288.SH,2016-05-31,2.2436
601288.SH,2016-06-30,0.3135
601288.SH,2016-07-31,2.5
601288.SH,2016-08-31,3.2154
601288.SH,2016-09-30,-2.4922
601288.SH,2016-10-31,0.9585
601288.SH,2016-11-30,1.5823
601288.SH,2016-12-31,-3.4268
601288.SH,2017-01-31,3.5484
601288.SH,2017-02-28,1.2461
601288.SH,2017-03-31,2.7692
601288.SH,2017-04-30,1.1976
601288.SH,2017-05-31,4.7337
601288.SH,2017-06-30,-0.565
601288.SH,2017-07-31,10.6368
601288.SH,2017-08-31,1.6173
601288.SH,2017-09-30,1.3263
601288.SH,2017-10-31,-2.0942
601288.SH,2017-11-30,0
601288.SH,2017-12-31,2.4064
601288.SH,2018-01-31,16.4491
601288.SH,2018-02-28,-7.3991
601288.SH,2018-03-31,-5.3269
601288.SH,2018-04-30,-2.5575
601288.SH,2018-05-31,-1.0761
601288.SH,2018-06-30,-4.1783
601288.SH,2018-07-31,5.814
601288.SH,2018-08-31,-0.2747
601288.SH,2018-09-30,7.1625
601288.SH,2018-10-31,-0.5141
601288.SH,2018-11-30,-7.7519
601288.SH,2018-12-31,0.8403
601288.SH,2019-01-31,3.3333
601288.SH,2019-02-28,2.1505
601288.SH,2019-03-31,-1.8421
601288.SH,2019-04-30,0.8043
601288.SH,2019-05-31,-2.1277
601288.SH,2019-06-30,2.3824
601288.SH,2019-07-31,0
601288.SH,2019-08-31,-5.5556
601288.SH,2019-09-30,1.7647
601288.SH,2019-10-31,5.2023
601288.SH,2019-11-30,-0.5495
601288.SH,2019-12-31,1.9337
601288.SH,2020-01-31,-4.607
601288.SH,2020-02-29,-3.125
601288.SH,2020-03-31,-1.173
601288.SH,2020-04-30,2.6706
601288.SH,2020-05-31,-1.7341
601288.SH,2020-06-30,-0.5882
601288.SH,2020-07-31,0.5336
601288.SH,2020-08-31,-0.6192
601288.SH,2020-09-30,-1.2461
601288.SH,2020-10-31,-0.6309
601288.SH,2020-11-30,4.4444
601288.SH,2020-12-31,-4.5593
601328.SH,2016-01-31,-16.9255
601328.SH,2016-02-29,-3.3645
601328.SH,2016-03-31,7.7369
601328.SH,2016-04-30,-3.4111
601328.SH,2016-05-31,2.7881
601328.SH,2016-06-30,1.8083
601328.SH,2016-07-31,4.6267
601328.SH,2016-08-31,3.2028
601328.SH,2016-09-30,-4.6552
601328.SH,2016-10-31,1.6275
601328.SH,2016-11-30,4.2705
601328.SH,2016-12-31,-1.5358
601328.SH,2017-01-31,4.3328
601328.SH,2017-02-28,3.4884
601328.SH,2017-03-31,0
601328.SH,2017-04-30,-3.3708
601328.SH,2017-05-31,2.99
601328.SH,2017-06-30,-0.6452
601328.SH,2017-07-31,8.6346
601328.SH,2017-08-31,2.8125
601328.SH,2017-09-30,-3.9514
601328.SH,2017-10-31,-1.5823
601328.SH,2017-11-30,1.4469
601328.SH,2017-12-31,-1.5848
601328.SH,2018-01-31,9.1787
601328.SH,2018-02-28,-4.1298
601328.SH,2018-03-31,-4.9231
601328.SH,2018-04-30,0
601328.SH,2018-05-31,-2.589
601328.SH,2018-06-30,-4.6512
601328.SH,2018-07-31,5.253
601328.SH,2018-08-31,-2.2609
601328.SH,2018-09-30,3.9146
601328.SH,2018-10-31,2.7397
601328.SH,2018-11-30,-2.5
601328.SH,2018-12-31,-1.0256
601328.SH,2019-01-31,7.9447
601328.SH,2019-02-28,2.4
601328.SH,2019-03-31,-2.5
601328.SH,2019-04-30,0.3205
601328.SH,2019-05-31,-4.7923
601328.SH,2019-06-30,2.6846
601328.SH,2019-07-31,-0.1718
601328.SH,2019-08-31,-6.8847
601328.SH,2019-09-30,0.7394
601328.SH,2019-10-31,2.9358
601328.SH,2019-11-30,-1.7825
601328.SH,2019-12-31,2.1779
601328.SH,2020-01-31,-2.8419
601328.SH,2020-02-29,-4.936
601328.SH,2020-03-31,-0.7692
601328.SH,2020-04-30,0.3876
601328.SH,2020-05-31,-1.3514
601328.SH,2020-06-30,0.3914
601328.SH,2020-07-31,-1.6054
601328.SH,2020-08-31,-0.6303
601328.SH,2020-09-30,-4.0169
601328.SH,2020-10-31,-0.2203
601328.SH,2020-11-30,3.9735
601328.SH,2020-12-31,-4.8832
601333.SH,2016-01-31,-31.7365
601333.SH,2016-02-29,5.5556
601333.SH,2016-03-31,10.8033
601333.SH,2016-04-30,5.25
601333.SH,2016-05-31,-3.3254
601333.SH,2016-06-30,-3.9312
601333.SH,2016-07-31,6.1584
601333.SH,2016-08-31,4.914
601333.SH,2016-09-30,-4.4496
601333.SH,2016-10-31,8.3333
601333.SH,2016-11-30,2.2624
601333.SH,2016-12-31,12.1681
601333.SH,2017-01-31,9.073
601333.SH,2017-02-28,-3.7975
601333.SH,2017-03-31,-2.2556
601333.SH,2017-04-30,-9.6154
601333.SH,2017-05-31,-7.4468
601333.SH,2017-06-30,3.908
601333.SH,2017-07-31,9.9558
601333.SH,2017-08-31,6.7107
601333.SH,2017-09-30,-3.0651
601333.SH,2017-10-31,-0.3953
601333.SH,2017-11-30,-0.1984
601333.SH,2017-12-31,10.7356
601333.SH,2018-01-31,-8.9767
601333.SH,2018-02-28,-6.5089
601333.SH,2018-03-31,-3.1646
601333.SH,2018-04-30,-2.3965
601333.SH,2018-05-31,-0.8929
601333.SH,2018-06-30,-4.2793
601333.SH,2018-07-31,1.6471
601333.SH,2018-08-31,-10.3249
601333.SH,2018-09-30,-5
601333.SH,2018-10-31,-14.1274
601333.SH,2018-11-30,4.1935
601333.SH,2018-12-31,-2.1672
601333.SH,2019-01-31,10.7595
601333.SH,2019-02-28,10
601333.SH,2019-03-31,-7.5325
601333.SH,2019-04-30,-3.9326
601333.SH,2019-05-31,-7.8947
601333.SH,2019-06-30,2.5397
601333.SH,2019-07-31,-0.9288
601333.SH,2019-08-31,-1.181
601333.SH,2019-09-30,-0.6452
601333.SH,2019-10-31,0.3247
601333.SH,2019-11-30,-4.2071
601333.SH,2019-12-31,3.3784
601333.SH,2020-01-31,-6.2092
601333.SH,2020-02-29,-10.1045
601333.SH,2020-03-31,-8.1395
601333.SH,2020-04-30,0
601333.SH,2020-05-31,-8.4388
601333.SH,2020-06-30,3.6866
601333.SH,2020-07-31,9.3333
601333.SH,2020-08-31,1.1231
601333.SH,2020-09-30,-4.5267
601333.SH,2020-10-31,-2.5862
601333.SH,2020-11-30,4.8673
601333.SH,2020-12-31,-6.3291
601336.SH,2016-01-31,-29.4771
601336.SH,2016-02-29,-8.1477
601336.SH,2016-03-31,19.9586
601336.SH,2016-04-30,-1.6515
601336.SH,2016-05-31,5.9649
601336.SH,2016-06-30,-4.4465
601336.SH,2016-07-31,-1.5842
601336.SH,2016-08-31,10.5784
601336.SH,2016-09-30,-5.6115
601336.SH,2016-10-31,2.6207
601336.SH,2016-11-30,9.3639
601336.SH,2016-12-31,-5.3405
601336.SH,2017-01-31,5.4591
601336.SH,2017-02-28,-4.0502
601336.SH,2017-03-31,-4.763
601336.SH,2017-04-30,6.2811
601336.SH,2017-05-31,18.3541
601336.SH,2017-06-30,-3.1468
601336.SH,2017-07-31,11.7899
601336.SH,2017-08-31,7.8057
601336.SH,2017-09-30,-7.7937
601336.SH,2017-10-31,12.7934
601336.SH,2017-11-30,-2.2528
601336.SH,2017-12-31,12.356
601336.SH,2018-01-31,-14.3447
601336.SH,2018-02-28,-12.3067
601336.SH,2018-03-31,-12.7252
601336.SH,2018-04-30,-5.9105
601336.SH,2018-05-31,-0.2079
601336.SH,2018-06-30,-0.7637
601336.SH,2018-07-31,14.9953
601336.SH,2018-08-31,-5.9269
601336.SH,2018-09-30,10.0981
601336.SH,2018-10-31,-7.3296
601336.SH,2018-11-30,-5.1518
601336.SH,2018-12-31,-4.8005
601336.SH,2019-01-31,-0.3314
601336.SH,2019-02-28,19.1449
601336.SH,2019-03-31,7.0375
601336.SH,2019-04-30,7.0032
601336.SH,2019-05-31,-10.1828
601336.SH,2019-06-30,6.6473
601336.SH,2019-07-31,0.9449
601336.SH,2019-08-31,-11.8664
601336.SH,2019-09-30,0.9123
601336.SH,2019-10-31,-1.9519
601336.SH,2019-11-30,-6.7058
601336.SH,2019-12-31,10.3998
601336.SH,2020-01-31,-2.3601
601336.SH,2020-02-29,-7.9392
601336.SH,2020-03-31,-9.914
601336.SH,2020-04-30,12.9397
601336.SH,2020-05-31,-2.6696
601336.SH,2020-06-30,1.2114
601336.SH,2020-07-31,19.3767
601336.SH,2020-08-31,16.0447
601336.SH,2020-09-30,3.726
601336.SH,2020-10-31,3.4149
601336.SH,2020-11-30,-4.6262
601336.SH,2020-12-31,-5.3242
601377.SH,2016-01-31,-25.7005
601377.SH,2016-02-29,-5.4616
601377.SH,2016-03-31,20.9078
601377.SH,2016-04-30,-7.0535
601377.SH,2016-05-31,1.3106
601377.SH,2016-06-30,-9.5471
601377.SH,2016-07-31,4.3302
601377.SH,2016-08-31,3.2425
601377.SH,2016-09-30,-5.0251
601377.SH,2016-10-31,4.2328
601377.SH,2016-11-30,9.7716
601377.SH,2016-12-31,-11.5607
601377.SH,2017-01-31,2.2222
601377.SH,2017-02-28,1.5345
601377.SH,2017-03-31,-3.5264
601377.SH,2017-04-30,-1.0444
601377.SH,2017-05-31,-1.9789
601377.SH,2017-06-30,0
601377.SH,2017-07-31,9.4213
601377.SH,2017-08-31,7.6293
601377.SH,2017-09-30,-1.397
601377.SH,2017-10-31,-7.5561
601377.SH,2017-11-30,1.0217
601377.SH,2017-12-31,-7.9646
601377.SH,2018-01-31,5.7692
601377.SH,2018-02-28,-10.2597
601377.SH,2018-03-31,-4.7757
601377.SH,2018-04-30,-2.7356
601377.SH,2018-05-31,-7.6562
601377.SH,2018-06-30,-10.8291
601377.SH,2018-07-31,-7.9696
601377.SH,2018-08-31,-3.4915
601377.SH,2018-09-30,0.2208
601377.SH,2018-10-31,7.9295
601377.SH,2018-11-30,3.2653
601377.SH,2018-12-31,-8.3004
601377.SH,2019-01-31,5.1724
601377.SH,2019-02-28,40.1639
601377.SH,2019-03-31,5.9942
601377.SH,2019-04-30,-7.0345
601377.SH,2019-05-31,-8.3086
601377.SH,2019-06-30,9.0615
601377.SH,2019-07-31,-3.7092
601377.SH,2019-08-31,-5.7172
601377.SH,2019-09-30,2.4712
601377.SH,2019-10-31,2.5723
601377.SH,2019-11-30,-2.9781
601377.SH,2019-12-31,14.378
601377.SH,2020-01-31,-3.9548
601377.SH,2020-02-29,1.6176
601377.SH,2020-03-31,-9.5514
601377.SH,2020-04-30,-3.52
601377.SH,2020-05-31,-5.6385
601377.SH,2020-06-30,20.3866
601377.SH,2020-07-31,19.562
601377.SH,2020-08-31,1.321
601377.SH,2020-09-30,0.7299
601377.SH,2020-10-31,-6.401
601377.SH,2020-11-30,16.2581
601377.SH,2020-12-31,-3.6626
601390.SH,2016-01-31,-27.1062
601390.SH,2016-02-29,-8.4171
601390.SH,2016-03-31,10.4252
601390.SH,2016-04-30,-7.0807
601390.SH,2016-05-31,-3.0749
601390.SH,2016-06-30,-3.8621
601390.SH,2016-07-31,-1.8651
601390.SH,2016-08-31,10.5036
601390.SH,2016-09-30,-5.3619
601390.SH,2016-10-31,19.1218
601390.SH,2016-11-30,16.5279
601390.SH,2016-12-31,-9.5918
601390.SH,2017-01-31,0
601390.SH,2017-02-28,2.0316
601390.SH,2017-03-31,-2.5442
601390.SH,2017-04-30,-0.3405
601390.SH,2017-05-31,1.4806
601390.SH,2017-06-30,-2.6936
601390.SH,2017-07-31,2.1915
601390.SH,2017-08-31,0.4775
601390.SH,2017-09-30,-1.8161
601390.SH,2017-10-31,3.4682
601390.SH,2017-11-30,-3.352
601390.SH,2017-12-31,-3.0058
601390.SH,2018-01-31,1.1919
601390.SH,2018-02-28,-10.2473
601390.SH,2018-03-31,-3.2808
601390.SH,2018-04-30,0.4071
601390.SH,2018-05-31,0.9459
601390.SH,2018-06-30,0
601390.SH,2018-07-31,0
601390.SH,2018-08-31,-2.4457
601390.SH,2018-09-30,8.2173
601390.SH,2018-10-31,-4.8906
601390.SH,2018-11-30,-2.8417
601390.SH,2018-12-31,-2.6462
601390.SH,2019-01-31,-4.2918
601390.SH,2019-02-28,10.0149
601390.SH,2019-03-31,-1.2228
601390.SH,2019-04-30,-3.1637
601390.SH,2019-05-31,-8.6648
601390.SH,2019-06-30,1.3997
601390.SH,2019-07-31,-0.4411
601390.SH,2019-08-31,-5.5031
601390.SH,2019-09-30,-0.1664
601390.SH,2019-10-31,-4
601390.SH,2019-11-30,-1.9097
601390.SH,2019-12-31,5.1327
601390.SH,2020-01-31,-6.3973
601390.SH,2020-02-29,-3.4173
601390.SH,2020-03-31,0.1862
601390.SH,2020-04-30,8.9219
601390.SH,2020-05-31,-10.4096
601390.SH,2020-06-30,-4.381
601390.SH,2020-07-31,10.9562
601390.SH,2020-08-31,3.6237
601390.SH,2020-09-30,-3.75
601390.SH,2020-10-31,-0.3711
601390.SH,2020-11-30,5.2142
601390.SH,2020-12-31,-6.7257
601398.SH,2016-01-31,-10.4803
601398.SH,2016-02-29,-1.7073
601398.SH,2016-03-31,6.4516
601398.SH,2016-04-30,-0.6993
601398.SH,2016-05-31,2.3474
601398.SH,2016-06-30,1.8349
601398.SH,2016-07-31,1.9558
601398.SH,2016-08-31,5.3488
601398.SH,2016-09-30,-2.2075
601398.SH,2016-10-31,0
601398.SH,2016-11-30,2.0316
601398.SH,2016-12-31,-2.4336
601398.SH,2017-01-31,4.3084
601398.SH,2017-02-28,1.9565
601398.SH,2017-03-31,3.1983
601398.SH,2017-04-30,0.8264
601398.SH,2017-05-31,7.582
601398.SH,2017-06-30,0
601398.SH,2017-07-31,9.7802
601398.SH,2017-08-31,7.078
601398.SH,2017-09-30,1.6949
601398.SH,2017-10-31,1.6667
601398.SH,2017-11-30,-2.9508
601398.SH,2017-12-31,4.7297
601398.SH,2018-01-31,20.6452
601398.SH,2018-02-28,-10.8289
601398.SH,2018-03-31,-8.6957
601398.SH,2018-04-30,-1.4778
601398.SH,2018-05-31,-5.6667
601398.SH,2018-06-30,-6.0071
601398.SH,2018-07-31,10.9057
601398.SH,2018-08-31,-3.7168
601398.SH,2018-09-30,6.0662
601398.SH,2018-10-31,-2.4263
601398.SH,2018-11-30,-5.3286
601398.SH,2018-12-31,-0.7505
601398.SH,2019-01-31,6.9943
601398.SH,2019-02-28,1.5901
601398.SH,2019-03-31,-3.1304
601398.SH,2019-04-30,4.3088
601398.SH,2019-05-31,-3.4423
601398.SH,2019-06-30,4.9911
601398.SH,2019-07-31,-0.0299
601398.SH,2019-08-31,-4.4326
601398.SH,2019-09-30,2.5974
601398.SH,2019-10-31,6.8716
601398.SH,2019-11-30,-2.0305
601398.SH,2019-12-31,1.5544
601398.SH,2020-01-31,-2.7211
601398.SH,2020-02-29,-7.3427
601398.SH,2020-03-31,-2.8302
601398.SH,2020-04-30,0.3883
601398.SH,2020-05-31,-0.9671
601398.SH,2020-06-30,2.3336
601398.SH,2020-07-31,-0.4016
601398.SH,2020-08-31,0
601398.SH,2020-09-30,-0.8065
601398.SH,2020-10-31,0
601398.SH,2020-11-30,8.1301
601398.SH,2020-12-31,-6.203
601555.SH,2016-01-31,-33.2296
601555.SH,2016-02-29,-7.9217
601555.SH,2016-03-31,35.7287
601555.SH,2016-04-30,-8.2028
601555.SH,2016-05-31,2.5183
601555.SH,2016-06-30,8.729
601555.SH,2016-07-31,4.6269
601555.SH,2016-08-31,0.214
601555.SH,2016-09-30,-7.5445
601555.SH,2016-10-31,11.6243
601555.SH,2016-11-30,0.6897
601555.SH,2016-12-31,-9.1096
601555.SH,2017-01-31,-3.0143
601555.SH,2017-02-28,1.8648
601555.SH,2017-03-31,-5.7971
601555.SH,2017-04-30,-3.3198
601555.SH,2017-05-31,-5.0161
601555.SH,2017-06-30,0.3575
601555.SH,2017-07-31,6.4114
601555.SH,2017-08-31,6.2762
601555.SH,2017-09-30,-3.8583
601555.SH,2017-10-31,-11.3022
601555.SH,2017-11-30,-1.0157
601555.SH,2017-12-31,-9.3284
601555.SH,2018-01-31,-0.2058
601555.SH,2018-02-28,-12.0619
601555.SH,2018-03-31,-3.2825
601555.SH,2018-04-30,-3.0303
601555.SH,2018-05-31,-6.1455
601555.SH,2018-06-30,-7.327
601555.SH,2018-07-31,-2.1962
601555.SH,2018-08-31,-4.7904
601555.SH,2018-09-30,0.4717
601555.SH,2018-10-31,3.7559
601555.SH,2018-11-30,7.994
601555.SH,2018-12-31,-6.4246
601555.SH,2019-01-31,4.9254
601555.SH,2019-02-28,31.01
601555.SH,2019-03-31,9.8806
601555.SH,2019-04-30,11.0672
601555.SH,2019-05-31,-12.3665
601555.SH,2019-06-30,4.0609
601555.SH,2019-07-31,-2.765
601555.SH,2019-08-31,-9.2105
601555.SH,2019-09-30,3.1215
601555.SH,2019-10-31,-1.7297
601555.SH,2019-11-30,-6.1606
601555.SH,2019-12-31,17.1161
601555.SH,2020-01-31,-8.5085
601555.SH,2020-02-29,1.4223
601555.SH,2020-03-31,-9.0319
601555.SH,2020-04-30,-2.399
601555.SH,2020-05-31,-2.5873
601555.SH,2020-06-30,10.1985
601555.SH,2020-07-31,39.951
601555.SH,2020-08-31,-5.7793
601555.SH,2020-09-30,-0.8364
601555.SH,2020-10-31,-8.4349
601555.SH,2020-11-30,3.5824
601555.SH,2020-12-31,-2.5692
601600.SH,2016-01-31,-24.3461
601600.SH,2016-02-29,19.6809
601600.SH,2016-03-31,-2.4444
601600.SH,2016-04-30,-4.1002
601600.SH,2016-05-31,-2.3753
601600.SH,2016-06-30,-8.2725
601600.SH,2016-07-31,2.122
601600.SH,2016-08-31,1.8182
601600.SH,2016-09-30,-4.5918
601600.SH,2016-10-31,6.4171
601600.SH,2016-11-30,17.0854
601600.SH,2016-12-31,-9.4421
601600.SH,2017-01-31,21.564
601600.SH,2017-02-28,-3.7037
601600.SH,2017-03-31,-5.8704
601600.SH,2017-04-30,4.3011
601600.SH,2017-05-31,-12.7835
601600.SH,2017-06-30,6.8558
601600.SH,2017-07-31,32.3009
601600.SH,2017-08-31,33.9465
601600.SH,2017-09-30,0.9988
601600.SH,2017-10-31,0
601600.SH,2017-11-30,0
601600.SH,2017-12-31,0
601600.SH,2018-01-31,0
601600.SH,2018-02-28,-27.0705
601600.SH,2018-03-31,-19.8305
601600.SH,2018-04-30,-0.8457
601600.SH,2018-05-31,-11.0874
601600.SH,2018-06-30,-7.9137
601600.SH,2018-07-31,0.7812
601600.SH,2018-08-31,4.3928
601600.SH,2018-09-30,-0.2475
601600.SH,2018-10-31,-5.7072
601600.SH,2018-11-30,-4.2105
601600.SH,2018-12-31,-2.4725
601600.SH,2019-01-31,-0.5634
601600.SH,2019-02-28,20.6799
601600.SH,2019-03-31,-1.6432
601600.SH,2019-04-30,-0.4773
601600.SH,2019-05-31,-3.5971
601600.SH,2019-06-30,-2.4876
601600.SH,2019-07-31,-4.3367
601600.SH,2019-08-31,-4
601600.SH,2019-09-30,-2.2222
601600.SH,2019-10-31,-3.6932
601600.SH,2019-11-30,-3.2448
601600.SH,2019-12-31,7.9268
601600.SH,2020-01-31,-6.7797
601600.SH,2020-02-29,-7.2727
601600.SH,2020-03-31,-5.8824
601600.SH,2020-04-30,-1.0417
601600.SH,2020-05-31,-1.7544
601600.SH,2020-06-30,-1.4286
601600.SH,2020-07-31,19.2029
601600.SH,2020-08-31,-3.9514
601600.SH,2020-09-30,-7.9114
601600.SH,2020-10-31,-1.3746
601600.SH,2020-11-30,43.9024
601600.SH,2020-12-31,-12.1065
601601.SH,2016-01-31,-19.3694
601601.SH,2016-02-29,1.0314
601601.SH,2016-03-31,11.5695
601601.SH,2016-04-30,5.2612
601601.SH,2016-05-31,-1.159
601601.SH,2016-06-30,-0.9161
601601.SH,2016-07-31,-0.9246
601601.SH,2016-08-31,6.479
601601.SH,2016-09-30,4.6596
601601.SH,2016-10-31,1.9826
601601.SH,2016-11-30,3.0355
601601.SH,2016-12-31,-8.0768
601601.SH,2017-01-31,4.5013
601601.SH,2017-02-28,-5.7891
601601.SH,2017-03-31,0.2926
601601.SH,2017-04-30,1.2035
601601.SH,2017-05-31,9.3694
601601.SH,2017-06-30,11.598
601601.SH,2017-07-31,0.8857
601601.SH,2017-08-31,14.0838
601601.SH,2017-09-30,-3.3752
601601.SH,2017-10-31,15.8408
601601.SH,2017-11-30,-2.431
601601.SH,2017-12-31,-0.7667
601601.SH,2018-01-31,-4.563
601601.SH,2018-02-28,1.2649
601601.SH,2018-03-31,-15.2386
601601.SH,2018-04-30,-6.8671
601601.SH,2018-05-31,5.2848
601601.SH,2018-06-30,-4.2681
601601.SH,2018-07-31,7.4725
601601.SH,2018-08-31,-1.9444
601601.SH,2018-09-30,8.3944
601601.SH,2018-10-31,-5.2098
601601.SH,2018-11-30,-6.7439
601601.SH,2018-12-31,-9.4298
601601.SH,2019-01-31,8.4066
601601.SH,2019-02-28,10.3829
601601.SH,2019-03-31,0.0588
601601.SH,2019-04-30,6.2867
601601.SH,2019-05-31,-4.8646
601601.SH,2019-06-30,6.0721
601601.SH,2019-07-31,8.5589
601601.SH,2019-08-31,-2.0725
601601.SH,2019-09-30,-7.7513
601601.SH,2019-10-31,-1.0324
601601.SH,2019-11-30,-0.7534
601601.SH,2019-12-31,10.4818
601601.SH,2020-01-31,-4.9683
601601.SH,2020-02-29,-11.3181
601601.SH,2020-03-31,-11.5083
601601.SH,2020-04-30,9.0361
601601.SH,2020-05-31,-8.0923
601601.SH,2020-06-30,0.3868
601601.SH,2020-07-31,8.2936
601601.SH,2020-08-31,4.4392
601601.SH,2020-09-30,1.2654
601601.SH,2020-10-31,2.2429
601601.SH,2020-11-30,21.1219
601601.SH,2020-12-31,-0.6468
601607.SH,2016-01-31,-21.547
601607.SH,2016-02-29,-3.009
601607.SH,2016-03-31,13.0693
601607.SH,2016-04-30,5.6626
601607.SH,2016-05-31,1.8232
601607.SH,2016-06-30,-2.0619
601607.SH,2016-07-31,15.0162
601607.SH,2016-08-31,-0.7349
601607.SH,2016-09-30,-2.616
601607.SH,2016-10-31,0.4055
601607.SH,2016-11-30,2.3725
601607.SH,2016-12-31,-3.5503
601607.SH,2017-01-31,12.0143
601607.SH,2017-02-28,-1.0497
601607.SH,2017-03-31,7.5185
601607.SH,2017-04-30,1.8447
601607.SH,2017-05-31,7.7085
601607.SH,2017-06-30,12.9449
601607.SH,2017-07-31,-12.4142
601607.SH,2017-08-31,-6.6506
601607.SH,2017-09-30,1.8884
601607.SH,2017-10-31,5.3075
601607.SH,2017-11-30,-3.28
601607.SH,2017-12-31,0.0414
601607.SH,2018-01-31,-1.3229
601607.SH,2018-02-28,-6.8287
601607.SH,2018-03-31,10.8813
601607.SH,2018-04-30,-5.2311
601607.SH,2018-05-31,13.3504
601607.SH,2018-06-30,-9.7773
601607.SH,2018-07-31,-1.7413
601607.SH,2018-08-31,-8.0415
601607.SH,2018-09-30,-3.6201
601607.SH,2018-10-31,-3.4146
601607.SH,2018-11-30,2.2222
601607.SH,2018-12-31,-16.0079
601607.SH,2019-01-31,-5.2941
601607.SH,2019-02-28,14.4099
601607.SH,2019-03-31,12.2693
601607.SH,2019-04-30,-4.8356
601607.SH,2019-05-31,-6.5041
601607.SH,2019-06-30,-1.3587
601607.SH,2019-07-31,2.4263
601607.SH,2019-08-31,3.7445
601607.SH,2019-09-30,-3.397
601607.SH,2019-10-31,1.9231
601607.SH,2019-11-30,-4.097
601607.SH,2019-12-31,3.2603
601607.SH,2020-01-31,2.9396
601607.SH,2020-02-29,-1.2692
601607.SH,2020-03-31,4.4992
601607.SH,2020-04-30,-5.1768
601607.SH,2020-05-31,-3.7838
601607.SH,2020-06-30,3.2584
601607.SH,2020-07-31,14.1363
601607.SH,2020-08-31,8.2927
601607.SH,2020-09-30,-8.5135
601607.SH,2020-10-31,-1.9202
601607.SH,2020-11-30,0.9538
601607.SH,2020-12-31,-4.5251
601608.SH,2016-01-31,-31.9708
601608.SH,2016-02-29,-5.3648
601608.SH,2016-03-31,23.8095
601608.SH,2016-04-30,8.6081
601608.SH,2016-05-31,-6.914
601608.SH,2016-06-30,-2.7174
601608.SH,2016-07-31,0.5587
601608.SH,2016-08-31,-0.3751
601608.SH,2016-09-30,-5.2239
601608.SH,2016-10-31,3.937
601608.SH,2016-11-30,23.2955
601608.SH,2016-12-31,-13.8249
601608.SH,2017-01-31,-7.3084
601608.SH,2017-02-28,8.8462
601608.SH,2017-03-31,2.4735
601608.SH,2017-04-30,-4.4828
601608.SH,2017-05-31,0
601608.SH,2017-06-30,0
601608.SH,2017-07-31,-4.5126
601608.SH,2017-08-31,-0.5671
601608.SH,2017-09-30,-2.2814
601608.SH,2017-10-31,-0.5837
601608.SH,2017-11-30,-14.6771
601608.SH,2017-12-31,-5.5046
601608.SH,2018-01-31,-1.9417
601608.SH,2018-02-28,-11.6337
601608.SH,2018-03-31,-0.8403
601608.SH,2018-04-30,-5.6497
601608.SH,2018-05-31,-6.8862
601608.SH,2018-06-30,-16.3987
601608.SH,2018-07-31,9.2308
601608.SH,2018-08-31,-2.8156
601608.SH,2018-09-30,2.9091
601608.SH,2018-10-31,-6.7138
601608.SH,2018-11-30,0
601608.SH,2018-12-31,-1.5152
601608.SH,2019-01-31,4.2308
601608.SH,2019-02-28,44.6494
601608.SH,2019-03-31,30.102
601608.SH,2019-04-30,-14.902
601608.SH,2019-05-31,-7.3733
601608.SH,2019-06-30,7.4627
601608.SH,2019-07-31,-6.25
601608.SH,2019-08-31,-0.4938
601608.SH,2019-09-30,-4.9628
601608.SH,2019-10-31,-5.7441
601608.SH,2019-11-30,-1.385
601608.SH,2019-12-31,4.4944
601608.SH,2020-01-31,1.6129
601608.SH,2020-02-29,-6.0847
601608.SH,2020-03-31,-7.3239
601608.SH,2020-04-30,13.9818
601608.SH,2020-05-31,-8.5333
601608.SH,2020-06-30,-0.2915
601608.SH,2020-07-31,16.9591
601608.SH,2020-08-31,0.4963
601608.SH,2020-09-30,-7.98
601608.SH,2020-10-31,-2.981
601608.SH,2020-11-30,6.7039
601608.SH,2020-12-31,3.6649
601618.SH,2016-01-31,-35.8804
601618.SH,2016-02-29,1.0363
601618.SH,2016-03-31,7.6923
601618.SH,2016-04-30,-5.2381
601618.SH,2016-05-31,-4.604
601618.SH,2016-06-30,-1.6
601618.SH,2016-07-31,3.252
601618.SH,2016-08-31,13.3858
601618.SH,2016-09-30,-8.5648
601618.SH,2016-10-31,6.3291
601618.SH,2016-11-30,28.0952
601618.SH,2016-12-31,-13.3829
601618.SH,2017-01-31,8.3691
601618.SH,2017-02-28,0.7921
601618.SH,2017-03-31,-0.1965
601618.SH,2017-04-30,-0.5906
601618.SH,2017-05-31,-1.7822
601618.SH,2017-06-30,1.0081
601618.SH,2017-07-31,3.7971
601618.SH,2017-08-31,-1.3619
601618.SH,2017-09-30,0.9862
601618.SH,2017-10-31,-0.3906
601618.SH,2017-11-30,-2.3529
601618.SH,2017-12-31,-2.8112
601618.SH,2018-01-31,-7.438
601618.SH,2018-02-28,-7.1429
601618.SH,2018-03-31,-8.6538
601618.SH,2018-04-30,-2.8947
601618.SH,2018-05-31,-0.271
601618.SH,2018-06-30,-9.5109
601618.SH,2018-07-31,7.0691
601618.SH,2018-08-31,2.5788
601618.SH,2018-09-30,-0.2793
601618.SH,2018-10-31,-11.2045
601618.SH,2018-11-30,-2.2082
601618.SH,2018-12-31,0.3226
601618.SH,2019-01-31,-6.1093
601618.SH,2019-02-28,19.1781
601618.SH,2019-03-31,1.1494
601618.SH,2019-04-30,-5.6818
601618.SH,2019-05-31,-9.6386
601618.SH,2019-06-30,1.3333
601618.SH,2019-07-31,-0.6657
601618.SH,2019-08-31,-6.7797
601618.SH,2019-09-30,1.4545
601618.SH,2019-10-31,-1.7921
601618.SH,2019-11-30,-2.1898
601618.SH,2019-12-31,4.4776
601618.SH,2020-01-31,-3.9286
601618.SH,2020-02-29,1.1152
601618.SH,2020-03-31,-3.6765
601618.SH,2020-04-30,-1.9084
601618.SH,2020-05-31,-2.7237
601618.SH,2020-06-30,0.4
601618.SH,2020-07-31,14.3831
601618.SH,2020-08-31,0.7143
601618.SH,2020-09-30,-6.0284
601618.SH,2020-10-31,-2.2642
601618.SH,2020-11-30,8.1081
601618.SH,2020-12-31,-2.5
601628.SH,2016-01-31,-27.7994
601628.SH,2016-02-29,-2.7397
601628.SH,2016-03-31,20.0201
601628.SH,2016-04-30,-9.0947
601628.SH,2016-05-31,-0.3227
601628.SH,2016-06-30,-1.7147
601628.SH,2016-07-31,0.5764
601628.SH,2016-08-31,3.1041
601628.SH,2016-09-30,-0.8337
601628.SH,2016-10-31,1.9617
601628.SH,2016-11-30,18.1402
601628.SH,2016-12-31,-6.5917
601628.SH,2017-01-31,6.7663
601628.SH,2017-02-28,-0.1944
601628.SH,2017-03-31,-1.4414
601628.SH,2017-04-30,3.2806
601628.SH,2017-05-31,7.4627
601628.SH,2017-06-30,-3.0601
601628.SH,2017-07-31,2.298
601628.SH,2017-08-31,6.0507
601628.SH,2017-09-30,-5.2272
601628.SH,2017-10-31,13.1939
601628.SH,2017-11-30,-1.3376
601628.SH,2017-12-31,-1.7108
601628.SH,2018-01-31,-0.624
601628.SH,2018-02-28,-11.236
601628.SH,2018-03-31,-5.3984
601628.SH,2018-04-30,-3.5419
601628.SH,2018-05-31,0.204
601628.SH,2018-06-30,-6.7811
601628.SH,2018-07-31,4.1297
601628.SH,2018-08-31,-5.7569
601628.SH,2018-09-30,2.6244
601628.SH,2018-10-31,-3.5714
601628.SH,2018-11-30,-1.326
601628.SH,2018-12-31,-5.5144
601628.SH,2019-01-31,11.6233
601628.SH,2019-02-28,24.6924
601628.SH,2019-03-31,-0.2114
601628.SH,2019-04-30,6.9915
601628.SH,2019-05-31,-13.7954
601628.SH,2019-06-30,9.0731
601628.SH,2019-07-31,4.8376
601628.SH,2019-08-31,-2.8292
601628.SH,2019-09-30,-4.7487
601628.SH,2019-10-31,21.7249
601628.SH,2019-11-30,-1.9133
601628.SH,2019-12-31,6.2786
601628.SH,2020-01-31,-7.4849
601628.SH,2020-02-29,-8.7105
601628.SH,2020-03-31,-10.5603
601628.SH,2020-04-30,8.3523
601628.SH,2020-05-31,-10.3013
601628.SH,2020-06-30,6.2891
601628.SH,2020-07-31,36.6256
601628.SH,2020-08-31,19.704
601628.SH,2020-09-30,1.717
601628.SH,2020-10-31,3.7137
601628.SH,2020-11-30,-7.9644
601628.SH,2020-12-31,-9.4789
601633.SH,2016-01-31,-30.7309
601633.SH,2016-02-29,-1.5588
601633.SH,2016-03-31,11.084
601633.SH,2016-04-30,-7.1272
601633.SH,2016-05-31,3.376
601633.SH,2016-06-30,-1.4019
601633.SH,2016-07-31,29.9763
601633.SH,2016-08-31,-4.2844
601633.SH,2016-09-30,1.8095
601633.SH,2016-10-31,-1.1225
601633.SH,2016-11-30,2.5544
601633.SH,2016-12-31,2.0295
601633.SH,2017-01-31,4.5208
601633.SH,2017-02-28,13.2353
601633.SH,2017-03-31,-3.8961
601633.SH,2017-04-30,0.318
601633.SH,2017-05-31,-1.5593
601633.SH,2017-06-30,10.1077
601633.SH,2017-07-31,-2.1821
601633.SH,2017-08-31,-3.1538
601633.SH,2017-09-30,-2.6211
601633.SH,2017-10-31,-5.0571
601633.SH,2017-11-30,-2.1478
601633.SH,2017-12-31,0.878
601633.SH,2018-01-31,6.2663
601633.SH,2018-02-28,5.1597
601633.SH,2018-03-31,-11.3707
601633.SH,2018-04-30,-4.0422
601633.SH,2018-05-31,1.6744
601633.SH,2018-06-30,-10.1555
601633.SH,2018-07-31,-10.8961
601633.SH,2018-08-31,-18.7429
601633.SH,2018-09-30,10.6892
601633.SH,2018-10-31,-22.1093
601633.SH,2018-11-30,0.3263
601633.SH,2018-12-31,-8.9431
601633.SH,2019-01-31,17.8571
601633.SH,2019-02-28,19.2424
601633.SH,2019-03-31,-0.5083
601633.SH,2019-04-30,15.198
601633.SH,2019-05-31,-5.2106
601633.SH,2019-06-30,0.1211
601633.SH,2019-07-31,1.3301
601633.SH,2019-08-31,-2.506
601633.SH,2019-09-30,-5.7528
601633.SH,2019-10-31,16.6234
601633.SH,2019-11-30,3.7862
601633.SH,2019-12-31,-5.0429
601633.SH,2020-01-31,-5.6497
601633.SH,2020-02-29,5.988
601633.SH,2020-03-31,0.452
601633.SH,2020-04-30,-9.3363
601633.SH,2020-05-31,-0.8685
601633.SH,2020-06-30,-0.2299
601633.SH,2020-07-31,72.9275
601633.SH,2020-08-31,4.4944
601633.SH,2020-09-30,37.0609
601633.SH,2020-10-31,24.0586
601633.SH,2020-11-30,17.5801
601633.SH,2020-12-31,35.5683
601668.SH,2016-01-31,-19.0852
601668.SH,2016-02-29,0
601668.SH,2016-03-31,11.1111
601668.SH,2016-04-30,-3.3333
601668.SH,2016-05-31,-0.363
601668.SH,2016-06-30,0.6449
601668.SH,2016-07-31,7.1429
601668.SH,2016-08-31,12.2807
601668.SH,2016-09-30,-3.5938
601668.SH,2016-10-31,16.3695
601668.SH,2016-11-30,53.3426
601668.SH,2016-12-31,-19.5277
601668.SH,2017-01-31,0.9029
601668.SH,2017-02-28,-1.0067
601668.SH,2017-03-31,3.9548
601668.SH,2017-04-30,1.7391
601668.SH,2017-05-31,0.9615
601668.SH,2017-06-30,4.7395
601668.SH,2017-07-31,6.3017
601668.SH,2017-08-31,-2.9155
601668.SH,2017-09-30,-7.1071
601668.SH,2017-10-31,2.3707
601668.SH,2017-11-30,1.5789
601668.SH,2017-12-31,-6.5285
601668.SH,2018-01-31,12.1951
601668.SH,2018-02-28,-9.9802
601668.SH,2018-03-31,-4.9396
601668.SH,2018-04-30,-3.1178
601668.SH,2018-05-31,-1.907
601668.SH,2018-06-30,-4.5012
601668.SH,2018-07-31,6.2271
601668.SH,2018-08-31,-6.8966
601668.SH,2018-09-30,1.6667
601668.SH,2018-10-31,-2.0036
601668.SH,2018-11-30,7.2491
601668.SH,2018-12-31,-1.2132
601668.SH,2019-01-31,7.3684
601668.SH,2019-02-28,0.4902
601668.SH,2019-03-31,-0.4878
601668.SH,2019-04-30,0.1634
601668.SH,2019-05-31,-8.4829
601668.SH,2019-06-30,5.5259
601668.SH,2019-07-31,2.4348
601668.SH,2019-08-31,-7.1307
601668.SH,2019-09-30,-0.7313
601668.SH,2019-10-31,-3.4991
601668.SH,2019-11-30,-2.4809
601668.SH,2019-12-31,9.9804
601668.SH,2020-01-31,-2.669
601668.SH,2020-02-29,-1.8282
601668.SH,2020-03-31,-1.8622
601668.SH,2020-04-30,-0.5693
601668.SH,2020-05-31,-4.5802
601668.SH,2020-06-30,-1.0373
601668.SH,2020-07-31,5.4507
601668.SH,2020-08-31,2.1869
601668.SH,2020-09-30,-1.1673
601668.SH,2020-10-31,0.5906
601668.SH,2020-11-30,6.2622
601668.SH,2020-12-31,-8.4715
601669.SH,2016-01-31,-21.4197
601669.SH,2016-02-29,-6.6561
601669.SH,2016-03-31,9.6774
601669.SH,2016-04-30,-2.6316
601669.SH,2016-05-31,-4.4515
601669.SH,2016-06-30,-4.9917
601669.SH,2016-07-31,5.6018
601669.SH,2016-08-31,5.7143
601669.SH,2016-09-30,-4.9285
601669.SH,2016-10-31,13.5452
601669.SH,2016-11-30,18.4094
601669.SH,2016-12-31,-9.7015
601669.SH,2017-01-31,-0.1377
601669.SH,2017-02-28,4.9655
601669.SH,2017-03-31,0.9198
601669.SH,2017-04-30,8.3333
601669.SH,2017-05-31,-4.5673
601669.SH,2017-06-30,-0.2519
601669.SH,2017-07-31,3.5284
601669.SH,2017-08-31,0.9864
601669.SH,2017-09-30,-1.9536
601669.SH,2017-10-31,-2.6152
601669.SH,2017-11-30,-7.0332
601669.SH,2017-12-31,-0.6878
601669.SH,2018-01-31,1.5235
601669.SH,2018-02-28,0.1364
601669.SH,2018-03-31,-8.5831
601669.SH,2018-04-30,-5.2161
601669.SH,2018-05-31,-8.1761
601669.SH,2018-06-30,-6.6781
601669.SH,2018-07-31,5.7836
601669.SH,2018-08-31,-5.291
601669.SH,2018-09-30,-0.3724
601669.SH,2018-10-31,-11.5888
601669.SH,2018-11-30,-0.4228
601669.SH,2018-12-31,3.1847
601669.SH,2019-01-31,2.8807
601669.SH,2019-02-28,12.6
601669.SH,2019-03-31,2.4867
601669.SH,2019-04-30,-7.4523
601669.SH,2019-05-31,-7.8652
601669.SH,2019-06-30,7.5203
601669.SH,2019-07-31,-4.3555
601669.SH,2019-08-31,-5.6452
601669.SH,2019-09-30,-1.0684
601669.SH,2019-10-31,-3.6717
601669.SH,2019-11-30,-8.5202
601669.SH,2019-12-31,6.3725
601669.SH,2020-01-31,-6.2212
601669.SH,2020-02-29,4.4226
601669.SH,2020-03-31,-7.2941
601669.SH,2020-04-30,-9.3909
601669.SH,2020-05-31,-4.4818
601669.SH,2020-06-30,1.4663
601669.SH,2020-07-31,22.8605
601669.SH,2020-08-31,-3.3254
601669.SH,2020-09-30,-7.371
601669.SH,2020-10-31,1.8568
601669.SH,2020-11-30,9.8958
601669.SH,2020-12-31,-8.0569
601688.SH,2016-01-31,-26.0649
601688.SH,2016-02-29,-6.5158
601688.SH,2016-03-31,25.5319
601688.SH,2016-04-30,1.7534
601688.SH,2016-05-31,6.1459
601688.SH,2016-06-30,2.381
601688.SH,2016-07-31,-0.37
601688.SH,2016-08-31,11.2363
601688.SH,2016-09-30,-12.096
601688.SH,2016-10-31,14.3733
601688.SH,2016-11-30,-3.4096
601688.SH,2016-12-31,-9.9344
601688.SH,2017-01-31,3.4155
601688.SH,2017-02-28,-1.7325
601688.SH,2017-03-31,-7.3829
601688.SH,2017-04-30,1.1303
601688.SH,2017-05-31,3.4118
601688.SH,2017-06-30,1.8203
601688.SH,2017-07-31,11.1732
601688.SH,2017-08-31,18.2612
601688.SH,2017-09-30,-1.4379
601688.SH,2017-10-31,-13.4836
601688.SH,2017-11-30,-1.3797
601688.SH,2017-12-31,-10.5699
601688.SH,2018-01-31,13.4994
601688.SH,2018-02-28,-11.7407
601688.SH,2018-03-31,-0.2892
601688.SH,2018-04-30,6.2645
601688.SH,2018-05-31,-8.024
601688.SH,2018-06-30,-11.1573
601688.SH,2018-07-31,3.2732
601688.SH,2018-08-31,-0.6468
601688.SH,2018-09-30,2.5391
601688.SH,2018-10-31,5.7143
601688.SH,2018-11-30,2.691
601688.SH,2018-12-31,-3.5714
601688.SH,2019-01-31,18.1481
601688.SH,2019-02-28,20.2194
601688.SH,2019-03-31,-2.6076
601688.SH,2019-04-30,-8.9692
601688.SH,2019-05-31,-8.6765
601688.SH,2019-06-30,19.8068
601688.SH,2019-07-31,-8.9606
601688.SH,2019-08-31,-5.2165
601688.SH,2019-09-30,0.6857
601688.SH,2019-10-31,-8.5909
601688.SH,2019-11-30,-2.7507
601688.SH,2019-12-31,19.6818
601688.SH,2020-01-31,-6.7454
601688.SH,2020-02-29,-2.0591
601688.SH,2020-03-31,-7.1159
601688.SH,2020-04-30,5.2815
601688.SH,2020-05-31,-4.7409
601688.SH,2020-06-30,8.7963
601688.SH,2020-07-31,12.046
601688.SH,2020-08-31,2.9822
601688.SH,2020-09-30,-4.1102
601688.SH,2020-10-31,-0.8281
601688.SH,2020-11-30,-5.2063
601688.SH,2020-12-31,-6.6839
601699.SH,2016-01-31,10.1246
601699.SH,2016-02-29,12.7298
601699.SH,2016-03-31,-8.532
601699.SH,2016-04-30,2.8807
601699.SH,2016-05-31,-14.5333
601699.SH,2016-06-30,2.0281
601699.SH,2016-07-31,19.7248
601699.SH,2016-08-31,6.3857
601699.SH,2016-09-30,-3.8415
601699.SH,2016-10-31,8.4894
601699.SH,2016-11-30,7.5949
601699.SH,2016-12-31,-13.9037
601699.SH,2017-01-31,17.0186
601699.SH,2017-02-28,-3.397
601699.SH,2017-03-31,-2.5275
601699.SH,2017-04-30,-10.4848
601699.SH,2017-05-31,-11.335
601699.SH,2017-06-30,12.3645
601699.SH,2017-07-31,23.913
601699.SH,2017-08-31,16.7183
601699.SH,2017-09-30,-9.3722
601699.SH,2017-10-31,-8.878
601699.SH,2017-11-30,12.4197
601699.SH,2017-12-31,8.381
601699.SH,2018-01-31,13.0931
601699.SH,2018-02-28,-3.0303
601699.SH,2018-03-31,-14.9038
601699.SH,2018-04-30,-3.3898
601699.SH,2018-05-31,-8.4795
601699.SH,2018-06-30,1.5338
601699.SH,2018-07-31,-4.8596
601699.SH,2018-08-31,-9.3076
601699.SH,2018-09-30,0.6258
601699.SH,2018-10-31,2.6119
601699.SH,2018-11-30,-10.0606
601699.SH,2018-12-31,-10.2426
601699.SH,2019-01-31,4.0541
601699.SH,2019-02-28,17.8932
601699.SH,2019-03-31,-4.1616
601699.SH,2019-04-30,5.364
601699.SH,2019-05-31,-6.5455
601699.SH,2019-06-30,6.4545
601699.SH,2019-07-31,3.7783
601699.SH,2019-08-31,-10.0728
601699.SH,2019-09-30,-2.2942
601699.SH,2019-10-31,-3.1768
601699.SH,2019-11-30,-1.2839
601699.SH,2019-12-31,4.9133
601699.SH,2020-01-31,-7.7135
601699.SH,2020-02-29,-9.5522
601699.SH,2020-03-31,-3.7954
601699.SH,2020-04-30,-2.5729
601699.SH,2020-05-31,-2.2887
601699.SH,2020-06-30,4.6539
601699.SH,2020-07-31,14.3627
601699.SH,2020-08-31,-1.0989
601699.SH,2020-09-30,-3.1746
601699.SH,2020-10-31,-3.6066
601699.SH,2020-11-30,11.7347
601699.SH,2020-12-31,-1.0654
601727.SH,2016-01-31,-31.3692
601727.SH,2016-02-29,7.0707
601727.SH,2016-03-31,11.2028
601727.SH,2016-04-30,-12.7253
601727.SH,2016-05-31,-5.2248
601727.SH,2016-06-30,-3.0769
601727.SH,2016-07-31,4.3651
601727.SH,2016-08-31,6.7174
601727.SH,2016-09-30,0
601727.SH,2016-10-31,0
601727.SH,2016-11-30,0
601727.SH,2016-12-31,0
601727.SH,2017-01-31,0
601727.SH,2017-02-28,0
601727.SH,2017-03-31,0
601727.SH,2017-04-30,0
601727.SH,2017-05-31,-19.1211
601727.SH,2017-06-30,11.1601
601727.SH,2017-07-31,1.9815
601727.SH,2017-08-31,7.2539
601727.SH,2017-09-30,-3.1401
601727.SH,2017-10-31,11.9701
601727.SH,2017-11-30,-23.3853
601727.SH,2017-12-31,-2.7616
601727.SH,2018-01-31,-0.1495
601727.SH,2018-02-28,-11.5269
601727.SH,2018-03-31,0.5076
601727.SH,2018-04-30,-3.367
601727.SH,2018-05-31,6.6202
601727.SH,2018-06-30,3.5948
601727.SH,2018-07-31,0
601727.SH,2018-08-31,-19.8767
601727.SH,2018-09-30,5.6112
601727.SH,2018-10-31,2.4668
601727.SH,2018-11-30,-5.9259
601727.SH,2018-12-31,-2.7559
601727.SH,2019-01-31,-0.4049
601727.SH,2019-02-28,13.4146
601727.SH,2019-03-31,6.9892
601727.SH,2019-04-30,-1.005
601727.SH,2019-05-31,-9.9831
601727.SH,2019-06-30,1.1278
601727.SH,2019-07-31,-0.9294
601727.SH,2019-08-31,-3.1363
601727.SH,2019-09-30,-1.5686
601727.SH,2019-10-31,-2.7888
601727.SH,2019-11-30,-4.0984
601727.SH,2019-12-31,6.4103
601727.SH,2020-01-31,-2.6104
601727.SH,2020-02-29,-7.4227
601727.SH,2020-03-31,2.4499
601727.SH,2020-04-30,5.4348
601727.SH,2020-05-31,-10.1031
601727.SH,2020-06-30,15.5963
601727.SH,2020-07-31,9.127
601727.SH,2020-08-31,1.0909
601727.SH,2020-09-30,-9.7122
601727.SH,2020-10-31,-1.5936
601727.SH,2020-11-30,7.2874
601727.SH,2020-12-31,1.8868
601718.SH,2016-01-31,-34.612
601718.SH,2016-02-29,19.6
601718.SH,2016-03-31,4.7938
601718.SH,2016-04-30,-13.7234
601718.SH,2016-05-31,-4.439
601718.SH,2016-06-30,-1.4194
601718.SH,2016-07-31,6.2608
601718.SH,2016-08-31,1.9827
601718.SH,2016-09-30,-6.9259
601718.SH,2016-10-31,10.9661
601718.SH,2016-11-30,-1.1765
601718.SH,2016-12-31,9.6429
601718.SH,2017-01-31,-6.6232
601718.SH,2017-02-28,7.2093
601718.SH,2017-03-31,-8.3514
601718.SH,2017-04-30,-1.3018
601718.SH,2017-05-31,0.8393
601718.SH,2017-06-30,4.5184
601718.SH,2017-07-31,3.234
601718.SH,2017-08-31,-1.8847
601718.SH,2017-09-30,-5.5367
601718.SH,2017-10-31,-6.5789
601718.SH,2017-11-30,-12.42
601718.SH,2017-12-31,-1.6082
601718.SH,2018-01-31,-5.2006
601718.SH,2018-02-28,-16.4577
601718.SH,2018-03-31,4.878
601718.SH,2018-04-30,-17.3524
601718.SH,2018-05-31,-5.4113
601718.SH,2018-06-30,-8.0092
601718.SH,2018-07-31,9.7015
601718.SH,2018-08-31,-10.0232
601718.SH,2018-09-30,-2.6247
601718.SH,2018-10-31,-6.469
601718.SH,2018-11-30,0.8646
601718.SH,2018-12-31,-4.2857
601718.SH,2019-01-31,-0.597
601718.SH,2019-02-28,22.2222
601718.SH,2019-03-31,18.9189
601718.SH,2019-04-30,-13.843
601718.SH,2019-05-31,-11.5108
601718.SH,2019-06-30,5.9621
601718.SH,2019-07-31,4.8593
601718.SH,2019-08-31,-1.1971
601718.SH,2019-09-30,-11.8812
601718.SH,2019-10-31,-8.1461
601718.SH,2019-11-30,-3.0581
601718.SH,2019-12-31,2.8391
601718.SH,2020-01-31,12.8834
601718.SH,2020-02-29,28.2609
601718.SH,2020-03-31,-15.0424
601718.SH,2020-04-30,-11.9701
601718.SH,2020-05-31,-6.7989
601718.SH,2020-06-30,0.9119
601718.SH,2020-07-31,11.4557
601718.SH,2020-08-31,-3.8147
601718.SH,2020-09-30,-5.3824
601718.SH,2020-10-31,-3.2934
601718.SH,2020-11-30,0.3096
601718.SH,2020-12-31,-6.4815
601766.SH,2016-01-31,-22.8016
601766.SH,2016-02-29,-5.9476
601766.SH,2016-03-31,9.7535
601766.SH,2016-04-30,-7.7148
601766.SH,2016-05-31,2.6455
601766.SH,2016-06-30,-5.4639
601766.SH,2016-07-31,-1.5267
601766.SH,2016-08-31,4.8424
601766.SH,2016-09-30,-3.7594
601766.SH,2016-10-31,4.0179
601766.SH,2016-11-30,28.5408
601766.SH,2016-12-31,-18.4474
601766.SH,2017-01-31,2.3541
601766.SH,2017-02-28,3.2
601766.SH,2017-03-31,-0.7752
601766.SH,2017-04-30,-1.3672
601766.SH,2017-05-31,0.297
601766.SH,2017-06-30,-0.0987
601766.SH,2017-07-31,-0.3953
601766.SH,2017-08-31,0.682
601766.SH,2017-09-30,-2.1127
601766.SH,2017-10-31,17.6773
601766.SH,2017-11-30,1.31
601766.SH,2017-12-31,4.3966
601766.SH,2018-01-31,-6.0281
601766.SH,2018-02-28,-8.1722
601766.SH,2018-03-31,-3.8278
601766.SH,2018-04-30,-3.7811
601766.SH,2018-05-31,-5.274
601766.SH,2018-06-30,-15.9389
601766.SH,2018-07-31,11.1579
601766.SH,2018-08-31,-2.3838
601766.SH,2018-09-30,5.4945
601766.SH,2018-10-31,-1.8519
601766.SH,2018-11-30,2.9481
601766.SH,2018-12-31,3.3219
601766.SH,2019-01-31,-5.3215
601766.SH,2019-02-28,10.7728
601766.SH,2019-03-31,-3.8055
601766.SH,2019-04-30,-5.0549
601766.SH,2019-05-31,-8.4491
601766.SH,2019-06-30,2.2756
601766.SH,2019-07-31,-2.5958
601766.SH,2019-08-31,-5.7159
601766.SH,2019-09-30,0.5495
601766.SH,2019-10-31,-1.6393
601766.SH,2019-11-30,-3.1944
601766.SH,2019-12-31,2.439
601766.SH,2020-01-31,-5.3221
601766.SH,2020-02-29,-5.3254
601766.SH,2020-03-31,2.5
601766.SH,2020-04-30,-5.6402
601766.SH,2020-05-31,-5.6543
601766.SH,2020-06-30,-4.6233
601766.SH,2020-07-31,4.8474
601766.SH,2020-08-31,2.8936
601766.SH,2020-09-30,-6.314
601766.SH,2020-10-31,-1.8215
601766.SH,2020-11-30,5.0093
601766.SH,2020-12-31,-6.1837
601788.SH,2016-01-31,-28.9015
601788.SH,2016-02-29,-8.2158
601788.SH,2016-03-31,27.5885
601788.SH,2016-04-30,-9.1099
601788.SH,2016-05-31,1.3802
601788.SH,2016-06-30,-0.1179
601788.SH,2016-07-31,-0.3542
601788.SH,2016-08-31,2.8436
601788.SH,2016-09-30,-6.4516
601788.SH,2016-10-31,3.9409
601788.SH,2016-11-30,4.3839
601788.SH,2016-12-31,-9.2509
601788.SH,2017-01-31,0.0625
601788.SH,2017-02-28,-0.5
601788.SH,2017-03-31,-3.7688
601788.SH,2017-04-30,-3.6554
601788.SH,2017-05-31,4.7425
601788.SH,2017-06-30,-3.4282
601788.SH,2017-07-31,3.8122
601788.SH,2017-08-31,4.1203
601788.SH,2017-09-30,-2.4497
601788.SH,2017-10-31,-4.0567
601788.SH,2017-11-30,0.6711
601788.SH,2017-12-31,-10.4667
601788.SH,2018-01-31,7.9672
601788.SH,2018-02-28,-10.9655
601788.SH,2018-03-31,-4.5701
601788.SH,2018-04-30,2.0292
601788.SH,2018-05-31,-5.171
601788.SH,2018-06-30,-7.8859
601788.SH,2018-07-31,1.5481
601788.SH,2018-08-31,-4.8446
601788.SH,2018-09-30,-8.7416
601788.SH,2018-10-31,1.7895
601788.SH,2018-11-30,3.2058
601788.SH,2018-12-31,-12.1242
601788.SH,2019-01-31,5.8153
601788.SH,2019-02-28,42.5647
601788.SH,2019-03-31,-0.5291
601788.SH,2019-04-30,-5.4711
601788.SH,2019-05-31,-10.3698
601788.SH,2019-06-30,2.4215
601788.SH,2019-07-31,-0.0875
601788.SH,2019-08-31,-4.7745
601788.SH,2019-09-30,5.1996
601788.SH,2019-10-31,1.1474
601788.SH,2019-11-30,-2.1815
601788.SH,2019-12-31,16.8599
601788.SH,2020-01-31,-5.3435
601788.SH,2020-02-29,-4.1935
601788.SH,2020-03-31,-7.3232
601788.SH,2020-04-30,1.5441
601788.SH,2020-05-31,-2.2361
601788.SH,2020-06-30,46.935
601788.SH,2020-07-31,49.7313
601788.SH,2020-08-31,-8.7047
601788.SH,2020-09-30,0.1369
601788.SH,2020-10-31,-18.041
601788.SH,2020-11-30,6.726
601788.SH,2020-12-31,-3.5417
601800.SH,2016-01-31,-19.4631
601800.SH,2016-02-29,-2.2222
601800.SH,2016-03-31,15.5303
601800.SH,2016-04-30,-6.5574
601800.SH,2016-05-31,-3.5088
601800.SH,2016-06-30,-2.5729
601800.SH,2016-07-31,3.0389
601800.SH,2016-08-31,10.5069
601800.SH,2016-09-30,-7.9233
601800.SH,2016-10-31,21.7391
601800.SH,2016-11-30,19.2708
601800.SH,2016-12-31,-5.2402
601800.SH,2017-01-31,4.2791
601800.SH,2017-02-28,13.5101
601800.SH,2017-03-31,-0.3893
601800.SH,2017-04-30,-3.2384
601800.SH,2017-05-31,-9.7519
601800.SH,2017-06-30,2.8095
601800.SH,2017-07-31,3.8389
601800.SH,2017-08-31,-2.8485
601800.SH,2017-09-30,-4.4916
601800.SH,2017-10-31,-1.5023
601800.SH,2017-11-30,-7.626
601800.SH,2017-12-31,-8.112
601800.SH,2018-01-31,10.9375
601800.SH,2018-02-28,-2.9577
601800.SH,2018-03-31,-6.7489
601800.SH,2018-04-30,3.8132
601800.SH,2018-05-31,-8.096
601800.SH,2018-06-30,-7.0962
601800.SH,2018-07-31,21.7937
601800.SH,2018-08-31,-7.6583
601800.SH,2018-09-30,1.9139
601800.SH,2018-10-31,-2.4257
601800.SH,2018-11-30,-5.1323
601800.SH,2018-12-31,-4.8183
601800.SH,2019-01-31,-5.595
601800.SH,2019-02-28,16.1806
601800.SH,2019-03-31,1.2955
601800.SH,2019-04-30,-1.5188
601800.SH,2019-05-31,-11.3636
601800.SH,2019-06-30,3.663
601800.SH,2019-07-31,-1.2148
601800.SH,2019-08-31,-8.9416
601800.SH,2019-09-30,1.3026
601800.SH,2019-10-31,-6.9238
601800.SH,2019-11-30,-4.3571
601800.SH,2019-12-31,1.7778
601800.SH,2020-01-31,-8.2969
601800.SH,2020-02-29,3.9286
601800.SH,2020-03-31,-5.3837
601800.SH,2020-04-30,-2.4213
601800.SH,2020-05-31,-4.8387
601800.SH,2020-06-30,-1.391
601800.SH,2020-07-31,7.6294
601800.SH,2020-08-31,0.6329
601800.SH,2020-09-30,-6.5409
601800.SH,2020-10-31,-0.5384
601800.SH,2020-11-30,7.1719
601800.SH,2020-12-31,-8.3333
601818.SH,2016-01-31,-15.8019
601818.SH,2016-02-29,-4.7619
601818.SH,2016-03-31,10.2941
601818.SH,2016-04-30,-2.6667
601818.SH,2016-05-31,1.6438
601818.SH,2016-06-30,1.3477
601818.SH,2016-07-31,7.3579
601818.SH,2016-08-31,2.3438
601818.SH,2016-09-30,-3.5623
601818.SH,2016-10-31,0.5277
601818.SH,2016-11-30,7.3491
601818.SH,2016-12-31,-4.401
601818.SH,2017-01-31,4.3478
601818.SH,2017-02-28,1.4706
601818.SH,2017-03-31,-0.7246
601818.SH,2017-04-30,-6.0827
601818.SH,2017-05-31,3.3679
601818.SH,2017-06-30,1.5038
601818.SH,2017-07-31,7.1021
601818.SH,2017-08-31,-0.7092
601818.SH,2017-09-30,-3.5714
601818.SH,2017-10-31,-0.2469
601818.SH,2017-11-30,3.4653
601818.SH,2017-12-31,-3.11
601818.SH,2018-01-31,15.3086
601818.SH,2018-02-28,-7.7088
601818.SH,2018-03-31,-5.3364
601818.SH,2018-04-30,-0.9804
601818.SH,2018-05-31,-1.7327
601818.SH,2018-06-30,-7.8086
601818.SH,2018-07-31,5.273
601818.SH,2018-08-31,1.6349
601818.SH,2018-09-30,4.8257
601818.SH,2018-10-31,2.5575
601818.SH,2018-11-30,-3.99
601818.SH,2018-12-31,-3.8961
601818.SH,2019-01-31,10.5405
601818.SH,2019-02-28,3.423
601818.SH,2019-03-31,-3.0733
601818.SH,2019-04-30,1.7073
601818.SH,2019-05-31,-7.9137
601818.SH,2019-06-30,3.3314
601818.SH,2019-07-31,3.1496
601818.SH,2019-08-31,-4.3257
601818.SH,2019-09-30,4.7872
601818.SH,2019-10-31,10.1523
601818.SH,2019-11-30,-4.8387
601818.SH,2019-12-31,6.7797
601818.SH,2020-01-31,-8.8435
601818.SH,2020-02-29,-5.9701
601818.SH,2020-03-31,-4.4974
601818.SH,2020-04-30,3.3241
601818.SH,2020-05-31,2.1448
601818.SH,2020-06-30,-0.5095
601818.SH,2020-07-31,5.5866
601818.SH,2020-08-31,1.5873
601818.SH,2020-09-30,-4.9479
601818.SH,2020-10-31,7.3973
601818.SH,2020-11-30,10.7143
601818.SH,2020-12-31,-8.0645
601808.SH,2016-01-31,-21.4562
601808.SH,2016-02-29,-0.3281
601808.SH,2016-03-31,6.8313
601808.SH,2016-04-30,1.0015
601808.SH,2016-05-31,-4.119
601808.SH,2016-06-30,-2.7961
601808.SH,2016-07-31,-0.0823
601808.SH,2016-08-31,1.318
601808.SH,2016-09-30,-3.3333
601808.SH,2016-10-31,2.7754
601808.SH,2016-11-30,7.4468
601808.SH,2016-12-31,-2.2848
601808.SH,2017-01-31,0.3897
601808.SH,2017-02-28,4.8913
601808.SH,2017-03-31,-6.3657
601808.SH,2017-04-30,-9.6443
601808.SH,2017-05-31,4.1995
601808.SH,2017-06-30,-6.8964
601808.SH,2017-07-31,3.0797
601808.SH,2017-08-31,-1.1424
601808.SH,2017-09-30,0.8889
601808.SH,2017-10-31,0.4405
601808.SH,2017-11-30,-3.9474
601808.SH,2017-12-31,-3.5616
601808.SH,2018-01-31,17.8977
601808.SH,2018-02-28,-12.9317
601808.SH,2018-03-31,4.1513
601808.SH,2018-04-30,1.3286
601808.SH,2018-05-31,-8.479
601808.SH,2018-06-30,-8.3543
601808.SH,2018-07-31,-0.4193
601808.SH,2018-08-31,8.4211
601808.SH,2018-09-30,11.3592
601808.SH,2018-10-31,-14.3854
601808.SH,2018-11-30,-5.7026
601808.SH,2018-12-31,-7.7754
601808.SH,2019-01-31,0.1171
601808.SH,2019-02-28,14.9708
601808.SH,2019-03-31,3.6623
601808.SH,2019-04-30,-2.3553
601808.SH,2019-05-31,-4.1206
601808.SH,2019-06-30,1.6951
601808.SH,2019-07-31,6.4382
601808.SH,2019-08-31,17.6585
601808.SH,2019-09-30,1.5755
601808.SH,2019-10-31,20.1633
601808.SH,2019-11-30,13.3152
601808.SH,2019-12-31,15.1079
601808.SH,2020-01-31,-14.2708
601808.SH,2020-02-29,-8.2625
601808.SH,2020-03-31,-22.649
601808.SH,2020-04-30,6.1644
601808.SH,2020-05-31,1.129
601808.SH,2020-06-30,6.0321
601808.SH,2020-07-31,5.3272
601808.SH,2020-08-31,-4.552
601808.SH,2020-09-30,-12.2634
601808.SH,2020-10-31,-6.2985
601808.SH,2020-11-30,20.442
601808.SH,2020-12-31,-2.37
601857.SH,2016-01-31,-10.6587
601857.SH,2016-02-29,-2.4129
601857.SH,2016-03-31,4.533
601857.SH,2016-04-30,-2.4967
601857.SH,2016-05-31,-0.6739
601857.SH,2016-06-30,-1.6312
601857.SH,2016-07-31,-0.1383
601857.SH,2016-08-31,4.4321
601857.SH,2016-09-30,-3.9799
601857.SH,2016-10-31,1.662
601857.SH,2016-11-30,3.8147
601857.SH,2016-12-31,4.3307
601857.SH,2017-01-31,8.805
601857.SH,2017-02-28,-4.8555
601857.SH,2017-03-31,-4.3742
601857.SH,2017-04-30,-0.8895
601857.SH,2017-05-31,0.2564
601857.SH,2017-06-30,-1.1502
601857.SH,2017-07-31,5.7217
601857.SH,2017-08-31,-0.246
601857.SH,2017-09-30,-0.6132
601857.SH,2017-10-31,3.5044
601857.SH,2017-11-30,-1.2092
601857.SH,2017-12-31,-0.9792
601857.SH,2018-01-31,11.3721
601857.SH,2018-02-28,-11.2098
601857.SH,2018-03-31,-4.5
601857.SH,2018-04-30,0.1309
601857.SH,2018-05-31,4.3137
601857.SH,2018-06-30,-2.5958
601857.SH,2018-07-31,0.2594
601857.SH,2018-08-31,4.0103
601857.SH,2018-09-30,15.212
601857.SH,2018-10-31,-9.3784
601857.SH,2018-11-30,-8.4236
601857.SH,2018-12-31,-5.2562
601857.SH,2019-01-31,1.5257
601857.SH,2019-02-28,6.9672
601857.SH,2019-03-31,-2.9374
601857.SH,2019-04-30,-2.5
601857.SH,2019-05-31,-3.5088
601857.SH,2019-06-30,-2.5211
601857.SH,2019-07-31,-5.3779
601857.SH,2019-08-31,-5.9908
601857.SH,2019-09-30,2.4323
601857.SH,2019-10-31,-5.0081
601857.SH,2019-11-30,-4.932
601857.SH,2019-12-31,4.2934
601857.SH,2020-01-31,-3.259
601857.SH,2020-02-29,-10.1064
601857.SH,2020-03-31,-8.8757
601857.SH,2020-04-30,-3.8961
601857.SH,2020-05-31,-4.2793
601857.SH,2020-06-30,0.2432
601857.SH,2020-07-31,6.2053
601857.SH,2020-08-31,-0.4494
601857.SH,2020-09-30,-5.2163
601857.SH,2020-10-31,-0.9732
601857.SH,2020-11-30,5.8968
601857.SH,2020-12-31,-3.7123
601866.SH,2016-01-31,-39.6307
601866.SH,2016-02-29,-0.9412
601866.SH,2016-03-31,10.2138
601866.SH,2016-04-30,-6.0345
601866.SH,2016-05-31,-0.6881
601866.SH,2016-06-30,-8.545
601866.SH,2016-07-31,1.0101
601866.SH,2016-08-31,1
601866.SH,2016-09-30,-1.4851
601866.SH,2016-10-31,3.5176
601866.SH,2016-11-30,8.0097
601866.SH,2016-12-31,-8.3146
601866.SH,2017-01-31,-1.4706
601866.SH,2017-02-28,3.4826
601866.SH,2017-03-31,-0.7212
601866.SH,2017-04-30,-5.569
601866.SH,2017-05-31,-10.5128
601866.SH,2017-06-30,3.1519
601866.SH,2017-07-31,8.3333
601866.SH,2017-08-31,3.5897
601866.SH,2017-09-30,-5.6931
601866.SH,2017-10-31,3.1496
601866.SH,2017-11-30,-10.4326
601866.SH,2017-12-31,-3.125
601866.SH,2018-01-31,1.7595
601866.SH,2018-02-28,-9.2219
601866.SH,2018-03-31,-3.4921
601866.SH,2018-04-30,-2.9605
601866.SH,2018-05-31,0
601866.SH,2018-06-30,-15.5932
601866.SH,2018-07-31,0.4016
601866.SH,2018-08-31,-7.6
601866.SH,2018-09-30,3.4632
601866.SH,2018-10-31,-6.2762
601866.SH,2018-11-30,4.4643
601866.SH,2018-12-31,-2.5641
601866.SH,2019-01-31,1.7544
601866.SH,2019-02-28,28.8793
601866.SH,2019-03-31,2.6756
601866.SH,2019-04-30,2.9316
601866.SH,2019-05-31,-9.8101
601866.SH,2019-06-30,-4.5614
601866.SH,2019-07-31,-0.7751
601866.SH,2019-08-31,-1.1236
601866.SH,2019-09-30,-4.9242
601866.SH,2019-10-31,-0.7968
601866.SH,2019-11-30,0.4016
601866.SH,2019-12-31,3.6
601866.SH,2020-01-31,-6.1776
601866.SH,2020-02-29,-13.1687
601866.SH,2020-03-31,-3.7915
601866.SH,2020-04-30,-4.9261
601866.SH,2020-05-31,-4.1451
601866.SH,2020-06-30,-0.5405
601866.SH,2020-07-31,13.6413
601866.SH,2020-08-31,3.4146
601866.SH,2020-09-30,-1.8868
601866.SH,2020-10-31,0.4808
601866.SH,2020-11-30,42.1053
601866.SH,2020-12-31,0
601872.SH,2016-01-31,-33.0042
601872.SH,2016-02-29,-2.3158
601872.SH,2016-03-31,10.5603
601872.SH,2016-04-30,-1.5595
601872.SH,2016-05-31,-3.1683
601872.SH,2016-06-30,-2.8661
601872.SH,2016-07-31,11.9658
601872.SH,2016-08-31,-1.5267
601872.SH,2016-09-30,-1.1628
601872.SH,2016-10-31,5.4902
601872.SH,2016-11-30,4.461
601872.SH,2016-12-31,-12.0996
601872.SH,2017-01-31,2.4291
601872.SH,2017-02-28,4.7431
601872.SH,2017-03-31,2.4528
601872.SH,2017-04-30,-4.9724
601872.SH,2017-05-31,0
601872.SH,2017-06-30,0
601872.SH,2017-07-31,0
601872.SH,2017-08-31,0
601872.SH,2017-09-30,-2.1739
601872.SH,2017-10-31,2.6263
601872.SH,2017-11-30,-11.4173
601872.SH,2017-12-31,-2.4444
601872.SH,2018-01-31,-1.3667
601872.SH,2018-02-28,-7.6212
601872.SH,2018-03-31,-7
601872.SH,2018-04-30,1.3441
601872.SH,2018-05-31,3.7135
601872.SH,2018-06-30,-7.6726
601872.SH,2018-07-31,-2.7505
601872.SH,2018-08-31,-4.8851
601872.SH,2018-09-30,12.3867
601872.SH,2018-10-31,7.7957
601872.SH,2018-11-30,1.2469
601872.SH,2018-12-31,-9.1133
601872.SH,2019-01-31,12.4661
601872.SH,2019-02-28,11.0843
601872.SH,2019-03-31,5.8568
601872.SH,2019-04-30,-0.4098
601872.SH,2019-05-31,-17.6955
601872.SH,2019-06-30,9
601872.SH,2019-07-31,-3.6829
601872.SH,2019-08-31,13.7681
601872.SH,2019-09-30,1.2739
601872.SH,2019-10-31,15.5136
601872.SH,2019-11-30,7.804
601872.SH,2019-12-31,39.0572
601872.SH,2020-01-31,-23.6077
601872.SH,2020-02-29,-19.8098
601872.SH,2020-03-31,26.2846
601872.SH,2020-04-30,6.1033
601872.SH,2020-05-31,-12.6844
601872.SH,2020-06-30,0.2227
601872.SH,2020-07-31,7.2041
601872.SH,2020-08-31,3.36
601872.SH,2020-09-30,-10.8359
601872.SH,2020-10-31,0.5208
601872.SH,2020-11-30,4.3178
601872.SH,2020-12-31,-6.457
601888.SH,2016-01-31,-22.4414
601888.SH,2016-02-29,-9.6522
601888.SH,2016-03-31,9.8412
601888.SH,2016-04-30,-3.5706
601888.SH,2016-05-31,0.3635
601888.SH,2016-06-30,0.6894
601888.SH,2016-07-31,2.2965
601888.SH,2016-08-31,3.7564
601888.SH,2016-09-30,-3.4276
601888.SH,2016-10-31,-0.0665
601888.SH,2016-11-30,-1.1987
601888.SH,2016-12-31,-2.4938
601888.SH,2017-01-31,5.4147
601888.SH,2017-02-28,7.3661
601888.SH,2017-03-31,15.4112
601888.SH,2017-04-30,-6.2445
601888.SH,2017-05-31,2.0508
601888.SH,2017-06-30,13.0906
601888.SH,2017-07-31,-4.1473
601888.SH,2017-08-31,3.7383
601888.SH,2017-09-30,15.0817
601888.SH,2017-10-31,19.9478
601888.SH,2017-11-30,0.7735
601888.SH,2017-12-31,4.0777
601888.SH,2018-01-31,18.1839
601888.SH,2018-02-28,2.1061
601888.SH,2018-03-31,1.0504
601888.SH,2018-04-30,-1.5876
601888.SH,2018-05-31,29.9213
601888.SH,2018-06-30,-4.0527
601888.SH,2018-07-31,9.0359
601888.SH,2018-08-31,-9.7821
601888.SH,2018-09-30,7.3548
601888.SH,2018-10-31,-21.082
601888.SH,2018-11-30,2.8502
601888.SH,2018-12-31,9.0382
601888.SH,2019-01-31,-9.4684
601888.SH,2019-02-28,17.0642
601888.SH,2019-03-31,9.8433
601888.SH,2019-04-30,10.5736
601888.SH,2019-05-31,-0.129
601888.SH,2019-06-30,15.2954
601888.SH,2019-07-31,2.0869
601888.SH,2019-08-31,5.5028
601888.SH,2019-09-30,-2.5346
601888.SH,2019-10-31,-2.9121
601888.SH,2019-11-30,-7.2496
601888.SH,2019-12-31,6.1456
601888.SH,2020-01-31,-7.8134
601888.SH,2020-02-29,-4.2683
601888.SH,2020-03-31,-14.3949
601888.SH,2020-04-30,35.8631
601888.SH,2020-05-31,10.8762
601888.SH,2020-06-30,52.1585
601888.SH,2020-07-31,58.3599
601888.SH,2020-08-31,-14.4033
601888.SH,2020-09-30,7.1827
601888.SH,2020-10-31,-10.5589
601888.SH,2020-11-30,-3.1093
601888.SH,2020-12-31,46.1957
601898.SH,2016-01-31,-20.4959
601898.SH,2016-02-29,1.8711
601898.SH,2016-03-31,4.4898
601898.SH,2016-04-30,0.5859
601898.SH,2016-05-31,-6.9903
601898.SH,2016-06-30,7.7244
601898.SH,2016-07-31,7.1705
601898.SH,2016-08-31,1.085
601898.SH,2016-09-30,1.0733
601898.SH,2016-10-31,17.6991
601898.SH,2016-11-30,-6.3158
601898.SH,2016-12-31,-6.7416
601898.SH,2017-01-31,3.2702
601898.SH,2017-02-28,1.3333
601898.SH,2017-03-31,0.4934
601898.SH,2017-04-30,-4.7463
601898.SH,2017-05-31,-8.7629
601898.SH,2017-06-30,10.7345
601898.SH,2017-07-31,8.3218
601898.SH,2017-08-31,3.7915
601898.SH,2017-09-30,-5.9361
601898.SH,2017-10-31,-4.5307
601898.SH,2017-11-30,-0.8475
601898.SH,2017-12-31,-2.2222
601898.SH,2018-01-31,7.5175
601898.SH,2018-02-28,-8.4553
601898.SH,2018-03-31,-9.2362
601898.SH,2018-04-30,-2.3483
601898.SH,2018-05-31,-1.4028
601898.SH,2018-06-30,-1.8293
601898.SH,2018-07-31,4.2166
601898.SH,2018-08-31,0.6024
601898.SH,2018-09-30,5.3892
601898.SH,2018-10-31,-0.5682
601898.SH,2018-11-30,-6.4762
601898.SH,2018-12-31,-5.2953
601898.SH,2019-01-31,-0.8602
601898.SH,2019-02-28,11.4967
601898.SH,2019-03-31,-0.3891
601898.SH,2019-04-30,-0.3906
601898.SH,2019-05-31,-6.4706
601898.SH,2019-06-30,0.6289
601898.SH,2019-07-31,-1.25
601898.SH,2019-08-31,3.4335
601898.SH,2019-09-30,2.0747
601898.SH,2019-10-31,-4.878
601898.SH,2019-11-30,4.2735
601898.SH,2019-12-31,2.8689
601898.SH,2020-01-31,-6.9721
601898.SH,2020-02-29,-7.7088
601898.SH,2020-03-31,-7.4246
601898.SH,2020-04-30,-4.2607
601898.SH,2020-05-31,-0.7853
601898.SH,2020-06-30,0.2639
601898.SH,2020-07-31,11.9548
601898.SH,2020-08-31,-0.9685
601898.SH,2020-09-30,-3.912
601898.SH,2020-10-31,0
601898.SH,2020-11-30,13.2316
601898.SH,2020-12-31,0
601899.SH,2016-01-31,-20.7386
601899.SH,2016-02-29,12.1864
601899.SH,2016-03-31,4.4728
601899.SH,2016-04-30,-1.8349
601899.SH,2016-05-31,-4.6729
601899.SH,2016-06-30,10.1307
601899.SH,2016-07-31,4.674
601899.SH,2016-08-31,-3.7464
601899.SH,2016-09-30,-3.8922
601899.SH,2016-10-31,2.1807
601899.SH,2016-11-30,8.5366
601899.SH,2016-12-31,-6.1798
601899.SH,2017-01-31,7.1856
601899.SH,2017-02-28,-0.2793
601899.SH,2017-03-31,-5.3221
601899.SH,2017-04-30,0
601899.SH,2017-05-31,-2.9586
601899.SH,2017-06-30,4.5732
601899.SH,2017-07-31,8.7464
601899.SH,2017-08-31,2.1665
601899.SH,2017-09-30,3.2
601899.SH,2017-10-31,-4.6512
601899.SH,2017-11-30,7.0461
601899.SH,2017-12-31,16.2025
601899.SH,2018-01-31,11.7647
601899.SH,2018-02-28,-10.3314
601899.SH,2018-03-31,-5.4348
601899.SH,2018-04-30,-5.2874
601899.SH,2018-05-31,-8.9806
601899.SH,2018-06-30,-1.2928
601899.SH,2018-07-31,-1.9391
601899.SH,2018-08-31,-3.9548
601899.SH,2018-09-30,5
601899.SH,2018-10-31,-4.2017
601899.SH,2018-11-30,-0.8772
601899.SH,2018-12-31,-1.4749
601899.SH,2019-01-31,-10.7784
601899.SH,2019-02-28,20.1342
601899.SH,2019-03-31,-1.9553
601899.SH,2019-04-30,-5.4131
601899.SH,2019-05-31,-2.1084
601899.SH,2019-06-30,16
601899.SH,2019-07-31,-0.128
601899.SH,2019-08-31,0
601899.SH,2019-09-30,-10.6557
601899.SH,2019-10-31,3.3639
601899.SH,2019-11-30,5.3254
601899.SH,2019-12-31,28.9326
601899.SH,2020-01-31,-6.5359
601899.SH,2020-02-29,-3.0303
601899.SH,2020-03-31,-11.2981
601899.SH,2020-04-30,5.9621
601899.SH,2020-05-31,-3.3248
601899.SH,2020-06-30,16.4021
601899.SH,2020-07-31,35.4443
601899.SH,2020-08-31,22.906
601899.SH,2020-09-30,-14.4645
601899.SH,2020-10-31,13.6585
601899.SH,2020-11-30,32.9041
601899.SH,2020-12-31,0
601939.SH,2016-01-31,-16.782
601939.SH,2016-02-29,-5.8212
601939.SH,2016-03-31,7.064
601939.SH,2016-04-30,-3.299
601939.SH,2016-05-31,4.0512
601939.SH,2016-06-30,2.8805
601939.SH,2016-07-31,6.5263
601939.SH,2016-08-31,4.1502
601939.SH,2016-09-30,-1.7078
601939.SH,2016-10-31,1.5444
601939.SH,2016-11-30,5.8935
601939.SH,2016-12-31,-2.3339
601939.SH,2017-01-31,5.6985
601939.SH,2017-02-28,2.9565
601939.SH,2017-03-31,0.3378
601939.SH,2017-04-30,0.6734
601939.SH,2017-05-31,6.5217
601939.SH,2017-06-30,0.9348
601939.SH,2017-07-31,9.5935
601939.SH,2017-08-31,3.7092
601939.SH,2017-09-30,-0.2861
601939.SH,2017-10-31,2.726
601939.SH,2017-11-30,-0.2793
601939.SH,2017-12-31,7.563
601939.SH,2018-01-31,23.8281
601939.SH,2018-02-28,-12.6183
601939.SH,2018-03-31,-6.7389
601939.SH,2018-04-30,-3.4839
601939.SH,2018-05-31,-4.8128
601939.SH,2018-06-30,-8.0056
601939.SH,2018-07-31,11.7904
601939.SH,2018-08-31,-1.8545
601939.SH,2018-09-30,5.2326
601939.SH,2018-10-31,-1.2431
601939.SH,2018-11-30,-6.993
601939.SH,2018-12-31,-4.2105
601939.SH,2019-01-31,10.989
601939.SH,2019-02-28,1.5559
601939.SH,2019-03-31,-3.2033
601939.SH,2019-04-30,7.0504
601939.SH,2019-05-31,-6.1828
601939.SH,2019-06-30,6.5903
601939.SH,2019-07-31,3.3904
601939.SH,2019-08-31,-6.3772
601939.SH,2019-09-30,1.3043
601939.SH,2019-10-31,4.2918
601939.SH,2019-11-30,-2.6063
601939.SH,2019-12-31,1.831
601939.SH,2020-01-31,-3.5961
601939.SH,2020-02-29,-6.7432
601939.SH,2020-03-31,-2.4615
601939.SH,2020-04-30,1.4196
601939.SH,2020-05-31,-0.9331
601939.SH,2020-06-30,-0.9419
601939.SH,2020-07-31,1.5198
601939.SH,2020-08-31,1.3072
601939.SH,2020-09-30,-0.8065
601939.SH,2020-10-31,2.2764
601939.SH,2020-11-30,13.6725
601939.SH,2020-12-31,-12.1678
601928.SH,2016-01-31,-32.8311
601928.SH,2016-02-29,-4.6729
601928.SH,2016-03-31,13.8235
601928.SH,2016-04-30,-8.441
601928.SH,2016-05-31,2.2578
601928.SH,2016-06-30,-3.0359
601928.SH,2016-07-31,1.4745
601928.SH,2016-08-31,7.0755
601928.SH,2016-09-30,-3.0837
601928.SH,2016-10-31,1.7273
601928.SH,2016-11-30,0.6256
601928.SH,2016-12-31,-7.016
601928.SH,2017-01-31,-0.5731
601928.SH,2017-02-28,2.5937
601928.SH,2017-03-31,-5.9925
601928.SH,2017-04-30,-2.3904
601928.SH,2017-05-31,-2.8571
601928.SH,2017-06-30,2.521
601928.SH,2017-07-31,-2.8948
601928.SH,2017-08-31,3.3226
601928.SH,2017-09-30,-4.0456
601928.SH,2017-10-31,-1.2973
601928.SH,2017-11-30,-9.31
601928.SH,2017-12-31,-2.0531
601928.SH,2018-01-31,-0.1233
601928.SH,2018-02-28,-4.5679
601928.SH,2018-03-31,-4.5278
601928.SH,2018-04-30,-5.4201
601928.SH,2018-05-31,-4.4413
601928.SH,2018-06-30,-6.5043
601928.SH,2018-07-31,0.6579
601928.SH,2018-08-31,-1.4706
601928.SH,2018-09-30,6.136
601928.SH,2018-10-31,7.5
601928.SH,2018-11-30,8.8663
601928.SH,2018-12-31,6.008
601928.SH,2019-01-31,-1.7632
601928.SH,2019-02-28,6.4103
601928.SH,2019-03-31,3.1325
601928.SH,2019-04-30,-3.7383
601928.SH,2019-05-31,-1.5777
601928.SH,2019-06-30,-0.4932
601928.SH,2019-07-31,4.0644
601928.SH,2019-08-31,5.9333
601928.SH,2019-09-30,-0.8168
601928.SH,2019-10-31,-11.5294
601928.SH,2019-11-30,-4.9202
601928.SH,2019-12-31,6.4336
601928.SH,2020-01-31,-6.3075
601928.SH,2020-02-29,-4.6283
601928.SH,2020-03-31,-4.2647
601928.SH,2020-04-30,0.3072
601928.SH,2020-05-31,2.6034
601928.SH,2020-06-30,1.4925
601928.SH,2020-07-31,8.2228
601928.SH,2020-08-31,3.8244
601928.SH,2020-09-30,-2.1828
601928.SH,2020-10-31,-3.3473
601928.SH,2020-11-30,-0.1443
601928.SH,2020-12-31,-8.526
601933.SH,2016-01-31,-23.0693
601933.SH,2016-02-29,2.3166
601933.SH,2016-03-31,12.5786
601933.SH,2016-04-30,-4.8045
601933.SH,2016-05-31,1.5258
601933.SH,2016-06-30,-2.8314
601933.SH,2016-07-31,13.0751
601933.SH,2016-08-31,0.4283
601933.SH,2016-09-30,-4.9041
601933.SH,2016-10-31,0.6726
601933.SH,2016-11-30,2.2272
601933.SH,2016-12-31,6.9717
601933.SH,2017-01-31,3.666
601933.SH,2017-02-28,7.4656
601933.SH,2017-03-31,0.5484
601933.SH,2017-04-30,10.5455
601933.SH,2017-05-31,10.3527
601933.SH,2017-06-30,7.5988
601933.SH,2017-07-31,-3.5311
601933.SH,2017-08-31,-0.2928
601933.SH,2017-09-30,17.3275
601933.SH,2017-10-31,20.776
601933.SH,2017-11-30,-6.0104
601933.SH,2017-12-31,11.3561
601933.SH,2018-01-31,13.5644
601933.SH,2018-02-28,-11.0724
601933.SH,2018-03-31,-3.5294
601933.SH,2018-04-30,-7.9268
601933.SH,2018-05-31,8.0377
601933.SH,2018-06-30,-20.6646
601933.SH,2018-07-31,0
601933.SH,2018-08-31,0.3927
601933.SH,2018-09-30,6.2581
601933.SH,2018-10-31,-12.3926
601933.SH,2018-11-30,1.1204
601933.SH,2018-12-31,9.0028
601933.SH,2019-01-31,2.4142
601933.SH,2019-02-28,7.3201
601933.SH,2019-03-31,-0.1156
601933.SH,2019-04-30,13.0787
601933.SH,2019-05-31,0.3071
601933.SH,2019-06-30,5.2751
601933.SH,2019-07-31,-5.2889
601933.SH,2019-08-31,1.8614
601933.SH,2019-09-30,-9.7462
601933.SH,2019-10-31,-6.1867
601933.SH,2019-11-30,-10.9113
601933.SH,2019-12-31,1.4805
601933.SH,2020-01-31,0.3979
601933.SH,2020-02-29,13.6063
601933.SH,2020-03-31,19.0698
601933.SH,2020-04-30,-0.7812
601933.SH,2020-05-31,-8.2677
601933.SH,2020-06-30,2.0254
601933.SH,2020-07-31,-4.1578
601933.SH,2020-08-31,-1.2236
601933.SH,2020-09-30,-11.8243
601933.SH,2020-10-31,-0.2554
601933.SH,2020-11-30,0.128
601933.SH,2020-12-31,-8.1841
601901.SH,2016-01-31,-29.4792
601901.SH,2016-02-29,-5.9084
601901.SH,2016-03-31,24.3328
601901.SH,2016-04-30,-5.1768
601901.SH,2016-05-31,-1.5979
601901.SH,2016-06-30,3.6536
601901.SH,2016-07-31,-5.1445
601901.SH,2016-08-31,5.8496
601901.SH,2016-09-30,-3.4211
601901.SH,2016-10-31,2.0436
601901.SH,2016-11-30,13.8852
601901.SH,2016-12-31,-10.9027
601901.SH,2017-01-31,1.9737
601901.SH,2017-02-28,9.4194
601901.SH,2017-03-31,-4.3632
601901.SH,2017-04-30,4.0691
601901.SH,2017-05-31,6.7536
601901.SH,2017-06-30,10.2109
601901.SH,2017-07-31,-10.2719
601901.SH,2017-08-31,2.3569
601901.SH,2017-09-30,-5.7018
601901.SH,2017-10-31,-8.7209
601901.SH,2017-11-30,-2.9299
601901.SH,2017-12-31,-9.5801
601901.SH,2018-01-31,2.1771
601901.SH,2018-02-28,-7.8125
601901.SH,2018-03-31,-4.4684
601901.SH,2018-04-30,-4.5161
601901.SH,2018-05-31,-0.8446
601901.SH,2018-06-30,13.9693
601901.SH,2018-07-31,1.4948
601901.SH,2018-08-31,-12.0913
601901.SH,2018-09-30,-7.3826
601901.SH,2018-10-31,-1.4493
601901.SH,2018-11-30,0.5515
601901.SH,2018-12-31,-2.925
601901.SH,2019-01-31,15.2542
601901.SH,2019-02-28,21.5686
601901.SH,2019-03-31,3.2258
601901.SH,2019-04-30,-9.1146
601901.SH,2019-05-31,2.7221
601901.SH,2019-06-30,-0.8368
601901.SH,2019-07-31,-2.391
601901.SH,2019-08-31,-4.0273
601901.SH,2019-09-30,3.9216
601901.SH,2019-10-31,-2.3222
601901.SH,2019-11-30,-0.5944
601901.SH,2019-12-31,29.5964
601901.SH,2020-01-31,-7.2664
601901.SH,2020-02-29,-8.9552
601901.SH,2020-03-31,-1.9126
601901.SH,2020-04-30,-0.8357
601901.SH,2020-05-31,-2.809
601901.SH,2020-06-30,2.3121
601901.SH,2020-07-31,21.1864
601901.SH,2020-08-31,2.2145
601901.SH,2020-09-30,-4.2189
601901.SH,2020-10-31,10.5952
601901.SH,2020-11-30,-2.9064
601901.SH,2020-12-31,14.9667
601919.SH,2016-01-31,-39.4678
601919.SH,2016-02-29,1.0989
601919.SH,2016-03-31,10.3261
601919.SH,2016-04-30,-6.7323
601919.SH,2016-05-31,-6.5141
601919.SH,2016-06-30,-4.3315
601919.SH,2016-07-31,1.5748
601919.SH,2016-08-31,-0.3876
601919.SH,2016-09-30,-1.5564
601919.SH,2016-10-31,3.9526
601919.SH,2016-11-30,13.6882
601919.SH,2016-12-31,-12.3746
601919.SH,2017-01-31,3.4351
601919.SH,2017-02-28,12.7306
601919.SH,2017-03-31,-3.2733
601919.SH,2017-04-30,-6.9374
601919.SH,2017-05-31,-2.7273
601919.SH,2017-06-30,0
601919.SH,2017-07-31,35.8879
601919.SH,2017-08-31,7.1527
601919.SH,2017-09-30,-11.5533
601919.SH,2017-10-31,0.5806
601919.SH,2017-11-30,-9.2352
601919.SH,2017-12-31,7.6312
601919.SH,2018-01-31,6.9424
601919.SH,2018-02-28,-16.7127
601919.SH,2018-03-31,-2.3217
601919.SH,2018-04-30,-4.2445
601919.SH,2018-05-31,8.5106
601919.SH,2018-06-30,-19.6078
601919.SH,2018-07-31,-8.3333
601919.SH,2018-08-31,-9.3126
601919.SH,2018-09-30,-0.2445
601919.SH,2018-10-31,-7.1078
601919.SH,2018-11-30,8.1794
601919.SH,2018-12-31,-1.4634
601919.SH,2019-01-31,3.9604
601919.SH,2019-02-28,19.2857
601919.SH,2019-03-31,5.3892
601919.SH,2019-04-30,8.5227
601919.SH,2019-05-31,-16.5794
601919.SH,2019-06-30,5.0209
601919.SH,2019-07-31,-6.5737
601919.SH,2019-08-31,-2.1322
601919.SH,2019-09-30,3.7037
601919.SH,2019-10-31,-3.1513
601919.SH,2019-11-30,2.603
601919.SH,2019-12-31,11.4165
601919.SH,2020-01-31,-9.8672
601919.SH,2020-02-29,-14.9474
601919.SH,2020-03-31,1.7327
601919.SH,2020-04-30,-12.4088
601919.SH,2020-05-31,-12.2222
601919.SH,2020-06-30,9.8101
601919.SH,2020-07-31,24.7839
601919.SH,2020-08-31,25.6351
601919.SH,2020-09-30,5.3309
601919.SH,2020-10-31,14.1361
601919.SH,2020-11-30,51.682
601919.SH,2020-12-31,23.0847
601958.SH,2016-01-31,-23.0676
601958.SH,2016-02-29,2.9827
601958.SH,2016-03-31,19.8171
601958.SH,2016-04-30,-2.6718
601958.SH,2016-05-31,9.281
601958.SH,2016-06-30,-2.512
601958.SH,2016-07-31,-4.4172
601958.SH,2016-08-31,1.6688
601958.SH,2016-09-30,-2.5253
601958.SH,2016-10-31,3.7565
601958.SH,2016-11-30,3.6205
601958.SH,2016-12-31,-7.8313
601958.SH,2017-01-31,2.2222
601958.SH,2017-02-28,5.8824
601958.SH,2017-03-31,-6.1594
601958.SH,2017-04-30,-4.8906
601958.SH,2017-05-31,-8.7957
601958.SH,2017-06-30,6.3798
601958.SH,2017-07-31,18.5495
601958.SH,2017-08-31,7.1765
601958.SH,2017-09-30,-5.8178
601958.SH,2017-10-31,-9.6737
601958.SH,2017-11-30,-6.7097
601958.SH,2017-12-31,0
601958.SH,2018-01-31,0.8299
601958.SH,2018-02-28,-3.0178
601958.SH,2018-03-31,-3.1117
601958.SH,2018-04-30,-2.3358
601958.SH,2018-05-31,-0.1495
601958.SH,2018-06-30,-6.1377
601958.SH,2018-07-31,8.6711
601958.SH,2018-08-31,-8.4195
601958.SH,2018-09-30,1.9355
601958.SH,2018-10-31,-0.4747
601958.SH,2018-11-30,-5.0874
601958.SH,2018-12-31,-0.8375
601958.SH,2019-01-31,2.8716
601958.SH,2019-02-28,12.4795
601958.SH,2019-03-31,1.0219
601958.SH,2019-04-30,-3.9017
601958.SH,2019-05-31,0
601958.SH,2019-06-30,0.7519
601958.SH,2019-07-31,6.9296
601958.SH,2019-08-31,-5.8074
601958.SH,2019-09-30,13.5338
601958.SH,2019-10-31,-4.6423
601958.SH,2019-11-30,0.2793
601958.SH,2019-12-31,11.5599
601958.SH,2020-01-31,-8.9888
601958.SH,2020-02-29,-11.6598
601958.SH,2020-03-31,-6.0559
601958.SH,2020-04-30,-2.314
601958.SH,2020-05-31,2.5381
601958.SH,2020-06-30,1.9802
601958.SH,2020-07-31,12.8628
601958.SH,2020-08-31,-6.015
601958.SH,2020-09-30,-5.12
601958.SH,2020-10-31,-4.3845
601958.SH,2020-11-30,7.5838
601958.SH,2020-12-31,1.8033
601985.SH,2016-01-31,-25.7862
601985.SH,2016-02-29,-3.9548
601985.SH,2016-03-31,13.5294
601985.SH,2016-04-30,-8.2902
601985.SH,2016-05-31,-2.1186
601985.SH,2016-06-30,-1.443
601985.SH,2016-07-31,0.2531
601985.SH,2016-08-31,0.1479
601985.SH,2016-09-30,-1.9202
601985.SH,2016-10-31,1.8072
601985.SH,2016-11-30,8.284
601985.SH,2016-12-31,-3.5519
601985.SH,2017-01-31,-0.1416
601985.SH,2017-02-28,3.2624
601985.SH,2017-03-31,-0.2747
601985.SH,2017-04-30,6.6116
601985.SH,2017-05-31,-0.2584
601985.SH,2017-06-30,1.1658
601985.SH,2017-07-31,1.5258
601985.SH,2017-08-31,-1.2788
601985.SH,2017-09-30,-3.3679
601985.SH,2017-10-31,4.4236
601985.SH,2017-11-30,-5.6483
601985.SH,2017-12-31,0
601985.SH,2018-01-31,3.4014
601985.SH,2018-02-28,-5.3947
601985.SH,2018-03-31,-6.5369
601985.SH,2018-04-30,-0.744
601985.SH,2018-05-31,-8.2459
601985.SH,2018-06-30,-7.6797
601985.SH,2018-07-31,3.5885
601985.SH,2018-08-31,1.9164
601985.SH,2018-09-30,2.735
601985.SH,2018-10-31,-7.3211
601985.SH,2018-11-30,-4.4883
601985.SH,2018-12-31,-0.9398
601985.SH,2019-01-31,2.277
601985.SH,2019-02-28,11.1317
601985.SH,2019-03-31,1.0017
601985.SH,2019-04-30,-1.9835
601985.SH,2019-05-31,-6.914
601985.SH,2019-06-30,0.7246
601985.SH,2019-07-31,3.5051
601985.SH,2019-08-31,-4.2629
601985.SH,2019-09-30,-1.8553
601985.SH,2019-10-31,-4.3478
601985.SH,2019-11-30,-3.9526
601985.SH,2019-12-31,2.8807
601985.SH,2020-01-31,-3
601985.SH,2020-02-29,-5.3608
601985.SH,2020-03-31,-4.1394
601985.SH,2020-04-30,-1.5909
601985.SH,2020-05-31,-6.9284
601985.SH,2020-06-30,1.4888
601985.SH,2020-07-31,9.0532
601985.SH,2020-08-31,7.3733
601985.SH,2020-09-30,-5.794
601985.SH,2020-10-31,0.9112
601985.SH,2020-11-30,10.8352
601985.SH,2020-12-31,0.2037
601988.SH,2016-01-31,-19.7007
601988.SH,2016-02-29,-1.5528
601988.SH,2016-03-31,7.2555
601988.SH,2016-04-30,-1.4706
601988.SH,2016-05-31,0.2985
601988.SH,2016-06-30,0.611
601988.SH,2016-07-31,4.0498
601988.SH,2016-08-31,3.8922
601988.SH,2016-09-30,-2.8818
601988.SH,2016-10-31,0.5935
601988.SH,2016-11-30,3.5398
601988.SH,2016-12-31,-1.9943
601988.SH,2017-01-31,4.0698
601988.SH,2017-02-28,2.7933
601988.SH,2017-03-31,0.5435
601988.SH,2017-04-30,-2.973
601988.SH,2017-05-31,3.8997
601988.SH,2017-06-30,-0.8043
601988.SH,2017-07-31,10.894
601988.SH,2017-08-31,7.9082
601988.SH,2017-09-30,-2.6005
601988.SH,2017-10-31,-4.3689
601988.SH,2017-11-30,-0.2538
601988.SH,2017-12-31,1.0178
601988.SH,2018-01-31,14.3577
601988.SH,2018-02-28,-6.8282
601988.SH,2018-03-31,-7.0922
601988.SH,2018-04-30,-2.799
601988.SH,2018-05-31,-1.3089
601988.SH,2018-06-30,-4.244
601988.SH,2018-07-31,5.277
601988.SH,2018-08-31,-1.9337
601988.SH,2018-09-30,4.7887
601988.SH,2018-10-31,0
601988.SH,2018-11-30,-2.957
601988.SH,2018-12-31,0
601988.SH,2019-01-31,1.9391
601988.SH,2019-02-28,4.3478
601988.SH,2019-03-31,-1.8229
601988.SH,2019-04-30,3.183
601988.SH,2019-05-31,-0.2571
601988.SH,2019-06-30,1.0811
601988.SH,2019-07-31,-0.8021
601988.SH,2019-08-31,-4.8518
601988.SH,2019-09-30,1.4164
601988.SH,2019-10-31,3.352
601988.SH,2019-11-30,-1.8919
601988.SH,2019-12-31,1.6529
601988.SH,2020-01-31,-2.168
601988.SH,2020-02-29,-1.662
601988.SH,2020-03-31,-1.9718
601988.SH,2020-04-30,0
601988.SH,2020-05-31,-0.8621
601988.SH,2020-06-30,0.8696
601988.SH,2020-07-31,0.9141
601988.SH,2020-08-31,-1.5015
601988.SH,2020-09-30,-2.439
601988.SH,2020-10-31,-0.625
601988.SH,2020-11-30,3.7736
601988.SH,2020-12-31,-3.6364
601969.SH,2016-01-31,-28.4599
601969.SH,2016-02-29,-1.0913
601969.SH,2016-03-31,22.5677
601969.SH,2016-04-30,-1.3912
601969.SH,2016-05-31,-7.8927
601969.SH,2016-06-30,1.355
601969.SH,2016-07-31,-0.713
601969.SH,2016-08-31,1.9749
601969.SH,2016-09-30,-2.1127
601969.SH,2016-10-31,5.9353
601969.SH,2016-11-30,4.7538
601969.SH,2016-12-31,-0.8104
601969.SH,2017-01-31,-4.3301
601969.SH,2017-02-28,8.8813
601969.SH,2017-03-31,-9.2549
601969.SH,2017-04-30,-6.3959
601969.SH,2017-05-31,-1.2927
601969.SH,2017-06-30,-1.2161
601969.SH,2017-07-31,25
601969.SH,2017-08-31,-10.9848
601969.SH,2017-09-30,3.0638
601969.SH,2017-10-31,-11.2304
601969.SH,2017-11-30,-9.7674
601969.SH,2017-12-31,-8.7629
601969.SH,2018-01-31,-2.2599
601969.SH,2018-02-28,-14.9133
601969.SH,2018-03-31,0.5435
601969.SH,2018-04-30,-6.8919
601969.SH,2018-05-31,-2.7576
601969.SH,2018-06-30,-18.209
601969.SH,2018-07-31,2.0073
601969.SH,2018-08-31,-9.6601
601969.SH,2018-09-30,-3.1683
601969.SH,2018-10-31,-13.4969
601969.SH,2018-11-30,9.4563
601969.SH,2018-12-31,-3.2397
601969.SH,2019-01-31,-4.2411
601969.SH,2019-02-28,23.0769
601969.SH,2019-03-31,1.1364
601969.SH,2019-04-30,1.4981
601969.SH,2019-05-31,1.476
601969.SH,2019-06-30,6.9091
601969.SH,2019-07-31,3.7415
601969.SH,2019-08-31,-10.4918
601969.SH,2019-09-30,-2.381
601969.SH,2019-10-31,5.4409
601969.SH,2019-11-30,-2.847
601969.SH,2019-12-31,6.044
601969.SH,2020-01-31,-5.5268
601969.SH,2020-02-29,-12.7971
601969.SH,2020-03-31,-2.935
601969.SH,2020-04-30,-0.432
601969.SH,2020-05-31,19.0889
601969.SH,2020-06-30,-11.1111
601969.SH,2020-07-31,14.5492
601969.SH,2020-08-31,10.3757
601969.SH,2020-09-30,-10.5348
601969.SH,2020-10-31,-6.7029
601969.SH,2020-11-30,13.9806
601969.SH,2020-12-31,1.8739
601989.SH,2016-01-31,-34.1489
601989.SH,2016-02-29,-5.8158
601989.SH,2016-03-31,23.3276
601989.SH,2016-04-30,-12.3783
601989.SH,2016-05-31,-2.381
601989.SH,2016-06-30,2.9268
601989.SH,2016-07-31,4.7393
601989.SH,2016-08-31,1.5083
601989.SH,2016-09-30,-7.8752
601989.SH,2016-10-31,5.1613
601989.SH,2016-11-30,10.5828
601989.SH,2016-12-31,-1.6644
601989.SH,2017-01-31,7.8984
601989.SH,2017-02-28,0.3922
601989.SH,2017-03-31,-3.125
601989.SH,2017-04-30,-5.3763
601989.SH,2017-05-31,-11.7898
601989.SH,2017-06-30,0
601989.SH,2017-07-31,0
601989.SH,2017-08-31,0
601989.SH,2017-09-30,0
601989.SH,2017-10-31,0
601989.SH,2017-11-30,-0.8052
601989.SH,2017-12-31,-2.1104
601989.SH,2018-01-31,3.1509
601989.SH,2018-02-28,-7.8778
601989.SH,2018-03-31,-5.2356
601989.SH,2018-04-30,-6.0773
601989.SH,2018-05-31,-10.7843
601989.SH,2018-06-30,-11.2088
601989.SH,2018-07-31,4.2079
601989.SH,2018-08-31,-1.6592
601989.SH,2018-09-30,2.9056
601989.SH,2018-10-31,-1.8824
601989.SH,2018-11-30,1.6787
601989.SH,2018-12-31,0.2358
601989.SH,2019-01-31,1.1765
601989.SH,2019-02-28,21.1628
601989.SH,2019-03-31,12.0921
601989.SH,2019-04-30,-2.911
601989.SH,2019-05-31,-9.5238
601989.SH,2019-06-30,8.3821
601989.SH,2019-07-31,8.0906
601989.SH,2019-08-31,1.3333
601989.SH,2019-09-30,-9.375
601989.SH,2019-10-31,-3.8113
601989.SH,2019-11-30,-0.3774
601989.SH,2019-12-31,-0.7576
601989.SH,2020-01-31,-3.8168
601989.SH,2020-02-29,-12.5
601989.SH,2020-03-31,-4.5351
601989.SH,2020-04-30,-0.9501
601989.SH,2020-05-31,-2.6379
601989.SH,2020-06-30,-1.4778
601989.SH,2020-07-31,19.75
601989.SH,2020-08-31,1.2526
601989.SH,2020-09-30,-10.5155
601989.SH,2020-10-31,-4.1475
601989.SH,2020-11-30,4.3269
601989.SH,2020-12-31,-3.4562
601991.SH,2016-01-31,-21.7899
601991.SH,2016-02-29,-3.2338
601991.SH,2016-03-31,9.5116
601991.SH,2016-04-30,-1.4085
601991.SH,2016-05-31,-4.5238
601991.SH,2016-06-30,-2.9925
601991.SH,2016-07-31,3.856
601991.SH,2016-08-31,1.3807
601991.SH,2016-09-30,-2.2901
601991.SH,2016-10-31,2.0833
601991.SH,2016-11-30,3.3163
601991.SH,2016-12-31,-5.679
601991.SH,2017-01-31,0.5236
601991.SH,2017-02-28,17.1875
601991.SH,2017-03-31,9.5556
601991.SH,2017-04-30,-3.0426
601991.SH,2017-05-31,4.6025
601991.SH,2017-06-30,-9.6
601991.SH,2017-07-31,1.7699
601991.SH,2017-08-31,5
601991.SH,2017-09-30,-6.4182
601991.SH,2017-10-31,-3.0973
601991.SH,2017-11-30,-4.7945
601991.SH,2017-12-31,-0.4796
601991.SH,2018-01-31,-1.2048
601991.SH,2018-02-28,-7.0732
601991.SH,2018-03-31,-3.4121
601991.SH,2018-04-30,-9.2391
601991.SH,2018-05-31,-1.7964
601991.SH,2018-06-30,-7.622
601991.SH,2018-07-31,9.571
601991.SH,2018-08-31,-3.5429
601991.SH,2018-09-30,9.3248
601991.SH,2018-10-31,-3.2353
601991.SH,2018-11-30,-4.5593
601991.SH,2018-12-31,0.3185
601991.SH,2019-01-31,-3.1746
601991.SH,2019-02-28,9.8361
601991.SH,2019-03-31,2.0896
601991.SH,2019-04-30,-2.924
601991.SH,2019-05-31,-4.5181
601991.SH,2019-06-30,-2.5237
601991.SH,2019-07-31,-2.9126
601991.SH,2019-08-31,-6.0836
601991.SH,2019-09-30,-1.4706
601991.SH,2019-10-31,-6.7164
601991.SH,2019-11-30,-3.2
601991.SH,2019-12-31,1.2397
601991.SH,2020-01-31,-4.898
601991.SH,2020-02-29,-6.867
601991.SH,2020-03-31,-5.53
601991.SH,2020-04-30,4.3902
601991.SH,2020-05-31,-2.8037
601991.SH,2020-06-30,1.4423
601991.SH,2020-07-31,13.2701
601991.SH,2020-08-31,5.3893
601991.SH,2020-09-30,-7.7236
601991.SH,2020-10-31,-2.2026
601991.SH,2020-11-30,6.7568
601991.SH,2020-12-31,0.8439
601992.SH,2016-01-31,-18.6766
601992.SH,2016-02-29,6.9554
601992.SH,2016-03-31,10.5521
601992.SH,2016-04-30,-6.2153
601992.SH,2016-05-31,-5.5621
601992.SH,2016-06-30,-2.8822
601992.SH,2016-07-31,4.2626
601992.SH,2016-08-31,6.6998
601992.SH,2016-09-30,0.4651
601992.SH,2016-10-31,1.6204
601992.SH,2016-11-30,3.4169
601992.SH,2016-12-31,-1.7621
601992.SH,2017-01-31,-2.9148
601992.SH,2017-02-28,10.1617
601992.SH,2017-03-31,-2.3061
601992.SH,2017-04-30,73.3906
601992.SH,2017-05-31,-16.4604
601992.SH,2017-06-30,-4.1481
601992.SH,2017-07-31,-4.9924
601992.SH,2017-08-31,13.6066
601992.SH,2017-09-30,-8.3694
601992.SH,2017-10-31,-7.0866
601992.SH,2017-11-30,0.5085
601992.SH,2017-12-31,-8.4317
601992.SH,2018-01-31,2.9466
601992.SH,2018-02-28,-4.2934
601992.SH,2018-03-31,-6.5421
601992.SH,2018-04-30,-16.2
601992.SH,2018-05-31,-5.7279
601992.SH,2018-06-30,-16.962
601992.SH,2018-07-31,14.5297
601992.SH,2018-08-31,-4.5946
601992.SH,2018-09-30,5.0992
601992.SH,2018-10-31,-11.0512
601992.SH,2018-11-30,4.5455
601992.SH,2018-12-31,1.4493
601992.SH,2019-01-31,-4.2857
601992.SH,2019-02-28,20
601992.SH,2019-03-31,10.4478
601992.SH,2019-04-30,-11.4865
601992.SH,2019-05-31,-7.1247
601992.SH,2019-06-30,3.0137
601992.SH,2019-07-31,-5.94
601992.SH,2019-08-31,-3.4384
601992.SH,2019-09-30,-1.4837
601992.SH,2019-10-31,-1.8072
601992.SH,2019-11-30,0.3067
601992.SH,2019-12-31,14.0673
601992.SH,2020-01-31,-8.8472
601992.SH,2020-02-29,-0.8824
601992.SH,2020-03-31,-2.6706
601992.SH,2020-04-30,-1.5244
601992.SH,2020-05-31,-2.4768
601992.SH,2020-06-30,-2.8571
601992.SH,2020-07-31,9.348
601992.SH,2020-08-31,2.1672
601992.SH,2020-09-30,-6.9697
601992.SH,2020-10-31,-1.9544
601992.SH,2020-11-30,2.99
601992.SH,2020-12-31,-4.1935
601998.SH,2016-01-31,-23.1302
601998.SH,2016-02-29,-3.0631
601998.SH,2016-03-31,12.8253
601998.SH,2016-04-30,-3.2949
601998.SH,2016-05-31,-1.1925
601998.SH,2016-06-30,-2.2414
601998.SH,2016-07-31,9.3912
601998.SH,2016-08-31,6.01
601998.SH,2016-09-30,-5.8268
601998.SH,2016-10-31,1.505
601998.SH,2016-11-30,10.7084
601998.SH,2016-12-31,-4.6131
601998.SH,2017-01-31,8.8924
601998.SH,2017-02-28,-1.1461
601998.SH,2017-03-31,-2.7536
601998.SH,2017-04-30,-10.2832
601998.SH,2017-05-31,2.8239
601998.SH,2017-06-30,1.6155
601998.SH,2017-07-31,8.9884
601998.SH,2017-08-31,-1.8045
601998.SH,2017-09-30,-3.5222
601998.SH,2017-10-31,-1.2698
601998.SH,2017-11-30,2.2508
601998.SH,2017-12-31,-2.5157
601998.SH,2018-01-31,16.4516
601998.SH,2018-02-28,-5.2632
601998.SH,2018-03-31,-5.7018
601998.SH,2018-04-30,-0.9302
601998.SH,2018-05-31,0.313
601998.SH,2018-06-30,-3.1201
601998.SH,2018-07-31,5.4005
601998.SH,2018-08-31,-4.7847
601998.SH,2018-09-30,1.5075
601998.SH,2018-10-31,-2.3102
601998.SH,2018-11-30,-4.223
601998.SH,2018-12-31,-3.8801
601998.SH,2019-01-31,4.9541
601998.SH,2019-02-28,14.5105
601998.SH,2019-03-31,-3.9695
601998.SH,2019-04-30,0
601998.SH,2019-05-31,-8.1081
601998.SH,2019-06-30,3.2872
601998.SH,2019-07-31,3.4982
601998.SH,2019-08-31,-5.8923
601998.SH,2019-09-30,0.8945
601998.SH,2019-10-31,8.6879
601998.SH,2019-11-30,-2.1207
601998.SH,2019-12-31,2.8333
601998.SH,2020-01-31,-5.6726
601998.SH,2020-02-29,-6.701
601998.SH,2020-03-31,-4.6041
601998.SH,2020-04-30,0.3861
601998.SH,2020-05-31,-3.4615
601998.SH,2020-06-30,2.5896
601998.SH,2020-07-31,4.6064
601998.SH,2020-08-31,1.1628
601998.SH,2020-09-30,-3.2567
601998.SH,2020-10-31,0
601998.SH,2020-11-30,3.7624
601998.SH,2020-12-31,-2.4809
603000.SH,2016-01-31,-34.9847
603000.SH,2016-02-29,4.7202
603000.SH,2016-03-31,14.8744
603000.SH,2016-04-30,-2.6906
603000.SH,2016-05-31,-2.1313
603000.SH,2016-06-30,-2.2366
603000.SH,2016-07-31,18.6033
603000.SH,2016-08-31,1.3676
603000.SH,2016-09-30,-5.2764
603000.SH,2016-10-31,2.7586
603000.SH,2016-11-30,-2.1683
603000.SH,2016-12-31,-6.8074
603000.SH,2017-01-31,-11.4949
603000.SH,2017-02-28,9.5329
603000.SH,2017-03-31,-2.8621
603000.SH,2017-04-30,-10.6434
603000.SH,2017-05-31,-10.6999
603000.SH,2017-06-30,-0.7536
603000.SH,2017-07-31,4.8595
603000.SH,2017-08-31,5.5164
603000.SH,2017-09-30,-4.7488
603000.SH,2017-10-31,-4.3353
603000.SH,2017-11-30,-8.2326
603000.SH,2017-12-31,-10.8642
603000.SH,2018-01-31,4.6168
603000.SH,2018-02-28,-4.8544
603000.SH,2018-03-31,5.4731
603000.SH,2018-04-30,-3.4301
603000.SH,2018-05-31,-6.4663
603000.SH,2018-06-30,-19.1821
603000.SH,2018-07-31,0.479
603000.SH,2018-08-31,-10.3614
603000.SH,2018-09-30,8.4677
603000.SH,2018-10-31,-13.7546
603000.SH,2018-11-30,8.1897
603000.SH,2018-12-31,-3.0544
603000.SH,2019-01-31,25.4795
603000.SH,2019-02-28,90.6114
603000.SH,2019-03-31,44.3299
603000.SH,2019-04-30,-15.5159
603000.SH,2019-05-31,-11.2729
603000.SH,2019-06-30,-5.6114
603000.SH,2019-07-31,-5.5838
603000.SH,2019-08-31,19.5093
603000.SH,2019-09-30,1.1517
603000.SH,2019-10-31,0.2475
603000.SH,2019-11-30,-8.2469
603000.SH,2019-12-31,6.5124
603000.SH,2020-01-31,7.3269
603000.SH,2020-02-29,-3.9548
603000.SH,2020-03-31,-11.0784
603000.SH,2020-04-30,18.3572
603000.SH,2020-05-31,-10.5729
603000.SH,2020-06-30,3.2812
603000.SH,2020-07-31,0.8437
603000.SH,2020-08-31,0.2013
603000.SH,2020-09-30,-6.881
603000.SH,2020-10-31,-9.8166
603000.SH,2020-11-30,5.4426
603000.SH,2020-12-31,-4.1407
603288.SH,2016-01-31,-22.2631
603288.SH,2016-02-29,-5.6041
603288.SH,2016-03-31,18.35
603288.SH,2016-04-30,-4.7178
603288.SH,2016-05-31,4.0084
603288.SH,2016-06-30,1.8767
603288.SH,2016-07-31,4.8026
603288.SH,2016-08-31,-1.2555
603288.SH,2016-09-30,-3.4965
603288.SH,2016-10-31,3.0962
603288.SH,2016-11-30,2.2364
603288.SH,2016-12-31,-8.3438
603288.SH,2017-01-31,6.4098
603288.SH,2017-02-28,-1.0253
603288.SH,2017-03-31,12.6902
603288.SH,2017-04-30,7.856
603288.SH,2017-05-31,5.7003
603288.SH,2017-06-30,4.7252
603288.SH,2017-07-31,-5.0025
603288.SH,2017-08-31,4.7496
603288.SH,2017-09-30,16.7817
603288.SH,2017-10-31,8.1874
603288.SH,2017-11-30,-4.6226
603288.SH,2017-12-31,10.0204
603288.SH,2018-01-31,4.7584
603288.SH,2018-02-28,-1.8808
603288.SH,2018-03-31,2.6401
603288.SH,2018-04-30,10.6676
603288.SH,2018-05-31,20.9295
603288.SH,2018-06-30,-1.7347
603288.SH,2018-07-31,-3.8838
603288.SH,2018-08-31,-3.2212
603288.SH,2018-09-30,15.6204
603288.SH,2018-10-31,-18.4722
603288.SH,2018-11-30,-1.8584
603288.SH,2018-12-31,8.5687
603288.SH,2019-01-31,5.0872
603288.SH,2019-02-28,6.0581
603288.SH,2019-03-31,13.0673
603288.SH,2019-04-30,2.9758
603288.SH,2019-05-31,13.4879
603288.SH,2019-06-30,4.7904
603288.SH,2019-07-31,-4.8571
603288.SH,2019-08-31,14.7848
603288.SH,2019-09-30,-4.151
603288.SH,2019-10-31,1.6104
603288.SH,2019-11-30,-4.2085
603288.SH,2019-12-31,0.4954
603288.SH,2020-01-31,-0.279
603288.SH,2020-02-29,-7.1169
603288.SH,2020-03-31,25.6979
603288.SH,2020-04-30,-1.7896
603288.SH,2020-05-31,13.1237
603288.SH,2020-06-30,8.2681
603288.SH,2020-07-31,20.6431
603288.SH,2020-08-31,22.0682
603288.SH,2020-09-30,-11.5175
603288.SH,2020-10-31,-1.1721
603288.SH,2020-11-30,-0.6242
603288.SH,2020-12-31,25.9673
603885.SH,2016-01-31,-29.3532
603885.SH,2016-02-29,-11.9718
603885.SH,2016-03-31,19.7176
603885.SH,2016-04-30,5.228
603885.SH,2016-05-31,-0.2988
603885.SH,2016-06-30,-1.6486
603885.SH,2016-07-31,10.0571
603885.SH,2016-08-31,-5.019
603885.SH,2016-09-30,-5.8309
603885.SH,2016-10-31,-0.5903
603885.SH,2016-11-30,-0.7862
603885.SH,2016-12-31,-7.6862
603885.SH,2017-01-31,2.4893
603885.SH,2017-02-28,1.5494
603885.SH,2017-03-31,-4.1649
603885.SH,2017-04-30,-3.7866
603885.SH,2017-05-31,-2.9517
603885.SH,2017-06-30,-0.9321
603885.SH,2017-07-31,-6.6535
603885.SH,2017-08-31,7.7629
603885.SH,2017-09-30,-5.37
603885.SH,2017-10-31,-1.4533
603885.SH,2017-11-30,-5.6882
603885.SH,2017-12-31,13.8496
603885.SH,2018-01-31,3.8587
603885.SH,2018-02-28,-0.9446
603885.SH,2018-03-31,-5.5944
603885.SH,2018-04-30,3.0303
603885.SH,2018-05-31,3.0065
603885.SH,2018-06-30,-0.8495
603885.SH,2018-07-31,-7.7872
603885.SH,2018-08-31,-11.33
603885.SH,2018-09-30,5.2381
603885.SH,2018-10-31,-6.0332
603885.SH,2018-11-30,6.5811
603885.SH,2018-12-31,-5.6476
603885.SH,2019-01-31,-3.4318
603885.SH,2019-02-28,11.0744
603885.SH,2019-03-31,9.8958
603885.SH,2019-04-30,-9.2079
603885.SH,2019-05-31,-7.0097
603885.SH,2019-06-30,5.0521
603885.SH,2019-07-31,-1.6031
603885.SH,2019-08-31,-4.422
603885.SH,2019-09-30,10.9578
603885.SH,2019-10-31,2.7067
603885.SH,2019-11-30,-0.4274
603885.SH,2019-12-31,7.2961
603885.SH,2020-01-31,-12
603885.SH,2020-02-29,-16.4394
603885.SH,2020-03-31,-9.3382
603885.SH,2020-04-30,-1.3
603885.SH,2020-05-31,-6.4731
603885.SH,2020-06-30,-0.3286
603885.SH,2020-07-31,2.3077
603885.SH,2020-08-31,17.4006
603885.SH,2020-09-30,-1.2809
603885.SH,2020-10-31,-0.8341
603885.SH,2020-11-30,8.3178
603885.SH,2020-12-31,-1.8982
603993.SH,2016-01-31,-28.2511
603993.SH,2016-02-29,0.625
603993.SH,2016-03-31,11.1801
603993.SH,2016-04-30,-5.8659
603993.SH,2016-05-31,14.5401
603993.SH,2016-06-30,7.513
603993.SH,2016-07-31,-1.9816
603993.SH,2016-08-31,-0.2469
603993.SH,2016-09-30,-8.1683
603993.SH,2016-10-31,3.504
603993.SH,2016-11-30,5.9896
603993.SH,2016-12-31,-8.5995
603993.SH,2017-01-31,11.0215
603993.SH,2017-02-28,28.0872
603993.SH,2017-03-31,-10.9641
603993.SH,2017-04-30,-6.5817
603993.SH,2017-05-31,-3.6789
603993.SH,2017-06-30,20.19
603993.SH,2017-07-31,42.8854
603993.SH,2017-08-31,4.1494
603993.SH,2017-09-30,4.1169
603993.SH,2017-10-31,-8.5459
603993.SH,2017-11-30,-1.3947
603993.SH,2017-12-31,-2.6874
603993.SH,2018-01-31,9.8837
603993.SH,2018-02-28,13.4921
603993.SH,2018-03-31,-1.1655
603993.SH,2018-04-30,-10.6132
603993.SH,2018-05-31,-6.2005
603993.SH,2018-06-30,-10.3915
603993.SH,2018-07-31,-6.8362
603993.SH,2018-08-31,-19.7952
603993.SH,2018-09-30,-2.9787
603993.SH,2018-10-31,-10.7456
603993.SH,2018-11-30,-2.457
603993.SH,2018-12-31,-5.2897
603993.SH,2019-01-31,2.1277
603993.SH,2019-02-28,23.9583
603993.SH,2019-03-31,-2.1008
603993.SH,2019-04-30,-9.6567
603993.SH,2019-05-31,-4.2755
603993.SH,2019-06-30,0.972
603993.SH,2019-07-31,-8.5859
603993.SH,2019-08-31,-0.8287
603993.SH,2019-09-30,1.3928
603993.SH,2019-10-31,-6.5934
603993.SH,2019-11-30,4.7059
603993.SH,2019-12-31,22.4719
603993.SH,2020-01-31,-5.5046
603993.SH,2020-02-29,-1.2136
603993.SH,2020-03-31,-14.742
603993.SH,2020-04-30,0.2882
603993.SH,2020-05-31,-1.7241
603993.SH,2020-06-30,8.4957
603993.SH,2020-07-31,19.891
603993.SH,2020-08-31,-2.7273
603993.SH,2020-09-30,-13.0841
603993.SH,2020-10-31,6.1828
603993.SH,2020-11-30,16.2025
603993.SH,2020-12-31,36.1656
